<?xml version="1.0" standalone="no" ?>
<!DOCTYPE pov SYSTEM "/usr/share/cgc-docs/replay.dtd"><pov>
	<cbid>CROMU_00011</cbid>
	<replay>
		<read echo="ascii"><delim> </delim><match><data>\x3E </data></match></read>
		<write echo="ascii"><data>fmhb0WB = |"u72Svt","HK","m2Ujd","1i2a","FOAIh","AcSVc","TX","LnM","gt8F26","ohup"|\n</data></write>
		<read echo="ascii"><delim> </delim><match><data>\x3E </data></match></read>
		<write echo="ascii"><data>y3KQT = |"u72Svt","m2Ujd","TX","LnM","HK","1i2a","FOAIh"|\n</data></write>
		<read echo="ascii"><delim> </delim><match><data>\x3E </data></match></read>
		<write echo="ascii"><data>y3KQT@fmhb0WB\n</data></write>
		<read echo="ascii"><delim>\n</delim><match><data>TRUE\n</data></match></read>
		<read echo="ascii"><delim> </delim><match><data>\x3E </data></match></read>
		<write echo="ascii"><data>uUknbl = |"CdkJcWf"|^|"VQrOa","6F8V","FIrqN"|\n</data></write>
		<read echo="ascii"><delim> </delim><match><data>\x3E </data></match></read>
		<write echo="ascii"><data>NjHv8Qr = fmhb0WB ~ y3KQT\n</data></write>
		<read echo="ascii"><delim> </delim><match><data>\x3E </data></match></read>
		<write echo="ascii"><data>WHQx3 = fmhb0WB ~ y3KQT\n</data></write>
		<read echo="ascii"><delim> </delim><match><data>\x3E </data></match></read>
		<write echo="ascii"><data>CYKn1 = y3KQT - uUknbl\n</data></write>
		<read echo="ascii"><delim> </delim><match><data>\x3E </data></match></read>
		<write echo="ascii"><data>WNFcO3r = fmhb0WB ~ WHQx3\n</data></write>
		<read echo="ascii"><delim> </delim><match><data>\x3E </data></match></read>
		<write echo="ascii"><data>yrKmS = |"AYWo","TbBcary","Paa9GGr"|~|"TbBcary","a","Hj6MNXH","thg0vl2","G83"|\n</data></write>
		<read echo="ascii"><delim> </delim><match><data>\x3E </data></match></read>
		<write echo="ascii"><data>MeQOcT = |"tSHu","C","e2qppI"|+|"v","PtKUkTM","fjbNzvF","Z350x"|\n</data></write>
		<read echo="ascii"><delim> </delim><match><data>\x3E </data></match></read>
		<write echo="ascii"><data>sU8JN1k = MeQOcT ^ MeQOcT\n</data></write>
		<read echo="ascii"><delim> </delim><match><data>\x3E </data></match></read>
		<write echo="ascii"><data>Qy3FD0z = MeQOcT + WNFcO3r\n</data></write>
		<read echo="ascii"><delim> </delim><match><data>\x3E </data></match></read>
		<write echo="ascii"><data>cX7SAJr = NjHv8Qr - fmhb0WB\n</data></write>
		<read echo="ascii"><delim> </delim><match><data>\x3E </data></match></read>
		<write echo="ascii"><data>SP64p6C = MeQOcT + MeQOcT\n</data></write>
		<read echo="ascii"><delim> </delim><match><data>\x3E </data></match></read>
		<write echo="ascii"><data>BW3IwyT = |"sSTcw","MaYrob"|~|"L","bsEr","4Z","zOF"|\n</data></write>
		<read echo="ascii"><delim> </delim><match><data>\x3E </data></match></read>
		<write echo="ascii"><data>W1FoWI = fmhb0WB + y3KQT\n</data></write>
		<read echo="ascii"><delim> </delim><match><data>\x3E </data></match></read>
		<write echo="ascii"><data>.p\n</data></write>
<read echo="ascii"><delim>\n</delim><match><data>fmhb0WB = |"u72Svt","HK","m2Ujd","1i2a","FOAIh","AcSVc","TX","LnM","gt8F26","ohup"|\n</data></match></read>
<read echo="ascii"><delim>\n</delim><match><data>y3KQT = |"u72Svt","m2Ujd","TX","LnM","HK","1i2a","FOAIh"|\n</data></match></read>
<read echo="ascii"><delim>\n</delim><match><data>uUknbl = ||\n</data></match></read>
<read echo="ascii"><delim>\n</delim><match><data>NjHv8Qr = |"AcSVc","gt8F26","ohup"|\n</data></match></read>
<read echo="ascii"><delim>\n</delim><match><data>WHQx3 = |"AcSVc","gt8F26","ohup"|\n</data></match></read>
<read echo="ascii"><delim>\n</delim><match><data>CYKn1 = |"u72Svt","m2Ujd","TX","LnM","HK","1i2a","FOAIh"|\n</data></match></read>
<read echo="ascii"><delim>\n</delim><match><data>WNFcO3r = |"u72Svt","HK","m2Ujd","1i2a","FOAIh","TX","LnM"|\n</data></match></read>
<read echo="ascii"><delim>\n</delim><match><data>yrKmS = |"AYWo","Paa9GGr","a","Hj6MNXH","thg0vl2","G83"|\n</data></match></read>
<read echo="ascii"><delim>\n</delim><match><data>MeQOcT = |"tSHu","C","e2qppI","v","PtKUkTM","fjbNzvF","Z350x"|\n</data></match></read>
<read echo="ascii"><delim>\n</delim><match><data>sU8JN1k = |"tSHu","C","e2qppI","v","PtKUkTM","fjbNzvF","Z350x"|\n</data></match></read>
<read echo="ascii"><delim>\n</delim><match><data>Qy3FD0z = |"tSHu","C","e2qppI","v","PtKUkTM","fjbNzvF","Z350x","u72Svt","HK","m2Ujd","1i2a","FOAIh","TX","LnM"|\n</data></match></read>
<read echo="ascii"><delim>\n</delim><match><data>cX7SAJr = ||\n</data></match></read>
<read echo="ascii"><delim>\n</delim><match><data>SP64p6C = |"tSHu","C","e2qppI","v","PtKUkTM","fjbNzvF","Z350x"|\n</data></match></read>
<read echo="ascii"><delim>\n</delim><match><data>BW3IwyT = |"sSTcw","MaYrob","L","bsEr","4Z","zOF"|\n</data></match></read>
<read echo="ascii"><delim>\n</delim><match><data>W1FoWI = |"u72Svt","HK","m2Ujd","1i2a","FOAIh","AcSVc","TX","LnM","gt8F26","ohup"|\n</data></match></read>
		<read echo="ascii"><delim> </delim><match><data>\x3E </data></match></read>
		<write echo="ascii"><data>.l\n</data></write>
	</replay>
</pov>
