<?xml version="1.0" standalone="no" ?>
<!DOCTYPE pov SYSTEM "/usr/share/cgc-docs/replay.dtd"><pov>
	<cbid>CROMU_00011</cbid>
	<replay>
		<read echo="ascii"><delim> </delim><match><data>\x3E </data></match></read>
		<write echo="ascii"><data>Kuu2E = |"KjBcnW","L","vqDg2","7Svtw","1Ezg","BtY7t"|~|"Nm"|\n</data></write>
		<read echo="ascii"><delim> </delim><match><data>\x3E </data></match></read>
		<write echo="ascii"><data>cBuDyAT = Kuu2E - Kuu2E\n</data></write>
		<read echo="ascii"><delim> </delim><match><data>\x3E </data></match></read>
		<write echo="ascii"><data>xhs2TyC = cBuDyAT + cBuDyAT\n</data></write>
		<read echo="ascii"><delim> </delim><match><data>\x3E </data></match></read>
		<write echo="ascii"><data>c4pfM93 = |"16y5vjk","oirHx"|~|"5z3","oirHx","BVUX"|\n</data></write>
		<read echo="ascii"><delim> </delim><match><data>\x3E </data></match></read>
		<write echo="ascii"><data>D5wxr3 = |"OEUvmf","RnUTaG","Wl0TuL","VqGd","KKw","lc","BJBM"|^|"c1mpRX","RnUTaG","asF3Es9","kmz","rlXdhVp","JrN7M","lc"|\n</data></write>
		<read echo="ascii"><delim> </delim><match><data>\x3E </data></match></read>
		<write echo="ascii"><data>3c7DR = Kuu2E ^ cBuDyAT\n</data></write>
		<read echo="ascii"><delim> </delim><match><data>\x3E </data></match></read>
		<write echo="ascii"><data>tF7fGkZ = cBuDyAT + c4pfM93\n</data></write>
		<read echo="ascii"><delim> </delim><match><data>\x3E </data></match></read>
		<write echo="ascii"><data>XX0lLDu = cBuDyAT + 3c7DR\n</data></write>
		<read echo="ascii"><delim> </delim><match><data>\x3E </data></match></read>
		<write echo="ascii"><data>tyRE1L = |"oC2Wi","l8"|^|"xWjMbOV","l8","7BUYt","kXMlq","HyN"|\n</data></write>
		<read echo="ascii"><delim> </delim><match><data>\x3E </data></match></read>
		<write echo="ascii"><data>DtHmy = tyRE1L ~ xhs2TyC\n</data></write>
		<read echo="ascii"><delim> </delim><match><data>\x3E </data></match></read>
		<write echo="ascii"><data>ZdmRQ = c4pfM93 ~ tF7fGkZ\n</data></write>
		<read echo="ascii"><delim> </delim><match><data>\x3E </data></match></read>
		<write echo="ascii"><data>.p\n</data></write>
<read echo="ascii"><delim>\n</delim><match><data>Kuu2E = |"KjBcnW","L","vqDg2","7Svtw","1Ezg","BtY7t","Nm"|\n</data></match></read>
<read echo="ascii"><delim>\n</delim><match><data>cBuDyAT = ||\n</data></match></read>
<read echo="ascii"><delim>\n</delim><match><data>xhs2TyC = ||\n</data></match></read>
<read echo="ascii"><delim>\n</delim><match><data>c4pfM93 = |"16y5vjk","5z3","BVUX"|\n</data></match></read>
<read echo="ascii"><delim>\n</delim><match><data>D5wxr3 = |"RnUTaG","lc"|\n</data></match></read>
<read echo="ascii"><delim>\n</delim><match><data>3c7DR = ||\n</data></match></read>
<read echo="ascii"><delim>\n</delim><match><data>tF7fGkZ = |"16y5vjk","5z3","BVUX"|\n</data></match></read>
<read echo="ascii"><delim>\n</delim><match><data>XX0lLDu = ||\n</data></match></read>
<read echo="ascii"><delim>\n</delim><match><data>tyRE1L = |"l8"|\n</data></match></read>
<read echo="ascii"><delim>\n</delim><match><data>DtHmy = |"l8"|\n</data></match></read>
<read echo="ascii"><delim>\n</delim><match><data>ZdmRQ = ||\n</data></match></read>
		<read echo="ascii"><delim> </delim><match><data>\x3E </data></match></read>
		<write echo="ascii"><data>.l\n</data></write>
	</replay>
</pov>
