<?xml version="1.0" standalone="no" ?>
<!DOCTYPE pov SYSTEM "/usr/share/cgc-docs/replay.dtd"><pov>
	<cbid>CROMU_00011</cbid>
	<replay>
		<read echo="ascii"><delim> </delim><match><data>\x3E </data></match></read>
		<write echo="ascii"><data>UyShG = |"O6bDZX","8jG","Q","U"|-|"Ty","F3Ib","8jG","S7Ilu","6aQ7LG"|\n</data></write>
		<read echo="ascii"><delim> </delim><match><data>\x3E </data></match></read>
		<write echo="ascii"><data>rN6cC = UyShG + UyShG\n</data></write>
		<read echo="ascii"><delim> </delim><match><data>\x3E </data></match></read>
		<write echo="ascii"><data>kcG0S0F = UyShG - UyShG\n</data></write>
		<read echo="ascii"><delim> </delim><match><data>\x3E </data></match></read>
		<write echo="ascii"><data>2lYbQoK = |"kx"|^|"aKx9O","BgV","3DXtY4","Vf3"|\n</data></write>
		<read echo="ascii"><delim> </delim><match><data>\x3E </data></match></read>
		<write echo="ascii"><data>DbmHq = 2lYbQoK ^ kcG0S0F\n</data></write>
		<read echo="ascii"><delim> </delim><match><data>\x3E </data></match></read>
		<write echo="ascii"><data>JkNmx = |"Ca2SA"|^|"j9rKua","NQOWpUS","CfTLMYg","Ea","Ca2SA","glsBe9","R2MUH7"|\n</data></write>
		<read echo="ascii"><delim> </delim><match><data>\x3E </data></match></read>
		<write echo="ascii"><data>QhcWrHx = UyShG + DbmHq\n</data></write>
		<read echo="ascii"><delim> </delim><match><data>\x3E </data></match></read>
		<write echo="ascii"><data>IzOIoH = UyShG ~ JkNmx\n</data></write>
		<read echo="ascii"><delim> </delim><match><data>\x3E </data></match></read>
		<write echo="ascii"><data>pvTzp7 = 2lYbQoK ~ DbmHq\n</data></write>
		<read echo="ascii"><delim> </delim><match><data>\x3E </data></match></read>
		<write echo="ascii"><data>0OGzH6H = UyShG - IzOIoH\n</data></write>
		<read echo="ascii"><delim> </delim><match><data>\x3E </data></match></read>
		<write echo="ascii"><data>AbQP5 = 0OGzH6H ^ QhcWrHx\n</data></write>
		<read echo="ascii"><delim> </delim><match><data>\x3E </data></match></read>
		<write echo="ascii"><data>nGu9ys = UyShG ~ IzOIoH\n</data></write>
		<read echo="ascii"><delim> </delim><match><data>\x3E </data></match></read>
		<write echo="ascii"><data>kYymo9 = |"MIUEb0","5KMhS","rol1g","OJ","KlYq","pzjsyw9","6LVW","cBlUo2P","21WXG"|\n</data></write>
		<read echo="ascii"><delim> </delim><match><data>\x3E </data></match></read>
		<write echo="ascii"><data>Feys9Z = |"cBlUo2P","pzjsyw9","OJ","21WXG"|\n</data></write>
		<read echo="ascii"><delim> </delim><match><data>\x3E </data></match></read>
		<write echo="ascii"><data>Feys9Z@kYymo9\n</data></write>
		<read echo="ascii"><delim>\n</delim><match><data>TRUE\n</data></match></read>
		<read echo="ascii"><delim> </delim><match><data>\x3E </data></match></read>
		<write echo="ascii"><data>XEOAw = |"2ao8EgU","K923f","1w","V4cSqO6","ho6i","P7","3j4","9v","xXtef","Qjd7DV"|\n</data></write>
		<read echo="ascii"><delim> </delim><match><data>\x3E </data></match></read>
		<write echo="ascii"><data>xfcgp = |"2ao8EgU","xXtef","3j4","V4cSqO6","Qjd7DV","P7","WjectDjegn"|\n</data></write>
		<read echo="ascii"><delim> </delim><match><data>\x3E </data></match></read>
		<write echo="ascii"><data>xfcgp@XEOAw\n</data></write>
		<read echo="ascii"><delim>\n</delim><match><data>FALSE\n</data></match></read>
		<read echo="ascii"><delim> </delim><match><data>\x3E </data></match></read>
		<write echo="ascii"><data>.p\n</data></write>
<read echo="ascii"><delim>\n</delim><match><data>UyShG = |"O6bDZX","Q","U"|\n</data></match></read>
<read echo="ascii"><delim>\n</delim><match><data>rN6cC = |"O6bDZX","Q","U"|\n</data></match></read>
<read echo="ascii"><delim>\n</delim><match><data>kcG0S0F = ||\n</data></match></read>
<read echo="ascii"><delim>\n</delim><match><data>2lYbQoK = ||\n</data></match></read>
<read echo="ascii"><delim>\n</delim><match><data>DbmHq = ||\n</data></match></read>
<read echo="ascii"><delim>\n</delim><match><data>JkNmx = |"Ca2SA"|\n</data></match></read>
<read echo="ascii"><delim>\n</delim><match><data>QhcWrHx = |"O6bDZX","Q","U"|\n</data></match></read>
<read echo="ascii"><delim>\n</delim><match><data>IzOIoH = |"O6bDZX","Q","U","Ca2SA"|\n</data></match></read>
<read echo="ascii"><delim>\n</delim><match><data>pvTzp7 = ||\n</data></match></read>
<read echo="ascii"><delim>\n</delim><match><data>0OGzH6H = ||\n</data></match></read>
<read echo="ascii"><delim>\n</delim><match><data>AbQP5 = ||\n</data></match></read>
<read echo="ascii"><delim>\n</delim><match><data>nGu9ys = |"Ca2SA"|\n</data></match></read>
<read echo="ascii"><delim>\n</delim><match><data>kYymo9 = |"MIUEb0","5KMhS","rol1g","OJ","KlYq","pzjsyw9","6LVW","cBlUo2P","21WXG"|\n</data></match></read>
<read echo="ascii"><delim>\n</delim><match><data>Feys9Z = |"cBlUo2P","pzjsyw9","OJ","21WXG"|\n</data></match></read>
<read echo="ascii"><delim>\n</delim><match><data>XEOAw = |"2ao8EgU","K923f","1w","V4cSqO6","ho6i","P7","3j4","9v","xXtef","Qjd7DV"|\n</data></match></read>
<read echo="ascii"><delim>\n</delim><match><data>xfcgp = |"2ao8EgU","xXtef","3j4","V4cSqO6","Qjd7DV","P7","WjectDjegn"|\n</data></match></read>
		<read echo="ascii"><delim> </delim><match><data>\x3E </data></match></read>
		<write echo="ascii"><data>.l\n</data></write>
	</replay>
</pov>
