<?xml version="1.0" standalone="no" ?>
<!DOCTYPE pov SYSTEM "/usr/share/cgc-docs/replay.dtd"><pov>
	<cbid>CROMU_00011</cbid>
	<replay>
		<read echo="ascii"><delim> </delim><match><data>\x3E </data></match></read>
		<write echo="ascii"><data>OoGM8 = |"mv","hY8Qzm","H1MwgTS","qusmUAW","DV","V3T8d","K2zXcNF"|-|"DV","HEYl","w","x"|\n</data></write>
		<read echo="ascii"><delim> </delim><match><data>\x3E </data></match></read>
		<write echo="ascii"><data>du9QzK = OoGM8 ~ OoGM8\n</data></write>
		<read echo="ascii"><delim> </delim><match><data>\x3E </data></match></read>
		<write echo="ascii"><data>aH3YVWgsn = du9QzK ^ OoGM8\n</data></write>
		<read echo="ascii"><delim> </delim><match><data>\x3E </data></match></read>
		<write echo="ascii"><data>GEzOh = OoGM8 + aH3YVWgsn\n</data></write>
		<read echo="ascii"><delim> </delim><match><data>\x3E </data></match></read>
		<write echo="ascii"><data>T8PHDB = |"Nun","DKrQUKf","q","k"|+|"f","q","zCCr","1b1Y3G9","Fu","sn"|\n</data></write>
		<read echo="ascii"><delim> </delim><match><data>\x3E </data></match></read>
		<write echo="ascii"><data>sKG31 = |"c","5zR6feb","k0kcgZ","ro1UniI","7zA83K"|~|"7zA83K","PTTrcK8","N","o","4O","hk","2U"|\n</data></write>
		<read echo="ascii"><delim> </delim><match><data>\x3E </data></match></read>
		<write echo="ascii"><data>mn40G = aH3YVWgsn ^ T8PHDB\n</data></write>
		<read echo="ascii"><delim> </delim><match><data>\x3E </data></match></read>
		<write echo="ascii"><data>31PqOY = |"TGRnKe"|+|"ym9NUAf","ay6RuD","vZG","5zDR","cUtkQxJ","vlEqs5i","Q"|\n</data></write>
		<read echo="ascii"><delim> </delim><match><data>\x3E </data></match></read>
		<write echo="ascii"><data>yI9uu = mn40G - 31PqOY\n</data></write>
		<read echo="ascii"><delim> </delim><match><data>\x3E </data></match></read>
		<write echo="ascii"><data>8u1mDi = |"9","BEYQ","Fbh","41","4I","RMK2N","K1L"|-|"BEYQ","1","rV9Sc","LMFF","9"|\n</data></write>
		<read echo="ascii"><delim> </delim><match><data>\x3E </data></match></read>
		<write echo="ascii"><data>.p\n</data></write>
<read echo="ascii"><delim>\n</delim><match><data>OoGM8 = |"mv","hY8Qzm","H1MwgTS","qusmUAW","V3T8d","K2zXcNF"|\n</data></match></read>
<read echo="ascii"><delim>\n</delim><match><data>du9QzK = ||\n</data></match></read>
<read echo="ascii"><delim>\n</delim><match><data>aH3YVWgsn = ||\n</data></match></read>
<read echo="ascii"><delim>\n</delim><match><data>GEzOh = |"mv","hY8Qzm","H1MwgTS","qusmUAW","V3T8d","K2zXcNF"|\n</data></match></read>
<read echo="ascii"><delim>\n</delim><match><data>T8PHDB = |"Nun","DKrQUKf","q","k","f","zCCr","1b1Y3G9","Fu","sn"|\n</data></match></read>
<read echo="ascii"><delim>\n</delim><match><data>sKG31 = |"c","5zR6feb","k0kcgZ","ro1UniI","PTTrcK8","N","o","4O","hk","2U"|\n</data></match></read>
<read echo="ascii"><delim>\n</delim><match><data>mn40G = ||\n</data></match></read>
<read echo="ascii"><delim>\n</delim><match><data>31PqOY = |"TGRnKe","ym9NUAf","ay6RuD","vZG","5zDR","cUtkQxJ","vlEqs5i","Q"|\n</data></match></read>
<read echo="ascii"><delim>\n</delim><match><data>yI9uu = ||\n</data></match></read>
<read echo="ascii"><delim>\n</delim><match><data>8u1mDi = |"Fbh","41","4I","RMK2N","K1L"|\n</data></match></read>
		<read echo="ascii"><delim> </delim><match><data>\x3E </data></match></read>
		<write echo="ascii"><data>.l\n</data></write>
	</replay>
</pov>
