<?xml version="1.0" standalone="no" ?>
<!DOCTYPE pov SYSTEM "/usr/share/cgc-docs/replay.dtd"><pov>
	<cbid>CROMU_00011</cbid>
	<replay>
		<read echo="ascii"><delim> </delim><match><data>\x3E </data></match></read>
		<write echo="ascii"><data>zUtVtQk = |"v2pHkiw","k2","BO","brRs","j"|+|"KJyJ6y","BO","txZoA","k2"|\n</data></write>
		<read echo="ascii"><delim> </delim><match><data>\x3E </data></match></read>
		<write echo="ascii"><data>g9zXOx = |"vYK4Gi","m5nBWgL","itU","jl2I","nDzSM6","Icjt6SE","zqBG"|-|"E6E4k","NljahuY","Icjt6SE","uak1mhl","m5nBWgL","frnoH","8"|\n</data></write>
		<read echo="ascii"><delim> </delim><match><data>\x3E </data></match></read>
		<write echo="ascii"><data>al3GeG = |"PdZ9TnL"|^|"UaEX","GWjLIsQ","WsqXr","zBJVik","PdZ9TnL","ZU","sdIX"|\n</data></write>
		<read echo="ascii"><delim> </delim><match><data>\x3E </data></match></read>
		<write echo="ascii"><data>i3xkAG = |"7pa","xzsSy","Rbr","ft","Y5Z8g","de3YZj","iH6xqJ","9W"|\n</data></write>
		<read echo="ascii"><delim> </delim><match><data>\x3E </data></match></read>
		<write echo="ascii"><data>7ebnN4 = |"de3YZj","Y5Z8g","xzsSy","ft"|\n</data></write>
		<read echo="ascii"><delim> </delim><match><data>\x3E </data></match></read>
		<write echo="ascii"><data>7ebnN4@i3xkAG\n</data></write>
		<read echo="ascii"><delim>\n</delim><match><data>TRUE\n</data></match></read>
		<read echo="ascii"><delim> </delim><match><data>\x3E </data></match></read>
		<write echo="ascii"><data>GwAWx = |"yGVFiy","wVO2BCk","0y6XA5","0","r"|-|"wVO2BCk","ZzlHi","cDwwLc","nZq","0y6XA5","7e","4i"|\n</data></write>
		<read echo="ascii"><delim> </delim><match><data>\x3E </data></match></read>
		<write echo="ascii"><data>qCqro0a = |"pCy","ChRB","W","xw2vL8","o29W9M0","rt89"|~|"S06hg","j","In","3rXm","MVI8xu"|\n</data></write>
		<read echo="ascii"><delim> </delim><match><data>\x3E </data></match></read>
		<write echo="ascii"><data>CJTGDQg = al3GeG - g9zXOx\n</data></write>
		<read echo="ascii"><delim> </delim><match><data>\x3E </data></match></read>
		<write echo="ascii"><data>2bOjXKD = |"055","GN4862I","FQ","ZAt","s"|+|"QAxp","NFR0","ZAt","UZg","QFiYu","s","2U"|\n</data></write>
		<read echo="ascii"><delim> </delim><match><data>\x3E </data></match></read>
		<write echo="ascii"><data>lhMJR4 = 7ebnN4 + 2bOjXKD\n</data></write>
		<read echo="ascii"><delim> </delim><match><data>\x3E </data></match></read>
		<write echo="ascii"><data>7YzBujn = al3GeG - GwAWx\n</data></write>
		<read echo="ascii"><delim> </delim><match><data>\x3E </data></match></read>
		<write echo="ascii"><data>2XYxamO = |"cZY","zSjSgg","MIZHt","QEL4","a7vJI","GjNNH","Qw","hSGvgh","JSjgjh"|\n</data></write>
		<read echo="ascii"><delim> </delim><match><data>\x3E </data></match></read>
		<write echo="ascii"><data>gOxfvF = |"Qw","zSjSgg","QEL4","GjNNH","N9jT72jwnb"|\n</data></write>
		<read echo="ascii"><delim> </delim><match><data>\x3E </data></match></read>
		<write echo="ascii"><data>gOxfvF@2XYxamO\n</data></write>
		<read echo="ascii"><delim>\n</delim><match><data>FALSE\n</data></match></read>
		<read echo="ascii"><delim> </delim><match><data>\x3E </data></match></read>
		<write echo="ascii"><data>.p\n</data></write>
<read echo="ascii"><delim>\n</delim><match><data>zUtVtQk = |"v2pHkiw","k2","BO","brRs","j","KJyJ6y","txZoA"|\n</data></match></read>
<read echo="ascii"><delim>\n</delim><match><data>g9zXOx = |"vYK4Gi","itU","jl2I","nDzSM6","zqBG"|\n</data></match></read>
<read echo="ascii"><delim>\n</delim><match><data>al3GeG = |"PdZ9TnL"|\n</data></match></read>
<read echo="ascii"><delim>\n</delim><match><data>i3xkAG = |"7pa","xzsSy","Rbr","ft","Y5Z8g","de3YZj","iH6xqJ","9W"|\n</data></match></read>
<read echo="ascii"><delim>\n</delim><match><data>7ebnN4 = |"de3YZj","Y5Z8g","xzsSy","ft"|\n</data></match></read>
<read echo="ascii"><delim>\n</delim><match><data>GwAWx = |"yGVFiy","0","r"|\n</data></match></read>
<read echo="ascii"><delim>\n</delim><match><data>qCqro0a = |"pCy","ChRB","W","xw2vL8","o29W9M0","rt89","S06hg","j","In","3rXm","MVI8xu"|\n</data></match></read>
<read echo="ascii"><delim>\n</delim><match><data>CJTGDQg = |"PdZ9TnL"|\n</data></match></read>
<read echo="ascii"><delim>\n</delim><match><data>2bOjXKD = |"055","GN4862I","FQ","ZAt","s","QAxp","NFR0","UZg","QFiYu","2U"|\n</data></match></read>
<read echo="ascii"><delim>\n</delim><match><data>lhMJR4 = |"de3YZj","Y5Z8g","xzsSy","ft","055","GN4862I","FQ","ZAt","s","QAxp","NFR0","UZg","QFiYu","2U"|\n</data></match></read>
<read echo="ascii"><delim>\n</delim><match><data>7YzBujn = |"PdZ9TnL"|\n</data></match></read>
<read echo="ascii"><delim>\n</delim><match><data>2XYxamO = |"cZY","zSjSgg","MIZHt","QEL4","a7vJI","GjNNH","Qw","hSGvgh","JSjgjh"|\n</data></match></read>
<read echo="ascii"><delim>\n</delim><match><data>gOxfvF = |"Qw","zSjSgg","QEL4","GjNNH","N9jT72jwnb"|\n</data></match></read>
		<read echo="ascii"><delim> </delim><match><data>\x3E </data></match></read>
		<write echo="ascii"><data>.l\n</data></write>
	</replay>
</pov>
