<?xml version="1.0" standalone="no" ?>
<!DOCTYPE pov SYSTEM "/usr/share/cgc-docs/replay.dtd"><pov>
	<cbid>CROMU_00011</cbid>
	<replay>
		<read echo="ascii"><delim> </delim><match><data>\x3E </data></match></read>
		<write echo="ascii"><data>EjOoaA = |"geHmr","tSIt","mQS","R0CHxn","iF","ez7Ab4Z","sczLkY","kjl0F7","IadR","oD7nl5S"|\n</data></write>
		<read echo="ascii"><delim> </delim><match><data>\x3E </data></match></read>
		<write echo="ascii"><data>e8IQe7s = |"iF","oD7nl5S","tSIt","kjl0F7","udwYUcgO3g"|\n</data></write>
		<read echo="ascii"><delim> </delim><match><data>\x3E </data></match></read>
		<write echo="ascii"><data>e8IQe7s@EjOoaA\n</data></write>
		<read echo="ascii"><delim>\n</delim><match><data>FALSE\n</data></match></read>
		<read echo="ascii"><delim> </delim><match><data>\x3E </data></match></read>
		<write echo="ascii"><data>qJVu8n = e8IQe7s + e8IQe7s\n</data></write>
		<read echo="ascii"><delim> </delim><match><data>\x3E </data></match></read>
		<write echo="ascii"><data>rVxkBxw = e8IQe7s + e8IQe7s\n</data></write>
		<read echo="ascii"><delim> </delim><match><data>\x3E </data></match></read>
		<write echo="ascii"><data>BUbsW6 = |"tsF","4sUZDj","fU","l7W","sMz","g7j","Rm5","gj4ZY","Nb","qHAIGD"|\n</data></write>
		<read echo="ascii"><delim> </delim><match><data>\x3E </data></match></read>
		<write echo="ascii"><data>CVrpIxH = |"g7j","l7W","fU"|\n</data></write>
		<read echo="ascii"><delim> </delim><match><data>\x3E </data></match></read>
		<write echo="ascii"><data>CVrpIxH@BUbsW6\n</data></write>
		<read echo="ascii"><delim>\n</delim><match><data>TRUE\n</data></match></read>
		<read echo="ascii"><delim> </delim><match><data>\x3E </data></match></read>
		<write echo="ascii"><data>gDPuwUS = e8IQe7s ~ rVxkBxw\n</data></write>
		<read echo="ascii"><delim> </delim><match><data>\x3E </data></match></read>
		<write echo="ascii"><data>oOLp917 = |"ZNAb6","N2FJFHH","NZSnJx1","KLn","8i","EYrf7w"|^|"ZNAb6","EwMEd","BsC4q0O"|\n</data></write>
		<read echo="ascii"><delim> </delim><match><data>\x3E </data></match></read>
		<write echo="ascii"><data>GZhUA = |"n36","Voa3gNa","5tuFwjl","d9NN","Snl","UwQ","9jv5","BEM","n8FS2"|\n</data></write>
		<read echo="ascii"><delim> </delim><match><data>\x3E </data></match></read>
		<write echo="ascii"><data>7vPjU = |"Snl","9jv5","BEM"|\n</data></write>
		<read echo="ascii"><delim> </delim><match><data>\x3E </data></match></read>
		<write echo="ascii"><data>7vPjU@GZhUA\n</data></write>
		<read echo="ascii"><delim>\n</delim><match><data>TRUE\n</data></match></read>
		<read echo="ascii"><delim> </delim><match><data>\x3E </data></match></read>
		<write echo="ascii"><data>9bVDJBk = |"VXBSO","17F","dMoS","mbTAgwr","vbqz4tu","CcU"|^|"2oU9","mbTAgwr","17F","LMez4","vbqz4tu"|\n</data></write>
		<read echo="ascii"><delim> </delim><match><data>\x3E </data></match></read>
		<write echo="ascii"><data>8Q6gq = |"B","4tMYNU","LsW2ZG","Eyd7gh","o5Gyj"|+|"qlZ","LsW2ZG","WguFmj3"|\n</data></write>
		<read echo="ascii"><delim> </delim><match><data>\x3E </data></match></read>
		<write echo="ascii"><data>tjBMI7 = |"aYR","THRi","C3"|-|"7f2J","C3","zRB","cyQBr"|\n</data></write>
		<read echo="ascii"><delim> </delim><match><data>\x3E </data></match></read>
		<write echo="ascii"><data>V9qLH = |"nLo7L"|+|"d","RdEGn5E","sttzTL9"|\n</data></write>
		<read echo="ascii"><delim> </delim><match><data>\x3E </data></match></read>
		<write echo="ascii"><data>.p\n</data></write>
<read echo="ascii"><delim>\n</delim><match><data>EjOoaA = |"geHmr","tSIt","mQS","R0CHxn","iF","ez7Ab4Z","sczLkY","kjl0F7","IadR","oD7nl5S"|\n</data></match></read>
<read echo="ascii"><delim>\n</delim><match><data>e8IQe7s = |"iF","oD7nl5S","tSIt","kjl0F7","udwYUcgO3g"|\n</data></match></read>
<read echo="ascii"><delim>\n</delim><match><data>qJVu8n = |"iF","oD7nl5S","tSIt","kjl0F7","udwYUcgO3g"|\n</data></match></read>
<read echo="ascii"><delim>\n</delim><match><data>rVxkBxw = |"iF","oD7nl5S","tSIt","kjl0F7","udwYUcgO3g"|\n</data></match></read>
<read echo="ascii"><delim>\n</delim><match><data>BUbsW6 = |"tsF","4sUZDj","fU","l7W","sMz","g7j","Rm5","gj4ZY","Nb","qHAIGD"|\n</data></match></read>
<read echo="ascii"><delim>\n</delim><match><data>CVrpIxH = |"g7j","l7W","fU"|\n</data></match></read>
<read echo="ascii"><delim>\n</delim><match><data>gDPuwUS = ||\n</data></match></read>
<read echo="ascii"><delim>\n</delim><match><data>oOLp917 = |"ZNAb6"|\n</data></match></read>
<read echo="ascii"><delim>\n</delim><match><data>GZhUA = |"n36","Voa3gNa","5tuFwjl","d9NN","Snl","UwQ","9jv5","BEM","n8FS2"|\n</data></match></read>
<read echo="ascii"><delim>\n</delim><match><data>7vPjU = |"Snl","9jv5","BEM"|\n</data></match></read>
<read echo="ascii"><delim>\n</delim><match><data>9bVDJBk = |"17F","mbTAgwr","vbqz4tu"|\n</data></match></read>
<read echo="ascii"><delim>\n</delim><match><data>8Q6gq = |"B","4tMYNU","LsW2ZG","Eyd7gh","o5Gyj","qlZ","WguFmj3"|\n</data></match></read>
<read echo="ascii"><delim>\n</delim><match><data>tjBMI7 = |"aYR","THRi"|\n</data></match></read>
<read echo="ascii"><delim>\n</delim><match><data>V9qLH = |"nLo7L","d","RdEGn5E","sttzTL9"|\n</data></match></read>
		<read echo="ascii"><delim> </delim><match><data>\x3E </data></match></read>
		<write echo="ascii"><data>.l\n</data></write>
	</replay>
</pov>
