<?xml version="1.0" standalone="no" ?>
<!DOCTYPE pov SYSTEM "/usr/share/cgc-docs/replay.dtd"><pov>
	<cbid>CROMU_00011</cbid>
	<replay>
		<read echo="ascii"><delim> </delim><match><data>\x3E </data></match></read>
		<write echo="ascii"><data>3VwrvSK = |"9HnV37","Z","LLp","mEj2"|+|"z9KLW1X","xNeQ"|\n</data></write>
		<read echo="ascii"><delim> </delim><match><data>\x3E </data></match></read>
		<write echo="ascii"><data>idfVBK = 3VwrvSK - 3VwrvSK\n</data></write>
		<read echo="ascii"><delim> </delim><match><data>\x3E </data></match></read>
		<write echo="ascii"><data>7uTrz = idfVBK - idfVBK\n</data></write>
		<read echo="ascii"><delim> </delim><match><data>\x3E </data></match></read>
		<write echo="ascii"><data>RJX84C = |"ohhqo6","RBM7"|^|"c5Ox5Ks","5TI","yME7elr","ohhqo6","Go","IF","CJrx90"|\n</data></write>
		<read echo="ascii"><delim> </delim><match><data>\x3E </data></match></read>
		<write echo="ascii"><data>IlP6ZENx6t = RJX84C ^ idfVBK\n</data></write>
		<read echo="ascii"><delim> </delim><match><data>\x3E </data></match></read>
		<write echo="ascii"><data>yAecDHz = IlP6ZENx6t ~ 7uTrz\n</data></write>
		<read echo="ascii"><delim> </delim><match><data>\x3E </data></match></read>
		<write echo="ascii"><data>E3Rw0 = 3VwrvSK + 3VwrvSK\n</data></write>
		<read echo="ascii"><delim> </delim><match><data>\x3E </data></match></read>
		<write echo="ascii"><data>.p\n</data></write>
<read echo="ascii"><delim>\n</delim><match><data>3VwrvSK = |"9HnV37","Z","LLp","mEj2","z9KLW1X","xNeQ"|\n</data></match></read>
<read echo="ascii"><delim>\n</delim><match><data>idfVBK = ||\n</data></match></read>
<read echo="ascii"><delim>\n</delim><match><data>7uTrz = ||\n</data></match></read>
<read echo="ascii"><delim>\n</delim><match><data>RJX84C = |"ohhqo6"|\n</data></match></read>
<read echo="ascii"><delim>\n</delim><match><data>IlP6ZENx6t = ||\n</data></match></read>
<read echo="ascii"><delim>\n</delim><match><data>yAecDHz = ||\n</data></match></read>
<read echo="ascii"><delim>\n</delim><match><data>E3Rw0 = |"9HnV37","Z","LLp","mEj2","z9KLW1X","xNeQ"|\n</data></match></read>
		<read echo="ascii"><delim> </delim><match><data>\x3E </data></match></read>
		<write echo="ascii"><data>.l\n</data></write>
	</replay>
</pov>
