<?xml version="1.0" standalone="no" ?>
<!DOCTYPE pov SYSTEM "/usr/share/cgc-docs/replay.dtd"><pov>
	<cbid>CROMU_00011</cbid>
	<replay>
		<read echo="ascii"><delim> </delim><match><data>\x3E </data></match></read>
		<write echo="ascii"><data>vBSbt1r = |"qwFPZU","REw2Pz1","aUNkb","L6HZ1nf","L5u421r","DiE2","vnVbFP","wSZDZO","Y6EIgO","YGO"|\n</data></write>
		<read echo="ascii"><delim> </delim><match><data>\x3E </data></match></read>
		<write echo="ascii"><data>Gn1ycL = |"YGO","wSZDZO","REw2Pz1","vnVbFP","L6HZ1nf","DiE2","L5u421r","aUNkb"|\n</data></write>
		<read echo="ascii"><delim> </delim><match><data>\x3E </data></match></read>
		<write echo="ascii"><data>Gn1ycL@vBSbt1r\n</data></write>
		<read echo="ascii"><delim>\n</delim><match><data>TRUE\n</data></match></read>
		<read echo="ascii"><delim> </delim><match><data>\x3E </data></match></read>
		<write echo="ascii"><data>V2c5Vu = vBSbt1r - Gn1ycL\n</data></write>
		<read echo="ascii"><delim> </delim><match><data>\x3E </data></match></read>
		<write echo="ascii"><data>1s4UR4A = |"RinXP0t","Ep7qHQd","ANb","oG8cT","7"|-|"kb","7v","RinXP0t","6","oG8cT","ecMKY"|\n</data></write>
		<read echo="ascii"><delim> </delim><match><data>\x3E </data></match></read>
		<write echo="ascii"><data>kMKAl = Gn1ycL - 1s4UR4A\n</data></write>
		<read echo="ascii"><delim> </delim><match><data>\x3E </data></match></read>
		<write echo="ascii"><data>H3SaFt = 1s4UR4A - V2c5Vu\n</data></write>
		<read echo="ascii"><delim> </delim><match><data>\x3E </data></match></read>
		<write echo="ascii"><data>yF8Atd = |"ONmdr","l8Jr87","ZCAT","hJIJv3Y","s0rLVo","V1q","7b","IH","g3","rgY"|\n</data></write>
		<read echo="ascii"><delim> </delim><match><data>\x3E </data></match></read>
		<write echo="ascii"><data>5UojZZ2 = |"ONmdr","s0rLVo","V1q","g3","IH","rgY","ZCAT","hJIJv3Y"|\n</data></write>
		<read echo="ascii"><delim> </delim><match><data>\x3E </data></match></read>
		<write echo="ascii"><data>5UojZZ2@yF8Atd\n</data></write>
		<read echo="ascii"><delim>\n</delim><match><data>TRUE\n</data></match></read>
		<read echo="ascii"><delim> </delim><match><data>\x3E </data></match></read>
		<write echo="ascii"><data>Fal0ng = |"PRiz","y7wTAY","2iI9","Zro"|^|"zxk3p6G","wL","dG","l8Kg4e","y7wTAY","65xUnz"|\n</data></write>
		<read echo="ascii"><delim> </delim><match><data>\x3E </data></match></read>
		<write echo="ascii"><data>Gs9OL = |"nPI1NT","9bA","nq","UcqyXy","6B06j","1O","nYPn"|-|"nq","mAu10","8kM29w","9bA","nPI1NT","wsv8","jRy"|\n</data></write>
		<read echo="ascii"><delim> </delim><match><data>\x3E </data></match></read>
		<write echo="ascii"><data>qeiw02P = Gs9OL + kMKAl\n</data></write>
		<read echo="ascii"><delim> </delim><match><data>\x3E </data></match></read>
		<write echo="ascii"><data>.p\n</data></write>
<read echo="ascii"><delim>\n</delim><match><data>vBSbt1r = |"qwFPZU","REw2Pz1","aUNkb","L6HZ1nf","L5u421r","DiE2","vnVbFP","wSZDZO","Y6EIgO","YGO"|\n</data></match></read>
<read echo="ascii"><delim>\n</delim><match><data>Gn1ycL = |"YGO","wSZDZO","REw2Pz1","vnVbFP","L6HZ1nf","DiE2","L5u421r","aUNkb"|\n</data></match></read>
<read echo="ascii"><delim>\n</delim><match><data>V2c5Vu = |"qwFPZU","Y6EIgO"|\n</data></match></read>
<read echo="ascii"><delim>\n</delim><match><data>1s4UR4A = |"Ep7qHQd","ANb","7"|\n</data></match></read>
<read echo="ascii"><delim>\n</delim><match><data>kMKAl = |"YGO","wSZDZO","REw2Pz1","vnVbFP","L6HZ1nf","DiE2","L5u421r","aUNkb"|\n</data></match></read>
<read echo="ascii"><delim>\n</delim><match><data>H3SaFt = |"Ep7qHQd","ANb","7"|\n</data></match></read>
<read echo="ascii"><delim>\n</delim><match><data>yF8Atd = |"ONmdr","l8Jr87","ZCAT","hJIJv3Y","s0rLVo","V1q","7b","IH","g3","rgY"|\n</data></match></read>
<read echo="ascii"><delim>\n</delim><match><data>5UojZZ2 = |"ONmdr","s0rLVo","V1q","g3","IH","rgY","ZCAT","hJIJv3Y"|\n</data></match></read>
<read echo="ascii"><delim>\n</delim><match><data>Fal0ng = |"y7wTAY"|\n</data></match></read>
<read echo="ascii"><delim>\n</delim><match><data>Gs9OL = |"UcqyXy","6B06j","1O","nYPn"|\n</data></match></read>
<read echo="ascii"><delim>\n</delim><match><data>qeiw02P = |"UcqyXy","6B06j","1O","nYPn","YGO","wSZDZO","REw2Pz1","vnVbFP","L6HZ1nf","DiE2","L5u421r","aUNkb"|\n</data></match></read>
		<read echo="ascii"><delim> </delim><match><data>\x3E </data></match></read>
		<write echo="ascii"><data>.l\n</data></write>
	</replay>
</pov>
