<?xml version="1.0" standalone="no" ?>
<!DOCTYPE pov SYSTEM "/usr/share/cgc-docs/replay.dtd"><pov>
	<cbid>CROMU_00011</cbid>
	<replay>
		<read echo="ascii"><delim> </delim><match><data>\x3E </data></match></read>
		<write echo="ascii"><data>K1DjWyt = |"yl","W7J7G","dIt","TW","LY","32","PkEi4x","vE"|\n</data></write>
		<read echo="ascii"><delim> </delim><match><data>\x3E </data></match></read>
		<write echo="ascii"><data>rHuEJ2 = |"dIt","32","TW","W7J7G","9iNOBexLMt"|\n</data></write>
		<read echo="ascii"><delim> </delim><match><data>\x3E </data></match></read>
		<write echo="ascii"><data>rHuEJ2@K1DjWyt\n</data></write>
		<read echo="ascii"><delim>\n</delim><match><data>FALSE\n</data></match></read>
		<read echo="ascii"><delim> </delim><match><data>\x3E </data></match></read>
		<write echo="ascii"><data>0GYLhj = |"9v","PwuWk","avV","GXFwk8","7Kv0n","C0GKk"|^|"b3TOtwE","GXFwk8","fMRCQS","9v","e9qdZ","4tEJthC","s2brc5"|\n</data></write>
		<read echo="ascii"><delim> </delim><match><data>\x3E </data></match></read>
		<write echo="ascii"><data>krlRWg = |"yZkNbVk","yiuNk2L","OA","TTw9tZR","HQp","bbY","tgBp","RuIc","U3tB","DMVYACk"|\n</data></write>
		<read echo="ascii"><delim> </delim><match><data>\x3E </data></match></read>
		<write echo="ascii"><data>slJ2L = |"bbY","U3tB","OA","HQp","DMVYACk","RuIc"|\n</data></write>
		<read echo="ascii"><delim> </delim><match><data>\x3E </data></match></read>
		<write echo="ascii"><data>slJ2L@krlRWg\n</data></write>
		<read echo="ascii"><delim>\n</delim><match><data>TRUE\n</data></match></read>
		<read echo="ascii"><delim> </delim><match><data>\x3E </data></match></read>
		<write echo="ascii"><data>s6qa5 = |"kW","a4"|+|"kW"|\n</data></write>
		<read echo="ascii"><delim> </delim><match><data>\x3E </data></match></read>
		<write echo="ascii"><data>Z936u7N = krlRWg - krlRWg\n</data></write>
		<read echo="ascii"><delim> </delim><match><data>\x3E </data></match></read>
		<write echo="ascii"><data>AExHpZ = Z936u7N ^ K1DjWyt\n</data></write>
		<read echo="ascii"><delim> </delim><match><data>\x3E </data></match></read>
		<write echo="ascii"><data>22FmD = |"V"|+|"yT4","6oRq0KB","V","Q5EAll"|\n</data></write>
		<read echo="ascii"><delim> </delim><match><data>\x3E </data></match></read>
		<write echo="ascii"><data>e2Y25c = K1DjWyt - rHuEJ2\n</data></write>
		<read echo="ascii"><delim> </delim><match><data>\x3E </data></match></read>
		<write echo="ascii"><data>HvhEbk = K1DjWyt - slJ2L\n</data></write>
		<read echo="ascii"><delim> </delim><match><data>\x3E </data></match></read>
		<write echo="ascii"><data>Xv60jq = 0GYLhj - K1DjWyt\n</data></write>
		<read echo="ascii"><delim> </delim><match><data>\x3E </data></match></read>
		<write echo="ascii"><data>PyUA5 = |"uuQJe","RrQh1"|^|"nwrtTzK","bL2R","JYwEcAj","uuQJe","68","CoLVs","RrQh1"|\n</data></write>
		<read echo="ascii"><delim> </delim><match><data>\x3E </data></match></read>
		<write echo="ascii"><data>PZWavX = HvhEbk - K1DjWyt\n</data></write>
		<read echo="ascii"><delim> </delim><match><data>\x3E </data></match></read>
		<write echo="ascii"><data>e3BuCPBPY = krlRWg ^ PZWavX\n</data></write>
		<read echo="ascii"><delim> </delim><match><data>\x3E </data></match></read>
		<write echo="ascii"><data>oGBifC = |"JpQM","ZrzBhZA","tJIX","zKbWi","D3yJ","xJ","ldeG"|^|"a7C","AU","JpQM","D3yJ","rUu"|\n</data></write>
		<read echo="ascii"><delim> </delim><match><data>\x3E </data></match></read>
		<write echo="ascii"><data>n6WwBJg = rHuEJ2 ~ PyUA5\n</data></write>
		<read echo="ascii"><delim> </delim><match><data>\x3E </data></match></read>
		<write echo="ascii"><data>.p\n</data></write>
<read echo="ascii"><delim>\n</delim><match><data>K1DjWyt = |"yl","W7J7G","dIt","TW","LY","32","PkEi4x","vE"|\n</data></match></read>
<read echo="ascii"><delim>\n</delim><match><data>rHuEJ2 = |"dIt","32","TW","W7J7G","9iNOBexLMt"|\n</data></match></read>
<read echo="ascii"><delim>\n</delim><match><data>0GYLhj = |"9v","GXFwk8"|\n</data></match></read>
<read echo="ascii"><delim>\n</delim><match><data>krlRWg = |"yZkNbVk","yiuNk2L","OA","TTw9tZR","HQp","bbY","tgBp","RuIc","U3tB","DMVYACk"|\n</data></match></read>
<read echo="ascii"><delim>\n</delim><match><data>slJ2L = |"bbY","U3tB","OA","HQp","DMVYACk","RuIc"|\n</data></match></read>
<read echo="ascii"><delim>\n</delim><match><data>s6qa5 = |"kW","a4"|\n</data></match></read>
<read echo="ascii"><delim>\n</delim><match><data>Z936u7N = ||\n</data></match></read>
<read echo="ascii"><delim>\n</delim><match><data>AExHpZ = ||\n</data></match></read>
<read echo="ascii"><delim>\n</delim><match><data>22FmD = |"V","yT4","6oRq0KB","Q5EAll"|\n</data></match></read>
<read echo="ascii"><delim>\n</delim><match><data>e2Y25c = |"yl","LY","PkEi4x","vE"|\n</data></match></read>
<read echo="ascii"><delim>\n</delim><match><data>HvhEbk = |"yl","W7J7G","dIt","TW","LY","32","PkEi4x","vE"|\n</data></match></read>
<read echo="ascii"><delim>\n</delim><match><data>Xv60jq = |"9v","GXFwk8"|\n</data></match></read>
<read echo="ascii"><delim>\n</delim><match><data>PyUA5 = |"uuQJe","RrQh1"|\n</data></match></read>
<read echo="ascii"><delim>\n</delim><match><data>PZWavX = ||\n</data></match></read>
<read echo="ascii"><delim>\n</delim><match><data>e3BuCPBPY = ||\n</data></match></read>
<read echo="ascii"><delim>\n</delim><match><data>oGBifC = |"JpQM","D3yJ"|\n</data></match></read>
<read echo="ascii"><delim>\n</delim><match><data>n6WwBJg = |"dIt","32","TW","W7J7G","9iNOBexLMt","uuQJe","RrQh1"|\n</data></match></read>
		<read echo="ascii"><delim> </delim><match><data>\x3E </data></match></read>
		<write echo="ascii"><data>.l\n</data></write>
	</replay>
</pov>
