<?xml version="1.0" standalone="no" ?>
<!DOCTYPE pov SYSTEM "/usr/share/cgc-docs/replay.dtd"><pov>
	<cbid>CROMU_00011</cbid>
	<replay>
		<read echo="ascii"><delim> </delim><match><data>\x3E </data></match></read>
		<write echo="ascii"><data>cdP7OOW = |"U","0vDO3jy","UX5HSaG","bP8e","sM2c"|~|"U","HL5zz58","ntz","0vDO3jy","f1efd","Eh5"|\n</data></write>
		<read echo="ascii"><delim> </delim><match><data>\x3E </data></match></read>
		<write echo="ascii"><data>3bh2A = cdP7OOW + cdP7OOW\n</data></write>
		<read echo="ascii"><delim> </delim><match><data>\x3E </data></match></read>
		<write echo="ascii"><data>658BC = 3bh2A - cdP7OOW\n</data></write>
		<read echo="ascii"><delim> </delim><match><data>\x3E </data></match></read>
		<write echo="ascii"><data>1EzZTqO = cdP7OOW - 3bh2A\n</data></write>
		<read echo="ascii"><delim> </delim><match><data>\x3E </data></match></read>
		<write echo="ascii"><data>i0dVv = 1EzZTqO + cdP7OOW\n</data></write>
		<read echo="ascii"><delim> </delim><match><data>\x3E </data></match></read>
		<write echo="ascii"><data>dWPkz = 1EzZTqO - 3bh2A\n</data></write>
		<read echo="ascii"><delim> </delim><match><data>\x3E </data></match></read>
		<write echo="ascii"><data>xXs3k = dWPkz + 1EzZTqO\n</data></write>
		<read echo="ascii"><delim> </delim><match><data>\x3E </data></match></read>
		<write echo="ascii"><data>LgkQC = |"h","EC","m3t","be0M9S4"|+|"U55","K5Sr","Do69","EC","Z8VIspM"|\n</data></write>
		<read echo="ascii"><delim> </delim><match><data>\x3E </data></match></read>
		<write echo="ascii"><data>MdgCv = |"zv","ghUJNS","U","Sxx6","7suCHc","2"|+|"hH8J","zv","7suCHc","GI00Pu","SftT","2","j8kfF"|\n</data></write>
		<read echo="ascii"><delim> </delim><match><data>\x3E </data></match></read>
		<write echo="ascii"><data>JcyAlh = |"ANbNAg","Un6fy"|~|"p","oO","4W"|\n</data></write>
		<read echo="ascii"><delim> </delim><match><data>\x3E </data></match></read>
		<write echo="ascii"><data>cvAnq = LgkQC ^ cdP7OOW\n</data></write>
		<read echo="ascii"><delim> </delim><match><data>\x3E </data></match></read>
		<write echo="ascii"><data>z0GfkVl = |"C8LrcOO","RR","yFzo","w","xJzWLS","26Dc00P","1O3"|~|"26Dc00P","WPP9Qj"|\n</data></write>
		<read echo="ascii"><delim> </delim><match><data>\x3E </data></match></read>
		<write echo="ascii"><data>NbOK1 = |"4Smr2","UL30d"|~|"q2I0Z","G8","3pO"|\n</data></write>
		<read echo="ascii"><delim> </delim><match><data>\x3E </data></match></read>
		<write echo="ascii"><data>.p\n</data></write>
<read echo="ascii"><delim>\n</delim><match><data>cdP7OOW = |"UX5HSaG","bP8e","sM2c","HL5zz58","ntz","f1efd","Eh5"|\n</data></match></read>
<read echo="ascii"><delim>\n</delim><match><data>3bh2A = |"UX5HSaG","bP8e","sM2c","HL5zz58","ntz","f1efd","Eh5"|\n</data></match></read>
<read echo="ascii"><delim>\n</delim><match><data>658BC = ||\n</data></match></read>
<read echo="ascii"><delim>\n</delim><match><data>1EzZTqO = ||\n</data></match></read>
<read echo="ascii"><delim>\n</delim><match><data>i0dVv = |"UX5HSaG","bP8e","sM2c","HL5zz58","ntz","f1efd","Eh5"|\n</data></match></read>
<read echo="ascii"><delim>\n</delim><match><data>dWPkz = ||\n</data></match></read>
<read echo="ascii"><delim>\n</delim><match><data>xXs3k = ||\n</data></match></read>
<read echo="ascii"><delim>\n</delim><match><data>LgkQC = |"h","EC","m3t","be0M9S4","U55","K5Sr","Do69","Z8VIspM"|\n</data></match></read>
<read echo="ascii"><delim>\n</delim><match><data>MdgCv = |"zv","ghUJNS","U","Sxx6","7suCHc","2","hH8J","GI00Pu","SftT","j8kfF"|\n</data></match></read>
<read echo="ascii"><delim>\n</delim><match><data>JcyAlh = |"ANbNAg","Un6fy","p","oO","4W"|\n</data></match></read>
<read echo="ascii"><delim>\n</delim><match><data>cvAnq = ||\n</data></match></read>
<read echo="ascii"><delim>\n</delim><match><data>z0GfkVl = |"C8LrcOO","RR","yFzo","w","xJzWLS","1O3","WPP9Qj"|\n</data></match></read>
<read echo="ascii"><delim>\n</delim><match><data>NbOK1 = |"4Smr2","UL30d","q2I0Z","G8","3pO"|\n</data></match></read>
		<read echo="ascii"><delim> </delim><match><data>\x3E </data></match></read>
		<write echo="ascii"><data>.l\n</data></write>
	</replay>
</pov>
