<?xml version="1.0" standalone="no" ?>
<!DOCTYPE pov SYSTEM "/usr/share/cgc-docs/replay.dtd"><pov>
	<cbid>CROMU_00011</cbid>
	<replay>
		<read echo="ascii"><delim> </delim><match><data>\x3E </data></match></read>
		<write echo="ascii"><data>0EGu02v = |"ZfrYmb","eq","dIeevk","RfFf6r","Cg","WWowE2","Fn","4TPj","EuPSW4","yp"|\n</data></write>
		<read echo="ascii"><delim> </delim><match><data>\x3E </data></match></read>
		<write echo="ascii"><data>nLwLz = |"RfFf6r","WWowE2","EuPSW4","quxyyQRict"|\n</data></write>
		<read echo="ascii"><delim> </delim><match><data>\x3E </data></match></read>
		<write echo="ascii"><data>nLwLz@0EGu02v\n</data></write>
		<read echo="ascii"><delim>\n</delim><match><data>FALSE\n</data></match></read>
		<read echo="ascii"><delim> </delim><match><data>\x3E </data></match></read>
		<write echo="ascii"><data>el684e = |"kASMt","1fW","pQaw","9MndB","195"|^|"6PTJ"|\n</data></write>
		<read echo="ascii"><delim> </delim><match><data>\x3E </data></match></read>
		<write echo="ascii"><data>pRXoeho = |"2Vl7Q","8RAV","k94","gZDm","XHA","VVZpwv"|\n</data></write>
		<read echo="ascii"><delim> </delim><match><data>\x3E </data></match></read>
		<write echo="ascii"><data>8aocHS = |"gZDm","VVZpwv","8RAV"|\n</data></write>
		<read echo="ascii"><delim> </delim><match><data>\x3E </data></match></read>
		<write echo="ascii"><data>8aocHS@pRXoeho\n</data></write>
		<read echo="ascii"><delim>\n</delim><match><data>TRUE\n</data></match></read>
		<read echo="ascii"><delim> </delim><match><data>\x3E </data></match></read>
		<write echo="ascii"><data>NUmBVG = |"am3","IP","a7h","4","ThULrl","32nRzDI","BlaK1"|-|"SZ9","am3","IP"|\n</data></write>
		<read echo="ascii"><delim> </delim><match><data>\x3E </data></match></read>
		<write echo="ascii"><data>THdEKZH = |"mYN55","gtm"|~|"l"|\n</data></write>
		<read echo="ascii"><delim> </delim><match><data>\x3E </data></match></read>
		<write echo="ascii"><data>Tnrvn = |"O91","kc","rXAaP","4R56PS","VbfKw7Y","N577","YNl"|\n</data></write>
		<read echo="ascii"><delim> </delim><match><data>\x3E </data></match></read>
		<write echo="ascii"><data>lCPKF = |"4R56PS","Bv4yifa6Q3"|\n</data></write>
		<read echo="ascii"><delim> </delim><match><data>\x3E </data></match></read>
		<write echo="ascii"><data>lCPKF@Tnrvn\n</data></write>
		<read echo="ascii"><delim>\n</delim><match><data>FALSE\n</data></match></read>
		<read echo="ascii"><delim> </delim><match><data>\x3E </data></match></read>
		<write echo="ascii"><data>j73O2L = NUmBVG ~ nLwLz\n</data></write>
		<read echo="ascii"><delim> </delim><match><data>\x3E </data></match></read>
		<write echo="ascii"><data>PCcJz = lCPKF + lCPKF\n</data></write>
		<read echo="ascii"><delim> </delim><match><data>\x3E </data></match></read>
		<write echo="ascii"><data>eUuyh3 = pRXoeho - el684e\n</data></write>
		<read echo="ascii"><delim> </delim><match><data>\x3E </data></match></read>
		<write echo="ascii"><data>.p\n</data></write>
<read echo="ascii"><delim>\n</delim><match><data>0EGu02v = |"ZfrYmb","eq","dIeevk","RfFf6r","Cg","WWowE2","Fn","4TPj","EuPSW4","yp"|\n</data></match></read>
<read echo="ascii"><delim>\n</delim><match><data>nLwLz = |"RfFf6r","WWowE2","EuPSW4","quxyyQRict"|\n</data></match></read>
<read echo="ascii"><delim>\n</delim><match><data>el684e = ||\n</data></match></read>
<read echo="ascii"><delim>\n</delim><match><data>pRXoeho = |"2Vl7Q","8RAV","k94","gZDm","XHA","VVZpwv"|\n</data></match></read>
<read echo="ascii"><delim>\n</delim><match><data>8aocHS = |"gZDm","VVZpwv","8RAV"|\n</data></match></read>
<read echo="ascii"><delim>\n</delim><match><data>NUmBVG = |"a7h","4","ThULrl","32nRzDI","BlaK1"|\n</data></match></read>
<read echo="ascii"><delim>\n</delim><match><data>THdEKZH = |"mYN55","gtm","l"|\n</data></match></read>
<read echo="ascii"><delim>\n</delim><match><data>Tnrvn = |"O91","kc","rXAaP","4R56PS","VbfKw7Y","N577","YNl"|\n</data></match></read>
<read echo="ascii"><delim>\n</delim><match><data>lCPKF = |"4R56PS","Bv4yifa6Q3"|\n</data></match></read>
<read echo="ascii"><delim>\n</delim><match><data>j73O2L = |"a7h","4","ThULrl","32nRzDI","BlaK1","RfFf6r","WWowE2","EuPSW4","quxyyQRict"|\n</data></match></read>
<read echo="ascii"><delim>\n</delim><match><data>PCcJz = |"4R56PS","Bv4yifa6Q3"|\n</data></match></read>
<read echo="ascii"><delim>\n</delim><match><data>eUuyh3 = |"2Vl7Q","8RAV","k94","gZDm","XHA","VVZpwv"|\n</data></match></read>
		<read echo="ascii"><delim> </delim><match><data>\x3E </data></match></read>
		<write echo="ascii"><data>.l\n</data></write>
	</replay>
</pov>
