<?xml version="1.0" standalone="no" ?>
<!DOCTYPE pov SYSTEM "/usr/share/cgc-docs/replay.dtd"><pov>
	<cbid>CROMU_00011</cbid>
	<replay>
		<read echo="ascii"><delim> </delim><match><data>\x3E </data></match></read>
		<write echo="ascii"><data>Dl3gXE = |"buQy","6","6VJns","pj","J3rvU4d"|+|"6VJns","J3rvU4d"|\n</data></write>
		<read echo="ascii"><delim> </delim><match><data>\x3E </data></match></read>
		<write echo="ascii"><data>bnyeA = |"Q6h2u","KH8","oQZG6"|~|"9d3Mcg","BAjWutU"|\n</data></write>
		<read echo="ascii"><delim> </delim><match><data>\x3E </data></match></read>
		<write echo="ascii"><data>ti7Gl = Dl3gXE - Dl3gXE\n</data></write>
		<read echo="ascii"><delim> </delim><match><data>\x3E </data></match></read>
		<write echo="ascii"><data>JH0qg = |"ETj","q","cJmvpd","5Od9g","1cCzq3L"|-|"U0n4NI","sRX","ZXyyG","Wm","7ffk","E","d0cyWIj"|\n</data></write>
		<read echo="ascii"><delim> </delim><match><data>\x3E </data></match></read>
		<write echo="ascii"><data>XeRm1 = JH0qg - ti7Gl\n</data></write>
		<read echo="ascii"><delim> </delim><match><data>\x3E </data></match></read>
		<write echo="ascii"><data>Q898OJAlse = ti7Gl ^ JH0qg\n</data></write>
		<read echo="ascii"><delim> </delim><match><data>\x3E </data></match></read>
		<write echo="ascii"><data>9p4HA7 = XeRm1 + bnyeA\n</data></write>
		<read echo="ascii"><delim> </delim><match><data>\x3E </data></match></read>
		<write echo="ascii"><data>nzMrGL = |"Ut","MOzGI","yhzEX","M47j","jgHE51c","GV6"|-|"W","UMWsTm","GLQ","M47j","jh5","Ng7as","GV6"|\n</data></write>
		<read echo="ascii"><delim> </delim><match><data>\x3E </data></match></read>
		<write echo="ascii"><data>F0vjX0 = |"OC","fT4lMp","Ne1mZ","8Io"|-|"Zi","7I9t","srP1vi","5KnDz","zlz","Y9mvLI8"|\n</data></write>
		<read echo="ascii"><delim> </delim><match><data>\x3E </data></match></read>
		<write echo="ascii"><data>OHj4kx = |"1JwGFlN","4","GSUABg","HN92","A"|+|"iYyZj","A","T","vTtBlX"|\n</data></write>
		<read echo="ascii"><delim> </delim><match><data>\x3E </data></match></read>
		<write echo="ascii"><data>SyriCifMZ = Q898OJAlse ^ XeRm1\n</data></write>
		<read echo="ascii"><delim> </delim><match><data>\x3E </data></match></read>
		<write echo="ascii"><data>BZ8xJ = |"M8W8bX","zM","anY"|+|"IL34","zM","p","bm","lnjh","zLx8","pP"|\n</data></write>
		<read echo="ascii"><delim> </delim><match><data>\x3E </data></match></read>
		<write echo="ascii"><data>hye9w = Q898OJAlse ~ bnyeA\n</data></write>
		<read echo="ascii"><delim> </delim><match><data>\x3E </data></match></read>
		<write echo="ascii"><data>HynXU = XeRm1 - OHj4kx\n</data></write>
		<read echo="ascii"><delim> </delim><match><data>\x3E </data></match></read>
		<write echo="ascii"><data>.p\n</data></write>
<read echo="ascii"><delim>\n</delim><match><data>Dl3gXE = |"buQy","6","6VJns","pj","J3rvU4d"|\n</data></match></read>
<read echo="ascii"><delim>\n</delim><match><data>bnyeA = |"Q6h2u","KH8","oQZG6","9d3Mcg","BAjWutU"|\n</data></match></read>
<read echo="ascii"><delim>\n</delim><match><data>ti7Gl = ||\n</data></match></read>
<read echo="ascii"><delim>\n</delim><match><data>JH0qg = |"ETj","q","cJmvpd","5Od9g","1cCzq3L"|\n</data></match></read>
<read echo="ascii"><delim>\n</delim><match><data>XeRm1 = |"ETj","q","cJmvpd","5Od9g","1cCzq3L"|\n</data></match></read>
<read echo="ascii"><delim>\n</delim><match><data>Q898OJAlse = ||\n</data></match></read>
<read echo="ascii"><delim>\n</delim><match><data>9p4HA7 = |"ETj","q","cJmvpd","5Od9g","1cCzq3L","Q6h2u","KH8","oQZG6","9d3Mcg","BAjWutU"|\n</data></match></read>
<read echo="ascii"><delim>\n</delim><match><data>nzMrGL = |"Ut","MOzGI","yhzEX","jgHE51c"|\n</data></match></read>
<read echo="ascii"><delim>\n</delim><match><data>F0vjX0 = |"OC","fT4lMp","Ne1mZ","8Io"|\n</data></match></read>
<read echo="ascii"><delim>\n</delim><match><data>OHj4kx = |"1JwGFlN","4","GSUABg","HN92","A","iYyZj","T","vTtBlX"|\n</data></match></read>
<read echo="ascii"><delim>\n</delim><match><data>SyriCifMZ = ||\n</data></match></read>
<read echo="ascii"><delim>\n</delim><match><data>BZ8xJ = |"M8W8bX","zM","anY","IL34","p","bm","lnjh","zLx8","pP"|\n</data></match></read>
<read echo="ascii"><delim>\n</delim><match><data>hye9w = |"Q6h2u","KH8","oQZG6","9d3Mcg","BAjWutU"|\n</data></match></read>
<read echo="ascii"><delim>\n</delim><match><data>HynXU = |"ETj","q","cJmvpd","5Od9g","1cCzq3L"|\n</data></match></read>
		<read echo="ascii"><delim> </delim><match><data>\x3E </data></match></read>
		<write echo="ascii"><data>.l\n</data></write>
	</replay>
</pov>
