<?xml version="1.0" standalone="no" ?>
<!DOCTYPE pov SYSTEM "/usr/share/cgc-docs/replay.dtd"><pov>
	<cbid>CROMU_00011</cbid>
	<replay>
		<read echo="ascii"><delim> </delim><match><data>\x3E </data></match></read>
		<write echo="ascii"><data>gmHX91 = |"6JqqeMh","nnU1mp","zOCT","MV3Bwi","hJ","YwTGrT","jTv","vc1c"|\n</data></write>
		<read echo="ascii"><delim> </delim><match><data>\x3E </data></match></read>
		<write echo="ascii"><data>3iFkQmb = |"6JqqeMh"|\n</data></write>
		<read echo="ascii"><delim> </delim><match><data>\x3E </data></match></read>
		<write echo="ascii"><data>3iFkQmb@gmHX91\n</data></write>
		<read echo="ascii"><delim>\n</delim><match><data>TRUE\n</data></match></read>
		<read echo="ascii"><delim> </delim><match><data>\x3E </data></match></read>
		<write echo="ascii"><data>dkdECdA = |"zvF","1iRow","pMot930","z9y5"|+|"hLzy8A","1iRow","s","sKBt"|\n</data></write>
		<read echo="ascii"><delim> </delim><match><data>\x3E </data></match></read>
		<write echo="ascii"><data>FMEwH = |"al1QOSf","Wm3mg","44E7","jBCqx","V5Iqp","l2QE4"|+|"V5Iqp"|\n</data></write>
		<read echo="ascii"><delim> </delim><match><data>\x3E </data></match></read>
		<write echo="ascii"><data>XoOYx6M = |"LquP","8uY","UKnf"|^|"7kq9Uc","QxI","Bz","PIe"|\n</data></write>
		<read echo="ascii"><delim> </delim><match><data>\x3E </data></match></read>
		<write echo="ascii"><data>D8gZ0Li = XoOYx6M - FMEwH\n</data></write>
		<read echo="ascii"><delim> </delim><match><data>\x3E </data></match></read>
		<write echo="ascii"><data>RMlcU = |"hA","5wfkbc","rf6Ec","5S","1N","9DZ1Z4M"|\n</data></write>
		<read echo="ascii"><delim> </delim><match><data>\x3E </data></match></read>
		<write echo="ascii"><data>G64YgtX = |"1N","5wfkbc","hA","rf6Ec","OxdYGyil0d"|\n</data></write>
		<read echo="ascii"><delim> </delim><match><data>\x3E </data></match></read>
		<write echo="ascii"><data>G64YgtX@RMlcU\n</data></write>
		<read echo="ascii"><delim>\n</delim><match><data>FALSE\n</data></match></read>
		<read echo="ascii"><delim> </delim><match><data>\x3E </data></match></read>
		<write echo="ascii"><data>I9ffpz = gmHX91 ^ XoOYx6M\n</data></write>
		<read echo="ascii"><delim> </delim><match><data>\x3E </data></match></read>
		<write echo="ascii"><data>Cxq0Z1 = |"xqe93Xo","EF81nnC","QiT","Gagf"|-|"j","ym","4YMam","gJR8hg","chT3"|\n</data></write>
		<read echo="ascii"><delim> </delim><match><data>\x3E </data></match></read>
		<write echo="ascii"><data>llFcI9 = |"EPq04F","o","C","15qm7","1m5"|~|"UTG","KOfAvZt","EPq04F","s7","6I","NmDQs"|\n</data></write>
		<read echo="ascii"><delim> </delim><match><data>\x3E </data></match></read>
		<write echo="ascii"><data>pCwmYV = D8gZ0Li - FMEwH\n</data></write>
		<read echo="ascii"><delim> </delim><match><data>\x3E </data></match></read>
		<write echo="ascii"><data>9E3Z8 = |"M7V"|+|"riVa"|\n</data></write>
		<read echo="ascii"><delim> </delim><match><data>\x3E </data></match></read>
		<write echo="ascii"><data>7eByE = |"Tqtann","gtrG","8c","qDKrQ","ERVNN","Mlyd","I7kqk"|\n</data></write>
		<read echo="ascii"><delim> </delim><match><data>\x3E </data></match></read>
		<write echo="ascii"><data>BpEiZ = |"Mlyd"|\n</data></write>
		<read echo="ascii"><delim> </delim><match><data>\x3E </data></match></read>
		<write echo="ascii"><data>BpEiZ@7eByE\n</data></write>
		<read echo="ascii"><delim>\n</delim><match><data>TRUE\n</data></match></read>
		<read echo="ascii"><delim> </delim><match><data>\x3E </data></match></read>
		<write echo="ascii"><data>xeK0yw3 = |"28ad1XQ","yynewp","ZB7NW1","aV8y","2q","Bg","U4xL"|-|"U4xL","1","YusRD","28ad1XQ","T","SJqiuV","yynewp"|\n</data></write>
		<read echo="ascii"><delim> </delim><match><data>\x3E </data></match></read>
		<write echo="ascii"><data>lUhKc = |"spJ","dfQLok","BMO47A"|^|"BMO47A","QJe","0P6N","FJ","73Od2Hp","AtJ9J4V"|\n</data></write>
		<read echo="ascii"><delim> </delim><match><data>\x3E </data></match></read>
		<write echo="ascii"><data>D0zlL7O = lUhKc + dkdECdA\n</data></write>
		<read echo="ascii"><delim> </delim><match><data>\x3E </data></match></read>
		<write echo="ascii"><data>.p\n</data></write>
<read echo="ascii"><delim>\n</delim><match><data>gmHX91 = |"6JqqeMh","nnU1mp","zOCT","MV3Bwi","hJ","YwTGrT","jTv","vc1c"|\n</data></match></read>
<read echo="ascii"><delim>\n</delim><match><data>3iFkQmb = |"6JqqeMh"|\n</data></match></read>
<read echo="ascii"><delim>\n</delim><match><data>dkdECdA = |"zvF","1iRow","pMot930","z9y5","hLzy8A","s","sKBt"|\n</data></match></read>
<read echo="ascii"><delim>\n</delim><match><data>FMEwH = |"al1QOSf","Wm3mg","44E7","jBCqx","V5Iqp","l2QE4"|\n</data></match></read>
<read echo="ascii"><delim>\n</delim><match><data>XoOYx6M = ||\n</data></match></read>
<read echo="ascii"><delim>\n</delim><match><data>D8gZ0Li = ||\n</data></match></read>
<read echo="ascii"><delim>\n</delim><match><data>RMlcU = |"hA","5wfkbc","rf6Ec","5S","1N","9DZ1Z4M"|\n</data></match></read>
<read echo="ascii"><delim>\n</delim><match><data>G64YgtX = |"1N","5wfkbc","hA","rf6Ec","OxdYGyil0d"|\n</data></match></read>
<read echo="ascii"><delim>\n</delim><match><data>I9ffpz = ||\n</data></match></read>
<read echo="ascii"><delim>\n</delim><match><data>Cxq0Z1 = |"xqe93Xo","EF81nnC","QiT","Gagf"|\n</data></match></read>
<read echo="ascii"><delim>\n</delim><match><data>llFcI9 = |"o","C","15qm7","1m5","UTG","KOfAvZt","s7","6I","NmDQs"|\n</data></match></read>
<read echo="ascii"><delim>\n</delim><match><data>pCwmYV = ||\n</data></match></read>
<read echo="ascii"><delim>\n</delim><match><data>9E3Z8 = |"M7V","riVa"|\n</data></match></read>
<read echo="ascii"><delim>\n</delim><match><data>7eByE = |"Tqtann","gtrG","8c","qDKrQ","ERVNN","Mlyd","I7kqk"|\n</data></match></read>
<read echo="ascii"><delim>\n</delim><match><data>BpEiZ = |"Mlyd"|\n</data></match></read>
<read echo="ascii"><delim>\n</delim><match><data>xeK0yw3 = |"ZB7NW1","aV8y","2q","Bg"|\n</data></match></read>
<read echo="ascii"><delim>\n</delim><match><data>lUhKc = |"BMO47A"|\n</data></match></read>
<read echo="ascii"><delim>\n</delim><match><data>D0zlL7O = |"BMO47A","zvF","1iRow","pMot930","z9y5","hLzy8A","s","sKBt"|\n</data></match></read>
		<read echo="ascii"><delim> </delim><match><data>\x3E </data></match></read>
		<write echo="ascii"><data>.l\n</data></write>
	</replay>
</pov>
