<?xml version="1.0" standalone="no" ?>
<!DOCTYPE pov SYSTEM "/usr/share/cgc-docs/replay.dtd"><pov>
	<cbid>CROMU_00011</cbid>
	<replay>
		<read echo="ascii"><delim> </delim><match><data>\x3E </data></match></read>
		<write echo="ascii"><data>MLJBaKE = |"h","El","NFO"|-|"C","Ar55","SoPwx","7hYFpBT","NFO","zZ7"|\n</data></write>
		<read echo="ascii"><delim> </delim><match><data>\x3E </data></match></read>
		<write echo="ascii"><data>7nAmjD = |"ejq"|^|"5UV8P","khAq1Q","5CG54Ty"|\n</data></write>
		<read echo="ascii"><delim> </delim><match><data>\x3E </data></match></read>
		<write echo="ascii"><data>Q749Iz = |"XaXYY","6iaD","12fPz","S"|+|"3DNCmN"|\n</data></write>
		<read echo="ascii"><delim> </delim><match><data>\x3E </data></match></read>
		<write echo="ascii"><data>3jMRy = Q749Iz + MLJBaKE\n</data></write>
		<read echo="ascii"><delim> </delim><match><data>\x3E </data></match></read>
		<write echo="ascii"><data>hUlK6 = |"znhi","T","calt1t","aAn1","NWmpVt","58hjtW4","Ax6"|-|"58hjtW4","BCm","T","P","qQc","itujAGq","aAn1"|\n</data></write>
		<read echo="ascii"><delim> </delim><match><data>\x3E </data></match></read>
		<write echo="ascii"><data>e5u5gtJ = |"if52f","qpuhjS","8OE0Qg"|-|"zp8xUA","2u1fT3","d6M50fC"|\n</data></write>
		<read echo="ascii"><delim> </delim><match><data>\x3E </data></match></read>
		<write echo="ascii"><data>Nbhk48 = |"wUnxh","U55s"|^|"GzydI","QvJG","zIc70","NQ4WU7p","CBFcgS","ET","AwPf76l"|\n</data></write>
		<read echo="ascii"><delim> </delim><match><data>\x3E </data></match></read>
		<write echo="ascii"><data>MuzgW = e5u5gtJ ~ MLJBaKE\n</data></write>
		<read echo="ascii"><delim> </delim><match><data>\x3E </data></match></read>
		<write echo="ascii"><data>7Z6NI8 = |"z0","9b3m0U"|~|"Hrg6Y","EfX","VGdO","PF","bH"|\n</data></write>
		<read echo="ascii"><delim> </delim><match><data>\x3E </data></match></read>
		<write echo="ascii"><data>rGXfs7 = |"IN","X","w"|+|"etpDhQ","tv8","MlSk","TBNeK","R","XDIe"|\n</data></write>
		<read echo="ascii"><delim> </delim><match><data>\x3E </data></match></read>
		<write echo="ascii"><data>.p\n</data></write>
<read echo="ascii"><delim>\n</delim><match><data>MLJBaKE = |"h","El"|\n</data></match></read>
<read echo="ascii"><delim>\n</delim><match><data>7nAmjD = ||\n</data></match></read>
<read echo="ascii"><delim>\n</delim><match><data>Q749Iz = |"XaXYY","6iaD","12fPz","S","3DNCmN"|\n</data></match></read>
<read echo="ascii"><delim>\n</delim><match><data>3jMRy = |"XaXYY","6iaD","12fPz","S","3DNCmN","h","El"|\n</data></match></read>
<read echo="ascii"><delim>\n</delim><match><data>hUlK6 = |"znhi","calt1t","NWmpVt","Ax6"|\n</data></match></read>
<read echo="ascii"><delim>\n</delim><match><data>e5u5gtJ = |"if52f","qpuhjS","8OE0Qg"|\n</data></match></read>
<read echo="ascii"><delim>\n</delim><match><data>Nbhk48 = ||\n</data></match></read>
<read echo="ascii"><delim>\n</delim><match><data>MuzgW = |"if52f","qpuhjS","8OE0Qg","h","El"|\n</data></match></read>
<read echo="ascii"><delim>\n</delim><match><data>7Z6NI8 = |"z0","9b3m0U","Hrg6Y","EfX","VGdO","PF","bH"|\n</data></match></read>
<read echo="ascii"><delim>\n</delim><match><data>rGXfs7 = |"IN","X","w","etpDhQ","tv8","MlSk","TBNeK","R","XDIe"|\n</data></match></read>
		<read echo="ascii"><delim> </delim><match><data>\x3E </data></match></read>
		<write echo="ascii"><data>.l\n</data></write>
	</replay>
</pov>
