<?xml version="1.0" standalone="no" ?>
<!DOCTYPE pov SYSTEM "/usr/share/cgc-docs/replay.dtd"><pov>
	<cbid>CROMU_00011</cbid>
	<replay>
		<read echo="ascii"><delim> </delim><match><data>\x3E </data></match></read>
		<write echo="ascii"><data>hiSAj = |"okvZ","2hcjeL","lRD","kESfze","LLYv8s","ylI","h"|-|"okvZ","kESfze","T","SA9","inLLX9X","j"|\n</data></write>
		<read echo="ascii"><delim> </delim><match><data>\x3E </data></match></read>
		<write echo="ascii"><data>0GeeCx = |"7njnq","M4Sn","JNqb","oPKP","9fH2","wKEMC","jrpn84Z","8hOEeX5","RKxQ"|\n</data></write>
		<read echo="ascii"><delim> </delim><match><data>\x3E </data></match></read>
		<write echo="ascii"><data>WP1MD = |"jrpn84Z","oPKP","wKEMC","7njnq","9fH2","8hOEeX5","M4Sn","Kf7AsZoLi8"|\n</data></write>
		<read echo="ascii"><delim> </delim><match><data>\x3E </data></match></read>
		<write echo="ascii"><data>WP1MD@0GeeCx\n</data></write>
		<read echo="ascii"><delim>\n</delim><match><data>FALSE\n</data></match></read>
		<read echo="ascii"><delim> </delim><match><data>\x3E </data></match></read>
		<write echo="ascii"><data>UgCV9O = hiSAj ~ WP1MD\n</data></write>
		<read echo="ascii"><delim> </delim><match><data>\x3E </data></match></read>
		<write echo="ascii"><data>lZXKcG1F0e = WP1MD ^ WP1MD\n</data></write>
		<read echo="ascii"><delim> </delim><match><data>\x3E </data></match></read>
		<write echo="ascii"><data>jRFNlCQ = |"0Z","ZE","s9OlBi","etxUK","xv5B","TlK","LMIZW","FRmdN","EpMFgg"|\n</data></write>
		<read echo="ascii"><delim> </delim><match><data>\x3E </data></match></read>
		<write echo="ascii"><data>aJsMI2 = |"FRmdN","LMIZW","s9OlBi","EpMFgg","MHCAemSLUH"|\n</data></write>
		<read echo="ascii"><delim> </delim><match><data>\x3E </data></match></read>
		<write echo="ascii"><data>aJsMI2@jRFNlCQ\n</data></write>
		<read echo="ascii"><delim>\n</delim><match><data>FALSE\n</data></match></read>
		<read echo="ascii"><delim> </delim><match><data>\x3E </data></match></read>
		<write echo="ascii"><data>EbKqJKt = |"HUDIhwG","wcS"|+|"HFjQUp"|\n</data></write>
		<read echo="ascii"><delim> </delim><match><data>\x3E </data></match></read>
		<write echo="ascii"><data>OXJjDK = |"JFtY","OxoU1xh","Ft14","gXY2fq","Ex","Z6zN"|\n</data></write>
		<read echo="ascii"><delim> </delim><match><data>\x3E </data></match></read>
		<write echo="ascii"><data>6FnR6Cs = |"OxoU1xh","Ex","JFtY","gXY2fq"|\n</data></write>
		<read echo="ascii"><delim> </delim><match><data>\x3E </data></match></read>
		<write echo="ascii"><data>6FnR6Cs@OXJjDK\n</data></write>
		<read echo="ascii"><delim>\n</delim><match><data>TRUE\n</data></match></read>
		<read echo="ascii"><delim> </delim><match><data>\x3E </data></match></read>
		<write echo="ascii"><data>BXLPky = |"iJlgMNZ","6v1","axjY"|-|"6j3hYDn","YM","Tpc","6v1","s6Qof0"|\n</data></write>
		<read echo="ascii"><delim> </delim><match><data>\x3E </data></match></read>
		<write echo="ascii"><data>J4yPR4C = 6FnR6Cs ~ aJsMI2\n</data></write>
		<read echo="ascii"><delim> </delim><match><data>\x3E </data></match></read>
		<write echo="ascii"><data>gVlbOJ = lZXKcG1F0e ^ WP1MD\n</data></write>
		<read echo="ascii"><delim> </delim><match><data>\x3E </data></match></read>
		<write echo="ascii"><data>.p\n</data></write>
<read echo="ascii"><delim>\n</delim><match><data>hiSAj = |"2hcjeL","lRD","LLYv8s","ylI","h"|\n</data></match></read>
<read echo="ascii"><delim>\n</delim><match><data>0GeeCx = |"7njnq","M4Sn","JNqb","oPKP","9fH2","wKEMC","jrpn84Z","8hOEeX5","RKxQ"|\n</data></match></read>
<read echo="ascii"><delim>\n</delim><match><data>WP1MD = |"jrpn84Z","oPKP","wKEMC","7njnq","9fH2","8hOEeX5","M4Sn","Kf7AsZoLi8"|\n</data></match></read>
<read echo="ascii"><delim>\n</delim><match><data>UgCV9O = |"2hcjeL","lRD","LLYv8s","ylI","h","jrpn84Z","oPKP","wKEMC","7njnq","9fH2","8hOEeX5","M4Sn","Kf7AsZoLi8"|\n</data></match></read>
<read echo="ascii"><delim>\n</delim><match><data>lZXKcG1F0e = |"jrpn84Z","oPKP","wKEMC","7njnq","9fH2","8hOEeX5","M4Sn","Kf7AsZoLi8"|\n</data></match></read>
<read echo="ascii"><delim>\n</delim><match><data>jRFNlCQ = |"0Z","ZE","s9OlBi","etxUK","xv5B","TlK","LMIZW","FRmdN","EpMFgg"|\n</data></match></read>
<read echo="ascii"><delim>\n</delim><match><data>aJsMI2 = |"FRmdN","LMIZW","s9OlBi","EpMFgg","MHCAemSLUH"|\n</data></match></read>
<read echo="ascii"><delim>\n</delim><match><data>EbKqJKt = |"HUDIhwG","wcS","HFjQUp"|\n</data></match></read>
<read echo="ascii"><delim>\n</delim><match><data>OXJjDK = |"JFtY","OxoU1xh","Ft14","gXY2fq","Ex","Z6zN"|\n</data></match></read>
<read echo="ascii"><delim>\n</delim><match><data>6FnR6Cs = |"OxoU1xh","Ex","JFtY","gXY2fq"|\n</data></match></read>
<read echo="ascii"><delim>\n</delim><match><data>BXLPky = |"iJlgMNZ","axjY"|\n</data></match></read>
<read echo="ascii"><delim>\n</delim><match><data>J4yPR4C = |"OxoU1xh","Ex","JFtY","gXY2fq","FRmdN","LMIZW","s9OlBi","EpMFgg","MHCAemSLUH"|\n</data></match></read>
<read echo="ascii"><delim>\n</delim><match><data>gVlbOJ = |"jrpn84Z","oPKP","wKEMC","7njnq","9fH2","8hOEeX5","M4Sn","Kf7AsZoLi8"|\n</data></match></read>
		<read echo="ascii"><delim> </delim><match><data>\x3E </data></match></read>
		<write echo="ascii"><data>.l\n</data></write>
	</replay>
</pov>
