<?xml version="1.0" standalone="no" ?>
<!DOCTYPE pov SYSTEM "/usr/share/cgc-docs/replay.dtd"><pov>
	<cbid>CROMU_00011</cbid>
	<replay>
		<read echo="ascii"><delim> </delim><match><data>\x3E </data></match></read>
		<write echo="ascii"><data>oBMGWo = |"1Eka20","xe","UJVv","ODZ6","Gs","g0Qk2dd"|\n</data></write>
		<read echo="ascii"><delim> </delim><match><data>\x3E </data></match></read>
		<write echo="ascii"><data>dG4eci = |"ODZ6","xe","UJVv","Gs","fHVeQzgAOz"|\n</data></write>
		<read echo="ascii"><delim> </delim><match><data>\x3E </data></match></read>
		<write echo="ascii"><data>dG4eci@oBMGWo\n</data></write>
		<read echo="ascii"><delim>\n</delim><match><data>FALSE\n</data></match></read>
		<read echo="ascii"><delim> </delim><match><data>\x3E </data></match></read>
		<write echo="ascii"><data>dg2Gk9 = dG4eci ~ dG4eci\n</data></write>
		<read echo="ascii"><delim> </delim><match><data>\x3E </data></match></read>
		<write echo="ascii"><data>lgHnX = |"OZAe","A5kNq","61un","X","qikd3m"|~|"OZAe","61un","A5kNq","N","69j0SQ9","u4","G"|\n</data></write>
		<read echo="ascii"><delim> </delim><match><data>\x3E </data></match></read>
		<write echo="ascii"><data>yPKxQMu = |"s","sBMUiX","94CRJ","1","8lOKom"|+|"S","j54Bah","hN"|\n</data></write>
		<read echo="ascii"><delim> </delim><match><data>\x3E </data></match></read>
		<write echo="ascii"><data>m3Q8l = |"ei3hvHd","P8","CYL","xjhS","ev9gcbS","Q2m4Hyy"|^|"fF","P8","VXe","CYL","zpXvp"|\n</data></write>
		<read echo="ascii"><delim> </delim><match><data>\x3E </data></match></read>
		<write echo="ascii"><data>egaAY = yPKxQMu + dG4eci\n</data></write>
		<read echo="ascii"><delim> </delim><match><data>\x3E </data></match></read>
		<write echo="ascii"><data>yu8Lzgp = oBMGWo + yPKxQMu\n</data></write>
		<read echo="ascii"><delim> </delim><match><data>\x3E </data></match></read>
		<write echo="ascii"><data>gKMk18 = yu8Lzgp ^ dg2Gk9\n</data></write>
		<read echo="ascii"><delim> </delim><match><data>\x3E </data></match></read>
		<write echo="ascii"><data>YqaZJON = |"16s85N","L69","l63EzFE","9F","Bh1XgRV","oCg4CaG","qY1C"|-|"fY0","qY1C","9F","M9P","ncB7","l63EzFE"|\n</data></write>
		<read echo="ascii"><delim> </delim><match><data>\x3E </data></match></read>
		<write echo="ascii"><data>qHy0m = |"um","bKeSGA","x2R","RNofjp","2NcB1i","xRT1Rw","T3g9e5","2EqOw"|\n</data></write>
		<read echo="ascii"><delim> </delim><match><data>\x3E </data></match></read>
		<write echo="ascii"><data>ZZ6SY8m = |"T3g9e5","xRT1Rw","QqhRna1twh"|\n</data></write>
		<read echo="ascii"><delim> </delim><match><data>\x3E </data></match></read>
		<write echo="ascii"><data>ZZ6SY8m@qHy0m\n</data></write>
		<read echo="ascii"><delim>\n</delim><match><data>FALSE\n</data></match></read>
		<read echo="ascii"><delim> </delim><match><data>\x3E </data></match></read>
		<write echo="ascii"><data>oEHs4TW9KW = egaAY ^ gKMk18\n</data></write>
		<read echo="ascii"><delim> </delim><match><data>\x3E </data></match></read>
		<write echo="ascii"><data>.p\n</data></write>
<read echo="ascii"><delim>\n</delim><match><data>oBMGWo = |"1Eka20","xe","UJVv","ODZ6","Gs","g0Qk2dd"|\n</data></match></read>
<read echo="ascii"><delim>\n</delim><match><data>dG4eci = |"ODZ6","xe","UJVv","Gs","fHVeQzgAOz"|\n</data></match></read>
<read echo="ascii"><delim>\n</delim><match><data>dg2Gk9 = ||\n</data></match></read>
<read echo="ascii"><delim>\n</delim><match><data>lgHnX = |"X","qikd3m","N","69j0SQ9","u4","G"|\n</data></match></read>
<read echo="ascii"><delim>\n</delim><match><data>yPKxQMu = |"s","sBMUiX","94CRJ","1","8lOKom","S","j54Bah","hN"|\n</data></match></read>
<read echo="ascii"><delim>\n</delim><match><data>m3Q8l = |"P8","CYL"|\n</data></match></read>
<read echo="ascii"><delim>\n</delim><match><data>egaAY = |"s","sBMUiX","94CRJ","1","8lOKom","S","j54Bah","hN","ODZ6","xe","UJVv","Gs","fHVeQzgAOz"|\n</data></match></read>
<read echo="ascii"><delim>\n</delim><match><data>yu8Lzgp = |"1Eka20","xe","UJVv","ODZ6","Gs","g0Qk2dd","s","sBMUiX","94CRJ","1","8lOKom","S","j54Bah","hN"|\n</data></match></read>
<read echo="ascii"><delim>\n</delim><match><data>gKMk18 = ||\n</data></match></read>
<read echo="ascii"><delim>\n</delim><match><data>YqaZJON = |"16s85N","L69","Bh1XgRV","oCg4CaG"|\n</data></match></read>
<read echo="ascii"><delim>\n</delim><match><data>qHy0m = |"um","bKeSGA","x2R","RNofjp","2NcB1i","xRT1Rw","T3g9e5","2EqOw"|\n</data></match></read>
<read echo="ascii"><delim>\n</delim><match><data>ZZ6SY8m = |"T3g9e5","xRT1Rw","QqhRna1twh"|\n</data></match></read>
<read echo="ascii"><delim>\n</delim><match><data>oEHs4TW9KW = ||\n</data></match></read>
		<read echo="ascii"><delim> </delim><match><data>\x3E </data></match></read>
		<write echo="ascii"><data>.l\n</data></write>
	</replay>
</pov>
