<?xml version="1.0" standalone="no" ?>
<!DOCTYPE pov SYSTEM "/usr/share/cgc-docs/replay.dtd"><pov>
	<cbid>CROMU_00011</cbid>
	<replay>
		<read echo="ascii"><delim> </delim><match><data>\x3E </data></match></read>
		<write echo="ascii"><data>tV8RgH = |"B4","C14KP","hU","ml","80","Bapkx","6E"|\n</data></write>
		<read echo="ascii"><delim> </delim><match><data>\x3E </data></match></read>
		<write echo="ascii"><data>nCbrW = |"ml","6E"|\n</data></write>
		<read echo="ascii"><delim> </delim><match><data>\x3E </data></match></read>
		<write echo="ascii"><data>nCbrW@tV8RgH\n</data></write>
		<read echo="ascii"><delim>\n</delim><match><data>TRUE\n</data></match></read>
		<read echo="ascii"><delim> </delim><match><data>\x3E </data></match></read>
		<write echo="ascii"><data>aQaBpF = |"Wdy","slyXnAT"|+|"o9"|\n</data></write>
		<read echo="ascii"><delim> </delim><match><data>\x3E </data></match></read>
		<write echo="ascii"><data>Ced0y = nCbrW ~ nCbrW\n</data></write>
		<read echo="ascii"><delim> </delim><match><data>\x3E </data></match></read>
		<write echo="ascii"><data>GkO65kD = Ced0y - nCbrW\n</data></write>
		<read echo="ascii"><delim> </delim><match><data>\x3E </data></match></read>
		<write echo="ascii"><data>Z7Yb2Z9 = tV8RgH + tV8RgH\n</data></write>
		<read echo="ascii"><delim> </delim><match><data>\x3E </data></match></read>
		<write echo="ascii"><data>J6MPY9 = nCbrW - Z7Yb2Z9\n</data></write>
		<read echo="ascii"><delim> </delim><match><data>\x3E </data></match></read>
		<write echo="ascii"><data>S33PEC = |"NvVy1","m5S5G","Gt46v","T5pqQ","YAH","6zlQ7u","Bi"|+|"6zlQ7u","czhVkX2","ETpyT5n"|\n</data></write>
		<read echo="ascii"><delim> </delim><match><data>\x3E </data></match></read>
		<write echo="ascii"><data>nPU0t9M = GkO65kD - GkO65kD\n</data></write>
		<read echo="ascii"><delim> </delim><match><data>\x3E </data></match></read>
		<write echo="ascii"><data>Dh190kp = J6MPY9 ~ nPU0t9M\n</data></write>
		<read echo="ascii"><delim> </delim><match><data>\x3E </data></match></read>
		<write echo="ascii"><data>.p\n</data></write>
<read echo="ascii"><delim>\n</delim><match><data>tV8RgH = |"B4","C14KP","hU","ml","80","Bapkx","6E"|\n</data></match></read>
<read echo="ascii"><delim>\n</delim><match><data>nCbrW = |"ml","6E"|\n</data></match></read>
<read echo="ascii"><delim>\n</delim><match><data>aQaBpF = |"Wdy","slyXnAT","o9"|\n</data></match></read>
<read echo="ascii"><delim>\n</delim><match><data>Ced0y = ||\n</data></match></read>
<read echo="ascii"><delim>\n</delim><match><data>GkO65kD = ||\n</data></match></read>
<read echo="ascii"><delim>\n</delim><match><data>Z7Yb2Z9 = |"B4","C14KP","hU","ml","80","Bapkx","6E"|\n</data></match></read>
<read echo="ascii"><delim>\n</delim><match><data>J6MPY9 = ||\n</data></match></read>
<read echo="ascii"><delim>\n</delim><match><data>S33PEC = |"NvVy1","m5S5G","Gt46v","T5pqQ","YAH","6zlQ7u","Bi","czhVkX2","ETpyT5n"|\n</data></match></read>
<read echo="ascii"><delim>\n</delim><match><data>nPU0t9M = ||\n</data></match></read>
<read echo="ascii"><delim>\n</delim><match><data>Dh190kp = ||\n</data></match></read>
		<read echo="ascii"><delim> </delim><match><data>\x3E </data></match></read>
		<write echo="ascii"><data>.l\n</data></write>
	</replay>
</pov>
