<?xml version="1.0" standalone="no" ?>
<!DOCTYPE pov SYSTEM "/usr/share/cgc-docs/replay.dtd"><pov>
	<cbid>CROMU_00011</cbid>
	<replay>
		<read echo="ascii"><delim> </delim><match><data>\x3E </data></match></read>
		<write echo="ascii"><data>qOodi = |"9X2n","KgikA","7tM","A6L50C","xHm","mgZ2","P6NI"|^|"Y40Y1Go","yQTfF","ujDiJ","A6L50C","KgikA"|\n</data></write>
		<read echo="ascii"><delim> </delim><match><data>\x3E </data></match></read>
		<write echo="ascii"><data>sWt47V = qOodi ~ qOodi\n</data></write>
		<read echo="ascii"><delim> </delim><match><data>\x3E </data></match></read>
		<write echo="ascii"><data>VxwI2v = sWt47V - sWt47V\n</data></write>
		<read echo="ascii"><delim> </delim><match><data>\x3E </data></match></read>
		<write echo="ascii"><data>bTFIpI = |"rCh","5vCgiJf","qkd9Y","ZUBw","xgAT"|-|"fuMt1r","rCh","LvvhDt"|\n</data></write>
		<read echo="ascii"><delim> </delim><match><data>\x3E </data></match></read>
		<write echo="ascii"><data>dpR57gZ = bTFIpI ~ VxwI2v\n</data></write>
		<read echo="ascii"><delim> </delim><match><data>\x3E </data></match></read>
		<write echo="ascii"><data>4TgqVi = |"A0","qjnFw","G7jvOY","8uW8sdr","dAq2bq"|+|"9cf9tnV","E","qjnFw","hr","dAq2bq","CRyRpa","zlZIyCB"|\n</data></write>
		<read echo="ascii"><delim> </delim><match><data>\x3E </data></match></read>
		<write echo="ascii"><data>BSAfTz9 = |"cO6","USv1RFR","pXZg","GZTx","gJYr","QP","ksI9le","8C","vLmu","3I"|\n</data></write>
		<read echo="ascii"><delim> </delim><match><data>\x3E </data></match></read>
		<write echo="ascii"><data>6DkjFOL = |"vLmu","3I","GZTx","8C","QP","USv1RFR","cO6","pXZg"|\n</data></write>
		<read echo="ascii"><delim> </delim><match><data>\x3E </data></match></read>
		<write echo="ascii"><data>6DkjFOL@BSAfTz9\n</data></write>
		<read echo="ascii"><delim>\n</delim><match><data>TRUE\n</data></match></read>
		<read echo="ascii"><delim> </delim><match><data>\x3E </data></match></read>
		<write echo="ascii"><data>j0mewQZ = VxwI2v + bTFIpI\n</data></write>
		<read echo="ascii"><delim> </delim><match><data>\x3E </data></match></read>
		<write echo="ascii"><data>PJatg = |"Eg","li2FfVA","XyJ","7NjP3iM","HLPA","lA0ktr","5Rh"|^|"IyB","GklwsKK","li2FfVA","g6rj4","glYkGG","18S9YIB","XyJ"|\n</data></write>
		<read echo="ascii"><delim> </delim><match><data>\x3E </data></match></read>
		<write echo="ascii"><data>nxLsIS = |"GWnr4Gz","p","m"|+|"sy","VJ","JoaEu","Vc2","LCV75E"|\n</data></write>
		<read echo="ascii"><delim> </delim><match><data>\x3E </data></match></read>
		<write echo="ascii"><data>YC0riD = |"NSw","TjrRS","8y"|~|"Yx3","M0r0","nHvR5","wBmU0Sc","TjrRS"|\n</data></write>
		<read echo="ascii"><delim> </delim><match><data>\x3E </data></match></read>
		<write echo="ascii"><data>.p\n</data></write>
<read echo="ascii"><delim>\n</delim><match><data>qOodi = |"KgikA","A6L50C"|\n</data></match></read>
<read echo="ascii"><delim>\n</delim><match><data>sWt47V = ||\n</data></match></read>
<read echo="ascii"><delim>\n</delim><match><data>VxwI2v = ||\n</data></match></read>
<read echo="ascii"><delim>\n</delim><match><data>bTFIpI = |"5vCgiJf","qkd9Y","ZUBw","xgAT"|\n</data></match></read>
<read echo="ascii"><delim>\n</delim><match><data>dpR57gZ = |"5vCgiJf","qkd9Y","ZUBw","xgAT"|\n</data></match></read>
<read echo="ascii"><delim>\n</delim><match><data>4TgqVi = |"A0","qjnFw","G7jvOY","8uW8sdr","dAq2bq","9cf9tnV","E","hr","CRyRpa","zlZIyCB"|\n</data></match></read>
<read echo="ascii"><delim>\n</delim><match><data>BSAfTz9 = |"cO6","USv1RFR","pXZg","GZTx","gJYr","QP","ksI9le","8C","vLmu","3I"|\n</data></match></read>
<read echo="ascii"><delim>\n</delim><match><data>6DkjFOL = |"vLmu","3I","GZTx","8C","QP","USv1RFR","cO6","pXZg"|\n</data></match></read>
<read echo="ascii"><delim>\n</delim><match><data>j0mewQZ = |"5vCgiJf","qkd9Y","ZUBw","xgAT"|\n</data></match></read>
<read echo="ascii"><delim>\n</delim><match><data>PJatg = |"li2FfVA","XyJ"|\n</data></match></read>
<read echo="ascii"><delim>\n</delim><match><data>nxLsIS = |"GWnr4Gz","p","m","sy","VJ","JoaEu","Vc2","LCV75E"|\n</data></match></read>
<read echo="ascii"><delim>\n</delim><match><data>YC0riD = |"NSw","8y","Yx3","M0r0","nHvR5","wBmU0Sc"|\n</data></match></read>
		<read echo="ascii"><delim> </delim><match><data>\x3E </data></match></read>
		<write echo="ascii"><data>.l\n</data></write>
	</replay>
</pov>
