<?xml version="1.0" standalone="no" ?>
<!DOCTYPE pov SYSTEM "/usr/share/cgc-docs/replay.dtd"><pov>
	<cbid>CROMU_00011</cbid>
	<replay>
		<read echo="ascii"><delim> </delim><match><data>\x3E </data></match></read>
		<write echo="ascii"><data>LH7y7M = |"GiU","zD","LVEU201","XSSXm","BFkM","fQztwNk","UcQ4","TYoYa","QO8i4Xp"|\n</data></write>
		<read echo="ascii"><delim> </delim><match><data>\x3E </data></match></read>
		<write echo="ascii"><data>DveVurC = |"UcQ4","EGnnX0UEcs"|\n</data></write>
		<read echo="ascii"><delim> </delim><match><data>\x3E </data></match></read>
		<write echo="ascii"><data>DveVurC@LH7y7M\n</data></write>
		<read echo="ascii"><delim>\n</delim><match><data>FALSE\n</data></match></read>
		<read echo="ascii"><delim> </delim><match><data>\x3E </data></match></read>
		<write echo="ascii"><data>q3lqp5gYQ = LH7y7M ^ DveVurC\n</data></write>
		<read echo="ascii"><delim> </delim><match><data>\x3E </data></match></read>
		<write echo="ascii"><data>V0cLLtb = |"X7","cZ07do","Njm"|-|"kl","D6cJeI","oShJX"|\n</data></write>
		<read echo="ascii"><delim> </delim><match><data>\x3E </data></match></read>
		<write echo="ascii"><data>74BOx9t = DveVurC - DveVurC\n</data></write>
		<read echo="ascii"><delim> </delim><match><data>\x3E </data></match></read>
		<write echo="ascii"><data>AXcxH = |"Ttzv","2O","sDm8e0","Y7SpM9W","G"|-|"C","tyl","O"|\n</data></write>
		<read echo="ascii"><delim> </delim><match><data>\x3E </data></match></read>
		<write echo="ascii"><data>gMaWIQQ = |"oH2wDi","cvvm","eFv8yu6"|-|"igS","xe","yH"|\n</data></write>
		<read echo="ascii"><delim> </delim><match><data>\x3E </data></match></read>
		<write echo="ascii"><data>sI8uX5M = |"EuJ","IGs1","Fy","JsJ0"|+|"Yqq5","atYE","l","zJJgQi","u","6","D11vt6"|\n</data></write>
		<read echo="ascii"><delim> </delim><match><data>\x3E </data></match></read>
		<write echo="ascii"><data>LswuS = 74BOx9t ~ gMaWIQQ\n</data></write>
		<read echo="ascii"><delim> </delim><match><data>\x3E </data></match></read>
		<write echo="ascii"><data>Wnh0IB = gMaWIQQ ~ q3lqp5gYQ\n</data></write>
		<read echo="ascii"><delim> </delim><match><data>\x3E </data></match></read>
		<write echo="ascii"><data>1pbH3g = |"pbk","tRoh","S","DMLlJ","0Hrb","YJPt"|+|"C","rpEDkP","YTKt","DMLlJ","s","YJPt","pbk"|\n</data></write>
		<read echo="ascii"><delim> </delim><match><data>\x3E </data></match></read>
		<write echo="ascii"><data>YfskZw = |"yz"|+|"hi","q","yWoI","yz","9Kak","z","5MymzY"|\n</data></write>
		<read echo="ascii"><delim> </delim><match><data>\x3E </data></match></read>
		<write echo="ascii"><data>.p\n</data></write>
<read echo="ascii"><delim>\n</delim><match><data>LH7y7M = |"GiU","zD","LVEU201","XSSXm","BFkM","fQztwNk","UcQ4","TYoYa","QO8i4Xp"|\n</data></match></read>
<read echo="ascii"><delim>\n</delim><match><data>DveVurC = |"UcQ4","EGnnX0UEcs"|\n</data></match></read>
<read echo="ascii"><delim>\n</delim><match><data>q3lqp5gYQ = |"UcQ4"|\n</data></match></read>
<read echo="ascii"><delim>\n</delim><match><data>V0cLLtb = |"X7","cZ07do","Njm"|\n</data></match></read>
<read echo="ascii"><delim>\n</delim><match><data>74BOx9t = ||\n</data></match></read>
<read echo="ascii"><delim>\n</delim><match><data>AXcxH = |"Ttzv","2O","sDm8e0","Y7SpM9W","G"|\n</data></match></read>
<read echo="ascii"><delim>\n</delim><match><data>gMaWIQQ = |"oH2wDi","cvvm","eFv8yu6"|\n</data></match></read>
<read echo="ascii"><delim>\n</delim><match><data>sI8uX5M = |"EuJ","IGs1","Fy","JsJ0","Yqq5","atYE","l","zJJgQi","u","6","D11vt6"|\n</data></match></read>
<read echo="ascii"><delim>\n</delim><match><data>LswuS = |"oH2wDi","cvvm","eFv8yu6"|\n</data></match></read>
<read echo="ascii"><delim>\n</delim><match><data>Wnh0IB = |"oH2wDi","cvvm","eFv8yu6","UcQ4"|\n</data></match></read>
<read echo="ascii"><delim>\n</delim><match><data>1pbH3g = |"pbk","tRoh","S","DMLlJ","0Hrb","YJPt","C","rpEDkP","YTKt","s"|\n</data></match></read>
<read echo="ascii"><delim>\n</delim><match><data>YfskZw = |"yz","hi","q","yWoI","9Kak","z","5MymzY"|\n</data></match></read>
		<read echo="ascii"><delim> </delim><match><data>\x3E </data></match></read>
		<write echo="ascii"><data>.l\n</data></write>
	</replay>
</pov>
