<?xml version="1.0" standalone="no" ?>
<!DOCTYPE pov SYSTEM "/usr/share/cgc-docs/replay.dtd"><pov>
	<cbid>CROMU_00011</cbid>
	<replay>
		<read echo="ascii"><delim> </delim><match><data>\x3E </data></match></read>
		<write echo="ascii"><data>bvXk5G = |"EIWRb3","tM","Sfcr0M","Xt","yfkkpBX","CeZqj","VEX"|+|"VEX","tM","c3iOr0","D","Sfcr0M","LCd"|\n</data></write>
		<read echo="ascii"><delim> </delim><match><data>\x3E </data></match></read>
		<write echo="ascii"><data>mAhZfi = |"6FjJo","Kl1ss","nT","WgBHi","hf","AhO","iRpUj","ccZ"|\n</data></write>
		<read echo="ascii"><delim> </delim><match><data>\x3E </data></match></read>
		<write echo="ascii"><data>dgIgZ = |"nT","6FjJo","hf"|\n</data></write>
		<read echo="ascii"><delim> </delim><match><data>\x3E </data></match></read>
		<write echo="ascii"><data>dgIgZ@mAhZfi\n</data></write>
		<read echo="ascii"><delim>\n</delim><match><data>TRUE\n</data></match></read>
		<read echo="ascii"><delim> </delim><match><data>\x3E </data></match></read>
		<write echo="ascii"><data>FAIy76 = dgIgZ + dgIgZ\n</data></write>
		<read echo="ascii"><delim> </delim><match><data>\x3E </data></match></read>
		<write echo="ascii"><data>j2tW1U = |"5pyCcJ","ieZ","hT"|^|"tJS","QeoKM9p","uedJjj","St","VC3U"|\n</data></write>
		<read echo="ascii"><delim> </delim><match><data>\x3E </data></match></read>
		<write echo="ascii"><data>LcxztSP = |"Do","voKLM","7MAaMX"|^|"To9","Tcbp","42si","K7"|\n</data></write>
		<read echo="ascii"><delim> </delim><match><data>\x3E </data></match></read>
		<write echo="ascii"><data>VCpC3LP = LcxztSP ~ bvXk5G\n</data></write>
		<read echo="ascii"><delim> </delim><match><data>\x3E </data></match></read>
		<write echo="ascii"><data>rNYlZy = dgIgZ - LcxztSP\n</data></write>
		<read echo="ascii"><delim> </delim><match><data>\x3E </data></match></read>
		<write echo="ascii"><data>zC0a5ao = |"V","lQ1KY","00IuuQu","5yBPw","FSDD"|-|"LQ2fz","jl","6gQD5e","lQ1KY","ghDX1WM"|\n</data></write>
		<read echo="ascii"><delim> </delim><match><data>\x3E </data></match></read>
		<write echo="ascii"><data>qMEn1TyoPg = dgIgZ ^ mAhZfi\n</data></write>
		<read echo="ascii"><delim> </delim><match><data>\x3E </data></match></read>
		<write echo="ascii"><data>aOF0Z2P = |"Zau","PPaVJ1v","ALxovc"|^|"Zau","8PGZ5i","Dzl","7BRkz"|\n</data></write>
		<read echo="ascii"><delim> </delim><match><data>\x3E </data></match></read>
		<write echo="ascii"><data>W5KaDt = |"FgAkiG","gQ","u"|-|"5r","jqdj9N","FgAkiG","vHJd","YbtfY1z","1tO3"|\n</data></write>
		<read echo="ascii"><delim> </delim><match><data>\x3E </data></match></read>
		<write echo="ascii"><data>.p\n</data></write>
<read echo="ascii"><delim>\n</delim><match><data>bvXk5G = |"EIWRb3","tM","Sfcr0M","Xt","yfkkpBX","CeZqj","VEX","c3iOr0","D","LCd"|\n</data></match></read>
<read echo="ascii"><delim>\n</delim><match><data>mAhZfi = |"6FjJo","Kl1ss","nT","WgBHi","hf","AhO","iRpUj","ccZ"|\n</data></match></read>
<read echo="ascii"><delim>\n</delim><match><data>dgIgZ = |"nT","6FjJo","hf"|\n</data></match></read>
<read echo="ascii"><delim>\n</delim><match><data>FAIy76 = |"nT","6FjJo","hf"|\n</data></match></read>
<read echo="ascii"><delim>\n</delim><match><data>j2tW1U = ||\n</data></match></read>
<read echo="ascii"><delim>\n</delim><match><data>LcxztSP = ||\n</data></match></read>
<read echo="ascii"><delim>\n</delim><match><data>VCpC3LP = |"EIWRb3","tM","Sfcr0M","Xt","yfkkpBX","CeZqj","VEX","c3iOr0","D","LCd"|\n</data></match></read>
<read echo="ascii"><delim>\n</delim><match><data>rNYlZy = |"nT","6FjJo","hf"|\n</data></match></read>
<read echo="ascii"><delim>\n</delim><match><data>zC0a5ao = |"V","00IuuQu","5yBPw","FSDD"|\n</data></match></read>
<read echo="ascii"><delim>\n</delim><match><data>qMEn1TyoPg = |"nT","6FjJo","hf"|\n</data></match></read>
<read echo="ascii"><delim>\n</delim><match><data>aOF0Z2P = |"Zau"|\n</data></match></read>
<read echo="ascii"><delim>\n</delim><match><data>W5KaDt = |"gQ","u"|\n</data></match></read>
		<read echo="ascii"><delim> </delim><match><data>\x3E </data></match></read>
		<write echo="ascii"><data>.l\n</data></write>
	</replay>
</pov>
