<?xml version="1.0" standalone="no" ?>
<!DOCTYPE pov SYSTEM "/usr/share/cgc-docs/replay.dtd"><pov>
	<cbid>CROMU_00011</cbid>
	<replay>
		<read echo="ascii"><delim> </delim><match><data>\x3E </data></match></read>
		<write echo="ascii"><data>P7AeoIv = |"9","noYH","8rQlRx","qSrz3","GnBDLU"|~|"8rQlRx","ktr","noYH","am","EHJcqFL","9","GnBDLU"|\n</data></write>
		<read echo="ascii"><delim> </delim><match><data>\x3E </data></match></read>
		<write echo="ascii"><data>SphoM = |"4bJedi","SqRHt","4q6d","MgV7","FHuk","YnLpkmU","rw4qt6p","AvVk"|\n</data></write>
		<read echo="ascii"><delim> </delim><match><data>\x3E </data></match></read>
		<write echo="ascii"><data>rAmhx = |"SqRHt"|\n</data></write>
		<read echo="ascii"><delim> </delim><match><data>\x3E </data></match></read>
		<write echo="ascii"><data>rAmhx@SphoM\n</data></write>
		<read echo="ascii"><delim>\n</delim><match><data>TRUE\n</data></match></read>
		<read echo="ascii"><delim> </delim><match><data>\x3E </data></match></read>
		<write echo="ascii"><data>Ep59r = |"tkoc","PrFCYcS","G83AAx","BUz7","zL"|+|"vDam"|\n</data></write>
		<read echo="ascii"><delim> </delim><match><data>\x3E </data></match></read>
		<write echo="ascii"><data>mgjPirk = |"JE8k","Yo6SNYO","z0oFK1b","5NWZm","eMJ","mBJ","eAWSYe"|+|"QmK","JE8k","7GTJA85"|\n</data></write>
		<read echo="ascii"><delim> </delim><match><data>\x3E </data></match></read>
		<write echo="ascii"><data>eafZ9y = |"J3bQV","Qewp","hGu6FT","aYN","vzaN4E"|~|"1yUNzDK","QW","hGu6FT","aYN"|\n</data></write>
		<read echo="ascii"><delim> </delim><match><data>\x3E </data></match></read>
		<write echo="ascii"><data>PlvJP = |"giqwe","opZO","3","V1","Ph","wNY0"|+|"Ph","wNY0","r","HJ"|\n</data></write>
		<read echo="ascii"><delim> </delim><match><data>\x3E </data></match></read>
		<write echo="ascii"><data>24jsok = rAmhx - eafZ9y\n</data></write>
		<read echo="ascii"><delim> </delim><match><data>\x3E </data></match></read>
		<write echo="ascii"><data>UD3Uw = |"r","0X","UY","vzUZ0tA","HS","MZz","q0KnSyD"|~|"MZz"|\n</data></write>
		<read echo="ascii"><delim> </delim><match><data>\x3E </data></match></read>
		<write echo="ascii"><data>aWynRt = |"oexVr","b2","g"|-|"kb","Q7PTAp","oexVr","f","b2","KN8tL","g"|\n</data></write>
		<read echo="ascii"><delim> </delim><match><data>\x3E </data></match></read>
		<write echo="ascii"><data>vaRfvl = P7AeoIv + mgjPirk\n</data></write>
		<read echo="ascii"><delim> </delim><match><data>\x3E </data></match></read>
		<write echo="ascii"><data>bn68Rpll1 = vaRfvl ^ aWynRt\n</data></write>
		<read echo="ascii"><delim> </delim><match><data>\x3E </data></match></read>
		<write echo="ascii"><data>.p\n</data></write>
<read echo="ascii"><delim>\n</delim><match><data>P7AeoIv = |"qSrz3","ktr","am","EHJcqFL"|\n</data></match></read>
<read echo="ascii"><delim>\n</delim><match><data>SphoM = |"4bJedi","SqRHt","4q6d","MgV7","FHuk","YnLpkmU","rw4qt6p","AvVk"|\n</data></match></read>
<read echo="ascii"><delim>\n</delim><match><data>rAmhx = |"SqRHt"|\n</data></match></read>
<read echo="ascii"><delim>\n</delim><match><data>Ep59r = |"tkoc","PrFCYcS","G83AAx","BUz7","zL","vDam"|\n</data></match></read>
<read echo="ascii"><delim>\n</delim><match><data>mgjPirk = |"JE8k","Yo6SNYO","z0oFK1b","5NWZm","eMJ","mBJ","eAWSYe","QmK","7GTJA85"|\n</data></match></read>
<read echo="ascii"><delim>\n</delim><match><data>eafZ9y = |"J3bQV","Qewp","vzaN4E","1yUNzDK","QW"|\n</data></match></read>
<read echo="ascii"><delim>\n</delim><match><data>PlvJP = |"giqwe","opZO","3","V1","Ph","wNY0","r","HJ"|\n</data></match></read>
<read echo="ascii"><delim>\n</delim><match><data>24jsok = |"SqRHt"|\n</data></match></read>
<read echo="ascii"><delim>\n</delim><match><data>UD3Uw = |"r","0X","UY","vzUZ0tA","HS","q0KnSyD"|\n</data></match></read>
<read echo="ascii"><delim>\n</delim><match><data>aWynRt = ||\n</data></match></read>
<read echo="ascii"><delim>\n</delim><match><data>vaRfvl = |"qSrz3","ktr","am","EHJcqFL","JE8k","Yo6SNYO","z0oFK1b","5NWZm","eMJ","mBJ","eAWSYe","QmK","7GTJA85"|\n</data></match></read>
<read echo="ascii"><delim>\n</delim><match><data>bn68Rpll1 = ||\n</data></match></read>
		<read echo="ascii"><delim> </delim><match><data>\x3E </data></match></read>
		<write echo="ascii"><data>.l\n</data></write>
	</replay>
</pov>
