<?xml version="1.0" standalone="no" ?>
<!DOCTYPE pov SYSTEM "/usr/share/cgc-docs/replay.dtd"><pov>
	<cbid>CROMU_00011</cbid>
	<replay>
		<read echo="ascii"><delim> </delim><match><data>\x3E </data></match></read>
		<write echo="ascii"><data>jAFbGt = |"qn0jp","eUvCFfB","1UJ9BCO"|-|"EQAZr","mw7LTN6","6cMH","a","YI","eUvCFfB"|\n</data></write>
		<read echo="ascii"><delim> </delim><match><data>\x3E </data></match></read>
		<write echo="ascii"><data>HZtoz4p = |"G6g","D5dy","8m3g","1g0","6JDQv","BmrUL","wm6qo","ZhOac"|\n</data></write>
		<read echo="ascii"><delim> </delim><match><data>\x3E </data></match></read>
		<write echo="ascii"><data>dUom8 = |"BmrUL","wm6qo","vY76rdeL73"|\n</data></write>
		<read echo="ascii"><delim> </delim><match><data>\x3E </data></match></read>
		<write echo="ascii"><data>dUom8@HZtoz4p\n</data></write>
		<read echo="ascii"><delim>\n</delim><match><data>FALSE\n</data></match></read>
		<read echo="ascii"><delim> </delim><match><data>\x3E </data></match></read>
		<write echo="ascii"><data>Je9LEP = |"R5K","s7t8s"|^|"bB0H","bEBkt","biZrjMA"|\n</data></write>
		<read echo="ascii"><delim> </delim><match><data>\x3E </data></match></read>
		<write echo="ascii"><data>0ynXz = dUom8 + Je9LEP\n</data></write>
		<read echo="ascii"><delim> </delim><match><data>\x3E </data></match></read>
		<write echo="ascii"><data>yjkGr = |"x","vMF9","nc"|~|"6","o14","Bjw","IL","vMF9","Zp2b"|\n</data></write>
		<read echo="ascii"><delim> </delim><match><data>\x3E </data></match></read>
		<write echo="ascii"><data>ZAQa2VA = jAFbGt - HZtoz4p\n</data></write>
		<read echo="ascii"><delim> </delim><match><data>\x3E </data></match></read>
		<write echo="ascii"><data>Cm5X5 = |"7HhS","Sga"|~|"Sga"|\n</data></write>
		<read echo="ascii"><delim> </delim><match><data>\x3E </data></match></read>
		<write echo="ascii"><data>WAu9qu2h = jAFbGt ^ HZtoz4p\n</data></write>
		<read echo="ascii"><delim> </delim><match><data>\x3E </data></match></read>
		<write echo="ascii"><data>jKQuIEf = yjkGr - yjkGr\n</data></write>
		<read echo="ascii"><delim> </delim><match><data>\x3E </data></match></read>
		<write echo="ascii"><data>SaId62 = jKQuIEf ^ jKQuIEf\n</data></write>
		<read echo="ascii"><delim> </delim><match><data>\x3E </data></match></read>
		<write echo="ascii"><data>DhfflXf7 = jAFbGt ^ jKQuIEf\n</data></write>
		<read echo="ascii"><delim> </delim><match><data>\x3E </data></match></read>
		<write echo="ascii"><data>.p\n</data></write>
<read echo="ascii"><delim>\n</delim><match><data>jAFbGt = |"qn0jp","1UJ9BCO"|\n</data></match></read>
<read echo="ascii"><delim>\n</delim><match><data>HZtoz4p = |"G6g","D5dy","8m3g","1g0","6JDQv","BmrUL","wm6qo","ZhOac"|\n</data></match></read>
<read echo="ascii"><delim>\n</delim><match><data>dUom8 = |"BmrUL","wm6qo","vY76rdeL73"|\n</data></match></read>
<read echo="ascii"><delim>\n</delim><match><data>Je9LEP = ||\n</data></match></read>
<read echo="ascii"><delim>\n</delim><match><data>0ynXz = |"BmrUL","wm6qo","vY76rdeL73"|\n</data></match></read>
<read echo="ascii"><delim>\n</delim><match><data>yjkGr = |"x","nc","6","o14","Bjw","IL","Zp2b"|\n</data></match></read>
<read echo="ascii"><delim>\n</delim><match><data>ZAQa2VA = |"qn0jp","1UJ9BCO"|\n</data></match></read>
<read echo="ascii"><delim>\n</delim><match><data>Cm5X5 = |"7HhS"|\n</data></match></read>
<read echo="ascii"><delim>\n</delim><match><data>WAu9qu2h = ||\n</data></match></read>
<read echo="ascii"><delim>\n</delim><match><data>jKQuIEf = ||\n</data></match></read>
<read echo="ascii"><delim>\n</delim><match><data>SaId62 = ||\n</data></match></read>
<read echo="ascii"><delim>\n</delim><match><data>DhfflXf7 = ||\n</data></match></read>
		<read echo="ascii"><delim> </delim><match><data>\x3E </data></match></read>
		<write echo="ascii"><data>.l\n</data></write>
	</replay>
</pov>
