<?xml version="1.0" standalone="no" ?>
<!DOCTYPE pov SYSTEM "/usr/share/cgc-docs/replay.dtd"><pov>
	<cbid>CROMU_00011</cbid>
	<replay>
		<read echo="ascii"><delim> </delim><match><data>\x3E </data></match></read>
		<write echo="ascii"><data>C76Z9Km = |"hKuByG","eFzE2x","ssWpqP","ZS14M","h9UXak5"|^|"ZrG","ZS14M"|\n</data></write>
		<read echo="ascii"><delim> </delim><match><data>\x3E </data></match></read>
		<write echo="ascii"><data>cv7Agh = C76Z9Km - C76Z9Km\n</data></write>
		<read echo="ascii"><delim> </delim><match><data>\x3E </data></match></read>
		<write echo="ascii"><data>UKTZpOj = cv7Agh ~ C76Z9Km\n</data></write>
		<read echo="ascii"><delim> </delim><match><data>\x3E </data></match></read>
		<write echo="ascii"><data>bx6NJW9Sh = C76Z9Km ^ UKTZpOj\n</data></write>
		<read echo="ascii"><delim> </delim><match><data>\x3E </data></match></read>
		<write echo="ascii"><data>Hsvpdv = |"KxOhgw","EKPL0q","I6mS6G2","sYZ6H"|-|"I6mS6G2","eo","GoMs","CyORWMm"|\n</data></write>
		<read echo="ascii"><delim> </delim><match><data>\x3E </data></match></read>
		<write echo="ascii"><data>cn94UjASuI = UKTZpOj ^ cv7Agh\n</data></write>
		<read echo="ascii"><delim> </delim><match><data>\x3E </data></match></read>
		<write echo="ascii"><data>KNu2WDY = cn94UjASuI - cn94UjASuI\n</data></write>
		<read echo="ascii"><delim> </delim><match><data>\x3E </data></match></read>
		<write echo="ascii"><data>RhCPkdD = C76Z9Km + cv7Agh\n</data></write>
		<read echo="ascii"><delim> </delim><match><data>\x3E </data></match></read>
		<write echo="ascii"><data>nIFAF4 = RhCPkdD - RhCPkdD\n</data></write>
		<read echo="ascii"><delim> </delim><match><data>\x3E </data></match></read>
		<write echo="ascii"><data>iFMSPP = |"owrZ4OA","ZLX","D7x","eM5dt","Uko","MppJg61","5j"|-|"s","Uko","M7u2qFn","KA","oxLg08z","9ez"|\n</data></write>
		<read echo="ascii"><delim> </delim><match><data>\x3E </data></match></read>
		<write echo="ascii"><data>VtjCGw = cv7Agh + Hsvpdv\n</data></write>
		<read echo="ascii"><delim> </delim><match><data>\x3E </data></match></read>
		<write echo="ascii"><data>WloFg = |"IgJ","pMB","r1w","16"|-|"4VKfJL","CmrHk1U","TatmBZ"|\n</data></write>
		<read echo="ascii"><delim> </delim><match><data>\x3E </data></match></read>
		<write echo="ascii"><data>.p\n</data></write>
<read echo="ascii"><delim>\n</delim><match><data>C76Z9Km = |"ZS14M"|\n</data></match></read>
<read echo="ascii"><delim>\n</delim><match><data>cv7Agh = ||\n</data></match></read>
<read echo="ascii"><delim>\n</delim><match><data>UKTZpOj = |"ZS14M"|\n</data></match></read>
<read echo="ascii"><delim>\n</delim><match><data>bx6NJW9Sh = |"ZS14M"|\n</data></match></read>
<read echo="ascii"><delim>\n</delim><match><data>Hsvpdv = |"KxOhgw","EKPL0q","sYZ6H"|\n</data></match></read>
<read echo="ascii"><delim>\n</delim><match><data>cn94UjASuI = ||\n</data></match></read>
<read echo="ascii"><delim>\n</delim><match><data>KNu2WDY = ||\n</data></match></read>
<read echo="ascii"><delim>\n</delim><match><data>RhCPkdD = |"ZS14M"|\n</data></match></read>
<read echo="ascii"><delim>\n</delim><match><data>nIFAF4 = ||\n</data></match></read>
<read echo="ascii"><delim>\n</delim><match><data>iFMSPP = |"owrZ4OA","ZLX","D7x","eM5dt","MppJg61","5j"|\n</data></match></read>
<read echo="ascii"><delim>\n</delim><match><data>VtjCGw = |"KxOhgw","EKPL0q","sYZ6H"|\n</data></match></read>
<read echo="ascii"><delim>\n</delim><match><data>WloFg = |"IgJ","pMB","r1w","16"|\n</data></match></read>
		<read echo="ascii"><delim> </delim><match><data>\x3E </data></match></read>
		<write echo="ascii"><data>.l\n</data></write>
	</replay>
</pov>
