<?xml version="1.0" standalone="no" ?>
<!DOCTYPE pov SYSTEM "/usr/share/cgc-docs/replay.dtd"><pov>
	<cbid>CROMU_00011</cbid>
	<replay>
		<read echo="ascii"><delim> </delim><match><data>\x3E </data></match></read>
		<write echo="ascii"><data>VDLaC = |"76fiwL","f7y4l","yM","vB7QK","zP"|+|"vB7QK","Rh","f7y4l","yM","5aO"|\n</data></write>
		<read echo="ascii"><delim> </delim><match><data>\x3E </data></match></read>
		<write echo="ascii"><data>oaoxx = |"vdhC2n","568qbd","ak","uM","CVvz","o6C"|~|"CVvz","5sFinU","vdhC2n","T","568qbd","Ir","1FzW1Jm"|\n</data></write>
		<read echo="ascii"><delim> </delim><match><data>\x3E </data></match></read>
		<write echo="ascii"><data>T4ubZzv = oaoxx - oaoxx\n</data></write>
		<read echo="ascii"><delim> </delim><match><data>\x3E </data></match></read>
		<write echo="ascii"><data>zl9pEo = oaoxx - oaoxx\n</data></write>
		<read echo="ascii"><delim> </delim><match><data>\x3E </data></match></read>
		<write echo="ascii"><data>2OGUJ0 = zl9pEo ~ T4ubZzv\n</data></write>
		<read echo="ascii"><delim> </delim><match><data>\x3E </data></match></read>
		<write echo="ascii"><data>J2QXSc = T4ubZzv + oaoxx\n</data></write>
		<read echo="ascii"><delim> </delim><match><data>\x3E </data></match></read>
		<write echo="ascii"><data>feyzqa9us = VDLaC ^ J2QXSc\n</data></write>
		<read echo="ascii"><delim> </delim><match><data>\x3E </data></match></read>
		<write echo="ascii"><data>7bgiBv1ZXu = zl9pEo ^ T4ubZzv\n</data></write>
		<read echo="ascii"><delim> </delim><match><data>\x3E </data></match></read>
		<write echo="ascii"><data>pX59N = |"ETCVd","tvWsaaH","a9Yc0I0","38iow"|+|"HyWsu","iV33Ive","9S","38iow","tvWsaaH","8J","s"|\n</data></write>
		<read echo="ascii"><delim> </delim><match><data>\x3E </data></match></read>
		<write echo="ascii"><data>AflWJ = |"IFB","n","jzwc11","EwCS","Abl"|-|"0V28aCH","5","Abl","IFB","jzwc11","l7"|\n</data></write>
		<read echo="ascii"><delim> </delim><match><data>\x3E </data></match></read>
		<write echo="ascii"><data>f3aCK6C = |"YdVz","Z","fM26SR","W"|~|"Olm","8oX0a","W","x","y7","Z"|\n</data></write>
		<read echo="ascii"><delim> </delim><match><data>\x3E </data></match></read>
		<write echo="ascii"><data>Srcj7 = |"zLXia","Qj","YmUqtn9","3uZj"|^|"rib5Iaq","OLkfKie","IR","7I"|\n</data></write>
		<read echo="ascii"><delim> </delim><match><data>\x3E </data></match></read>
		<write echo="ascii"><data>itZIc = feyzqa9us - zl9pEo\n</data></write>
		<read echo="ascii"><delim> </delim><match><data>\x3E </data></match></read>
		<write echo="ascii"><data>mmbJVa = |"BN7T","UW8WR"|^|"qINbV","gkK","fcg","oAs90"|\n</data></write>
		<read echo="ascii"><delim> </delim><match><data>\x3E </data></match></read>
		<write echo="ascii"><data>os3FMa8 = |"y8pK","IknF","MO9qcMd","RP6","xFgaAjx"|~|"rV3OgU6","hhi","h","A","RP6","o","xhKQHF2"|\n</data></write>
		<read echo="ascii"><delim> </delim><match><data>\x3E </data></match></read>
		<write echo="ascii"><data>.p\n</data></write>
<read echo="ascii"><delim>\n</delim><match><data>VDLaC = |"76fiwL","f7y4l","yM","vB7QK","zP","Rh","5aO"|\n</data></match></read>
<read echo="ascii"><delim>\n</delim><match><data>oaoxx = |"ak","uM","o6C","5sFinU","T","Ir","1FzW1Jm"|\n</data></match></read>
<read echo="ascii"><delim>\n</delim><match><data>T4ubZzv = ||\n</data></match></read>
<read echo="ascii"><delim>\n</delim><match><data>zl9pEo = ||\n</data></match></read>
<read echo="ascii"><delim>\n</delim><match><data>2OGUJ0 = ||\n</data></match></read>
<read echo="ascii"><delim>\n</delim><match><data>J2QXSc = |"ak","uM","o6C","5sFinU","T","Ir","1FzW1Jm"|\n</data></match></read>
<read echo="ascii"><delim>\n</delim><match><data>feyzqa9us = ||\n</data></match></read>
<read echo="ascii"><delim>\n</delim><match><data>7bgiBv1ZXu = ||\n</data></match></read>
<read echo="ascii"><delim>\n</delim><match><data>pX59N = |"ETCVd","tvWsaaH","a9Yc0I0","38iow","HyWsu","iV33Ive","9S","8J","s"|\n</data></match></read>
<read echo="ascii"><delim>\n</delim><match><data>AflWJ = |"n","EwCS"|\n</data></match></read>
<read echo="ascii"><delim>\n</delim><match><data>f3aCK6C = |"YdVz","fM26SR","Olm","8oX0a","x","y7"|\n</data></match></read>
<read echo="ascii"><delim>\n</delim><match><data>Srcj7 = ||\n</data></match></read>
<read echo="ascii"><delim>\n</delim><match><data>itZIc = ||\n</data></match></read>
<read echo="ascii"><delim>\n</delim><match><data>mmbJVa = ||\n</data></match></read>
<read echo="ascii"><delim>\n</delim><match><data>os3FMa8 = |"y8pK","IknF","MO9qcMd","xFgaAjx","rV3OgU6","hhi","h","A","o","xhKQHF2"|\n</data></match></read>
		<read echo="ascii"><delim> </delim><match><data>\x3E </data></match></read>
		<write echo="ascii"><data>.l\n</data></write>
	</replay>
</pov>
