<?xml version="1.0" standalone="no" ?>
<!DOCTYPE pov SYSTEM "/usr/share/cgc-docs/replay.dtd"><pov>
	<cbid>CROMU_00011</cbid>
	<replay>
		<read echo="ascii"><delim> </delim><match><data>\x3E </data></match></read>
		<write echo="ascii"><data>nmV8t = |"3d44PVj"|^|"WeQ0","uGahtF5","3d44PVj","Sum","3Ky9G","JFaj","y6L9Z"|\n</data></write>
		<read echo="ascii"><delim> </delim><match><data>\x3E </data></match></read>
		<write echo="ascii"><data>P02dbg6z = nmV8t ^ nmV8t\n</data></write>
		<read echo="ascii"><delim> </delim><match><data>\x3E </data></match></read>
		<write echo="ascii"><data>GL0Xf = P02dbg6z + P02dbg6z\n</data></write>
		<read echo="ascii"><delim> </delim><match><data>\x3E </data></match></read>
		<write echo="ascii"><data>F5iVxtN = P02dbg6z ^ GL0Xf\n</data></write>
		<read echo="ascii"><delim> </delim><match><data>\x3E </data></match></read>
		<write echo="ascii"><data>NZYh2 = |"7ANr8","Xx0","C9l7","3fYoM","bgM7Ps"|-|"9TVo","Xx0","H2j3F5E","L2eh","vht"|\n</data></write>
		<read echo="ascii"><delim> </delim><match><data>\x3E </data></match></read>
		<write echo="ascii"><data>Oujo3q = F5iVxtN ~ GL0Xf\n</data></write>
		<read echo="ascii"><delim> </delim><match><data>\x3E </data></match></read>
		<write echo="ascii"><data>7F2K7FKb = nmV8t ^ F5iVxtN\n</data></write>
		<read echo="ascii"><delim> </delim><match><data>\x3E </data></match></read>
		<write echo="ascii"><data>EnPQfYw = |"p2d6yKs","yRtqQkC","mfijJ"|-|"SeHFK3","YH","mfijJ","5"|\n</data></write>
		<read echo="ascii"><delim> </delim><match><data>\x3E </data></match></read>
		<write echo="ascii"><data>OkkIZ = |"Ik","1Qnk","bAQV2","CVsK","bDqd","2WEY","7OGsQ"|^|"0FB","9qH","1Qnk","Mjh3","LI","2WEY","7cvwLT0"|\n</data></write>
		<read echo="ascii"><delim> </delim><match><data>\x3E </data></match></read>
		<write echo="ascii"><data>WRMcp8C = |"V5m","48Ib","taYiR","jrE","e"|-|"YT","GLA","V5m","zXO","taYiR","lO6","0I"|\n</data></write>
		<read echo="ascii"><delim> </delim><match><data>\x3E </data></match></read>
		<write echo="ascii"><data>.p\n</data></write>
<read echo="ascii"><delim>\n</delim><match><data>nmV8t = |"3d44PVj"|\n</data></match></read>
<read echo="ascii"><delim>\n</delim><match><data>P02dbg6z = |"3d44PVj"|\n</data></match></read>
<read echo="ascii"><delim>\n</delim><match><data>GL0Xf = |"3d44PVj"|\n</data></match></read>
<read echo="ascii"><delim>\n</delim><match><data>F5iVxtN = |"3d44PVj"|\n</data></match></read>
<read echo="ascii"><delim>\n</delim><match><data>NZYh2 = |"7ANr8","C9l7","3fYoM","bgM7Ps"|\n</data></match></read>
<read echo="ascii"><delim>\n</delim><match><data>Oujo3q = ||\n</data></match></read>
<read echo="ascii"><delim>\n</delim><match><data>7F2K7FKb = |"3d44PVj"|\n</data></match></read>
<read echo="ascii"><delim>\n</delim><match><data>EnPQfYw = |"p2d6yKs","yRtqQkC"|\n</data></match></read>
<read echo="ascii"><delim>\n</delim><match><data>OkkIZ = |"1Qnk","2WEY"|\n</data></match></read>
<read echo="ascii"><delim>\n</delim><match><data>WRMcp8C = |"48Ib","jrE","e"|\n</data></match></read>
		<read echo="ascii"><delim> </delim><match><data>\x3E </data></match></read>
		<write echo="ascii"><data>.l\n</data></write>
	</replay>
</pov>
