<?xml version="1.0" standalone="no" ?>
<!DOCTYPE pov SYSTEM "/usr/share/cgc-docs/replay.dtd"><pov>
	<cbid>CROMU_00011</cbid>
	<replay>
		<read echo="ascii"><delim> </delim><match><data>\x3E </data></match></read>
		<write echo="ascii"><data>BZUfHsq = |"aguZW","Sej","Ub32wCP","okTw","tsDwJk","PV6hQ9","edWbJ","J17g0","d1L"|\n</data></write>
		<read echo="ascii"><delim> </delim><match><data>\x3E </data></match></read>
		<write echo="ascii"><data>BGPtf = |"tsDwJk","aguZW","Ub32wCP","d1L"|\n</data></write>
		<read echo="ascii"><delim> </delim><match><data>\x3E </data></match></read>
		<write echo="ascii"><data>BGPtf@BZUfHsq\n</data></write>
		<read echo="ascii"><delim>\n</delim><match><data>TRUE\n</data></match></read>
		<read echo="ascii"><delim> </delim><match><data>\x3E </data></match></read>
		<write echo="ascii"><data>z893p = BGPtf + BZUfHsq\n</data></write>
		<read echo="ascii"><delim> </delim><match><data>\x3E </data></match></read>
		<write echo="ascii"><data>tTfcoc = |"fA","3AjsP","cb0","OtOn","s"|-|"qF8p","e","Iv","cb0","2JUmEt","ViMb"|\n</data></write>
		<read echo="ascii"><delim> </delim><match><data>\x3E </data></match></read>
		<write echo="ascii"><data>EAP4yy = |"Q5LvB","08yARPR","94F"|+|"3fz","JsnB","lz4Kj","o","wGNE","XdHX5S"|\n</data></write>
		<read echo="ascii"><delim> </delim><match><data>\x3E </data></match></read>
		<write echo="ascii"><data>LvVVH = |"oBs7","w62SCP","DoO7i0Q"|^|"0Yl"|\n</data></write>
		<read echo="ascii"><delim> </delim><match><data>\x3E </data></match></read>
		<write echo="ascii"><data>GAUwyA = |"0n7Un","HY12","J9","VW","FTZ"|-|"7lw","h","qJI2","zVu","hqUp3Z","61XFt","r"|\n</data></write>
		<read echo="ascii"><delim> </delim><match><data>\x3E </data></match></read>
		<write echo="ascii"><data>msPkH9 = |"cXuDv"|~|"oh"|\n</data></write>
		<read echo="ascii"><delim> </delim><match><data>\x3E </data></match></read>
		<write echo="ascii"><data>qAs6S = |"oXjInd","Qux5Ug"|~|"zR","P52eGOR","cm3z5j","hk5n2P","FrZuDt","3UCed5"|\n</data></write>
		<read echo="ascii"><delim> </delim><match><data>\x3E </data></match></read>
		<write echo="ascii"><data>cn7tul = |"s","vjVnndT","K8K4mu","n","aH40Qu","xRigYUn","6"|+|"cXlr","aH40Qu","cqi","N","K8K4mu","iJBF3be"|\n</data></write>
		<read echo="ascii"><delim> </delim><match><data>\x3E </data></match></read>
		<write echo="ascii"><data>osmnEv = |"3glbS","T","ucYo","CB","K","4KuttF9"|~|"AUy6Np","ucYo","Pqr"|\n</data></write>
		<read echo="ascii"><delim> </delim><match><data>\x3E </data></match></read>
		<write echo="ascii"><data>qiXYHVfd = EAP4yy ^ z893p\n</data></write>
		<read echo="ascii"><delim> </delim><match><data>\x3E </data></match></read>
		<write echo="ascii"><data>82J3cr = |"ZWI2e5G"|~|"vV9e"|\n</data></write>
		<read echo="ascii"><delim> </delim><match><data>\x3E </data></match></read>
		<write echo="ascii"><data>V8gfML4KqF = BZUfHsq ^ qAs6S\n</data></write>
		<read echo="ascii"><delim> </delim><match><data>\x3E </data></match></read>
		<write echo="ascii"><data>.p\n</data></write>
<read echo="ascii"><delim>\n</delim><match><data>BZUfHsq = |"aguZW","Sej","Ub32wCP","okTw","tsDwJk","PV6hQ9","edWbJ","J17g0","d1L"|\n</data></match></read>
<read echo="ascii"><delim>\n</delim><match><data>BGPtf = |"tsDwJk","aguZW","Ub32wCP","d1L"|\n</data></match></read>
<read echo="ascii"><delim>\n</delim><match><data>z893p = |"tsDwJk","aguZW","Ub32wCP","d1L","Sej","okTw","PV6hQ9","edWbJ","J17g0"|\n</data></match></read>
<read echo="ascii"><delim>\n</delim><match><data>tTfcoc = |"fA","3AjsP","OtOn","s"|\n</data></match></read>
<read echo="ascii"><delim>\n</delim><match><data>EAP4yy = |"Q5LvB","08yARPR","94F","3fz","JsnB","lz4Kj","o","wGNE","XdHX5S"|\n</data></match></read>
<read echo="ascii"><delim>\n</delim><match><data>LvVVH = ||\n</data></match></read>
<read echo="ascii"><delim>\n</delim><match><data>GAUwyA = |"0n7Un","HY12","J9","VW","FTZ"|\n</data></match></read>
<read echo="ascii"><delim>\n</delim><match><data>msPkH9 = |"cXuDv","oh"|\n</data></match></read>
<read echo="ascii"><delim>\n</delim><match><data>qAs6S = |"oXjInd","Qux5Ug","zR","P52eGOR","cm3z5j","hk5n2P","FrZuDt","3UCed5"|\n</data></match></read>
<read echo="ascii"><delim>\n</delim><match><data>cn7tul = |"s","vjVnndT","K8K4mu","n","aH40Qu","xRigYUn","6","cXlr","cqi","N","iJBF3be"|\n</data></match></read>
<read echo="ascii"><delim>\n</delim><match><data>osmnEv = |"3glbS","T","CB","K","4KuttF9","AUy6Np","Pqr"|\n</data></match></read>
<read echo="ascii"><delim>\n</delim><match><data>qiXYHVfd = ||\n</data></match></read>
<read echo="ascii"><delim>\n</delim><match><data>82J3cr = |"ZWI2e5G","vV9e"|\n</data></match></read>
<read echo="ascii"><delim>\n</delim><match><data>V8gfML4KqF = ||\n</data></match></read>
		<read echo="ascii"><delim> </delim><match><data>\x3E </data></match></read>
		<write echo="ascii"><data>.l\n</data></write>
	</replay>
</pov>
