<?xml version="1.0" standalone="no" ?>
<!DOCTYPE pov SYSTEM "/usr/share/cgc-docs/replay.dtd"><pov>
	<cbid>CROMU_00011</cbid>
	<replay>
		<read echo="ascii"><delim> </delim><match><data>\x3E </data></match></read>
		<write echo="ascii"><data>yjvlN = |"XOh1","u6","iF","meH","n4"|-|"SG2y","SgUGjBZ","G","w","LQ2VMF"|\n</data></write>
		<read echo="ascii"><delim> </delim><match><data>\x3E </data></match></read>
		<write echo="ascii"><data>LodLx = yjvlN - yjvlN\n</data></write>
		<read echo="ascii"><delim> </delim><match><data>\x3E </data></match></read>
		<write echo="ascii"><data>osskA = |"G0HA","w0sv","hn2qGm","Km","xPdS","oeul","A64J","qwWqrl"|\n</data></write>
		<read echo="ascii"><delim> </delim><match><data>\x3E </data></match></read>
		<write echo="ascii"><data>cKhaLR = |"oeul","A64J","w0sv","qwWqrl","G0HA","Km","xPdS","tmCaE8cLSL"|\n</data></write>
		<read echo="ascii"><delim> </delim><match><data>\x3E </data></match></read>
		<write echo="ascii"><data>cKhaLR@osskA\n</data></write>
		<read echo="ascii"><delim>\n</delim><match><data>FALSE\n</data></match></read>
		<read echo="ascii"><delim> </delim><match><data>\x3E </data></match></read>
		<write echo="ascii"><data>GDdSAO = LodLx - osskA\n</data></write>
		<read echo="ascii"><delim> </delim><match><data>\x3E </data></match></read>
		<write echo="ascii"><data>fJBzQTi = |"YD","4vVRS","4d","J","pKs","e09s","ImWJRQ"|+|"Nn5Vcm","2LParz"|\n</data></write>
		<read echo="ascii"><delim> </delim><match><data>\x3E </data></match></read>
		<write echo="ascii"><data>eUq1dGm = fJBzQTi + GDdSAO\n</data></write>
		<read echo="ascii"><delim> </delim><match><data>\x3E </data></match></read>
		<write echo="ascii"><data>C1mal3 = |"3dh","tUx7x3"|~|"CZakX","QLW8","1oUlc","pz5Kf","fzzooX5","LasMuQ"|\n</data></write>
		<read echo="ascii"><delim> </delim><match><data>\x3E </data></match></read>
		<write echo="ascii"><data>LcbIe62 = |"HSxUfM","8Z3k","eebo","wIYqlu","efJuFJS"|^|"D0"|\n</data></write>
		<read echo="ascii"><delim> </delim><match><data>\x3E </data></match></read>
		<write echo="ascii"><data>YqF1DZ = |"5URj4eW","Ar","g32g9","gS"|-|"Ukp","l2yx","HbSFk1"|\n</data></write>
		<read echo="ascii"><delim> </delim><match><data>\x3E </data></match></read>
		<write echo="ascii"><data>B2kp4Kj = |"3Ggi","uWlnL"|+|"SuZWESe","m","1bRNRMQ","K4","MUadWg"|\n</data></write>
		<read echo="ascii"><delim> </delim><match><data>\x3E </data></match></read>
		<write echo="ascii"><data>.p\n</data></write>
<read echo="ascii"><delim>\n</delim><match><data>yjvlN = |"XOh1","u6","iF","meH","n4"|\n</data></match></read>
<read echo="ascii"><delim>\n</delim><match><data>LodLx = ||\n</data></match></read>
<read echo="ascii"><delim>\n</delim><match><data>osskA = |"G0HA","w0sv","hn2qGm","Km","xPdS","oeul","A64J","qwWqrl"|\n</data></match></read>
<read echo="ascii"><delim>\n</delim><match><data>cKhaLR = |"oeul","A64J","w0sv","qwWqrl","G0HA","Km","xPdS","tmCaE8cLSL"|\n</data></match></read>
<read echo="ascii"><delim>\n</delim><match><data>GDdSAO = ||\n</data></match></read>
<read echo="ascii"><delim>\n</delim><match><data>fJBzQTi = |"YD","4vVRS","4d","J","pKs","e09s","ImWJRQ","Nn5Vcm","2LParz"|\n</data></match></read>
<read echo="ascii"><delim>\n</delim><match><data>eUq1dGm = |"YD","4vVRS","4d","J","pKs","e09s","ImWJRQ","Nn5Vcm","2LParz"|\n</data></match></read>
<read echo="ascii"><delim>\n</delim><match><data>C1mal3 = |"3dh","tUx7x3","CZakX","QLW8","1oUlc","pz5Kf","fzzooX5","LasMuQ"|\n</data></match></read>
<read echo="ascii"><delim>\n</delim><match><data>LcbIe62 = ||\n</data></match></read>
<read echo="ascii"><delim>\n</delim><match><data>YqF1DZ = |"5URj4eW","Ar","g32g9","gS"|\n</data></match></read>
<read echo="ascii"><delim>\n</delim><match><data>B2kp4Kj = |"3Ggi","uWlnL","SuZWESe","m","1bRNRMQ","K4","MUadWg"|\n</data></match></read>
		<read echo="ascii"><delim> </delim><match><data>\x3E </data></match></read>
		<write echo="ascii"><data>.l\n</data></write>
	</replay>
</pov>
