<?xml version="1.0" standalone="no" ?>
<!DOCTYPE pov SYSTEM "/usr/share/cgc-docs/replay.dtd"><pov>
	<cbid>CROMU_00011</cbid>
	<replay>
		<read echo="ascii"><delim> </delim><match><data>\x3E </data></match></read>
		<write echo="ascii"><data>T8pSe3 = |"xCAFj","BCU","8zHR2co"|-|"Hh6ZEv","l7Vo","1X","aLeq","E2x","k3f"|\n</data></write>
		<read echo="ascii"><delim> </delim><match><data>\x3E </data></match></read>
		<write echo="ascii"><data>1sBPnzc = |"McLZtF","tdlWjL0","UYN","wprrs","ly679","HO0","hmB","vZ06Mj8"|\n</data></write>
		<read echo="ascii"><delim> </delim><match><data>\x3E </data></match></read>
		<write echo="ascii"><data>QjIHDn = |"tdlWjL0","lGoVQ82c4U"|\n</data></write>
		<read echo="ascii"><delim> </delim><match><data>\x3E </data></match></read>
		<write echo="ascii"><data>QjIHDn@1sBPnzc\n</data></write>
		<read echo="ascii"><delim>\n</delim><match><data>FALSE\n</data></match></read>
		<read echo="ascii"><delim> </delim><match><data>\x3E </data></match></read>
		<write echo="ascii"><data>imCT3H = |"FSx5nFm","BHt","E9uBfDZ","JhadnJ","HI","K7Oo0r","eN3zBY2"|^|"QffcC"|\n</data></write>
		<read echo="ascii"><delim> </delim><match><data>\x3E </data></match></read>
		<write echo="ascii"><data>YxUPFVk = T8pSe3 ~ T8pSe3\n</data></write>
		<read echo="ascii"><delim> </delim><match><data>\x3E </data></match></read>
		<write echo="ascii"><data>mIm2Rn = |"IE","t","vh9A91q","sXLbz7z","s1iuQon","GPAXXkT"|~|"0PWx9G","slGW","t"|\n</data></write>
		<read echo="ascii"><delim> </delim><match><data>\x3E </data></match></read>
		<write echo="ascii"><data>gxknrgi = |"vGh4mE","X"|+|"GKo","l7RPBW","metmOb","qsM","Sf","3e9r","zTNsvcR"|\n</data></write>
		<read echo="ascii"><delim> </delim><match><data>\x3E </data></match></read>
		<write echo="ascii"><data>mitbF6h = |"d","qopiT0"|+|"ZJ","r","23GX"|\n</data></write>
		<read echo="ascii"><delim> </delim><match><data>\x3E </data></match></read>
		<write echo="ascii"><data>Z1AAt = imCT3H ~ 1sBPnzc\n</data></write>
		<read echo="ascii"><delim> </delim><match><data>\x3E </data></match></read>
		<write echo="ascii"><data>CyiHp = |"6Tjbb0G","Dd","UvMaG","m","l"|~|"zY","aH77Q","m","Z","6Tjbb0G","tK6h","UvMaG"|\n</data></write>
		<read echo="ascii"><delim> </delim><match><data>\x3E </data></match></read>
		<write echo="ascii"><data>a5AmZ = 1sBPnzc + mIm2Rn\n</data></write>
		<read echo="ascii"><delim> </delim><match><data>\x3E </data></match></read>
		<write echo="ascii"><data>.p\n</data></write>
<read echo="ascii"><delim>\n</delim><match><data>T8pSe3 = |"xCAFj","BCU","8zHR2co"|\n</data></match></read>
<read echo="ascii"><delim>\n</delim><match><data>1sBPnzc = |"McLZtF","tdlWjL0","UYN","wprrs","ly679","HO0","hmB","vZ06Mj8"|\n</data></match></read>
<read echo="ascii"><delim>\n</delim><match><data>QjIHDn = |"tdlWjL0","lGoVQ82c4U"|\n</data></match></read>
<read echo="ascii"><delim>\n</delim><match><data>imCT3H = ||\n</data></match></read>
<read echo="ascii"><delim>\n</delim><match><data>YxUPFVk = ||\n</data></match></read>
<read echo="ascii"><delim>\n</delim><match><data>mIm2Rn = |"IE","vh9A91q","sXLbz7z","s1iuQon","GPAXXkT","0PWx9G","slGW"|\n</data></match></read>
<read echo="ascii"><delim>\n</delim><match><data>gxknrgi = |"vGh4mE","X","GKo","l7RPBW","metmOb","qsM","Sf","3e9r","zTNsvcR"|\n</data></match></read>
<read echo="ascii"><delim>\n</delim><match><data>mitbF6h = |"d","qopiT0","ZJ","r","23GX"|\n</data></match></read>
<read echo="ascii"><delim>\n</delim><match><data>Z1AAt = |"McLZtF","tdlWjL0","UYN","wprrs","ly679","HO0","hmB","vZ06Mj8"|\n</data></match></read>
<read echo="ascii"><delim>\n</delim><match><data>CyiHp = |"Dd","l","zY","aH77Q","Z","tK6h"|\n</data></match></read>
<read echo="ascii"><delim>\n</delim><match><data>a5AmZ = |"McLZtF","tdlWjL0","UYN","wprrs","ly679","HO0","hmB","vZ06Mj8","IE","vh9A91q","sXLbz7z","s1iuQon","GPAXXkT","0PWx9G","slGW"|\n</data></match></read>
		<read echo="ascii"><delim> </delim><match><data>\x3E </data></match></read>
		<write echo="ascii"><data>.l\n</data></write>
	</replay>
</pov>
