<?xml version="1.0" standalone="no" ?>
<!DOCTYPE pov SYSTEM "/usr/share/cgc-docs/replay.dtd"><pov>
	<cbid>CROMU_00011</cbid>
	<replay>
		<read echo="ascii"><delim> </delim><match><data>\x3E </data></match></read>
		<write echo="ascii"><data>RRw9HG9 = |"0H0iJnM"|^|"Cb","iXtdKX","mVhJy","9h7uz","qm"|\n</data></write>
		<read echo="ascii"><delim> </delim><match><data>\x3E </data></match></read>
		<write echo="ascii"><data>MNefVJ = |"FTpJB0","9f","0SD","72nX","gll","MA8Fc","OhRLuM5"|^|"qnxA4H","72nX","iMSGNo"|\n</data></write>
		<read echo="ascii"><delim> </delim><match><data>\x3E </data></match></read>
		<write echo="ascii"><data>JfeSDto = |"NrXwI6Q","W","UCoXq","yz","5","KEa8"|-|"c4AZ","UCoXq","W"|\n</data></write>
		<read echo="ascii"><delim> </delim><match><data>\x3E </data></match></read>
		<write echo="ascii"><data>1HzXS = MNefVJ ~ JfeSDto\n</data></write>
		<read echo="ascii"><delim> </delim><match><data>\x3E </data></match></read>
		<write echo="ascii"><data>Kd0lH8Z = JfeSDto ~ MNefVJ\n</data></write>
		<read echo="ascii"><delim> </delim><match><data>\x3E </data></match></read>
		<write echo="ascii"><data>jWrk0TH = |"K9jE1WV","GyTU7","CV","m","UQU6ows","2qWN"|-|"kDs478J","fxH3N","HcvI6cP","m","Bt0xDf"|\n</data></write>
		<read echo="ascii"><delim> </delim><match><data>\x3E </data></match></read>
		<write echo="ascii"><data>pT1lEGD = |"jPmog"|^|"jCnymm","zA"|\n</data></write>
		<read echo="ascii"><delim> </delim><match><data>\x3E </data></match></read>
		<write echo="ascii"><data>h2GhE = |"9wjCi","WBOc","TrMYg","q9GArR9","Ggkf","4w"|\n</data></write>
		<read echo="ascii"><delim> </delim><match><data>\x3E </data></match></read>
		<write echo="ascii"><data>dtMVg = |"9wjCi","Ggkf"|\n</data></write>
		<read echo="ascii"><delim> </delim><match><data>\x3E </data></match></read>
		<write echo="ascii"><data>dtMVg@h2GhE\n</data></write>
		<read echo="ascii"><delim>\n</delim><match><data>TRUE\n</data></match></read>
		<read echo="ascii"><delim> </delim><match><data>\x3E </data></match></read>
		<write echo="ascii"><data>6ouIMz = |"gXg8no","RR","Tdalwe","C75"|^|"RR","kHGOSrL","8uph7s","Tdalwe","XteocW8"|\n</data></write>
		<read echo="ascii"><delim> </delim><match><data>\x3E </data></match></read>
		<write echo="ascii"><data>liXM6UT = |"Q","iPcm","VlhdLD","3tsy","eD3","wp"|~|"yp","VlhdLD"|\n</data></write>
		<read echo="ascii"><delim> </delim><match><data>\x3E </data></match></read>
		<write echo="ascii"><data>rpxpQ = |"lt3DMxV","e2","An7OLY","r35","GT0yy","9O4t","TQwOI","e9","dxhEd8","OH"|\n</data></write>
		<read echo="ascii"><delim> </delim><match><data>\x3E </data></match></read>
		<write echo="ascii"><data>kQ6Nv6 = |"dxhEd8","OH","e2","KFeXKdmycC"|\n</data></write>
		<read echo="ascii"><delim> </delim><match><data>\x3E </data></match></read>
		<write echo="ascii"><data>kQ6Nv6@rpxpQ\n</data></write>
		<read echo="ascii"><delim>\n</delim><match><data>FALSE\n</data></match></read>
		<read echo="ascii"><delim> </delim><match><data>\x3E </data></match></read>
		<write echo="ascii"><data>LJ32UO = liXM6UT ~ MNefVJ\n</data></write>
		<read echo="ascii"><delim> </delim><match><data>\x3E </data></match></read>
		<write echo="ascii"><data>keupG6 = dtMVg ^ pT1lEGD\n</data></write>
		<read echo="ascii"><delim> </delim><match><data>\x3E </data></match></read>
		<write echo="ascii"><data>9VzVDvU = rpxpQ + dtMVg\n</data></write>
		<read echo="ascii"><delim> </delim><match><data>\x3E </data></match></read>
		<write echo="ascii"><data>.p\n</data></write>
<read echo="ascii"><delim>\n</delim><match><data>RRw9HG9 = ||\n</data></match></read>
<read echo="ascii"><delim>\n</delim><match><data>MNefVJ = |"72nX"|\n</data></match></read>
<read echo="ascii"><delim>\n</delim><match><data>JfeSDto = |"NrXwI6Q","yz","5","KEa8"|\n</data></match></read>
<read echo="ascii"><delim>\n</delim><match><data>1HzXS = |"72nX","NrXwI6Q","yz","5","KEa8"|\n</data></match></read>
<read echo="ascii"><delim>\n</delim><match><data>Kd0lH8Z = |"NrXwI6Q","yz","5","KEa8","72nX"|\n</data></match></read>
<read echo="ascii"><delim>\n</delim><match><data>jWrk0TH = |"K9jE1WV","GyTU7","CV","UQU6ows","2qWN"|\n</data></match></read>
<read echo="ascii"><delim>\n</delim><match><data>pT1lEGD = ||\n</data></match></read>
<read echo="ascii"><delim>\n</delim><match><data>h2GhE = |"9wjCi","WBOc","TrMYg","q9GArR9","Ggkf","4w"|\n</data></match></read>
<read echo="ascii"><delim>\n</delim><match><data>dtMVg = |"9wjCi","Ggkf"|\n</data></match></read>
<read echo="ascii"><delim>\n</delim><match><data>6ouIMz = |"RR","Tdalwe"|\n</data></match></read>
<read echo="ascii"><delim>\n</delim><match><data>liXM6UT = |"Q","iPcm","3tsy","eD3","wp","yp"|\n</data></match></read>
<read echo="ascii"><delim>\n</delim><match><data>rpxpQ = |"lt3DMxV","e2","An7OLY","r35","GT0yy","9O4t","TQwOI","e9","dxhEd8","OH"|\n</data></match></read>
<read echo="ascii"><delim>\n</delim><match><data>kQ6Nv6 = |"dxhEd8","OH","e2","KFeXKdmycC"|\n</data></match></read>
<read echo="ascii"><delim>\n</delim><match><data>LJ32UO = |"Q","iPcm","3tsy","eD3","wp","yp","72nX"|\n</data></match></read>
<read echo="ascii"><delim>\n</delim><match><data>keupG6 = ||\n</data></match></read>
<read echo="ascii"><delim>\n</delim><match><data>9VzVDvU = |"lt3DMxV","e2","An7OLY","r35","GT0yy","9O4t","TQwOI","e9","dxhEd8","OH","9wjCi","Ggkf"|\n</data></match></read>
		<read echo="ascii"><delim> </delim><match><data>\x3E </data></match></read>
		<write echo="ascii"><data>.l\n</data></write>
	</replay>
</pov>
