<?xml version="1.0" standalone="no" ?>
<!DOCTYPE pov SYSTEM "/usr/share/cgc-docs/replay.dtd"><pov>
	<cbid>CROMU_00011</cbid>
	<replay>
		<read echo="ascii"><delim> </delim><match><data>\x3E </data></match></read>
		<write echo="ascii"><data>kFNkmOl = |"pGCxmO","yg7","X","FUI3z","SwnuIQ","g"|-|"WL8","YdSP","QsK","DKqlK5","yg7","Tv"|\n</data></write>
		<read echo="ascii"><delim> </delim><match><data>\x3E </data></match></read>
		<write echo="ascii"><data>uqiHw0j = kFNkmOl + kFNkmOl\n</data></write>
		<read echo="ascii"><delim> </delim><match><data>\x3E </data></match></read>
		<write echo="ascii"><data>Nz5wOH5 = kFNkmOl - kFNkmOl\n</data></write>
		<read echo="ascii"><delim> </delim><match><data>\x3E </data></match></read>
		<write echo="ascii"><data>SojZV = |"vq"|^|"g6BW58","XlP0u","EiDa"|\n</data></write>
		<read echo="ascii"><delim> </delim><match><data>\x3E </data></match></read>
		<write echo="ascii"><data>K8tMWbobH = kFNkmOl ^ kFNkmOl\n</data></write>
		<read echo="ascii"><delim> </delim><match><data>\x3E </data></match></read>
		<write echo="ascii"><data>hEofIC = uqiHw0j + Nz5wOH5\n</data></write>
		<read echo="ascii"><delim> </delim><match><data>\x3E </data></match></read>
		<write echo="ascii"><data>6WO56lf = |"G0P"|~|"8bcoGh"|\n</data></write>
		<read echo="ascii"><delim> </delim><match><data>\x3E </data></match></read>
		<write echo="ascii"><data>7Huydub = |"yuFg","h","J92","xnUJOWj"|-|"yuFg","vY","MXM","4","2A1G"|\n</data></write>
		<read echo="ascii"><delim> </delim><match><data>\x3E </data></match></read>
		<write echo="ascii"><data>YA3js1S = Nz5wOH5 + 7Huydub\n</data></write>
		<read echo="ascii"><delim> </delim><match><data>\x3E </data></match></read>
		<write echo="ascii"><data>IvFnp = |"Rh7FX9","6PJT1","16","lV"|+|"lV","r6WxErh","h1","y3hjtGb","4IrAp2","6PJT1","t9C8"|\n</data></write>
		<read echo="ascii"><delim> </delim><match><data>\x3E </data></match></read>
		<write echo="ascii"><data>wic2Zg0 = uqiHw0j + 7Huydub\n</data></write>
		<read echo="ascii"><delim> </delim><match><data>\x3E </data></match></read>
		<write echo="ascii"><data>.p\n</data></write>
<read echo="ascii"><delim>\n</delim><match><data>kFNkmOl = |"pGCxmO","X","FUI3z","SwnuIQ","g"|\n</data></match></read>
<read echo="ascii"><delim>\n</delim><match><data>uqiHw0j = |"pGCxmO","X","FUI3z","SwnuIQ","g"|\n</data></match></read>
<read echo="ascii"><delim>\n</delim><match><data>Nz5wOH5 = ||\n</data></match></read>
<read echo="ascii"><delim>\n</delim><match><data>SojZV = ||\n</data></match></read>
<read echo="ascii"><delim>\n</delim><match><data>K8tMWbobH = |"pGCxmO","X","FUI3z","SwnuIQ","g"|\n</data></match></read>
<read echo="ascii"><delim>\n</delim><match><data>hEofIC = |"pGCxmO","X","FUI3z","SwnuIQ","g"|\n</data></match></read>
<read echo="ascii"><delim>\n</delim><match><data>6WO56lf = |"G0P","8bcoGh"|\n</data></match></read>
<read echo="ascii"><delim>\n</delim><match><data>7Huydub = |"h","J92","xnUJOWj"|\n</data></match></read>
<read echo="ascii"><delim>\n</delim><match><data>YA3js1S = |"h","J92","xnUJOWj"|\n</data></match></read>
<read echo="ascii"><delim>\n</delim><match><data>IvFnp = |"Rh7FX9","6PJT1","16","lV","r6WxErh","h1","y3hjtGb","4IrAp2","t9C8"|\n</data></match></read>
<read echo="ascii"><delim>\n</delim><match><data>wic2Zg0 = |"pGCxmO","X","FUI3z","SwnuIQ","g","h","J92","xnUJOWj"|\n</data></match></read>
		<read echo="ascii"><delim> </delim><match><data>\x3E </data></match></read>
		<write echo="ascii"><data>.l\n</data></write>
	</replay>
</pov>
