<?xml version="1.0" standalone="no" ?>
<!DOCTYPE pov SYSTEM "/usr/share/cgc-docs/replay.dtd"><pov>
	<cbid>CROMU_00011</cbid>
	<replay>
		<read echo="ascii"><delim> </delim><match><data>\x3E </data></match></read>
		<write echo="ascii"><data>l07xPv = |"Bd5","F4ov","VQfx","LeWO","dRv0nyR","nZTjx","NVuX0GV"|^|"aSTI","u0","F4ov","Bd5","paGAhY4"|\n</data></write>
		<read echo="ascii"><delim> </delim><match><data>\x3E </data></match></read>
		<write echo="ascii"><data>CVVz8 = |"tmc","SN3qh","sezeY","i9","99Ek","IGFQZ","G0"|\n</data></write>
		<read echo="ascii"><delim> </delim><match><data>\x3E </data></match></read>
		<write echo="ascii"><data>omobSq = |"99Ek","G0","IGFQZ","i9","LUAE2wRWUV"|\n</data></write>
		<read echo="ascii"><delim> </delim><match><data>\x3E </data></match></read>
		<write echo="ascii"><data>omobSq@CVVz8\n</data></write>
		<read echo="ascii"><delim>\n</delim><match><data>FALSE\n</data></match></read>
		<read echo="ascii"><delim> </delim><match><data>\x3E </data></match></read>
		<write echo="ascii"><data>EwP58n2 = |"U0mcXh","6eclEe","O0t4BA","k7ieAK","fTHQfl","cTySq","rw05uO","v7R","KqU1"|\n</data></write>
		<read echo="ascii"><delim> </delim><match><data>\x3E </data></match></read>
		<write echo="ascii"><data>BXxChcJ = |"rw05uO","O0t4BA","6eclEe"|\n</data></write>
		<read echo="ascii"><delim> </delim><match><data>\x3E </data></match></read>
		<write echo="ascii"><data>BXxChcJ@EwP58n2\n</data></write>
		<read echo="ascii"><delim>\n</delim><match><data>TRUE\n</data></match></read>
		<read echo="ascii"><delim> </delim><match><data>\x3E </data></match></read>
		<write echo="ascii"><data>iq2Cb = EwP58n2 ~ l07xPv\n</data></write>
		<read echo="ascii"><delim> </delim><match><data>\x3E </data></match></read>
		<write echo="ascii"><data>MPwxJUB = omobSq + l07xPv\n</data></write>
		<read echo="ascii"><delim> </delim><match><data>\x3E </data></match></read>
		<write echo="ascii"><data>iw6qR = |"ya","PK","h","a3b8Y"|~|"29ya","PK","z5Shcyf","dr4IYp","a3b8Y","mM6Az"|\n</data></write>
		<read echo="ascii"><delim> </delim><match><data>\x3E </data></match></read>
		<write echo="ascii"><data>x1ZUm = |"dQc","n","ryr","28B3OK","ZHicwWK","j"|~|"zHY2","iFTk","al"|\n</data></write>
		<read echo="ascii"><delim> </delim><match><data>\x3E </data></match></read>
		<write echo="ascii"><data>FlrfZ = |"em7L","myJ","RpGf","stY","MZv2pk","f4m5","1pxM","7Stj","D6UH"|\n</data></write>
		<read echo="ascii"><delim> </delim><match><data>\x3E </data></match></read>
		<write echo="ascii"><data>rYPOg = |"stY","1pxM","RpGf","em7L","myJ","7Stj","8iR7QODJX1"|\n</data></write>
		<read echo="ascii"><delim> </delim><match><data>\x3E </data></match></read>
		<write echo="ascii"><data>rYPOg@FlrfZ\n</data></write>
		<read echo="ascii"><delim>\n</delim><match><data>FALSE\n</data></match></read>
		<read echo="ascii"><delim> </delim><match><data>\x3E </data></match></read>
		<write echo="ascii"><data>sqK3cY = |"OKOjOkH"|+|"LHdPv","Cpq","oQE","Ff","VKAuNOe","JA3JNrV"|\n</data></write>
		<read echo="ascii"><delim> </delim><match><data>\x3E </data></match></read>
		<write echo="ascii"><data>uuAgrOr = |"BkLM","lvRKG","BLE","GsKwP","HxTBAKE","OYmlt"|~|"HZqf"|\n</data></write>
		<read echo="ascii"><delim> </delim><match><data>\x3E </data></match></read>
		<write echo="ascii"><data>bHbKak = iq2Cb - uuAgrOr\n</data></write>
		<read echo="ascii"><delim> </delim><match><data>\x3E </data></match></read>
		<write echo="ascii"><data>SGthsS = bHbKak ~ bHbKak\n</data></write>
		<read echo="ascii"><delim> </delim><match><data>\x3E </data></match></read>
		<write echo="ascii"><data>.p\n</data></write>
<read echo="ascii"><delim>\n</delim><match><data>l07xPv = |"Bd5","F4ov"|\n</data></match></read>
<read echo="ascii"><delim>\n</delim><match><data>CVVz8 = |"tmc","SN3qh","sezeY","i9","99Ek","IGFQZ","G0"|\n</data></match></read>
<read echo="ascii"><delim>\n</delim><match><data>omobSq = |"99Ek","G0","IGFQZ","i9","LUAE2wRWUV"|\n</data></match></read>
<read echo="ascii"><delim>\n</delim><match><data>EwP58n2 = |"U0mcXh","6eclEe","O0t4BA","k7ieAK","fTHQfl","cTySq","rw05uO","v7R","KqU1"|\n</data></match></read>
<read echo="ascii"><delim>\n</delim><match><data>BXxChcJ = |"rw05uO","O0t4BA","6eclEe"|\n</data></match></read>
<read echo="ascii"><delim>\n</delim><match><data>iq2Cb = |"U0mcXh","6eclEe","O0t4BA","k7ieAK","fTHQfl","cTySq","rw05uO","v7R","KqU1","Bd5","F4ov"|\n</data></match></read>
<read echo="ascii"><delim>\n</delim><match><data>MPwxJUB = |"99Ek","G0","IGFQZ","i9","LUAE2wRWUV","Bd5","F4ov"|\n</data></match></read>
<read echo="ascii"><delim>\n</delim><match><data>iw6qR = |"ya","h","29ya","z5Shcyf","dr4IYp","mM6Az"|\n</data></match></read>
<read echo="ascii"><delim>\n</delim><match><data>x1ZUm = |"dQc","n","ryr","28B3OK","ZHicwWK","j","zHY2","iFTk","al"|\n</data></match></read>
<read echo="ascii"><delim>\n</delim><match><data>FlrfZ = |"em7L","myJ","RpGf","stY","MZv2pk","f4m5","1pxM","7Stj","D6UH"|\n</data></match></read>
<read echo="ascii"><delim>\n</delim><match><data>rYPOg = |"stY","1pxM","RpGf","em7L","myJ","7Stj","8iR7QODJX1"|\n</data></match></read>
<read echo="ascii"><delim>\n</delim><match><data>sqK3cY = |"OKOjOkH","LHdPv","Cpq","oQE","Ff","VKAuNOe","JA3JNrV"|\n</data></match></read>
<read echo="ascii"><delim>\n</delim><match><data>uuAgrOr = |"BkLM","lvRKG","BLE","GsKwP","HxTBAKE","OYmlt","HZqf"|\n</data></match></read>
<read echo="ascii"><delim>\n</delim><match><data>bHbKak = |"U0mcXh","6eclEe","O0t4BA","k7ieAK","fTHQfl","cTySq","rw05uO","v7R","KqU1","Bd5","F4ov"|\n</data></match></read>
<read echo="ascii"><delim>\n</delim><match><data>SGthsS = ||\n</data></match></read>
		<read echo="ascii"><delim> </delim><match><data>\x3E </data></match></read>
		<write echo="ascii"><data>.l\n</data></write>
	</replay>
</pov>
