<?xml version="1.0" standalone="no" ?>
<!DOCTYPE pov SYSTEM "/usr/share/cgc-docs/replay.dtd"><pov>
	<cbid>CROMU_00011</cbid>
	<replay>
		<read echo="ascii"><delim> </delim><match><data>\x3E </data></match></read>
		<write echo="ascii"><data>VNbSH = |"4eA8"|~|"U","Rf7AA4"|\n</data></write>
		<read echo="ascii"><delim> </delim><match><data>\x3E </data></match></read>
		<write echo="ascii"><data>lgKL5zl = VNbSH ^ VNbSH\n</data></write>
		<read echo="ascii"><delim> </delim><match><data>\x3E </data></match></read>
		<write echo="ascii"><data>cOpII = lgKL5zl - VNbSH\n</data></write>
		<read echo="ascii"><delim> </delim><match><data>\x3E </data></match></read>
		<write echo="ascii"><data>4bUKF = cOpII + lgKL5zl\n</data></write>
		<read echo="ascii"><delim> </delim><match><data>\x3E </data></match></read>
		<write echo="ascii"><data>bCiH5 = lgKL5zl + lgKL5zl\n</data></write>
		<read echo="ascii"><delim> </delim><match><data>\x3E </data></match></read>
		<write echo="ascii"><data>0NBKt = 4bUKF + VNbSH\n</data></write>
		<read echo="ascii"><delim> </delim><match><data>\x3E </data></match></read>
		<write echo="ascii"><data>UUfYS = 4bUKF ~ 0NBKt\n</data></write>
		<read echo="ascii"><delim> </delim><match><data>\x3E </data></match></read>
		<write echo="ascii"><data>yyDvnQA = |"mksu","k6hpglk","ZDAjhh0"|-|"k6hpglk","nbLPFWl","C"|\n</data></write>
		<read echo="ascii"><delim> </delim><match><data>\x3E </data></match></read>
		<write echo="ascii"><data>RjyZ3 = |"XPt","O8g","Vr5egz","pbuuZYW","75","0K0U","AK8"|\n</data></write>
		<read echo="ascii"><delim> </delim><match><data>\x3E </data></match></read>
		<write echo="ascii"><data>0y91s = |"O8g"|\n</data></write>
		<read echo="ascii"><delim> </delim><match><data>\x3E </data></match></read>
		<write echo="ascii"><data>0y91s@RjyZ3\n</data></write>
		<read echo="ascii"><delim>\n</delim><match><data>TRUE\n</data></match></read>
		<read echo="ascii"><delim> </delim><match><data>\x3E </data></match></read>
		<write echo="ascii"><data>.p\n</data></write>
<read echo="ascii"><delim>\n</delim><match><data>VNbSH = |"4eA8","U","Rf7AA4"|\n</data></match></read>
<read echo="ascii"><delim>\n</delim><match><data>lgKL5zl = |"4eA8","U","Rf7AA4"|\n</data></match></read>
<read echo="ascii"><delim>\n</delim><match><data>cOpII = ||\n</data></match></read>
<read echo="ascii"><delim>\n</delim><match><data>4bUKF = |"4eA8","U","Rf7AA4"|\n</data></match></read>
<read echo="ascii"><delim>\n</delim><match><data>bCiH5 = |"4eA8","U","Rf7AA4"|\n</data></match></read>
<read echo="ascii"><delim>\n</delim><match><data>0NBKt = |"4eA8","U","Rf7AA4"|\n</data></match></read>
<read echo="ascii"><delim>\n</delim><match><data>UUfYS = ||\n</data></match></read>
<read echo="ascii"><delim>\n</delim><match><data>yyDvnQA = |"mksu","ZDAjhh0"|\n</data></match></read>
<read echo="ascii"><delim>\n</delim><match><data>RjyZ3 = |"XPt","O8g","Vr5egz","pbuuZYW","75","0K0U","AK8"|\n</data></match></read>
<read echo="ascii"><delim>\n</delim><match><data>0y91s = |"O8g"|\n</data></match></read>
		<read echo="ascii"><delim> </delim><match><data>\x3E </data></match></read>
		<write echo="ascii"><data>.l\n</data></write>
	</replay>
</pov>
