<?xml version="1.0" standalone="no" ?>
<!DOCTYPE pov SYSTEM "/usr/share/cgc-docs/replay.dtd"><pov>
	<cbid>CROMU_00011</cbid>
	<replay>
		<read echo="ascii"><delim> </delim><match><data>\x3E </data></match></read>
		<write echo="ascii"><data>kfMlfe = |"lXV9RJ","W9D","rHpOI7K","v5MbOa","3PF","D2o"|\n</data></write>
		<read echo="ascii"><delim> </delim><match><data>\x3E </data></match></read>
		<write echo="ascii"><data>eenrStE = |"D2o","8CekmqpCYf"|\n</data></write>
		<read echo="ascii"><delim> </delim><match><data>\x3E </data></match></read>
		<write echo="ascii"><data>eenrStE@kfMlfe\n</data></write>
		<read echo="ascii"><delim>\n</delim><match><data>FALSE\n</data></match></read>
		<read echo="ascii"><delim> </delim><match><data>\x3E </data></match></read>
		<write echo="ascii"><data>3cEk9LO = kfMlfe ~ kfMlfe\n</data></write>
		<read echo="ascii"><delim> </delim><match><data>\x3E </data></match></read>
		<write echo="ascii"><data>ACH91TI = |"oiDSqQ","7KdIg","Tvk6W","cL"|-|"c","MWkzl","K1UOf5g","haCyzn","U9","GdU9","vx"|\n</data></write>
		<read echo="ascii"><delim> </delim><match><data>\x3E </data></match></read>
		<write echo="ascii"><data>ft3wBAV = kfMlfe ~ kfMlfe\n</data></write>
		<read echo="ascii"><delim> </delim><match><data>\x3E </data></match></read>
		<write echo="ascii"><data>zXOM9Fdngr = eenrStE ^ kfMlfe\n</data></write>
		<read echo="ascii"><delim> </delim><match><data>\x3E </data></match></read>
		<write echo="ascii"><data>Rtm01 = |"lTP","qM5TW","2RY3fJH","Uo1ZY0","C9WdF"|^|"lTP","c3hcNk"|\n</data></write>
		<read echo="ascii"><delim> </delim><match><data>\x3E </data></match></read>
		<write echo="ascii"><data>e3bMRd = |"TeB","OQqgG","uNinX","DbG2","8McQV","pA","3Z9hb","r6","vzYh5wk","aTNtSI"|\n</data></write>
		<read echo="ascii"><delim> </delim><match><data>\x3E </data></match></read>
		<write echo="ascii"><data>H19Wge = |"aTNtSI","TeB","OQqgG","3Z9hb","uNinX","DbG2","8McQV","QzB0bORBJU"|\n</data></write>
		<read echo="ascii"><delim> </delim><match><data>\x3E </data></match></read>
		<write echo="ascii"><data>H19Wge@e3bMRd\n</data></write>
		<read echo="ascii"><delim>\n</delim><match><data>FALSE\n</data></match></read>
		<read echo="ascii"><delim> </delim><match><data>\x3E </data></match></read>
		<write echo="ascii"><data>YtavfLfc3 = ACH91TI ^ Rtm01\n</data></write>
		<read echo="ascii"><delim> </delim><match><data>\x3E </data></match></read>
		<write echo="ascii"><data>jBnWD = |"qg8W","TvVazNo","hkf9wHf"|^|"cD","IA9GXz","Iy","TvVazNo"|\n</data></write>
		<read echo="ascii"><delim> </delim><match><data>\x3E </data></match></read>
		<write echo="ascii"><data>FEh2R = |"to","YPt","pOxm"|-|"8","k","jFFAHC","ZqqJb"|\n</data></write>
		<read echo="ascii"><delim> </delim><match><data>\x3E </data></match></read>
		<write echo="ascii"><data>emGts = jBnWD - ft3wBAV\n</data></write>
		<read echo="ascii"><delim> </delim><match><data>\x3E </data></match></read>
		<write echo="ascii"><data>33ats = |"YqV6","4pp","mEBgyps","gSQB0u7","hpXJrGP","LBwwVY"|~|"9V","LBwwVY","dWBe","2tfu3WC","jE62Dv"|\n</data></write>
		<read echo="ascii"><delim> </delim><match><data>\x3E </data></match></read>
		<write echo="ascii"><data>qQiVSSj = |"4nvIH","ZLH9","c","i","yMq4","wfZAJ3"|+|"PDfn","F","J0","MT7","vIMy","wkw3","tYyV6wZ"|\n</data></write>
		<read echo="ascii"><delim> </delim><match><data>\x3E </data></match></read>
		<write echo="ascii"><data>FZwxsSF = |"xTQWh","JyUFqKW","dgG","fWvd8W","xjHu","yutWgT"|\n</data></write>
		<read echo="ascii"><delim> </delim><match><data>\x3E </data></match></read>
		<write echo="ascii"><data>PTUeuxT = |"JyUFqKW","dgG","xjHu"|\n</data></write>
		<read echo="ascii"><delim> </delim><match><data>\x3E </data></match></read>
		<write echo="ascii"><data>PTUeuxT@FZwxsSF\n</data></write>
		<read echo="ascii"><delim>\n</delim><match><data>TRUE\n</data></match></read>
		<read echo="ascii"><delim> </delim><match><data>\x3E </data></match></read>
		<write echo="ascii"><data>.p\n</data></write>
<read echo="ascii"><delim>\n</delim><match><data>kfMlfe = |"lXV9RJ","W9D","rHpOI7K","v5MbOa","3PF","D2o"|\n</data></match></read>
<read echo="ascii"><delim>\n</delim><match><data>eenrStE = |"D2o","8CekmqpCYf"|\n</data></match></read>
<read echo="ascii"><delim>\n</delim><match><data>3cEk9LO = ||\n</data></match></read>
<read echo="ascii"><delim>\n</delim><match><data>ACH91TI = |"oiDSqQ","7KdIg","Tvk6W","cL"|\n</data></match></read>
<read echo="ascii"><delim>\n</delim><match><data>ft3wBAV = ||\n</data></match></read>
<read echo="ascii"><delim>\n</delim><match><data>zXOM9Fdngr = |"D2o"|\n</data></match></read>
<read echo="ascii"><delim>\n</delim><match><data>Rtm01 = |"lTP"|\n</data></match></read>
<read echo="ascii"><delim>\n</delim><match><data>e3bMRd = |"TeB","OQqgG","uNinX","DbG2","8McQV","pA","3Z9hb","r6","vzYh5wk","aTNtSI"|\n</data></match></read>
<read echo="ascii"><delim>\n</delim><match><data>H19Wge = |"aTNtSI","TeB","OQqgG","3Z9hb","uNinX","DbG2","8McQV","QzB0bORBJU"|\n</data></match></read>
<read echo="ascii"><delim>\n</delim><match><data>YtavfLfc3 = ||\n</data></match></read>
<read echo="ascii"><delim>\n</delim><match><data>jBnWD = |"TvVazNo"|\n</data></match></read>
<read echo="ascii"><delim>\n</delim><match><data>FEh2R = |"to","YPt","pOxm"|\n</data></match></read>
<read echo="ascii"><delim>\n</delim><match><data>emGts = |"TvVazNo"|\n</data></match></read>
<read echo="ascii"><delim>\n</delim><match><data>33ats = |"YqV6","4pp","mEBgyps","gSQB0u7","hpXJrGP","9V","dWBe","2tfu3WC","jE62Dv"|\n</data></match></read>
<read echo="ascii"><delim>\n</delim><match><data>qQiVSSj = |"4nvIH","ZLH9","c","i","yMq4","wfZAJ3","PDfn","F","J0","MT7","vIMy","wkw3","tYyV6wZ"|\n</data></match></read>
<read echo="ascii"><delim>\n</delim><match><data>FZwxsSF = |"xTQWh","JyUFqKW","dgG","fWvd8W","xjHu","yutWgT"|\n</data></match></read>
<read echo="ascii"><delim>\n</delim><match><data>PTUeuxT = |"JyUFqKW","dgG","xjHu"|\n</data></match></read>
		<read echo="ascii"><delim> </delim><match><data>\x3E </data></match></read>
		<write echo="ascii"><data>.l\n</data></write>
	</replay>
</pov>
