<?xml version="1.0" standalone="no" ?>
<!DOCTYPE pov SYSTEM "/usr/share/cgc-docs/replay.dtd"><pov>
	<cbid>CROMU_00011</cbid>
	<replay>
		<read echo="ascii"><delim> </delim><match><data>\x3E </data></match></read>
		<write echo="ascii"><data>nVlZxAI = |"bsfQ","4DOWj0","DMfD","PmR","c30J"|+|"6y4lFB","DMfD","vX9"|\n</data></write>
		<read echo="ascii"><delim> </delim><match><data>\x3E </data></match></read>
		<write echo="ascii"><data>jANHDf8NL8 = nVlZxAI ^ nVlZxAI\n</data></write>
		<read echo="ascii"><delim> </delim><match><data>\x3E </data></match></read>
		<write echo="ascii"><data>wWp23D5A = nVlZxAI ^ jANHDf8NL8\n</data></write>
		<read echo="ascii"><delim> </delim><match><data>\x3E </data></match></read>
		<write echo="ascii"><data>zolhft0 = |"rcdI","l","lEn92UO","w","aO","KTd4V","jnTyPYL"|~|"FAnBAx","k","l"|\n</data></write>
		<read echo="ascii"><delim> </delim><match><data>\x3E </data></match></read>
		<write echo="ascii"><data>P5ered = |"i0","QX","5xe","g","vA"|~|"8OHe0el","7Tx","nXI"|\n</data></write>
		<read echo="ascii"><delim> </delim><match><data>\x3E </data></match></read>
		<write echo="ascii"><data>HG8se2 = |"w4o","knrm","ny","mL1nmzV","uszz","JzUUz","P5D"|^|"P5D","9EGrFdp","4FG0af2","mqvPpRM","fpBPcGd","7m","SLGK6G"|\n</data></write>
		<read echo="ascii"><delim> </delim><match><data>\x3E </data></match></read>
		<write echo="ascii"><data>4NQJ4N2819 = zolhft0 ^ nVlZxAI\n</data></write>
		<read echo="ascii"><delim> </delim><match><data>\x3E </data></match></read>
		<write echo="ascii"><data>eQrgIe = P5ered + HG8se2\n</data></write>
		<read echo="ascii"><delim> </delim><match><data>\x3E </data></match></read>
		<write echo="ascii"><data>bLdiyVS = P5ered ^ 4NQJ4N2819\n</data></write>
		<read echo="ascii"><delim> </delim><match><data>\x3E </data></match></read>
		<write echo="ascii"><data>98piBF = P5ered + wWp23D5A\n</data></write>
		<read echo="ascii"><delim> </delim><match><data>\x3E </data></match></read>
		<write echo="ascii"><data>GXCW6Z = jANHDf8NL8 ^ nVlZxAI\n</data></write>
		<read echo="ascii"><delim> </delim><match><data>\x3E </data></match></read>
		<write echo="ascii"><data>PQS9Nk0Vh = bLdiyVS ^ bLdiyVS\n</data></write>
		<read echo="ascii"><delim> </delim><match><data>\x3E </data></match></read>
		<write echo="ascii"><data>vqxLqJ = |"wv","ENDdw8I"|^|"yj","rOv9f","EQvD"|\n</data></write>
		<read echo="ascii"><delim> </delim><match><data>\x3E </data></match></read>
		<write echo="ascii"><data>xW7aXtU = nVlZxAI - GXCW6Z\n</data></write>
		<read echo="ascii"><delim> </delim><match><data>\x3E </data></match></read>
		<write echo="ascii"><data>.p\n</data></write>
<read echo="ascii"><delim>\n</delim><match><data>nVlZxAI = |"bsfQ","4DOWj0","DMfD","PmR","c30J","6y4lFB","vX9"|\n</data></match></read>
<read echo="ascii"><delim>\n</delim><match><data>jANHDf8NL8 = |"bsfQ","4DOWj0","DMfD","PmR","c30J","6y4lFB","vX9"|\n</data></match></read>
<read echo="ascii"><delim>\n</delim><match><data>wWp23D5A = |"bsfQ","4DOWj0","DMfD","PmR","c30J","6y4lFB","vX9"|\n</data></match></read>
<read echo="ascii"><delim>\n</delim><match><data>zolhft0 = |"rcdI","lEn92UO","w","aO","KTd4V","jnTyPYL","FAnBAx","k"|\n</data></match></read>
<read echo="ascii"><delim>\n</delim><match><data>P5ered = |"i0","QX","5xe","g","vA","8OHe0el","7Tx","nXI"|\n</data></match></read>
<read echo="ascii"><delim>\n</delim><match><data>HG8se2 = |"P5D"|\n</data></match></read>
<read echo="ascii"><delim>\n</delim><match><data>4NQJ4N2819 = ||\n</data></match></read>
<read echo="ascii"><delim>\n</delim><match><data>eQrgIe = |"i0","QX","5xe","g","vA","8OHe0el","7Tx","nXI","P5D"|\n</data></match></read>
<read echo="ascii"><delim>\n</delim><match><data>bLdiyVS = ||\n</data></match></read>
<read echo="ascii"><delim>\n</delim><match><data>98piBF = |"i0","QX","5xe","g","vA","8OHe0el","7Tx","nXI","bsfQ","4DOWj0","DMfD","PmR","c30J","6y4lFB","vX9"|\n</data></match></read>
<read echo="ascii"><delim>\n</delim><match><data>GXCW6Z = |"bsfQ","4DOWj0","DMfD","PmR","c30J","6y4lFB","vX9"|\n</data></match></read>
<read echo="ascii"><delim>\n</delim><match><data>PQS9Nk0Vh = ||\n</data></match></read>
<read echo="ascii"><delim>\n</delim><match><data>vqxLqJ = ||\n</data></match></read>
<read echo="ascii"><delim>\n</delim><match><data>xW7aXtU = ||\n</data></match></read>
		<read echo="ascii"><delim> </delim><match><data>\x3E </data></match></read>
		<write echo="ascii"><data>.l\n</data></write>
	</replay>
</pov>
