<?xml version="1.0" standalone="no" ?>
<!DOCTYPE pov SYSTEM "/usr/share/cgc-docs/replay.dtd"><pov>
	<cbid>CROMU_00011</cbid>
	<replay>
		<read echo="ascii"><delim> </delim><match><data>\x3E </data></match></read>
		<write echo="ascii"><data>xyELK = |"4C9r9aa","kx1t","kQtQIVF","Iq1uB0","JSi","xmX","jJEP","vct46H","fJAktUJ","XJK8LN"|\n</data></write>
		<read echo="ascii"><delim> </delim><match><data>\x3E </data></match></read>
		<write echo="ascii"><data>zZN2gAE = |"kx1t","XJK8LN","jJEP","vct46H","xmX","4C9r9aa","JSi","fJAktUJ","Iq1uB0"|\n</data></write>
		<read echo="ascii"><delim> </delim><match><data>\x3E </data></match></read>
		<write echo="ascii"><data>zZN2gAE@xyELK\n</data></write>
		<read echo="ascii"><delim>\n</delim><match><data>TRUE\n</data></match></read>
		<read echo="ascii"><delim> </delim><match><data>\x3E </data></match></read>
		<write echo="ascii"><data>HlWgal = |"4i2K4S","fNVJ4D","4KlS","ooihnua","W1CR","ldz","f3R7FPN"|^|"zcJSw","ldz","4KlS","W1CR","4i2K4S"|\n</data></write>
		<read echo="ascii"><delim> </delim><match><data>\x3E </data></match></read>
		<write echo="ascii"><data>GKxyP = |"D8SZp6R","ZZWvaN","FOBzDN","mi","puMF","SW53J"|\n</data></write>
		<read echo="ascii"><delim> </delim><match><data>\x3E </data></match></read>
		<write echo="ascii"><data>ZXHNj = |"ZZWvaN","mi","D8SZp6R","0OHREBJftG"|\n</data></write>
		<read echo="ascii"><delim> </delim><match><data>\x3E </data></match></read>
		<write echo="ascii"><data>ZXHNj@GKxyP\n</data></write>
		<read echo="ascii"><delim>\n</delim><match><data>FALSE\n</data></match></read>
		<read echo="ascii"><delim> </delim><match><data>\x3E </data></match></read>
		<write echo="ascii"><data>LsPxuLd = GKxyP + GKxyP\n</data></write>
		<read echo="ascii"><delim> </delim><match><data>\x3E </data></match></read>
		<write echo="ascii"><data>NQaDS4 = |"yQOg","m","d","O8ryrlo","FO0H"|+|"yQOg"|\n</data></write>
		<read echo="ascii"><delim> </delim><match><data>\x3E </data></match></read>
		<write echo="ascii"><data>OwX1qG = LsPxuLd + zZN2gAE\n</data></write>
		<read echo="ascii"><delim> </delim><match><data>\x3E </data></match></read>
		<write echo="ascii"><data>RGsOg = ZXHNj ~ LsPxuLd\n</data></write>
		<read echo="ascii"><delim> </delim><match><data>\x3E </data></match></read>
		<write echo="ascii"><data>U6XQVH = HlWgal - NQaDS4\n</data></write>
		<read echo="ascii"><delim> </delim><match><data>\x3E </data></match></read>
		<write echo="ascii"><data>Fi07hbZ = |"wz8","NSYg","swgWHjq"|+|"8n9SPq","QAwJYVI"|\n</data></write>
		<read echo="ascii"><delim> </delim><match><data>\x3E </data></match></read>
		<write echo="ascii"><data>IZiu2nB = |"uuky","8","Z5","3OPF","WDydp","0B2bV"|+|"OpOnjFu","MH","Ozru0U","y","0B2bV","Z5"|\n</data></write>
		<read echo="ascii"><delim> </delim><match><data>\x3E </data></match></read>
		<write echo="ascii"><data>VNpHm = |"mGERElR","0AdDPkz","uGnd4u","Jr0k","rfjz6g","wzdqH","jX","lt7","TCeoAi"|\n</data></write>
		<read echo="ascii"><delim> </delim><match><data>\x3E </data></match></read>
		<write echo="ascii"><data>sT3J7z6 = |"TCeoAi","uGnd4u","jX","mGERElR","0AdDPkz"|\n</data></write>
		<read echo="ascii"><delim> </delim><match><data>\x3E </data></match></read>
		<write echo="ascii"><data>sT3J7z6@VNpHm\n</data></write>
		<read echo="ascii"><delim>\n</delim><match><data>TRUE\n</data></match></read>
		<read echo="ascii"><delim> </delim><match><data>\x3E </data></match></read>
		<write echo="ascii"><data>sh9KO = sT3J7z6 + ZXHNj\n</data></write>
		<read echo="ascii"><delim> </delim><match><data>\x3E </data></match></read>
		<write echo="ascii"><data>3tImw = |"cM","DNaw96v","yk1pGN","DetQ","4AAJG","C83"|\n</data></write>
		<read echo="ascii"><delim> </delim><match><data>\x3E </data></match></read>
		<write echo="ascii"><data>CND2Wx = |"DetQ"|\n</data></write>
		<read echo="ascii"><delim> </delim><match><data>\x3E </data></match></read>
		<write echo="ascii"><data>CND2Wx@3tImw\n</data></write>
		<read echo="ascii"><delim>\n</delim><match><data>TRUE\n</data></match></read>
		<read echo="ascii"><delim> </delim><match><data>\x3E </data></match></read>
		<write echo="ascii"><data>suIb6 = IZiu2nB - 3tImw\n</data></write>
		<read echo="ascii"><delim> </delim><match><data>\x3E </data></match></read>
		<write echo="ascii"><data>vt1bdPg = CND2Wx ~ LsPxuLd\n</data></write>
		<read echo="ascii"><delim> </delim><match><data>\x3E </data></match></read>
		<write echo="ascii"><data>.p\n</data></write>
<read echo="ascii"><delim>\n</delim><match><data>xyELK = |"4C9r9aa","kx1t","kQtQIVF","Iq1uB0","JSi","xmX","jJEP","vct46H","fJAktUJ","XJK8LN"|\n</data></match></read>
<read echo="ascii"><delim>\n</delim><match><data>zZN2gAE = |"kx1t","XJK8LN","jJEP","vct46H","xmX","4C9r9aa","JSi","fJAktUJ","Iq1uB0"|\n</data></match></read>
<read echo="ascii"><delim>\n</delim><match><data>HlWgal = |"4i2K4S","4KlS","W1CR","ldz"|\n</data></match></read>
<read echo="ascii"><delim>\n</delim><match><data>GKxyP = |"D8SZp6R","ZZWvaN","FOBzDN","mi","puMF","SW53J"|\n</data></match></read>
<read echo="ascii"><delim>\n</delim><match><data>ZXHNj = |"ZZWvaN","mi","D8SZp6R","0OHREBJftG"|\n</data></match></read>
<read echo="ascii"><delim>\n</delim><match><data>LsPxuLd = |"D8SZp6R","ZZWvaN","FOBzDN","mi","puMF","SW53J"|\n</data></match></read>
<read echo="ascii"><delim>\n</delim><match><data>NQaDS4 = |"yQOg","m","d","O8ryrlo","FO0H"|\n</data></match></read>
<read echo="ascii"><delim>\n</delim><match><data>OwX1qG = |"D8SZp6R","ZZWvaN","FOBzDN","mi","puMF","SW53J","kx1t","XJK8LN","jJEP","vct46H","xmX","4C9r9aa","JSi","fJAktUJ","Iq1uB0"|\n</data></match></read>
<read echo="ascii"><delim>\n</delim><match><data>RGsOg = |"0OHREBJftG","FOBzDN","puMF","SW53J"|\n</data></match></read>
<read echo="ascii"><delim>\n</delim><match><data>U6XQVH = |"4i2K4S","4KlS","W1CR","ldz"|\n</data></match></read>
<read echo="ascii"><delim>\n</delim><match><data>Fi07hbZ = |"wz8","NSYg","swgWHjq","8n9SPq","QAwJYVI"|\n</data></match></read>
<read echo="ascii"><delim>\n</delim><match><data>IZiu2nB = |"uuky","8","Z5","3OPF","WDydp","0B2bV","OpOnjFu","MH","Ozru0U","y"|\n</data></match></read>
<read echo="ascii"><delim>\n</delim><match><data>VNpHm = |"mGERElR","0AdDPkz","uGnd4u","Jr0k","rfjz6g","wzdqH","jX","lt7","TCeoAi"|\n</data></match></read>
<read echo="ascii"><delim>\n</delim><match><data>sT3J7z6 = |"TCeoAi","uGnd4u","jX","mGERElR","0AdDPkz"|\n</data></match></read>
<read echo="ascii"><delim>\n</delim><match><data>sh9KO = |"TCeoAi","uGnd4u","jX","mGERElR","0AdDPkz","ZZWvaN","mi","D8SZp6R","0OHREBJftG"|\n</data></match></read>
<read echo="ascii"><delim>\n</delim><match><data>3tImw = |"cM","DNaw96v","yk1pGN","DetQ","4AAJG","C83"|\n</data></match></read>
<read echo="ascii"><delim>\n</delim><match><data>CND2Wx = |"DetQ"|\n</data></match></read>
<read echo="ascii"><delim>\n</delim><match><data>suIb6 = |"uuky","8","Z5","3OPF","WDydp","0B2bV","OpOnjFu","MH","Ozru0U","y"|\n</data></match></read>
<read echo="ascii"><delim>\n</delim><match><data>vt1bdPg = |"DetQ","D8SZp6R","ZZWvaN","FOBzDN","mi","puMF","SW53J"|\n</data></match></read>
		<read echo="ascii"><delim> </delim><match><data>\x3E </data></match></read>
		<write echo="ascii"><data>.l\n</data></write>
	</replay>
</pov>
