<?xml version="1.0" standalone="no" ?>
<!DOCTYPE pov SYSTEM "/usr/share/cgc-docs/replay.dtd"><pov>
	<cbid>CROMU_00011</cbid>
	<replay>
		<read echo="ascii"><delim> </delim><match><data>\x3E </data></match></read>
		<write echo="ascii"><data>UfooTf = |"0P","dOG","Aul","hMPmrR","J","rR5E"|-|"rR5E","bCm3QkF","hMPmrR","Ud","aWS38v","uycda","dOG"|\n</data></write>
		<read echo="ascii"><delim> </delim><match><data>\x3E </data></match></read>
		<write echo="ascii"><data>tdLpyY = UfooTf - UfooTf\n</data></write>
		<read echo="ascii"><delim> </delim><match><data>\x3E </data></match></read>
		<write echo="ascii"><data>BQeBua = |"Y3","ZAqAxT"|^|"qHE","H99P2Za","e37P"|\n</data></write>
		<read echo="ascii"><delim> </delim><match><data>\x3E </data></match></read>
		<write echo="ascii"><data>dOVzv = |"zraGvq","LSA3p","81","VwFZBg","sj1xJlp","jsJP","EJv","fDCa","6H","X8pMEVF"|\n</data></write>
		<read echo="ascii"><delim> </delim><match><data>\x3E </data></match></read>
		<write echo="ascii"><data>CkjVE = |"X8pMEVF","VwFZBg","6H"|\n</data></write>
		<read echo="ascii"><delim> </delim><match><data>\x3E </data></match></read>
		<write echo="ascii"><data>CkjVE@dOVzv\n</data></write>
		<read echo="ascii"><delim>\n</delim><match><data>TRUE\n</data></match></read>
		<read echo="ascii"><delim> </delim><match><data>\x3E </data></match></read>
		<write echo="ascii"><data>PTeGs = |"7wGGjEC","YXe4Z","PBy5","VUX"|-|"p1i3","o2fv7","RfXh","4M"|\n</data></write>
		<read echo="ascii"><delim> </delim><match><data>\x3E </data></match></read>
		<write echo="ascii"><data>cGpykg = tdLpyY ^ dOVzv\n</data></write>
		<read echo="ascii"><delim> </delim><match><data>\x3E </data></match></read>
		<write echo="ascii"><data>D3HFZ = tdLpyY ~ PTeGs\n</data></write>
		<read echo="ascii"><delim> </delim><match><data>\x3E </data></match></read>
		<write echo="ascii"><data>lKdWxzX = |"MkS","rsav","zhFRG","f2tv","Bp0Ww","0jrDvK8","65xj"|^|"65xj"|\n</data></write>
		<read echo="ascii"><delim> </delim><match><data>\x3E </data></match></read>
		<write echo="ascii"><data>.p\n</data></write>
<read echo="ascii"><delim>\n</delim><match><data>UfooTf = |"0P","Aul","J"|\n</data></match></read>
<read echo="ascii"><delim>\n</delim><match><data>tdLpyY = ||\n</data></match></read>
<read echo="ascii"><delim>\n</delim><match><data>BQeBua = ||\n</data></match></read>
<read echo="ascii"><delim>\n</delim><match><data>dOVzv = |"zraGvq","LSA3p","81","VwFZBg","sj1xJlp","jsJP","EJv","fDCa","6H","X8pMEVF"|\n</data></match></read>
<read echo="ascii"><delim>\n</delim><match><data>CkjVE = |"X8pMEVF","VwFZBg","6H"|\n</data></match></read>
<read echo="ascii"><delim>\n</delim><match><data>PTeGs = |"7wGGjEC","YXe4Z","PBy5","VUX"|\n</data></match></read>
<read echo="ascii"><delim>\n</delim><match><data>cGpykg = ||\n</data></match></read>
<read echo="ascii"><delim>\n</delim><match><data>D3HFZ = |"7wGGjEC","YXe4Z","PBy5","VUX"|\n</data></match></read>
<read echo="ascii"><delim>\n</delim><match><data>lKdWxzX = |"65xj"|\n</data></match></read>
		<read echo="ascii"><delim> </delim><match><data>\x3E </data></match></read>
		<write echo="ascii"><data>.l\n</data></write>
	</replay>
</pov>
