<?xml version="1.0" standalone="no" ?>
<!DOCTYPE pov SYSTEM "/usr/share/cgc-docs/replay.dtd"><pov>
	<cbid>CROMU_00011</cbid>
	<replay>
		<read echo="ascii"><delim> </delim><match><data>\x3E </data></match></read>
		<write echo="ascii"><data>wxDkTQ = |"Rfzf8s","wibZwVO","Rp","agrnu","hoZyGHN","0u","zyOdjy","xV","1K"|\n</data></write>
		<read echo="ascii"><delim> </delim><match><data>\x3E </data></match></read>
		<write echo="ascii"><data>4N4wvIF = |"1K","wibZwVO","agrnu","xV"|\n</data></write>
		<read echo="ascii"><delim> </delim><match><data>\x3E </data></match></read>
		<write echo="ascii"><data>4N4wvIF@wxDkTQ\n</data></write>
		<read echo="ascii"><delim>\n</delim><match><data>TRUE\n</data></match></read>
		<read echo="ascii"><delim> </delim><match><data>\x3E </data></match></read>
		<write echo="ascii"><data>Ol8JalY = |"hWuQ6","A0m","PzPO","4GEKg","OVq2J"|-|"e9K","LV","OVq2J","3SuhhQ","A0m","hWuQ6"|\n</data></write>
		<read echo="ascii"><delim> </delim><match><data>\x3E </data></match></read>
		<write echo="ascii"><data>bTV6U8F = 4N4wvIF - wxDkTQ\n</data></write>
		<read echo="ascii"><delim> </delim><match><data>\x3E </data></match></read>
		<write echo="ascii"><data>Z7ytNvY = |"xThiJn","8"|+|"mnnKdC","git","Ph","jH","8p","xThiJn","F"|\n</data></write>
		<read echo="ascii"><delim> </delim><match><data>\x3E </data></match></read>
		<write echo="ascii"><data>N1DErtu = |"nq","yDW5im","1jqOP"|-|"x","pZ","cNz6gu"|\n</data></write>
		<read echo="ascii"><delim> </delim><match><data>\x3E </data></match></read>
		<write echo="ascii"><data>Ap2CvtLNF = bTV6U8F ^ Ol8JalY\n</data></write>
		<read echo="ascii"><delim> </delim><match><data>\x3E </data></match></read>
		<write echo="ascii"><data>rcVD0xg = |"HLQNl","Tg8mG8","3oIB","SYDFvsm","f0"|+|"DgyBzB","x"|\n</data></write>
		<read echo="ascii"><delim> </delim><match><data>\x3E </data></match></read>
		<write echo="ascii"><data>ApYeD = rcVD0xg - N1DErtu\n</data></write>
		<read echo="ascii"><delim> </delim><match><data>\x3E </data></match></read>
		<write echo="ascii"><data>kIsZi9 = |"XC9s","ZX3BWHu","c","sI","R"|~|"c","SJR7iFQ","Y2Yp","LvfIf"|\n</data></write>
		<read echo="ascii"><delim> </delim><match><data>\x3E </data></match></read>
		<write echo="ascii"><data>nDVnT4e = |"9R9","87kb9a","UGkHX1u","n0","enV3eJN","JOiW","KkvqDS","Is"|\n</data></write>
		<read echo="ascii"><delim> </delim><match><data>\x3E </data></match></read>
		<write echo="ascii"><data>enxq6L = |"JOiW","enV3eJN","KkvqDS"|\n</data></write>
		<read echo="ascii"><delim> </delim><match><data>\x3E </data></match></read>
		<write echo="ascii"><data>enxq6L@nDVnT4e\n</data></write>
		<read echo="ascii"><delim>\n</delim><match><data>TRUE\n</data></match></read>
		<read echo="ascii"><delim> </delim><match><data>\x3E </data></match></read>
		<write echo="ascii"><data>5DUwhCB = |"xA","WL0","if","W76g","N1J","KCM"|\n</data></write>
		<read echo="ascii"><delim> </delim><match><data>\x3E </data></match></read>
		<write echo="ascii"><data>VA8TLf = |"N1J","W76g","KCM","if","WL0"|\n</data></write>
		<read echo="ascii"><delim> </delim><match><data>\x3E </data></match></read>
		<write echo="ascii"><data>VA8TLf@5DUwhCB\n</data></write>
		<read echo="ascii"><delim>\n</delim><match><data>TRUE\n</data></match></read>
		<read echo="ascii"><delim> </delim><match><data>\x3E </data></match></read>
		<write echo="ascii"><data>0d9Az8y = Z7ytNvY - kIsZi9\n</data></write>
		<read echo="ascii"><delim> </delim><match><data>\x3E </data></match></read>
		<write echo="ascii"><data>ZKomey = |"YtQrQ","5uaA","U","RjnC"|-|"m","3rBn","ukFDmTi"|\n</data></write>
		<read echo="ascii"><delim> </delim><match><data>\x3E </data></match></read>
		<write echo="ascii"><data>nwlRvP = |"q0Qh","XPC5","otvq","P35","me31","mv"|-|"hfM","EH","oVlo","akRPYG","q0Qh"|\n</data></write>
		<read echo="ascii"><delim> </delim><match><data>\x3E </data></match></read>
		<write echo="ascii"><data>.p\n</data></write>
<read echo="ascii"><delim>\n</delim><match><data>wxDkTQ = |"Rfzf8s","wibZwVO","Rp","agrnu","hoZyGHN","0u","zyOdjy","xV","1K"|\n</data></match></read>
<read echo="ascii"><delim>\n</delim><match><data>4N4wvIF = |"1K","wibZwVO","agrnu","xV"|\n</data></match></read>
<read echo="ascii"><delim>\n</delim><match><data>Ol8JalY = |"PzPO","4GEKg"|\n</data></match></read>
<read echo="ascii"><delim>\n</delim><match><data>bTV6U8F = ||\n</data></match></read>
<read echo="ascii"><delim>\n</delim><match><data>Z7ytNvY = |"xThiJn","8","mnnKdC","git","Ph","jH","8p","F"|\n</data></match></read>
<read echo="ascii"><delim>\n</delim><match><data>N1DErtu = |"nq","yDW5im","1jqOP"|\n</data></match></read>
<read echo="ascii"><delim>\n</delim><match><data>Ap2CvtLNF = ||\n</data></match></read>
<read echo="ascii"><delim>\n</delim><match><data>rcVD0xg = |"HLQNl","Tg8mG8","3oIB","SYDFvsm","f0","DgyBzB","x"|\n</data></match></read>
<read echo="ascii"><delim>\n</delim><match><data>ApYeD = |"HLQNl","Tg8mG8","3oIB","SYDFvsm","f0","DgyBzB","x"|\n</data></match></read>
<read echo="ascii"><delim>\n</delim><match><data>kIsZi9 = |"XC9s","ZX3BWHu","sI","R","SJR7iFQ","Y2Yp","LvfIf"|\n</data></match></read>
<read echo="ascii"><delim>\n</delim><match><data>nDVnT4e = |"9R9","87kb9a","UGkHX1u","n0","enV3eJN","JOiW","KkvqDS","Is"|\n</data></match></read>
<read echo="ascii"><delim>\n</delim><match><data>enxq6L = |"JOiW","enV3eJN","KkvqDS"|\n</data></match></read>
<read echo="ascii"><delim>\n</delim><match><data>5DUwhCB = |"xA","WL0","if","W76g","N1J","KCM"|\n</data></match></read>
<read echo="ascii"><delim>\n</delim><match><data>VA8TLf = |"N1J","W76g","KCM","if","WL0"|\n</data></match></read>
<read echo="ascii"><delim>\n</delim><match><data>0d9Az8y = |"xThiJn","8","mnnKdC","git","Ph","jH","8p","F"|\n</data></match></read>
<read echo="ascii"><delim>\n</delim><match><data>ZKomey = |"YtQrQ","5uaA","U","RjnC"|\n</data></match></read>
<read echo="ascii"><delim>\n</delim><match><data>nwlRvP = |"XPC5","otvq","P35","me31","mv"|\n</data></match></read>
		<read echo="ascii"><delim> </delim><match><data>\x3E </data></match></read>
		<write echo="ascii"><data>.l\n</data></write>
	</replay>
</pov>
