<?xml version="1.0" standalone="no" ?>
<!DOCTYPE pov SYSTEM "/usr/share/cgc-docs/replay.dtd"><pov>
	<cbid>CROMU_00011</cbid>
	<replay>
		<read echo="ascii"><delim> </delim><match><data>\x3E </data></match></read>
		<write echo="ascii"><data>LcGsM = |"TdootT","8RM7","r","B0vZ"|+|"b8rJJOx","FZ","tChVjY","0j4pm"|\n</data></write>
		<read echo="ascii"><delim> </delim><match><data>\x3E </data></match></read>
		<write echo="ascii"><data>bADu9 = |"LhfQW","QqP"|^|"3tbAFy","RLY","rHlO","Xqvj","THhJxBc"|\n</data></write>
		<read echo="ascii"><delim> </delim><match><data>\x3E </data></match></read>
		<write echo="ascii"><data>R6Pdo = LcGsM ~ bADu9\n</data></write>
		<read echo="ascii"><delim> </delim><match><data>\x3E </data></match></read>
		<write echo="ascii"><data>tcEMHxC = LcGsM ~ LcGsM\n</data></write>
		<read echo="ascii"><delim> </delim><match><data>\x3E </data></match></read>
		<write echo="ascii"><data>jwabh = |"kD","Nvi","8rpv","zLI","yP01u6s"|-|"xtg","oO","yP01u6s","n0SR","RSbNG","kD","0LYhI7S"|\n</data></write>
		<read echo="ascii"><delim> </delim><match><data>\x3E </data></match></read>
		<write echo="ascii"><data>M4n9l1D = LcGsM - jwabh\n</data></write>
		<read echo="ascii"><delim> </delim><match><data>\x3E </data></match></read>
		<write echo="ascii"><data>EgTfCIN = |"enWqC","gG8l","1y9nIj"|-|"l","drcRPz","enWqC","c7","jLxf","TA8"|\n</data></write>
		<read echo="ascii"><delim> </delim><match><data>\x3E </data></match></read>
		<write echo="ascii"><data>chegZh2pUl = EgTfCIN ^ jwabh\n</data></write>
		<read echo="ascii"><delim> </delim><match><data>\x3E </data></match></read>
		<write echo="ascii"><data>.p\n</data></write>
<read echo="ascii"><delim>\n</delim><match><data>LcGsM = |"TdootT","8RM7","r","B0vZ","b8rJJOx","FZ","tChVjY","0j4pm"|\n</data></match></read>
<read echo="ascii"><delim>\n</delim><match><data>bADu9 = ||\n</data></match></read>
<read echo="ascii"><delim>\n</delim><match><data>R6Pdo = |"TdootT","8RM7","r","B0vZ","b8rJJOx","FZ","tChVjY","0j4pm"|\n</data></match></read>
<read echo="ascii"><delim>\n</delim><match><data>tcEMHxC = ||\n</data></match></read>
<read echo="ascii"><delim>\n</delim><match><data>jwabh = |"Nvi","8rpv","zLI"|\n</data></match></read>
<read echo="ascii"><delim>\n</delim><match><data>M4n9l1D = |"TdootT","8RM7","r","B0vZ","b8rJJOx","FZ","tChVjY","0j4pm"|\n</data></match></read>
<read echo="ascii"><delim>\n</delim><match><data>EgTfCIN = |"gG8l","1y9nIj"|\n</data></match></read>
<read echo="ascii"><delim>\n</delim><match><data>chegZh2pUl = ||\n</data></match></read>
		<read echo="ascii"><delim> </delim><match><data>\x3E </data></match></read>
		<write echo="ascii"><data>.l\n</data></write>
	</replay>
</pov>
