<?xml version="1.0" standalone="no" ?>
<!DOCTYPE pov SYSTEM "/usr/share/cgc-docs/replay.dtd"><pov>
	<cbid>CROMU_00011</cbid>
	<replay>
		<read echo="ascii"><delim> </delim><match><data>\x3E </data></match></read>
		<write echo="ascii"><data>L1iliA = |"hSdID1","3d"|+|"R0B","X6","W5AerNM"|\n</data></write>
		<read echo="ascii"><delim> </delim><match><data>\x3E </data></match></read>
		<write echo="ascii"><data>DcwN53X = |"6ofQDti","rKqLNQ","DE3","zx9irIE","a","eW4S","5"|~|"ORUP","xhgvSv"|\n</data></write>
		<read echo="ascii"><delim> </delim><match><data>\x3E </data></match></read>
		<write echo="ascii"><data>VMqsMj4 = |"jegg","Gv8cQmb","UgDS"|^|"FJsyws","S5cmN","UgDS","Fn","EZz","bIOtV","Gv8cQmb"|\n</data></write>
		<read echo="ascii"><delim> </delim><match><data>\x3E </data></match></read>
		<write echo="ascii"><data>hawMex = L1iliA - VMqsMj4\n</data></write>
		<read echo="ascii"><delim> </delim><match><data>\x3E </data></match></read>
		<write echo="ascii"><data>yz1kqpa = |"CJc1","SRdAr84","YoFQwtB","QT","j1Po","Cu","HcVR9e","U3MkWd4"|\n</data></write>
		<read echo="ascii"><delim> </delim><match><data>\x3E </data></match></read>
		<write echo="ascii"><data>hdWxN7i = |"HcVR9e","SRdAr84","Cu","CJc1","YoFQwtB","QT","UqJhbyZIXb"|\n</data></write>
		<read echo="ascii"><delim> </delim><match><data>\x3E </data></match></read>
		<write echo="ascii"><data>hdWxN7i@yz1kqpa\n</data></write>
		<read echo="ascii"><delim>\n</delim><match><data>FALSE\n</data></match></read>
		<read echo="ascii"><delim> </delim><match><data>\x3E </data></match></read>
		<write echo="ascii"><data>CczrBQ = hawMex + yz1kqpa\n</data></write>
		<read echo="ascii"><delim> </delim><match><data>\x3E </data></match></read>
		<write echo="ascii"><data>ZcQ3F = hawMex - hdWxN7i\n</data></write>
		<read echo="ascii"><delim> </delim><match><data>\x3E </data></match></read>
		<write echo="ascii"><data>P5G58Fq = |"Ycm2D"|+|"FUNnI","aTf6d4N"|\n</data></write>
		<read echo="ascii"><delim> </delim><match><data>\x3E </data></match></read>
		<write echo="ascii"><data>BFEVAnP = VMqsMj4 - L1iliA\n</data></write>
		<read echo="ascii"><delim> </delim><match><data>\x3E </data></match></read>
		<write echo="ascii"><data>jjtNp = |"d1bZE","TF6","ZtZW","qwp3fJ"|+|"ZtZW","d1bZE","9Pylk"|\n</data></write>
		<read echo="ascii"><delim> </delim><match><data>\x3E </data></match></read>
		<write echo="ascii"><data>h9kUHa = VMqsMj4 + yz1kqpa\n</data></write>
		<read echo="ascii"><delim> </delim><match><data>\x3E </data></match></read>
		<write echo="ascii"><data>0Ealft = |"G5OL2B","OAXTat"|^|"s3EfAu","pn","qCpyKk"|\n</data></write>
		<read echo="ascii"><delim> </delim><match><data>\x3E </data></match></read>
		<write echo="ascii"><data>QXApQBx9 = DcwN53X ^ BFEVAnP\n</data></write>
		<read echo="ascii"><delim> </delim><match><data>\x3E </data></match></read>
		<write echo="ascii"><data>vFG10Y = |"xQ","gHaJkDD","Z9xeO6K","8qI11Bc","bsK","A2e2fF8"|~|"g5","ScTdV","vh2"|\n</data></write>
		<read echo="ascii"><delim> </delim><match><data>\x3E </data></match></read>
		<write echo="ascii"><data>.p\n</data></write>
<read echo="ascii"><delim>\n</delim><match><data>L1iliA = |"hSdID1","3d","R0B","X6","W5AerNM"|\n</data></match></read>
<read echo="ascii"><delim>\n</delim><match><data>DcwN53X = |"6ofQDti","rKqLNQ","DE3","zx9irIE","a","eW4S","5","ORUP","xhgvSv"|\n</data></match></read>
<read echo="ascii"><delim>\n</delim><match><data>VMqsMj4 = |"Gv8cQmb","UgDS"|\n</data></match></read>
<read echo="ascii"><delim>\n</delim><match><data>hawMex = |"hSdID1","3d","R0B","X6","W5AerNM"|\n</data></match></read>
<read echo="ascii"><delim>\n</delim><match><data>yz1kqpa = |"CJc1","SRdAr84","YoFQwtB","QT","j1Po","Cu","HcVR9e","U3MkWd4"|\n</data></match></read>
<read echo="ascii"><delim>\n</delim><match><data>hdWxN7i = |"HcVR9e","SRdAr84","Cu","CJc1","YoFQwtB","QT","UqJhbyZIXb"|\n</data></match></read>
<read echo="ascii"><delim>\n</delim><match><data>CczrBQ = |"hSdID1","3d","R0B","X6","W5AerNM","CJc1","SRdAr84","YoFQwtB","QT","j1Po","Cu","HcVR9e","U3MkWd4"|\n</data></match></read>
<read echo="ascii"><delim>\n</delim><match><data>ZcQ3F = |"hSdID1","3d","R0B","X6","W5AerNM"|\n</data></match></read>
<read echo="ascii"><delim>\n</delim><match><data>P5G58Fq = |"Ycm2D","FUNnI","aTf6d4N"|\n</data></match></read>
<read echo="ascii"><delim>\n</delim><match><data>BFEVAnP = |"Gv8cQmb","UgDS"|\n</data></match></read>
<read echo="ascii"><delim>\n</delim><match><data>jjtNp = |"d1bZE","TF6","ZtZW","qwp3fJ","9Pylk"|\n</data></match></read>
<read echo="ascii"><delim>\n</delim><match><data>h9kUHa = |"Gv8cQmb","UgDS","CJc1","SRdAr84","YoFQwtB","QT","j1Po","Cu","HcVR9e","U3MkWd4"|\n</data></match></read>
<read echo="ascii"><delim>\n</delim><match><data>0Ealft = ||\n</data></match></read>
<read echo="ascii"><delim>\n</delim><match><data>QXApQBx9 = ||\n</data></match></read>
<read echo="ascii"><delim>\n</delim><match><data>vFG10Y = |"xQ","gHaJkDD","Z9xeO6K","8qI11Bc","bsK","A2e2fF8","g5","ScTdV","vh2"|\n</data></match></read>
		<read echo="ascii"><delim> </delim><match><data>\x3E </data></match></read>
		<write echo="ascii"><data>.l\n</data></write>
	</replay>
</pov>
