<?xml version="1.0" standalone="no" ?>
<!DOCTYPE pov SYSTEM "/usr/share/cgc-docs/replay.dtd"><pov>
	<cbid>CROMU_00011</cbid>
	<replay>
		<read echo="ascii"><delim> </delim><match><data>\x3E </data></match></read>
		<write echo="ascii"><data>M2aoC = |"td67N5","skH8t","oOx","SP","8L9JU1","i3W4am","T57VgT","6jMu","8eNLR"|\n</data></write>
		<read echo="ascii"><delim> </delim><match><data>\x3E </data></match></read>
		<write echo="ascii"><data>RKjeszb = |"T57VgT","td67N5","8L9JU1","SP","6jMu","8eNLR","skH8t","oOx"|\n</data></write>
		<read echo="ascii"><delim> </delim><match><data>\x3E </data></match></read>
		<write echo="ascii"><data>RKjeszb@M2aoC\n</data></write>
		<read echo="ascii"><delim>\n</delim><match><data>TRUE\n</data></match></read>
		<read echo="ascii"><delim> </delim><match><data>\x3E </data></match></read>
		<write echo="ascii"><data>ACZ2p8 = M2aoC + M2aoC\n</data></write>
		<read echo="ascii"><delim> </delim><match><data>\x3E </data></match></read>
		<write echo="ascii"><data>2zAJg = |"YnJzU","wZXPz","8f","0TMts9","4nTu7s3","DGWP3YZ","APN52K","Ecvw"|\n</data></write>
		<read echo="ascii"><delim> </delim><match><data>\x3E </data></match></read>
		<write echo="ascii"><data>KEKkO = |"DGWP3YZ","YnJzU","wFqkJW2N5N"|\n</data></write>
		<read echo="ascii"><delim> </delim><match><data>\x3E </data></match></read>
		<write echo="ascii"><data>KEKkO@2zAJg\n</data></write>
		<read echo="ascii"><delim>\n</delim><match><data>FALSE\n</data></match></read>
		<read echo="ascii"><delim> </delim><match><data>\x3E </data></match></read>
		<write echo="ascii"><data>nthKUDB = RKjeszb - M2aoC\n</data></write>
		<read echo="ascii"><delim> </delim><match><data>\x3E </data></match></read>
		<write echo="ascii"><data>RpnQS = 2zAJg - KEKkO\n</data></write>
		<read echo="ascii"><delim> </delim><match><data>\x3E </data></match></read>
		<write echo="ascii"><data>DxWgjn = |"7CjYt0H","k82lFz","G","lmr","T4m","cXN"|~|"Ak","BF"|\n</data></write>
		<read echo="ascii"><delim> </delim><match><data>\x3E </data></match></read>
		<write echo="ascii"><data>R9Hw2O = |"y8","MCQ","hDVK","diD","Znk5IX"|~|"vLlITi","Znk5IX","BTZb","rw5Y","1Xk","hDVK"|\n</data></write>
		<read echo="ascii"><delim> </delim><match><data>\x3E </data></match></read>
		<write echo="ascii"><data>508Qx0B = |"1xczR","w0","fb2Hsx","F50jZ","Tiq","H87EjAC"|\n</data></write>
		<read echo="ascii"><delim> </delim><match><data>\x3E </data></match></read>
		<write echo="ascii"><data>LgdXBjt = |"H87EjAC","Wa79miW8kN"|\n</data></write>
		<read echo="ascii"><delim> </delim><match><data>\x3E </data></match></read>
		<write echo="ascii"><data>LgdXBjt@508Qx0B\n</data></write>
		<read echo="ascii"><delim>\n</delim><match><data>FALSE\n</data></match></read>
		<read echo="ascii"><delim> </delim><match><data>\x3E </data></match></read>
		<write echo="ascii"><data>7aDXDCc = |"Ht7Dt","BRAGX","r4ZA"|-|"l01","gxL","BRAGX","BQgSnEP","9qH","QRIEJ4F"|\n</data></write>
		<read echo="ascii"><delim> </delim><match><data>\x3E </data></match></read>
		<write echo="ascii"><data>C3ZVb = |"Vn6","lHw2arD","uR","yb7Yrz","6z2wmQ"|~|"o0QKHu","uR","4CXl","L087","fzgT"|\n</data></write>
		<read echo="ascii"><delim> </delim><match><data>\x3E </data></match></read>
		<write echo="ascii"><data>.p\n</data></write>
<read echo="ascii"><delim>\n</delim><match><data>M2aoC = |"td67N5","skH8t","oOx","SP","8L9JU1","i3W4am","T57VgT","6jMu","8eNLR"|\n</data></match></read>
<read echo="ascii"><delim>\n</delim><match><data>RKjeszb = |"T57VgT","td67N5","8L9JU1","SP","6jMu","8eNLR","skH8t","oOx"|\n</data></match></read>
<read echo="ascii"><delim>\n</delim><match><data>ACZ2p8 = |"td67N5","skH8t","oOx","SP","8L9JU1","i3W4am","T57VgT","6jMu","8eNLR"|\n</data></match></read>
<read echo="ascii"><delim>\n</delim><match><data>2zAJg = |"YnJzU","wZXPz","8f","0TMts9","4nTu7s3","DGWP3YZ","APN52K","Ecvw"|\n</data></match></read>
<read echo="ascii"><delim>\n</delim><match><data>KEKkO = |"DGWP3YZ","YnJzU","wFqkJW2N5N"|\n</data></match></read>
<read echo="ascii"><delim>\n</delim><match><data>nthKUDB = ||\n</data></match></read>
<read echo="ascii"><delim>\n</delim><match><data>RpnQS = |"wZXPz","8f","0TMts9","4nTu7s3","APN52K","Ecvw"|\n</data></match></read>
<read echo="ascii"><delim>\n</delim><match><data>DxWgjn = |"7CjYt0H","k82lFz","G","lmr","T4m","cXN","Ak","BF"|\n</data></match></read>
<read echo="ascii"><delim>\n</delim><match><data>R9Hw2O = |"y8","MCQ","diD","vLlITi","BTZb","rw5Y","1Xk"|\n</data></match></read>
<read echo="ascii"><delim>\n</delim><match><data>508Qx0B = |"1xczR","w0","fb2Hsx","F50jZ","Tiq","H87EjAC"|\n</data></match></read>
<read echo="ascii"><delim>\n</delim><match><data>LgdXBjt = |"H87EjAC","Wa79miW8kN"|\n</data></match></read>
<read echo="ascii"><delim>\n</delim><match><data>7aDXDCc = |"Ht7Dt","r4ZA"|\n</data></match></read>
<read echo="ascii"><delim>\n</delim><match><data>C3ZVb = |"Vn6","lHw2arD","yb7Yrz","6z2wmQ","o0QKHu","4CXl","L087","fzgT"|\n</data></match></read>
		<read echo="ascii"><delim> </delim><match><data>\x3E </data></match></read>
		<write echo="ascii"><data>.l\n</data></write>
	</replay>
</pov>
