<?xml version="1.0" standalone="no" ?>
<!DOCTYPE pov SYSTEM "/usr/share/cgc-docs/replay.dtd"><pov>
	<cbid>CROMU_00011</cbid>
	<replay>
		<read echo="ascii"><delim> </delim><match><data>\x3E </data></match></read>
		<write echo="ascii"><data>xsa0A = |"pBZxA","2","mt","0","mGmL9Dr","7"|~|"Sx","5QXjbob","9UGX2","fuhdHy","mGmL9Dr","eb","d1Ul8"|\n</data></write>
		<read echo="ascii"><delim> </delim><match><data>\x3E </data></match></read>
		<write echo="ascii"><data>cHB4OT = |"RXC","SOT6","KE","bs","56Nw","fN59","Oqmuzu"|+|"W","F6W2a","Oqmuzu","fziiw","56Nw","FUsxT","RXC"|\n</data></write>
		<read echo="ascii"><delim> </delim><match><data>\x3E </data></match></read>
		<write echo="ascii"><data>s8f4d = cHB4OT ~ cHB4OT\n</data></write>
		<read echo="ascii"><delim> </delim><match><data>\x3E </data></match></read>
		<write echo="ascii"><data>x4YNp4p = |"3buDCv","a0oR","wB3","DPXzj8","t96caie","Cj5Eod","QrIJn","Q3RDar3","oCOA"|\n</data></write>
		<read echo="ascii"><delim> </delim><match><data>\x3E </data></match></read>
		<write echo="ascii"><data>Kc1Aq = |"a0oR","EV2F8w0fHH"|\n</data></write>
		<read echo="ascii"><delim> </delim><match><data>\x3E </data></match></read>
		<write echo="ascii"><data>Kc1Aq@x4YNp4p\n</data></write>
		<read echo="ascii"><delim>\n</delim><match><data>FALSE\n</data></match></read>
		<read echo="ascii"><delim> </delim><match><data>\x3E </data></match></read>
		<write echo="ascii"><data>aMCKCA = xsa0A - cHB4OT\n</data></write>
		<read echo="ascii"><delim> </delim><match><data>\x3E </data></match></read>
		<write echo="ascii"><data>UydkPa = |"MJTlw5","UCj","5","wMTE","2EqRMT","jI"|-|"5","KZE7","2EqRMT","HUd","iu6TL0","1ttq"|\n</data></write>
		<read echo="ascii"><delim> </delim><match><data>\x3E </data></match></read>
		<write echo="ascii"><data>lJWARLR = s8f4d ~ UydkPa\n</data></write>
		<read echo="ascii"><delim> </delim><match><data>\x3E </data></match></read>
		<write echo="ascii"><data>4SdHTdF = |"XI","Gj","9SIBjV","FoHWcRq"|^|"Sib3","9SIBjV","XI","53HOR7Y"|\n</data></write>
		<read echo="ascii"><delim> </delim><match><data>\x3E </data></match></read>
		<write echo="ascii"><data>6lwJv = cHB4OT + cHB4OT\n</data></write>
		<read echo="ascii"><delim> </delim><match><data>\x3E </data></match></read>
		<write echo="ascii"><data>Yta2OzU = |"VLDCkM","gmiAA"|+|"VaNQ","gggj1","f6","7ULFvxG"|\n</data></write>
		<read echo="ascii"><delim> </delim><match><data>\x3E </data></match></read>
		<write echo="ascii"><data>.p\n</data></write>
<read echo="ascii"><delim>\n</delim><match><data>xsa0A = |"pBZxA","2","mt","0","7","Sx","5QXjbob","9UGX2","fuhdHy","eb","d1Ul8"|\n</data></match></read>
<read echo="ascii"><delim>\n</delim><match><data>cHB4OT = |"RXC","SOT6","KE","bs","56Nw","fN59","Oqmuzu","W","F6W2a","fziiw","FUsxT"|\n</data></match></read>
<read echo="ascii"><delim>\n</delim><match><data>s8f4d = ||\n</data></match></read>
<read echo="ascii"><delim>\n</delim><match><data>x4YNp4p = |"3buDCv","a0oR","wB3","DPXzj8","t96caie","Cj5Eod","QrIJn","Q3RDar3","oCOA"|\n</data></match></read>
<read echo="ascii"><delim>\n</delim><match><data>Kc1Aq = |"a0oR","EV2F8w0fHH"|\n</data></match></read>
<read echo="ascii"><delim>\n</delim><match><data>aMCKCA = |"pBZxA","2","mt","0","7","Sx","5QXjbob","9UGX2","fuhdHy","eb","d1Ul8"|\n</data></match></read>
<read echo="ascii"><delim>\n</delim><match><data>UydkPa = |"MJTlw5","UCj","wMTE","jI"|\n</data></match></read>
<read echo="ascii"><delim>\n</delim><match><data>lJWARLR = |"MJTlw5","UCj","wMTE","jI"|\n</data></match></read>
<read echo="ascii"><delim>\n</delim><match><data>4SdHTdF = |"XI","9SIBjV"|\n</data></match></read>
<read echo="ascii"><delim>\n</delim><match><data>6lwJv = |"RXC","SOT6","KE","bs","56Nw","fN59","Oqmuzu","W","F6W2a","fziiw","FUsxT"|\n</data></match></read>
<read echo="ascii"><delim>\n</delim><match><data>Yta2OzU = |"VLDCkM","gmiAA","VaNQ","gggj1","f6","7ULFvxG"|\n</data></match></read>
		<read echo="ascii"><delim> </delim><match><data>\x3E </data></match></read>
		<write echo="ascii"><data>.l\n</data></write>
	</replay>
</pov>
