<?xml version="1.0" standalone="no" ?>
<!DOCTYPE pov SYSTEM "/usr/share/cgc-docs/replay.dtd"><pov>
	<cbid>CROMU_00011</cbid>
	<replay>
		<read echo="ascii"><delim> </delim><match><data>\x3E </data></match></read>
		<write echo="ascii"><data>weNKhM = |"X","Sb97LY","HiEoX","snoC","Hg3nXZR","5","nkJ15K"|-|"H","HiEoX","JL3k6","l0","gbnN4Tv"|\n</data></write>
		<read echo="ascii"><delim> </delim><match><data>\x3E </data></match></read>
		<write echo="ascii"><data>max8Yu = |"5dFM","cpj","3Bm6O","OVJl","g"|-|"HuL","l","5dFM","h","cpj","VUWy2J"|\n</data></write>
		<read echo="ascii"><delim> </delim><match><data>\x3E </data></match></read>
		<write echo="ascii"><data>NR9o7S = max8Yu - weNKhM\n</data></write>
		<read echo="ascii"><delim> </delim><match><data>\x3E </data></match></read>
		<write echo="ascii"><data>mU8fNh = |"IUB7A","hDo","FFz","dX6MBcJ"|~|"dX6MBcJ","RnvNad","hDo"|\n</data></write>
		<read echo="ascii"><delim> </delim><match><data>\x3E </data></match></read>
		<write echo="ascii"><data>MKPheR = |"2Oz","SSp","7ah","ew3c8jf","rHReRF","R6p","gM"|^|"2Oz","EEdAlG","R6p"|\n</data></write>
		<read echo="ascii"><delim> </delim><match><data>\x3E </data></match></read>
		<write echo="ascii"><data>0EUpe = |"7"|+|"MdIf","gMRZA","umy9P","Uh"|\n</data></write>
		<read echo="ascii"><delim> </delim><match><data>\x3E </data></match></read>
		<write echo="ascii"><data>9nMKp8 = mU8fNh - mU8fNh\n</data></write>
		<read echo="ascii"><delim> </delim><match><data>\x3E </data></match></read>
		<write echo="ascii"><data>CAdvb = 9nMKp8 ~ 0EUpe\n</data></write>
		<read echo="ascii"><delim> </delim><match><data>\x3E </data></match></read>
		<write echo="ascii"><data>t8rV4bVaw = mU8fNh ^ MKPheR\n</data></write>
		<read echo="ascii"><delim> </delim><match><data>\x3E </data></match></read>
		<write echo="ascii"><data>nCGUD = |"qh"|~|"B","6yzeT","Fmyu","oJOd","AYT"|\n</data></write>
		<read echo="ascii"><delim> </delim><match><data>\x3E </data></match></read>
		<write echo="ascii"><data>HCXXW = nCGUD ^ nCGUD\n</data></write>
		<read echo="ascii"><delim> </delim><match><data>\x3E </data></match></read>
		<write echo="ascii"><data>.p\n</data></write>
<read echo="ascii"><delim>\n</delim><match><data>weNKhM = |"X","Sb97LY","snoC","Hg3nXZR","5","nkJ15K"|\n</data></match></read>
<read echo="ascii"><delim>\n</delim><match><data>max8Yu = |"3Bm6O","OVJl","g"|\n</data></match></read>
<read echo="ascii"><delim>\n</delim><match><data>NR9o7S = |"3Bm6O","OVJl","g"|\n</data></match></read>
<read echo="ascii"><delim>\n</delim><match><data>mU8fNh = |"IUB7A","FFz","RnvNad"|\n</data></match></read>
<read echo="ascii"><delim>\n</delim><match><data>MKPheR = |"2Oz","R6p"|\n</data></match></read>
<read echo="ascii"><delim>\n</delim><match><data>0EUpe = |"7","MdIf","gMRZA","umy9P","Uh"|\n</data></match></read>
<read echo="ascii"><delim>\n</delim><match><data>9nMKp8 = ||\n</data></match></read>
<read echo="ascii"><delim>\n</delim><match><data>CAdvb = |"7","MdIf","gMRZA","umy9P","Uh"|\n</data></match></read>
<read echo="ascii"><delim>\n</delim><match><data>t8rV4bVaw = ||\n</data></match></read>
<read echo="ascii"><delim>\n</delim><match><data>nCGUD = |"qh","B","6yzeT","Fmyu","oJOd","AYT"|\n</data></match></read>
<read echo="ascii"><delim>\n</delim><match><data>HCXXW = |"qh","B","6yzeT","Fmyu","oJOd","AYT"|\n</data></match></read>
		<read echo="ascii"><delim> </delim><match><data>\x3E </data></match></read>
		<write echo="ascii"><data>.l\n</data></write>
	</replay>
</pov>
