<?xml version="1.0" standalone="no" ?>
<!DOCTYPE pov SYSTEM "/usr/share/cgc-docs/replay.dtd"><pov>
	<cbid>CROMU_00011</cbid>
	<replay>
		<read echo="ascii"><delim> </delim><match><data>\x3E </data></match></read>
		<write echo="ascii"><data>aG9sTJf = |"fQJa35","OJ","r48Qvb","OU","lSS4LHd","efnW4vR","zRY"|~|"efnW4vR","OU","prPV7"|\n</data></write>
		<read echo="ascii"><delim> </delim><match><data>\x3E </data></match></read>
		<write echo="ascii"><data>kziXBoK = |"K9l","RQP","8p","HaN","pTsgRt","KX","SU3BuNx","xIirYtE","ym2nw","Ae"|\n</data></write>
		<read echo="ascii"><delim> </delim><match><data>\x3E </data></match></read>
		<write echo="ascii"><data>wpJ5ayC = |"8p","SU3BuNx","pTsgRt","ym2nw","KX","RQP","HaN"|\n</data></write>
		<read echo="ascii"><delim> </delim><match><data>\x3E </data></match></read>
		<write echo="ascii"><data>wpJ5ayC@kziXBoK\n</data></write>
		<read echo="ascii"><delim>\n</delim><match><data>TRUE\n</data></match></read>
		<read echo="ascii"><delim> </delim><match><data>\x3E </data></match></read>
		<write echo="ascii"><data>cLYOjM = aG9sTJf ~ aG9sTJf\n</data></write>
		<read echo="ascii"><delim> </delim><match><data>\x3E </data></match></read>
		<write echo="ascii"><data>lWYpV = aG9sTJf ^ wpJ5ayC\n</data></write>
		<read echo="ascii"><delim> </delim><match><data>\x3E </data></match></read>
		<write echo="ascii"><data>IfoRh = |"sp6Tcg","yDFmzIA","ksDV","PSOb","Nl"|^|"RQFhqq","9I","Cmqhj"|\n</data></write>
		<read echo="ascii"><delim> </delim><match><data>\x3E </data></match></read>
		<write echo="ascii"><data>kb6CCLm = |"6nDgH9","svYFz","O2","zRSUoee"|^|"bYYiSH","j6J","zRSUoee","2b","GOtS","svYFz"|\n</data></write>
		<read echo="ascii"><delim> </delim><match><data>\x3E </data></match></read>
		<write echo="ascii"><data>uNCRFq = |"7NT5W","oYs0","S","RArrH","MEgQAKb","PDj"|~|"J0Nvp","7NT5W","PDj","oJx","CPUBgp","lBZPa48","G"|\n</data></write>
		<read echo="ascii"><delim> </delim><match><data>\x3E </data></match></read>
		<write echo="ascii"><data>ylLmpO = |"lDlxqm","g","i","W"|-|"cn","HsnONNh","g","M7jqfEi","DRUA","3NF","lDlxqm"|\n</data></write>
		<read echo="ascii"><delim> </delim><match><data>\x3E </data></match></read>
		<write echo="ascii"><data>E3KqEPn = |"Tj4IZy"|+|"7zpSEt","WHjsFU","e","7w4boAG","4","Tl6rHN"|\n</data></write>
		<read echo="ascii"><delim> </delim><match><data>\x3E </data></match></read>
		<write echo="ascii"><data>1hLbEv = wpJ5ayC - kziXBoK\n</data></write>
		<read echo="ascii"><delim> </delim><match><data>\x3E </data></match></read>
		<write echo="ascii"><data>qxUfQ = ylLmpO ^ E3KqEPn\n</data></write>
		<read echo="ascii"><delim> </delim><match><data>\x3E </data></match></read>
		<write echo="ascii"><data>.p\n</data></write>
<read echo="ascii"><delim>\n</delim><match><data>aG9sTJf = |"fQJa35","OJ","r48Qvb","lSS4LHd","zRY","prPV7"|\n</data></match></read>
<read echo="ascii"><delim>\n</delim><match><data>kziXBoK = |"K9l","RQP","8p","HaN","pTsgRt","KX","SU3BuNx","xIirYtE","ym2nw","Ae"|\n</data></match></read>
<read echo="ascii"><delim>\n</delim><match><data>wpJ5ayC = |"8p","SU3BuNx","pTsgRt","ym2nw","KX","RQP","HaN"|\n</data></match></read>
<read echo="ascii"><delim>\n</delim><match><data>cLYOjM = ||\n</data></match></read>
<read echo="ascii"><delim>\n</delim><match><data>lWYpV = ||\n</data></match></read>
<read echo="ascii"><delim>\n</delim><match><data>IfoRh = ||\n</data></match></read>
<read echo="ascii"><delim>\n</delim><match><data>kb6CCLm = |"svYFz","zRSUoee"|\n</data></match></read>
<read echo="ascii"><delim>\n</delim><match><data>uNCRFq = |"oYs0","S","RArrH","MEgQAKb","J0Nvp","oJx","CPUBgp","lBZPa48","G"|\n</data></match></read>
<read echo="ascii"><delim>\n</delim><match><data>ylLmpO = |"i","W"|\n</data></match></read>
<read echo="ascii"><delim>\n</delim><match><data>E3KqEPn = |"Tj4IZy","7zpSEt","WHjsFU","e","7w4boAG","4","Tl6rHN"|\n</data></match></read>
<read echo="ascii"><delim>\n</delim><match><data>1hLbEv = ||\n</data></match></read>
<read echo="ascii"><delim>\n</delim><match><data>qxUfQ = ||\n</data></match></read>
		<read echo="ascii"><delim> </delim><match><data>\x3E </data></match></read>
		<write echo="ascii"><data>.l\n</data></write>
	</replay>
</pov>
