<?xml version="1.0" standalone="no" ?>
<!DOCTYPE pov SYSTEM "/usr/share/cgc-docs/replay.dtd"><pov>
	<cbid>CROMU_00011</cbid>
	<replay>
		<read echo="ascii"><delim> </delim><match><data>\x3E </data></match></read>
		<write echo="ascii"><data>zV3Kp1 = |"Os560U","f8w2dX","6uO3thF"|~|"5ZWVIr","EI0s","eM5zht","f8w2dX","m","V","Szl"|\n</data></write>
		<read echo="ascii"><delim> </delim><match><data>\x3E </data></match></read>
		<write echo="ascii"><data>kcn4Xy = zV3Kp1 ~ zV3Kp1\n</data></write>
		<read echo="ascii"><delim> </delim><match><data>\x3E </data></match></read>
		<write echo="ascii"><data>s29aEpa = kcn4Xy - zV3Kp1\n</data></write>
		<read echo="ascii"><delim> </delim><match><data>\x3E </data></match></read>
		<write echo="ascii"><data>uMgvno50JF = s29aEpa ^ s29aEpa\n</data></write>
		<read echo="ascii"><delim> </delim><match><data>\x3E </data></match></read>
		<write echo="ascii"><data>oUmxpllY = uMgvno50JF ^ s29aEpa\n</data></write>
		<read echo="ascii"><delim> </delim><match><data>\x3E </data></match></read>
		<write echo="ascii"><data>c6Wzgs = zV3Kp1 + zV3Kp1\n</data></write>
		<read echo="ascii"><delim> </delim><match><data>\x3E </data></match></read>
		<write echo="ascii"><data>9spyPXM = kcn4Xy + c6Wzgs\n</data></write>
		<read echo="ascii"><delim> </delim><match><data>\x3E </data></match></read>
		<write echo="ascii"><data>wTxuBSFi = uMgvno50JF ^ s29aEpa\n</data></write>
		<read echo="ascii"><delim> </delim><match><data>\x3E </data></match></read>
		<write echo="ascii"><data>z2gB3TT = wTxuBSFi + wTxuBSFi\n</data></write>
		<read echo="ascii"><delim> </delim><match><data>\x3E </data></match></read>
		<write echo="ascii"><data>.p\n</data></write>
<read echo="ascii"><delim>\n</delim><match><data>zV3Kp1 = |"Os560U","6uO3thF","5ZWVIr","EI0s","eM5zht","m","V","Szl"|\n</data></match></read>
<read echo="ascii"><delim>\n</delim><match><data>kcn4Xy = ||\n</data></match></read>
<read echo="ascii"><delim>\n</delim><match><data>s29aEpa = ||\n</data></match></read>
<read echo="ascii"><delim>\n</delim><match><data>uMgvno50JF = ||\n</data></match></read>
<read echo="ascii"><delim>\n</delim><match><data>oUmxpllY = ||\n</data></match></read>
<read echo="ascii"><delim>\n</delim><match><data>c6Wzgs = |"Os560U","6uO3thF","5ZWVIr","EI0s","eM5zht","m","V","Szl"|\n</data></match></read>
<read echo="ascii"><delim>\n</delim><match><data>9spyPXM = |"Os560U","6uO3thF","5ZWVIr","EI0s","eM5zht","m","V","Szl"|\n</data></match></read>
<read echo="ascii"><delim>\n</delim><match><data>wTxuBSFi = ||\n</data></match></read>
<read echo="ascii"><delim>\n</delim><match><data>z2gB3TT = ||\n</data></match></read>
		<read echo="ascii"><delim> </delim><match><data>\x3E </data></match></read>
		<write echo="ascii"><data>.l\n</data></write>
	</replay>
</pov>
