<?xml version="1.0" standalone="no" ?>
<!DOCTYPE pov SYSTEM "/usr/share/cgc-docs/replay.dtd"><pov>
	<cbid>CROMU_00011</cbid>
	<replay>
		<read echo="ascii"><delim> </delim><match><data>\x3E </data></match></read>
		<write echo="ascii"><data>WchBg5x = |"TX","oqVxEa"|+|"8aV","BDBvP","u","2o6"|\n</data></write>
		<read echo="ascii"><delim> </delim><match><data>\x3E </data></match></read>
		<write echo="ascii"><data>3dO4Ri = |"K","bQR6uK0"|~|"v","NV5","Ddsz","3d8T7B","6j3"|\n</data></write>
		<read echo="ascii"><delim> </delim><match><data>\x3E </data></match></read>
		<write echo="ascii"><data>v21CI = |"a","p"|~|"whEFV","g9"|\n</data></write>
		<read echo="ascii"><delim> </delim><match><data>\x3E </data></match></read>
		<write echo="ascii"><data>1WDii8F = |"ZYpKg","FRW","XfeOcS","r8V","oal"|^|"Rxvx0"|\n</data></write>
		<read echo="ascii"><delim> </delim><match><data>\x3E </data></match></read>
		<write echo="ascii"><data>YkLPyIk = |"do4QP","0kxz","j5","pmIL","NVQmdZ","0saLSKR","3GJp"|+|"0kxz","Lzw","YZ","jixQwZX","cnH0n"|\n</data></write>
		<read echo="ascii"><delim> </delim><match><data>\x3E </data></match></read>
		<write echo="ascii"><data>sBNmcHJ = YkLPyIk ~ 1WDii8F\n</data></write>
		<read echo="ascii"><delim> </delim><match><data>\x3E </data></match></read>
		<write echo="ascii"><data>i7eMu7v = YkLPyIk - v21CI\n</data></write>
		<read echo="ascii"><delim> </delim><match><data>\x3E </data></match></read>
		<write echo="ascii"><data>rHmNp3DFW = i7eMu7v ^ sBNmcHJ\n</data></write>
		<read echo="ascii"><delim> </delim><match><data>\x3E </data></match></read>
		<write echo="ascii"><data>3WaYsob = |"1Pt","D","OgiAEL","XaXQD","s"|-|"86xEK","Cf","OKx3","CLXrfi"|\n</data></write>
		<read echo="ascii"><delim> </delim><match><data>\x3E </data></match></read>
		<write echo="ascii"><data>8bKTRoN = |"4fbH8"|^|"ug5vh","IwyQq","xOh","B0i","mb3YOs","8ti6"|\n</data></write>
		<read echo="ascii"><delim> </delim><match><data>\x3E </data></match></read>
		<write echo="ascii"><data>.p\n</data></write>
<read echo="ascii"><delim>\n</delim><match><data>WchBg5x = |"TX","oqVxEa","8aV","BDBvP","u","2o6"|\n</data></match></read>
<read echo="ascii"><delim>\n</delim><match><data>3dO4Ri = |"K","bQR6uK0","v","NV5","Ddsz","3d8T7B","6j3"|\n</data></match></read>
<read echo="ascii"><delim>\n</delim><match><data>v21CI = |"a","p","whEFV","g9"|\n</data></match></read>
<read echo="ascii"><delim>\n</delim><match><data>1WDii8F = ||\n</data></match></read>
<read echo="ascii"><delim>\n</delim><match><data>YkLPyIk = |"do4QP","0kxz","j5","pmIL","NVQmdZ","0saLSKR","3GJp","Lzw","YZ","jixQwZX","cnH0n"|\n</data></match></read>
<read echo="ascii"><delim>\n</delim><match><data>sBNmcHJ = |"do4QP","0kxz","j5","pmIL","NVQmdZ","0saLSKR","3GJp","Lzw","YZ","jixQwZX","cnH0n"|\n</data></match></read>
<read echo="ascii"><delim>\n</delim><match><data>i7eMu7v = |"do4QP","0kxz","j5","pmIL","NVQmdZ","0saLSKR","3GJp","Lzw","YZ","jixQwZX","cnH0n"|\n</data></match></read>
<read echo="ascii"><delim>\n</delim><match><data>rHmNp3DFW = |"do4QP","0kxz","j5","pmIL","NVQmdZ","0saLSKR","3GJp","Lzw","YZ","jixQwZX","cnH0n"|\n</data></match></read>
<read echo="ascii"><delim>\n</delim><match><data>3WaYsob = |"1Pt","D","OgiAEL","XaXQD","s"|\n</data></match></read>
<read echo="ascii"><delim>\n</delim><match><data>8bKTRoN = ||\n</data></match></read>
		<read echo="ascii"><delim> </delim><match><data>\x3E </data></match></read>
		<write echo="ascii"><data>.l\n</data></write>
	</replay>
</pov>
