<?xml version="1.0" standalone="no" ?>
<!DOCTYPE pov SYSTEM "/usr/share/cgc-docs/replay.dtd"><pov>
	<cbid>CROMU_00011</cbid>
	<replay>
		<read echo="ascii"><delim> </delim><match><data>\x3E </data></match></read>
		<write echo="ascii"><data>QUmky3p = |"hl","h1"|^|"AjscP","Mv0","zSDd","gsR"|\n</data></write>
		<read echo="ascii"><delim> </delim><match><data>\x3E </data></match></read>
		<write echo="ascii"><data>Dbr8eRGEE = QUmky3p ^ QUmky3p\n</data></write>
		<read echo="ascii"><delim> </delim><match><data>\x3E </data></match></read>
		<write echo="ascii"><data>5bgYQy9 = Dbr8eRGEE + QUmky3p\n</data></write>
		<read echo="ascii"><delim> </delim><match><data>\x3E </data></match></read>
		<write echo="ascii"><data>P1vhi = Dbr8eRGEE ~ Dbr8eRGEE\n</data></write>
		<read echo="ascii"><delim> </delim><match><data>\x3E </data></match></read>
		<write echo="ascii"><data>hlxc6q2 = |"mHBFEQ","15VoB","RkQGpZ","6ri1fJ","W2914pw","niir8dW","3fQc"|\n</data></write>
		<read echo="ascii"><delim> </delim><match><data>\x3E </data></match></read>
		<write echo="ascii"><data>pXDMt = |"3fQc","niir8dW","W2914pw","15VoB"|\n</data></write>
		<read echo="ascii"><delim> </delim><match><data>\x3E </data></match></read>
		<write echo="ascii"><data>pXDMt@hlxc6q2\n</data></write>
		<read echo="ascii"><delim>\n</delim><match><data>TRUE\n</data></match></read>
		<read echo="ascii"><delim> </delim><match><data>\x3E </data></match></read>
		<write echo="ascii"><data>poDs9A = Dbr8eRGEE ~ 5bgYQy9\n</data></write>
		<read echo="ascii"><delim> </delim><match><data>\x3E </data></match></read>
		<write echo="ascii"><data>iWqvmd = |"Ycgze","1i","SqK","07Zwr5I","5rhx","tYFLNf","6Xnle"|^|"6Xnle"|\n</data></write>
		<read echo="ascii"><delim> </delim><match><data>\x3E </data></match></read>
		<write echo="ascii"><data>qfMjlvxDqu = pXDMt ^ poDs9A\n</data></write>
		<read echo="ascii"><delim> </delim><match><data>\x3E </data></match></read>
		<write echo="ascii"><data>XAv8uIZ = |"ZE3OB"|~|"MsvAUf4","mhF","ZE3OB","KlnFQ","RA"|\n</data></write>
		<read echo="ascii"><delim> </delim><match><data>\x3E </data></match></read>
		<write echo="ascii"><data>uAcieCK = qfMjlvxDqu ~ Dbr8eRGEE\n</data></write>
		<read echo="ascii"><delim> </delim><match><data>\x3E </data></match></read>
		<write echo="ascii"><data>.p\n</data></write>
<read echo="ascii"><delim>\n</delim><match><data>QUmky3p = ||\n</data></match></read>
<read echo="ascii"><delim>\n</delim><match><data>Dbr8eRGEE = ||\n</data></match></read>
<read echo="ascii"><delim>\n</delim><match><data>5bgYQy9 = ||\n</data></match></read>
<read echo="ascii"><delim>\n</delim><match><data>P1vhi = ||\n</data></match></read>
<read echo="ascii"><delim>\n</delim><match><data>hlxc6q2 = |"mHBFEQ","15VoB","RkQGpZ","6ri1fJ","W2914pw","niir8dW","3fQc"|\n</data></match></read>
<read echo="ascii"><delim>\n</delim><match><data>pXDMt = |"3fQc","niir8dW","W2914pw","15VoB"|\n</data></match></read>
<read echo="ascii"><delim>\n</delim><match><data>poDs9A = ||\n</data></match></read>
<read echo="ascii"><delim>\n</delim><match><data>iWqvmd = |"6Xnle"|\n</data></match></read>
<read echo="ascii"><delim>\n</delim><match><data>qfMjlvxDqu = ||\n</data></match></read>
<read echo="ascii"><delim>\n</delim><match><data>XAv8uIZ = |"MsvAUf4","mhF","KlnFQ","RA"|\n</data></match></read>
<read echo="ascii"><delim>\n</delim><match><data>uAcieCK = ||\n</data></match></read>
		<read echo="ascii"><delim> </delim><match><data>\x3E </data></match></read>
		<write echo="ascii"><data>.l\n</data></write>
	</replay>
</pov>
