<?xml version="1.0" standalone="no" ?>
<!DOCTYPE pov SYSTEM "/usr/share/cgc-docs/replay.dtd"><pov>
	<cbid>CROMU_00011</cbid>
	<replay>
		<read echo="ascii"><delim> </delim><match><data>\x3E </data></match></read>
		<write echo="ascii"><data>NdRKRX6 = |"x","H9","K","T"|+|"1vNos1F"|\n</data></write>
		<read echo="ascii"><delim> </delim><match><data>\x3E </data></match></read>
		<write echo="ascii"><data>duCs1mtjUk = NdRKRX6 ^ NdRKRX6\n</data></write>
		<read echo="ascii"><delim> </delim><match><data>\x3E </data></match></read>
		<write echo="ascii"><data>GHSI7 = |"Npp","rqThka","YMd7","NmJJJj","LqJ","tQEj1"|-|"x","rqThka","SHJsu","8OH","1xG"|\n</data></write>
		<read echo="ascii"><delim> </delim><match><data>\x3E </data></match></read>
		<write echo="ascii"><data>CQLsO = |"L4","lkKshjE","DjxD","2Zzsa8p","lUaf","O6Ykc","AC3nfas","rp","ocrH","bI5b"|\n</data></write>
		<read echo="ascii"><delim> </delim><match><data>\x3E </data></match></read>
		<write echo="ascii"><data>Ai1i8i = |"rp","lUaf","O6Ykc","DjxD","L4","2Zzsa8p","AC3nfas","8QOCt4vGsY"|\n</data></write>
		<read echo="ascii"><delim> </delim><match><data>\x3E </data></match></read>
		<write echo="ascii"><data>Ai1i8i@CQLsO\n</data></write>
		<read echo="ascii"><delim>\n</delim><match><data>FALSE\n</data></match></read>
		<read echo="ascii"><delim> </delim><match><data>\x3E </data></match></read>
		<write echo="ascii"><data>6zIvi = GHSI7 - NdRKRX6\n</data></write>
		<read echo="ascii"><delim> </delim><match><data>\x3E </data></match></read>
		<write echo="ascii"><data>aQpQM4 = |"yXWC","E8FxVA","mQFNUG","c5l","ePiZXG","j3KhY","c5itAES","DzS"|\n</data></write>
		<read echo="ascii"><delim> </delim><match><data>\x3E </data></match></read>
		<write echo="ascii"><data>Ng8J5pd = |"c5l","mQFNUG","yXWC","DzS","Tok68wDL79"|\n</data></write>
		<read echo="ascii"><delim> </delim><match><data>\x3E </data></match></read>
		<write echo="ascii"><data>Ng8J5pd@aQpQM4\n</data></write>
		<read echo="ascii"><delim>\n</delim><match><data>FALSE\n</data></match></read>
		<read echo="ascii"><delim> </delim><match><data>\x3E </data></match></read>
		<write echo="ascii"><data>5BbtoJe = |"rMALg","1I6Gcb","ll","5hr","bL","SRkIQ","aDF"|-|"JlpB","S","6BG","SRkIQ","j3G","WyM15Mq","sNSB9"|\n</data></write>
		<read echo="ascii"><delim> </delim><match><data>\x3E </data></match></read>
		<write echo="ascii"><data>rNRCB = |"H3Wt","8Op2","Np3nTs","utM","h4o"|-|"h4o","nX9gdI","VyFJ4fQ","TcWrmou"|\n</data></write>
		<read echo="ascii"><delim> </delim><match><data>\x3E </data></match></read>
		<write echo="ascii"><data>S8TyPer = |"i","F8","clTRD","4UmM","fSodX1"|-|"clTRD","K","F8","VU","OpPsZ","4UmM","Y28Gjl"|\n</data></write>
		<read echo="ascii"><delim> </delim><match><data>\x3E </data></match></read>
		<write echo="ascii"><data>swcLw8 = |"it7K1","QCg","dIl26x4","0PE0k","ESL18UN","VqGlD9c","n0A","ubBlrYL","1o","Q5"|\n</data></write>
		<read echo="ascii"><delim> </delim><match><data>\x3E </data></match></read>
		<write echo="ascii"><data>QH64mp = |"dIl26x4","1o","ESL18UN","eLi9enkoWc"|\n</data></write>
		<read echo="ascii"><delim> </delim><match><data>\x3E </data></match></read>
		<write echo="ascii"><data>QH64mp@swcLw8\n</data></write>
		<read echo="ascii"><delim>\n</delim><match><data>FALSE\n</data></match></read>
		<read echo="ascii"><delim> </delim><match><data>\x3E </data></match></read>
		<write echo="ascii"><data>mRFvsS = QH64mp - swcLw8\n</data></write>
		<read echo="ascii"><delim> </delim><match><data>\x3E </data></match></read>
		<write echo="ascii"><data>FnhqS2 = |"d2LOj","a6OQEei","OxY7k","XvCOI"|^|"2Meln4","Lee","HHdkV","iGm5SXS","6Bi","t0Obp55"|\n</data></write>
		<read echo="ascii"><delim> </delim><match><data>\x3E </data></match></read>
		<write echo="ascii"><data>OFNktG = |"UN","kS8o1E"|+|"u","ql5RY37","pP4KFN"|\n</data></write>
		<read echo="ascii"><delim> </delim><match><data>\x3E </data></match></read>
		<write echo="ascii"><data>.p\n</data></write>
<read echo="ascii"><delim>\n</delim><match><data>NdRKRX6 = |"x","H9","K","T","1vNos1F"|\n</data></match></read>
<read echo="ascii"><delim>\n</delim><match><data>duCs1mtjUk = |"x","H9","K","T","1vNos1F"|\n</data></match></read>
<read echo="ascii"><delim>\n</delim><match><data>GHSI7 = |"Npp","YMd7","NmJJJj","LqJ","tQEj1"|\n</data></match></read>
<read echo="ascii"><delim>\n</delim><match><data>CQLsO = |"L4","lkKshjE","DjxD","2Zzsa8p","lUaf","O6Ykc","AC3nfas","rp","ocrH","bI5b"|\n</data></match></read>
<read echo="ascii"><delim>\n</delim><match><data>Ai1i8i = |"rp","lUaf","O6Ykc","DjxD","L4","2Zzsa8p","AC3nfas","8QOCt4vGsY"|\n</data></match></read>
<read echo="ascii"><delim>\n</delim><match><data>6zIvi = |"Npp","YMd7","NmJJJj","LqJ","tQEj1"|\n</data></match></read>
<read echo="ascii"><delim>\n</delim><match><data>aQpQM4 = |"yXWC","E8FxVA","mQFNUG","c5l","ePiZXG","j3KhY","c5itAES","DzS"|\n</data></match></read>
<read echo="ascii"><delim>\n</delim><match><data>Ng8J5pd = |"c5l","mQFNUG","yXWC","DzS","Tok68wDL79"|\n</data></match></read>
<read echo="ascii"><delim>\n</delim><match><data>5BbtoJe = |"rMALg","1I6Gcb","ll","5hr","bL","aDF"|\n</data></match></read>
<read echo="ascii"><delim>\n</delim><match><data>rNRCB = |"H3Wt","8Op2","Np3nTs","utM"|\n</data></match></read>
<read echo="ascii"><delim>\n</delim><match><data>S8TyPer = |"i","fSodX1"|\n</data></match></read>
<read echo="ascii"><delim>\n</delim><match><data>swcLw8 = |"it7K1","QCg","dIl26x4","0PE0k","ESL18UN","VqGlD9c","n0A","ubBlrYL","1o","Q5"|\n</data></match></read>
<read echo="ascii"><delim>\n</delim><match><data>QH64mp = |"dIl26x4","1o","ESL18UN","eLi9enkoWc"|\n</data></match></read>
<read echo="ascii"><delim>\n</delim><match><data>mRFvsS = |"eLi9enkoWc"|\n</data></match></read>
<read echo="ascii"><delim>\n</delim><match><data>FnhqS2 = ||\n</data></match></read>
<read echo="ascii"><delim>\n</delim><match><data>OFNktG = |"UN","kS8o1E","u","ql5RY37","pP4KFN"|\n</data></match></read>
		<read echo="ascii"><delim> </delim><match><data>\x3E </data></match></read>
		<write echo="ascii"><data>.l\n</data></write>
	</replay>
</pov>
