<?xml version="1.0" standalone="no" ?>
<!DOCTYPE pov SYSTEM "/usr/share/cgc-docs/replay.dtd"><pov>
	<cbid>CROMU_00011</cbid>
	<replay>
		<read echo="ascii"><delim> </delim><match><data>\x3E </data></match></read>
		<write echo="ascii"><data>yxwc5 = |"vTNI","hlIwC9"|^|"3lK4Mm","CE","qmRl","6bSkBak","vTNI"|\n</data></write>
		<read echo="ascii"><delim> </delim><match><data>\x3E </data></match></read>
		<write echo="ascii"><data>2VL8X = |"lCPZmF","L","Dnsa","oM2NXXD"|-|"4g","Dnsa","pjnTil","nMzEVj","QUVMM"|\n</data></write>
		<read echo="ascii"><delim> </delim><match><data>\x3E </data></match></read>
		<write echo="ascii"><data>mwip5 = |"VNLK","xnrzzyB","8JH0S","H1"|+|"Yek"|\n</data></write>
		<read echo="ascii"><delim> </delim><match><data>\x3E </data></match></read>
		<write echo="ascii"><data>0PqTb = |"cgg0","iFS","yZWr","o7mYq","puNuA0","XjdoGB","aIFC","DJpWa","9N"|\n</data></write>
		<read echo="ascii"><delim> </delim><match><data>\x3E </data></match></read>
		<write echo="ascii"><data>3uYSfmd = |"puNuA0","XjdoGB","yZWr","iFS"|\n</data></write>
		<read echo="ascii"><delim> </delim><match><data>\x3E </data></match></read>
		<write echo="ascii"><data>3uYSfmd@0PqTb\n</data></write>
		<read echo="ascii"><delim>\n</delim><match><data>TRUE\n</data></match></read>
		<read echo="ascii"><delim> </delim><match><data>\x3E </data></match></read>
		<write echo="ascii"><data>kMtFSr = mwip5 - 2VL8X\n</data></write>
		<read echo="ascii"><delim> </delim><match><data>\x3E </data></match></read>
		<write echo="ascii"><data>25Xs14 = mwip5 ~ yxwc5\n</data></write>
		<read echo="ascii"><delim> </delim><match><data>\x3E </data></match></read>
		<write echo="ascii"><data>9yjQon9 = |"B7","PH3"|^|"xyBKrkp"|\n</data></write>
		<read echo="ascii"><delim> </delim><match><data>\x3E </data></match></read>
		<write echo="ascii"><data>vaylQ = |"aYTzZK","OLINGph","Za2K","iR0","eyAn0ws","vo"|^|"aYTzZK","OLINGph","Ul","VGw5BW","ja2FSxs","C4","iR0"|\n</data></write>
		<read echo="ascii"><delim> </delim><match><data>\x3E </data></match></read>
		<write echo="ascii"><data>OX7Bx = |"CaD5X6","wgXC","LQdbXEX","dmIxl","qGc"|^|"qGc","KIC5Mtv","CaD5X6"|\n</data></write>
		<read echo="ascii"><delim> </delim><match><data>\x3E </data></match></read>
		<write echo="ascii"><data>6tFkJc = 3uYSfmd + mwip5\n</data></write>
		<read echo="ascii"><delim> </delim><match><data>\x3E </data></match></read>
		<write echo="ascii"><data>AcTqRZ = 2VL8X + 6tFkJc\n</data></write>
		<read echo="ascii"><delim> </delim><match><data>\x3E </data></match></read>
		<write echo="ascii"><data>3lXIqE = 6tFkJc ~ mwip5\n</data></write>
		<read echo="ascii"><delim> </delim><match><data>\x3E </data></match></read>
		<write echo="ascii"><data>ibYih = AcTqRZ - 0PqTb\n</data></write>
		<read echo="ascii"><delim> </delim><match><data>\x3E </data></match></read>
		<write echo="ascii"><data>.p\n</data></write>
<read echo="ascii"><delim>\n</delim><match><data>yxwc5 = |"vTNI"|\n</data></match></read>
<read echo="ascii"><delim>\n</delim><match><data>2VL8X = |"lCPZmF","L","oM2NXXD"|\n</data></match></read>
<read echo="ascii"><delim>\n</delim><match><data>mwip5 = |"VNLK","xnrzzyB","8JH0S","H1","Yek"|\n</data></match></read>
<read echo="ascii"><delim>\n</delim><match><data>0PqTb = |"cgg0","iFS","yZWr","o7mYq","puNuA0","XjdoGB","aIFC","DJpWa","9N"|\n</data></match></read>
<read echo="ascii"><delim>\n</delim><match><data>3uYSfmd = |"puNuA0","XjdoGB","yZWr","iFS"|\n</data></match></read>
<read echo="ascii"><delim>\n</delim><match><data>kMtFSr = |"VNLK","xnrzzyB","8JH0S","H1","Yek"|\n</data></match></read>
<read echo="ascii"><delim>\n</delim><match><data>25Xs14 = |"VNLK","xnrzzyB","8JH0S","H1","Yek","vTNI"|\n</data></match></read>
<read echo="ascii"><delim>\n</delim><match><data>9yjQon9 = ||\n</data></match></read>
<read echo="ascii"><delim>\n</delim><match><data>vaylQ = |"aYTzZK","OLINGph","iR0"|\n</data></match></read>
<read echo="ascii"><delim>\n</delim><match><data>OX7Bx = |"CaD5X6","qGc"|\n</data></match></read>
<read echo="ascii"><delim>\n</delim><match><data>6tFkJc = |"puNuA0","XjdoGB","yZWr","iFS","VNLK","xnrzzyB","8JH0S","H1","Yek"|\n</data></match></read>
<read echo="ascii"><delim>\n</delim><match><data>AcTqRZ = |"lCPZmF","L","oM2NXXD","puNuA0","XjdoGB","yZWr","iFS","VNLK","xnrzzyB","8JH0S","H1","Yek"|\n</data></match></read>
<read echo="ascii"><delim>\n</delim><match><data>3lXIqE = |"puNuA0","XjdoGB","yZWr","iFS"|\n</data></match></read>
<read echo="ascii"><delim>\n</delim><match><data>ibYih = |"lCPZmF","L","oM2NXXD","VNLK","xnrzzyB","8JH0S","H1","Yek"|\n</data></match></read>
		<read echo="ascii"><delim> </delim><match><data>\x3E </data></match></read>
		<write echo="ascii"><data>.l\n</data></write>
	</replay>
</pov>
