<?xml version="1.0" standalone="no" ?>
<!DOCTYPE pov SYSTEM "/usr/share/cgc-docs/replay.dtd"><pov>
	<cbid>CROMU_00011</cbid>
	<replay>
		<read echo="ascii"><delim> </delim><match><data>\x3E </data></match></read>
		<write echo="ascii"><data>Lnwcu = |"04AKkNs","X"|~|"g","8Z4","dLalF"|\n</data></write>
		<read echo="ascii"><delim> </delim><match><data>\x3E </data></match></read>
		<write echo="ascii"><data>8BdTR = |"SCu","8H","ehc","CYkW1of","MUkNS","Yyv","bfxGnr"|\n</data></write>
		<read echo="ascii"><delim> </delim><match><data>\x3E </data></match></read>
		<write echo="ascii"><data>v8ZtCaK = |"SCu","MUkNS"|\n</data></write>
		<read echo="ascii"><delim> </delim><match><data>\x3E </data></match></read>
		<write echo="ascii"><data>v8ZtCaK@8BdTR\n</data></write>
		<read echo="ascii"><delim>\n</delim><match><data>TRUE\n</data></match></read>
		<read echo="ascii"><delim> </delim><match><data>\x3E </data></match></read>
		<write echo="ascii"><data>Fzv0zNv = |"N","Acq","y","lkh1","wbg","HB","9R"|+|"u7","bOayH","IQ","9R","N","j6He7x"|\n</data></write>
		<read echo="ascii"><delim> </delim><match><data>\x3E </data></match></read>
		<write echo="ascii"><data>drf7eQI = |"Iy","U4B","CpkzO"|^|"7WnP","Rfj","8fB","7FydB","OVP5N"|\n</data></write>
		<read echo="ascii"><delim> </delim><match><data>\x3E </data></match></read>
		<write echo="ascii"><data>J8beA6p = |"kQJmcGf","mh0"|+|"iKjZ","U2E","ZHYEJr","HAz1c"|\n</data></write>
		<read echo="ascii"><delim> </delim><match><data>\x3E </data></match></read>
		<write echo="ascii"><data>Bfb70c = v8ZtCaK - J8beA6p\n</data></write>
		<read echo="ascii"><delim> </delim><match><data>\x3E </data></match></read>
		<write echo="ascii"><data>.p\n</data></write>
<read echo="ascii"><delim>\n</delim><match><data>Lnwcu = |"04AKkNs","X","g","8Z4","dLalF"|\n</data></match></read>
<read echo="ascii"><delim>\n</delim><match><data>8BdTR = |"SCu","8H","ehc","CYkW1of","MUkNS","Yyv","bfxGnr"|\n</data></match></read>
<read echo="ascii"><delim>\n</delim><match><data>v8ZtCaK = |"SCu","MUkNS"|\n</data></match></read>
<read echo="ascii"><delim>\n</delim><match><data>Fzv0zNv = |"N","Acq","y","lkh1","wbg","HB","9R","u7","bOayH","IQ","j6He7x"|\n</data></match></read>
<read echo="ascii"><delim>\n</delim><match><data>drf7eQI = ||\n</data></match></read>
<read echo="ascii"><delim>\n</delim><match><data>J8beA6p = |"kQJmcGf","mh0","iKjZ","U2E","ZHYEJr","HAz1c"|\n</data></match></read>
<read echo="ascii"><delim>\n</delim><match><data>Bfb70c = |"SCu","MUkNS"|\n</data></match></read>
		<read echo="ascii"><delim> </delim><match><data>\x3E </data></match></read>
		<write echo="ascii"><data>.l\n</data></write>
	</replay>
</pov>
