<?xml version="1.0" standalone="no" ?>
<!DOCTYPE pov SYSTEM "/usr/share/cgc-docs/replay.dtd"><pov>
	<cbid>CROMU_00011</cbid>
	<replay>
		<read echo="ascii"><delim> </delim><match><data>\x3E </data></match></read>
		<write echo="ascii"><data>TrMX4B = |"iex"|^|"iex","b8LP","Mw","Cz","Pd","5E","UuJYy"|\n</data></write>
		<read echo="ascii"><delim> </delim><match><data>\x3E </data></match></read>
		<write echo="ascii"><data>YlCRcM5 = |"4zB5S","aFzS7bw"|~|"4zB5S","r","BS","xpi","TX","sazd","5sa"|\n</data></write>
		<read echo="ascii"><delim> </delim><match><data>\x3E </data></match></read>
		<write echo="ascii"><data>4lR1fE = YlCRcM5 + YlCRcM5\n</data></write>
		<read echo="ascii"><delim> </delim><match><data>\x3E </data></match></read>
		<write echo="ascii"><data>mhTMxbD = 4lR1fE ~ YlCRcM5\n</data></write>
		<read echo="ascii"><delim> </delim><match><data>\x3E </data></match></read>
		<write echo="ascii"><data>gfthe = YlCRcM5 - 4lR1fE\n</data></write>
		<read echo="ascii"><delim> </delim><match><data>\x3E </data></match></read>
		<write echo="ascii"><data>ZIUeZT = mhTMxbD - gfthe\n</data></write>
		<read echo="ascii"><delim> </delim><match><data>\x3E </data></match></read>
		<write echo="ascii"><data>9FQFL = |"EF4u","vQX","mz","Fii1DX","NHO4Ex","UV"|-|"Ezjqtuz","S","9Pf3","HVaRQR","cvLt","Fii1DX","UV"|\n</data></write>
		<read echo="ascii"><delim> </delim><match><data>\x3E </data></match></read>
		<write echo="ascii"><data>hqgJFfBwI = gfthe ^ mhTMxbD\n</data></write>
		<read echo="ascii"><delim> </delim><match><data>\x3E </data></match></read>
		<write echo="ascii"><data>gS7L2Kh = |"U2","S","MOs3zE","WyOt3","xC","oi4h9m","arcyT"|~|"xC","7XQ1xI"|\n</data></write>
		<read echo="ascii"><delim> </delim><match><data>\x3E </data></match></read>
		<write echo="ascii"><data>L0Q4e = mhTMxbD ~ YlCRcM5\n</data></write>
		<read echo="ascii"><delim> </delim><match><data>\x3E </data></match></read>
		<write echo="ascii"><data>UNFOEtD = |"sQpG","wIWzH","3nI","bmOwh","psc"|^|"Ilu","rjulC","3zyPFct","SwVm","uC9M","0vxWhqU"|\n</data></write>
		<read echo="ascii"><delim> </delim><match><data>\x3E </data></match></read>
		<write echo="ascii"><data>fMMS8P = gS7L2Kh - gfthe\n</data></write>
		<read echo="ascii"><delim> </delim><match><data>\x3E </data></match></read>
		<write echo="ascii"><data>1USQ3RS = 9FQFL + hqgJFfBwI\n</data></write>
		<read echo="ascii"><delim> </delim><match><data>\x3E </data></match></read>
		<write echo="ascii"><data>lHHjj = L0Q4e - YlCRcM5\n</data></write>
		<read echo="ascii"><delim> </delim><match><data>\x3E </data></match></read>
		<write echo="ascii"><data>.p\n</data></write>
<read echo="ascii"><delim>\n</delim><match><data>TrMX4B = |"iex"|\n</data></match></read>
<read echo="ascii"><delim>\n</delim><match><data>YlCRcM5 = |"aFzS7bw","r","BS","xpi","TX","sazd","5sa"|\n</data></match></read>
<read echo="ascii"><delim>\n</delim><match><data>4lR1fE = |"aFzS7bw","r","BS","xpi","TX","sazd","5sa"|\n</data></match></read>
<read echo="ascii"><delim>\n</delim><match><data>mhTMxbD = ||\n</data></match></read>
<read echo="ascii"><delim>\n</delim><match><data>gfthe = ||\n</data></match></read>
<read echo="ascii"><delim>\n</delim><match><data>ZIUeZT = ||\n</data></match></read>
<read echo="ascii"><delim>\n</delim><match><data>9FQFL = |"EF4u","vQX","mz","NHO4Ex"|\n</data></match></read>
<read echo="ascii"><delim>\n</delim><match><data>hqgJFfBwI = ||\n</data></match></read>
<read echo="ascii"><delim>\n</delim><match><data>gS7L2Kh = |"U2","S","MOs3zE","WyOt3","oi4h9m","arcyT","7XQ1xI"|\n</data></match></read>
<read echo="ascii"><delim>\n</delim><match><data>L0Q4e = |"aFzS7bw","r","BS","xpi","TX","sazd","5sa"|\n</data></match></read>
<read echo="ascii"><delim>\n</delim><match><data>UNFOEtD = ||\n</data></match></read>
<read echo="ascii"><delim>\n</delim><match><data>fMMS8P = |"U2","S","MOs3zE","WyOt3","oi4h9m","arcyT","7XQ1xI"|\n</data></match></read>
<read echo="ascii"><delim>\n</delim><match><data>1USQ3RS = |"EF4u","vQX","mz","NHO4Ex"|\n</data></match></read>
<read echo="ascii"><delim>\n</delim><match><data>lHHjj = ||\n</data></match></read>
		<read echo="ascii"><delim> </delim><match><data>\x3E </data></match></read>
		<write echo="ascii"><data>.l\n</data></write>
	</replay>
</pov>
