<?xml version="1.0" standalone="no" ?>
<!DOCTYPE pov SYSTEM "/usr/share/cgc-docs/replay.dtd"><pov>
	<cbid>CROMU_00011</cbid>
	<replay>
		<read echo="ascii"><delim> </delim><match><data>\x3E </data></match></read>
		<write echo="ascii"><data>O8oD9U9 = |"xp0Hb","on9p"|~|"3FH7s"|\n</data></write>
		<read echo="ascii"><delim> </delim><match><data>\x3E </data></match></read>
		<write echo="ascii"><data>ASbXL3 = |"B6qBd","k9g6","M"|~|"SrJp","Dw4e"|\n</data></write>
		<read echo="ascii"><delim> </delim><match><data>\x3E </data></match></read>
		<write echo="ascii"><data>DPnKKF = |"W","jmdw6wc","iClk","1dvvp","Jb","Y","Go0p"|-|"PSrFC","J","W","jmdw6wc","Y"|\n</data></write>
		<read echo="ascii"><delim> </delim><match><data>\x3E </data></match></read>
		<write echo="ascii"><data>mL53EEr = |"5trapHC"|+|"Xznq4Zb","A","LIcc","7zgVeZC","UQoAL7"|\n</data></write>
		<read echo="ascii"><delim> </delim><match><data>\x3E </data></match></read>
		<write echo="ascii"><data>jhCM0 = |"L","xbNcTH","Rn","1leB","3Zhg7J","ylU2BLt"|+|"SelC","Rn","KQ5ynQk","HC","2qxoqnz"|\n</data></write>
		<read echo="ascii"><delim> </delim><match><data>\x3E </data></match></read>
		<write echo="ascii"><data>0URoY = |"m9","JxF4lL","jRn6","KIf","PdAdQe","9g","OlonWDN"|+|"euX","jRn6","wBzR18U","nD"|\n</data></write>
		<read echo="ascii"><delim> </delim><match><data>\x3E </data></match></read>
		<write echo="ascii"><data>IQhzq = jhCM0 ~ ASbXL3\n</data></write>
		<read echo="ascii"><delim> </delim><match><data>\x3E </data></match></read>
		<write echo="ascii"><data>aCVSx = mL53EEr ~ O8oD9U9\n</data></write>
		<read echo="ascii"><delim> </delim><match><data>\x3E </data></match></read>
		<write echo="ascii"><data>WAaytf = mL53EEr ^ O8oD9U9\n</data></write>
		<read echo="ascii"><delim> </delim><match><data>\x3E </data></match></read>
		<write echo="ascii"><data>RxLoxbLOBi = WAaytf ^ ASbXL3\n</data></write>
		<read echo="ascii"><delim> </delim><match><data>\x3E </data></match></read>
		<write echo="ascii"><data>TVG4w8 = |"PBw9gcK","vH3WfK","ZXK","isZNIW","3V2I","I0","9x5Dk"|\n</data></write>
		<read echo="ascii"><delim> </delim><match><data>\x3E </data></match></read>
		<write echo="ascii"><data>1ynARW = |"PBw9gcK","ZXK","vH3WfK","isZNIW","9x5Dk","3V2I"|\n</data></write>
		<read echo="ascii"><delim> </delim><match><data>\x3E </data></match></read>
		<write echo="ascii"><data>1ynARW@TVG4w8\n</data></write>
		<read echo="ascii"><delim>\n</delim><match><data>TRUE\n</data></match></read>
		<read echo="ascii"><delim> </delim><match><data>\x3E </data></match></read>
		<write echo="ascii"><data>NymAi1V = |"aWnU0","KwQ5","Xc9eh5"|^|"1axjKQL"|\n</data></write>
		<read echo="ascii"><delim> </delim><match><data>\x3E </data></match></read>
		<write echo="ascii"><data>RPCsLqS = |"TpqWbq","pQ0Z"|+|"pQ0Z","6jxKT","HV","ZnALlV","F2Y","G8dxBkC","2qG2"|\n</data></write>
		<read echo="ascii"><delim> </delim><match><data>\x3E </data></match></read>
		<write echo="ascii"><data>.p\n</data></write>
<read echo="ascii"><delim>\n</delim><match><data>O8oD9U9 = |"xp0Hb","on9p","3FH7s"|\n</data></match></read>
<read echo="ascii"><delim>\n</delim><match><data>ASbXL3 = |"B6qBd","k9g6","M","SrJp","Dw4e"|\n</data></match></read>
<read echo="ascii"><delim>\n</delim><match><data>DPnKKF = |"iClk","1dvvp","Jb","Go0p"|\n</data></match></read>
<read echo="ascii"><delim>\n</delim><match><data>mL53EEr = |"5trapHC","Xznq4Zb","A","LIcc","7zgVeZC","UQoAL7"|\n</data></match></read>
<read echo="ascii"><delim>\n</delim><match><data>jhCM0 = |"L","xbNcTH","Rn","1leB","3Zhg7J","ylU2BLt","SelC","KQ5ynQk","HC","2qxoqnz"|\n</data></match></read>
<read echo="ascii"><delim>\n</delim><match><data>0URoY = |"m9","JxF4lL","jRn6","KIf","PdAdQe","9g","OlonWDN","euX","wBzR18U","nD"|\n</data></match></read>
<read echo="ascii"><delim>\n</delim><match><data>IQhzq = |"L","xbNcTH","Rn","1leB","3Zhg7J","ylU2BLt","SelC","KQ5ynQk","HC","2qxoqnz","B6qBd","k9g6","M","SrJp","Dw4e"|\n</data></match></read>
<read echo="ascii"><delim>\n</delim><match><data>aCVSx = |"5trapHC","Xznq4Zb","A","LIcc","7zgVeZC","UQoAL7","xp0Hb","on9p","3FH7s"|\n</data></match></read>
<read echo="ascii"><delim>\n</delim><match><data>WAaytf = ||\n</data></match></read>
<read echo="ascii"><delim>\n</delim><match><data>RxLoxbLOBi = ||\n</data></match></read>
<read echo="ascii"><delim>\n</delim><match><data>TVG4w8 = |"PBw9gcK","vH3WfK","ZXK","isZNIW","3V2I","I0","9x5Dk"|\n</data></match></read>
<read echo="ascii"><delim>\n</delim><match><data>1ynARW = |"PBw9gcK","ZXK","vH3WfK","isZNIW","9x5Dk","3V2I"|\n</data></match></read>
<read echo="ascii"><delim>\n</delim><match><data>NymAi1V = ||\n</data></match></read>
<read echo="ascii"><delim>\n</delim><match><data>RPCsLqS = |"TpqWbq","pQ0Z","6jxKT","HV","ZnALlV","F2Y","G8dxBkC","2qG2"|\n</data></match></read>
		<read echo="ascii"><delim> </delim><match><data>\x3E </data></match></read>
		<write echo="ascii"><data>.l\n</data></write>
	</replay>
</pov>
