<?xml version="1.0" standalone="no" ?>
<!DOCTYPE pov SYSTEM "/usr/share/cgc-docs/replay.dtd"><pov>
	<cbid>CROMU_00011</cbid>
	<replay>
		<read echo="ascii"><delim> </delim><match><data>\x3E </data></match></read>
		<write echo="ascii"><data>J8JLF = |"FWX4","SkdCqKO","eaXZF","98Xqg","wvM"|-|"J9zs9","98Xqg","tpNO5J"|\n</data></write>
		<read echo="ascii"><delim> </delim><match><data>\x3E </data></match></read>
		<write echo="ascii"><data>SJ5n7W = |"BwM","pGgYbV"|^|"1w4FVN"|\n</data></write>
		<read echo="ascii"><delim> </delim><match><data>\x3E </data></match></read>
		<write echo="ascii"><data>eKYsv = |"fHq"|^|"b7t5U","TRxW2iy","fHq","bLNNIJ","rN","FI"|\n</data></write>
		<read echo="ascii"><delim> </delim><match><data>\x3E </data></match></read>
		<write echo="ascii"><data>zBeZyMw = |"iKvZb","xMb","DkgWZjw","gLFTB","MYQjI7R","aasfRQ","yk","Xt"|\n</data></write>
		<read echo="ascii"><delim> </delim><match><data>\x3E </data></match></read>
		<write echo="ascii"><data>HDD9xJh = |"Xt","xMb","yk","MYQjI7R","gLFTB","iKvZb"|\n</data></write>
		<read echo="ascii"><delim> </delim><match><data>\x3E </data></match></read>
		<write echo="ascii"><data>HDD9xJh@zBeZyMw\n</data></write>
		<read echo="ascii"><delim>\n</delim><match><data>TRUE\n</data></match></read>
		<read echo="ascii"><delim> </delim><match><data>\x3E </data></match></read>
		<write echo="ascii"><data>enhiL0k = |"Tb","ek","JajODX","79Wi1","OG","g95","czSoT"|\n</data></write>
		<read echo="ascii"><delim> </delim><match><data>\x3E </data></match></read>
		<write echo="ascii"><data>zOY9HLX = |"czSoT","g95","79Wi1","ek"|\n</data></write>
		<read echo="ascii"><delim> </delim><match><data>\x3E </data></match></read>
		<write echo="ascii"><data>zOY9HLX@enhiL0k\n</data></write>
		<read echo="ascii"><delim>\n</delim><match><data>TRUE\n</data></match></read>
		<read echo="ascii"><delim> </delim><match><data>\x3E </data></match></read>
		<write echo="ascii"><data>FNDiHP = |"0NrUUKu"|~|"l7Ddt"|\n</data></write>
		<read echo="ascii"><delim> </delim><match><data>\x3E </data></match></read>
		<write echo="ascii"><data>Yq2vB5n = |"L6a0IQb","GY","QxYp","c9","V9","Om0"|^|"ul4","93","QxYp","V9"|\n</data></write>
		<read echo="ascii"><delim> </delim><match><data>\x3E </data></match></read>
		<write echo="ascii"><data>aAlP5 = |"uDZLG","96DzD","sVg7C8","q4","LhJP","qTY1t3","HZ30mH","O27","heM","D2Fq"|\n</data></write>
		<read echo="ascii"><delim> </delim><match><data>\x3E </data></match></read>
		<write echo="ascii"><data>AyQ7PSY = |"96DzD","heM","sVg7C8","O27","qTY1t3","Irq5kqaxKS"|\n</data></write>
		<read echo="ascii"><delim> </delim><match><data>\x3E </data></match></read>
		<write echo="ascii"><data>AyQ7PSY@aAlP5\n</data></write>
		<read echo="ascii"><delim>\n</delim><match><data>FALSE\n</data></match></read>
		<read echo="ascii"><delim> </delim><match><data>\x3E </data></match></read>
		<write echo="ascii"><data>81vr1p = zOY9HLX + aAlP5\n</data></write>
		<read echo="ascii"><delim> </delim><match><data>\x3E </data></match></read>
		<write echo="ascii"><data>5I1DPy = |"kUDA","9ij8Z","r53n","I3gSVh","j1Ld","XrBjY","WnfHM"|^|"Xdi","rz","j1Ld","FDx2","kUDA"|\n</data></write>
		<read echo="ascii"><delim> </delim><match><data>\x3E </data></match></read>
		<write echo="ascii"><data>Fq45MMM = 5I1DPy ^ Yq2vB5n\n</data></write>
		<read echo="ascii"><delim> </delim><match><data>\x3E </data></match></read>
		<write echo="ascii"><data>SwA3d = enhiL0k ~ J8JLF\n</data></write>
		<read echo="ascii"><delim> </delim><match><data>\x3E </data></match></read>
		<write echo="ascii"><data>e0OFxz = 5I1DPy ~ Yq2vB5n\n</data></write>
		<read echo="ascii"><delim> </delim><match><data>\x3E </data></match></read>
		<write echo="ascii"><data>.p\n</data></write>
<read echo="ascii"><delim>\n</delim><match><data>J8JLF = |"FWX4","SkdCqKO","eaXZF","wvM"|\n</data></match></read>
<read echo="ascii"><delim>\n</delim><match><data>SJ5n7W = ||\n</data></match></read>
<read echo="ascii"><delim>\n</delim><match><data>eKYsv = |"fHq"|\n</data></match></read>
<read echo="ascii"><delim>\n</delim><match><data>zBeZyMw = |"iKvZb","xMb","DkgWZjw","gLFTB","MYQjI7R","aasfRQ","yk","Xt"|\n</data></match></read>
<read echo="ascii"><delim>\n</delim><match><data>HDD9xJh = |"Xt","xMb","yk","MYQjI7R","gLFTB","iKvZb"|\n</data></match></read>
<read echo="ascii"><delim>\n</delim><match><data>enhiL0k = |"Tb","ek","JajODX","79Wi1","OG","g95","czSoT"|\n</data></match></read>
<read echo="ascii"><delim>\n</delim><match><data>zOY9HLX = |"czSoT","g95","79Wi1","ek"|\n</data></match></read>
<read echo="ascii"><delim>\n</delim><match><data>FNDiHP = |"0NrUUKu","l7Ddt"|\n</data></match></read>
<read echo="ascii"><delim>\n</delim><match><data>Yq2vB5n = |"QxYp","V9"|\n</data></match></read>
<read echo="ascii"><delim>\n</delim><match><data>aAlP5 = |"uDZLG","96DzD","sVg7C8","q4","LhJP","qTY1t3","HZ30mH","O27","heM","D2Fq"|\n</data></match></read>
<read echo="ascii"><delim>\n</delim><match><data>AyQ7PSY = |"96DzD","heM","sVg7C8","O27","qTY1t3","Irq5kqaxKS"|\n</data></match></read>
<read echo="ascii"><delim>\n</delim><match><data>81vr1p = |"czSoT","g95","79Wi1","ek","uDZLG","96DzD","sVg7C8","q4","LhJP","qTY1t3","HZ30mH","O27","heM","D2Fq"|\n</data></match></read>
<read echo="ascii"><delim>\n</delim><match><data>5I1DPy = |"kUDA","j1Ld"|\n</data></match></read>
<read echo="ascii"><delim>\n</delim><match><data>Fq45MMM = ||\n</data></match></read>
<read echo="ascii"><delim>\n</delim><match><data>SwA3d = |"Tb","ek","JajODX","79Wi1","OG","g95","czSoT","FWX4","SkdCqKO","eaXZF","wvM"|\n</data></match></read>
<read echo="ascii"><delim>\n</delim><match><data>e0OFxz = |"kUDA","j1Ld","QxYp","V9"|\n</data></match></read>
		<read echo="ascii"><delim> </delim><match><data>\x3E </data></match></read>
		<write echo="ascii"><data>.l\n</data></write>
	</replay>
</pov>
