<?xml version="1.0" standalone="no" ?>
<!DOCTYPE pov SYSTEM "/usr/share/cgc-docs/replay.dtd"><pov>
	<cbid>CROMU_00011</cbid>
	<replay>
		<read echo="ascii"><delim> </delim><match><data>\x3E </data></match></read>
		<write echo="ascii"><data>tZUVo = |"PoPbl04","upxn","9SMry","OkN","yYJc2","8l1dEt","H7Bor9Z"|^|"Ut9LNsh","6GJ","KogHh4c","7ibfa","DjxfGh","lb8L"|\n</data></write>
		<read echo="ascii"><delim> </delim><match><data>\x3E </data></match></read>
		<write echo="ascii"><data>aZRT0 = |"5","YtVP","yU","Z","K7Db4aJ"|~|"9Q","TYQhS","YbItBVH","2d0jzCH","A"|\n</data></write>
		<read echo="ascii"><delim> </delim><match><data>\x3E </data></match></read>
		<write echo="ascii"><data>g2FCA = aZRT0 + aZRT0\n</data></write>
		<read echo="ascii"><delim> </delim><match><data>\x3E </data></match></read>
		<write echo="ascii"><data>cFVEJIg = |"x","Y64","8vXVYr"|-|"Y64","oTyZP","hnBc","kz","H8I903W","cCeYx"|\n</data></write>
		<read echo="ascii"><delim> </delim><match><data>\x3E </data></match></read>
		<write echo="ascii"><data>1EaUzi = |"kBQlrvT","OrOjeXQ","iA","ILdeF"|~|"kBQlrvT"|\n</data></write>
		<read echo="ascii"><delim> </delim><match><data>\x3E </data></match></read>
		<write echo="ascii"><data>3ziKsh3 = |"4bU","dT","0nZ","N8rgEB","dnjAQa5","VEHsaI"|~|"8c","a9F0Lo","9","0nZ","sCH","J"|\n</data></write>
		<read echo="ascii"><delim> </delim><match><data>\x3E </data></match></read>
		<write echo="ascii"><data>6USWyql = tZUVo ^ cFVEJIg\n</data></write>
		<read echo="ascii"><delim> </delim><match><data>\x3E </data></match></read>
		<write echo="ascii"><data>9VAF4l1 = 6USWyql + 6USWyql\n</data></write>
		<read echo="ascii"><delim> </delim><match><data>\x3E </data></match></read>
		<write echo="ascii"><data>GXTN7v = tZUVo ^ cFVEJIg\n</data></write>
		<read echo="ascii"><delim> </delim><match><data>\x3E </data></match></read>
		<write echo="ascii"><data>lqTKLt = tZUVo + aZRT0\n</data></write>
		<read echo="ascii"><delim> </delim><match><data>\x3E </data></match></read>
		<write echo="ascii"><data>cdtYZ = cFVEJIg ~ GXTN7v\n</data></write>
		<read echo="ascii"><delim> </delim><match><data>\x3E </data></match></read>
		<write echo="ascii"><data>yEiBK = 3ziKsh3 ^ cdtYZ\n</data></write>
		<read echo="ascii"><delim> </delim><match><data>\x3E </data></match></read>
		<write echo="ascii"><data>10dxw = 9VAF4l1 ~ yEiBK\n</data></write>
		<read echo="ascii"><delim> </delim><match><data>\x3E </data></match></read>
		<write echo="ascii"><data>3nCbb = |"36QI","kO","SI","MWGC"|^|"kO"|\n</data></write>
		<read echo="ascii"><delim> </delim><match><data>\x3E </data></match></read>
		<write echo="ascii"><data>f5nqdM = |"mn","GPy","aW3cEb","PNd8LD","OBLx"|+|"OBLx","nrYb"|\n</data></write>
		<read echo="ascii"><delim> </delim><match><data>\x3E </data></match></read>
		<write echo="ascii"><data>.p\n</data></write>
<read echo="ascii"><delim>\n</delim><match><data>tZUVo = ||\n</data></match></read>
<read echo="ascii"><delim>\n</delim><match><data>aZRT0 = |"5","YtVP","yU","Z","K7Db4aJ","9Q","TYQhS","YbItBVH","2d0jzCH","A"|\n</data></match></read>
<read echo="ascii"><delim>\n</delim><match><data>g2FCA = |"5","YtVP","yU","Z","K7Db4aJ","9Q","TYQhS","YbItBVH","2d0jzCH","A"|\n</data></match></read>
<read echo="ascii"><delim>\n</delim><match><data>cFVEJIg = |"x","8vXVYr"|\n</data></match></read>
<read echo="ascii"><delim>\n</delim><match><data>1EaUzi = |"OrOjeXQ","iA","ILdeF"|\n</data></match></read>
<read echo="ascii"><delim>\n</delim><match><data>3ziKsh3 = |"4bU","dT","N8rgEB","dnjAQa5","VEHsaI","8c","a9F0Lo","9","sCH","J"|\n</data></match></read>
<read echo="ascii"><delim>\n</delim><match><data>6USWyql = ||\n</data></match></read>
<read echo="ascii"><delim>\n</delim><match><data>9VAF4l1 = ||\n</data></match></read>
<read echo="ascii"><delim>\n</delim><match><data>GXTN7v = ||\n</data></match></read>
<read echo="ascii"><delim>\n</delim><match><data>lqTKLt = |"5","YtVP","yU","Z","K7Db4aJ","9Q","TYQhS","YbItBVH","2d0jzCH","A"|\n</data></match></read>
<read echo="ascii"><delim>\n</delim><match><data>cdtYZ = |"x","8vXVYr"|\n</data></match></read>
<read echo="ascii"><delim>\n</delim><match><data>yEiBK = ||\n</data></match></read>
<read echo="ascii"><delim>\n</delim><match><data>10dxw = ||\n</data></match></read>
<read echo="ascii"><delim>\n</delim><match><data>3nCbb = |"kO"|\n</data></match></read>
<read echo="ascii"><delim>\n</delim><match><data>f5nqdM = |"mn","GPy","aW3cEb","PNd8LD","OBLx","nrYb"|\n</data></match></read>
		<read echo="ascii"><delim> </delim><match><data>\x3E </data></match></read>
		<write echo="ascii"><data>.l\n</data></write>
	</replay>
</pov>
