<?xml version="1.0" standalone="no" ?>
<!DOCTYPE pov SYSTEM "/usr/share/cgc-docs/replay.dtd"><pov>
	<cbid>CROMU_00011</cbid>
	<replay>
		<read echo="ascii"><delim> </delim><match><data>\x3E </data></match></read>
		<write echo="ascii"><data>x3iR2O = |"IhxAP"|~|"a","OF","QBNr7kQ","MvJf","D5TliPB","e"|\n</data></write>
		<read echo="ascii"><delim> </delim><match><data>\x3E </data></match></read>
		<write echo="ascii"><data>kDjeP = |"FpXk0P1","l1WWq","buGS","pz9X","BQWrH2R","VS","bI"|^|"l1WWq"|\n</data></write>
		<read echo="ascii"><delim> </delim><match><data>\x3E </data></match></read>
		<write echo="ascii"><data>yQHLOvv = x3iR2O - x3iR2O\n</data></write>
		<read echo="ascii"><delim> </delim><match><data>\x3E </data></match></read>
		<write echo="ascii"><data>6dBJKSj = |"hlLd73a","Rmuw","g"|~|"1Kb","X3g6dQm","nPFt","y"|\n</data></write>
		<read echo="ascii"><delim> </delim><match><data>\x3E </data></match></read>
		<write echo="ascii"><data>NsWeQt = 6dBJKSj - kDjeP\n</data></write>
		<read echo="ascii"><delim> </delim><match><data>\x3E </data></match></read>
		<write echo="ascii"><data>8rowfm = |"2eYI","mwkbf","ob7","h","xwMXAJ","0CEci8F"|-|"Cqb","JW5htT","ob7","IG","n0ADr"|\n</data></write>
		<read echo="ascii"><delim> </delim><match><data>\x3E </data></match></read>
		<write echo="ascii"><data>uuSGmC = |"ChmLC59","QVyQAD","B1qu","TbFT","BK","08"|\n</data></write>
		<read echo="ascii"><delim> </delim><match><data>\x3E </data></match></read>
		<write echo="ascii"><data>33BRGY = |"ChmLC59","E3OoBX2QJ8"|\n</data></write>
		<read echo="ascii"><delim> </delim><match><data>\x3E </data></match></read>
		<write echo="ascii"><data>33BRGY@uuSGmC\n</data></write>
		<read echo="ascii"><delim>\n</delim><match><data>FALSE\n</data></match></read>
		<read echo="ascii"><delim> </delim><match><data>\x3E </data></match></read>
		<write echo="ascii"><data>L1xvLv3 = |"K","bM5TWoa","fe","ic","uwVsbG","7Tay","sszlqD"|-|"pS","Rn","Y0IH","s6b6mD"|\n</data></write>
		<read echo="ascii"><delim> </delim><match><data>\x3E </data></match></read>
		<write echo="ascii"><data>r9Y4bdn = |"dj9r2yo","ogLixCl"|~|"Yq0XJ","C","VhtH","M","B","ogLixCl","3M3E5"|\n</data></write>
		<read echo="ascii"><delim> </delim><match><data>\x3E </data></match></read>
		<write echo="ascii"><data>FzDzmy6 = |"MV2pUg","G6A","Sa","de6","J4lXHC","pB","invsjP0"|+|"BCd6lsd","HzM"|\n</data></write>
		<read echo="ascii"><delim> </delim><match><data>\x3E </data></match></read>
		<write echo="ascii"><data>1wqRfVR = kDjeP + 6dBJKSj\n</data></write>
		<read echo="ascii"><delim> </delim><match><data>\x3E </data></match></read>
		<write echo="ascii"><data>CKium8 = x3iR2O ~ x3iR2O\n</data></write>
		<read echo="ascii"><delim> </delim><match><data>\x3E </data></match></read>
		<write echo="ascii"><data>.p\n</data></write>
<read echo="ascii"><delim>\n</delim><match><data>x3iR2O = |"IhxAP","a","OF","QBNr7kQ","MvJf","D5TliPB","e"|\n</data></match></read>
<read echo="ascii"><delim>\n</delim><match><data>kDjeP = |"l1WWq"|\n</data></match></read>
<read echo="ascii"><delim>\n</delim><match><data>yQHLOvv = ||\n</data></match></read>
<read echo="ascii"><delim>\n</delim><match><data>6dBJKSj = |"hlLd73a","Rmuw","g","1Kb","X3g6dQm","nPFt","y"|\n</data></match></read>
<read echo="ascii"><delim>\n</delim><match><data>NsWeQt = |"hlLd73a","Rmuw","g","1Kb","X3g6dQm","nPFt","y"|\n</data></match></read>
<read echo="ascii"><delim>\n</delim><match><data>8rowfm = |"2eYI","mwkbf","h","xwMXAJ","0CEci8F"|\n</data></match></read>
<read echo="ascii"><delim>\n</delim><match><data>uuSGmC = |"ChmLC59","QVyQAD","B1qu","TbFT","BK","08"|\n</data></match></read>
<read echo="ascii"><delim>\n</delim><match><data>33BRGY = |"ChmLC59","E3OoBX2QJ8"|\n</data></match></read>
<read echo="ascii"><delim>\n</delim><match><data>L1xvLv3 = |"K","bM5TWoa","fe","ic","uwVsbG","7Tay","sszlqD"|\n</data></match></read>
<read echo="ascii"><delim>\n</delim><match><data>r9Y4bdn = |"dj9r2yo","Yq0XJ","C","VhtH","M","B","3M3E5"|\n</data></match></read>
<read echo="ascii"><delim>\n</delim><match><data>FzDzmy6 = |"MV2pUg","G6A","Sa","de6","J4lXHC","pB","invsjP0","BCd6lsd","HzM"|\n</data></match></read>
<read echo="ascii"><delim>\n</delim><match><data>1wqRfVR = |"l1WWq","hlLd73a","Rmuw","g","1Kb","X3g6dQm","nPFt","y"|\n</data></match></read>
<read echo="ascii"><delim>\n</delim><match><data>CKium8 = ||\n</data></match></read>
		<read echo="ascii"><delim> </delim><match><data>\x3E </data></match></read>
		<write echo="ascii"><data>.l\n</data></write>
	</replay>
</pov>
