<?xml version="1.0" standalone="no" ?>
<!DOCTYPE pov SYSTEM "/usr/share/cgc-docs/replay.dtd"><pov>
	<cbid>CROMU_00011</cbid>
	<replay>
		<read echo="ascii"><delim> </delim><match><data>\x3E </data></match></read>
		<write echo="ascii"><data>xsbvs = |"oWg0Rr","SJDC1g","rjMR"|-|"PJ","HCh2","10nc4r","R","rjMR","NIG"|\n</data></write>
		<read echo="ascii"><delim> </delim><match><data>\x3E </data></match></read>
		<write echo="ascii"><data>FY5b3n = xsbvs ^ xsbvs\n</data></write>
		<read echo="ascii"><delim> </delim><match><data>\x3E </data></match></read>
		<write echo="ascii"><data>9jJBOs = xsbvs - FY5b3n\n</data></write>
		<read echo="ascii"><delim> </delim><match><data>\x3E </data></match></read>
		<write echo="ascii"><data>dmvEKJ = |"UB6d","z","CZxXO","z9xaqK"|+|"wlwIoAy","FxAX","aDg","dNu","Y9"|\n</data></write>
		<read echo="ascii"><delim> </delim><match><data>\x3E </data></match></read>
		<write echo="ascii"><data>Hyc5DvY = dmvEKJ - FY5b3n\n</data></write>
		<read echo="ascii"><delim> </delim><match><data>\x3E </data></match></read>
		<write echo="ascii"><data>FkQOV26 = 9jJBOs + Hyc5DvY\n</data></write>
		<read echo="ascii"><delim> </delim><match><data>\x3E </data></match></read>
		<write echo="ascii"><data>0OtDg = FkQOV26 - FY5b3n\n</data></write>
		<read echo="ascii"><delim> </delim><match><data>\x3E </data></match></read>
		<write echo="ascii"><data>p2xJca = |"GbZC57W","Xl7L","guG2G","GUA"|^|"mPcy","vRs1BU0","p2iu","qNI","GUA","HAi"|\n</data></write>
		<read echo="ascii"><delim> </delim><match><data>\x3E </data></match></read>
		<write echo="ascii"><data>8IwJMI = |"FVJS","uzFe8","I","dO6bD","S2yN","ToRalJ","0M9Qa"|-|"JrmOfDj","1","4FZO","wuP0","ToRalJ","2P2N"|\n</data></write>
		<read echo="ascii"><delim> </delim><match><data>\x3E </data></match></read>
		<write echo="ascii"><data>M7Fc8 = |"LTniZt","Sb3Yk","vT8Q","rxs","l","8vOY7","ymubtJ"|+|"vT8Q","I"|\n</data></write>
		<read echo="ascii"><delim> </delim><match><data>\x3E </data></match></read>
		<write echo="ascii"><data>.p\n</data></write>
<read echo="ascii"><delim>\n</delim><match><data>xsbvs = |"oWg0Rr","SJDC1g"|\n</data></match></read>
<read echo="ascii"><delim>\n</delim><match><data>FY5b3n = |"oWg0Rr","SJDC1g"|\n</data></match></read>
<read echo="ascii"><delim>\n</delim><match><data>9jJBOs = ||\n</data></match></read>
<read echo="ascii"><delim>\n</delim><match><data>dmvEKJ = |"UB6d","z","CZxXO","z9xaqK","wlwIoAy","FxAX","aDg","dNu","Y9"|\n</data></match></read>
<read echo="ascii"><delim>\n</delim><match><data>Hyc5DvY = |"UB6d","z","CZxXO","z9xaqK","wlwIoAy","FxAX","aDg","dNu","Y9"|\n</data></match></read>
<read echo="ascii"><delim>\n</delim><match><data>FkQOV26 = |"UB6d","z","CZxXO","z9xaqK","wlwIoAy","FxAX","aDg","dNu","Y9"|\n</data></match></read>
<read echo="ascii"><delim>\n</delim><match><data>0OtDg = |"UB6d","z","CZxXO","z9xaqK","wlwIoAy","FxAX","aDg","dNu","Y9"|\n</data></match></read>
<read echo="ascii"><delim>\n</delim><match><data>p2xJca = |"GUA"|\n</data></match></read>
<read echo="ascii"><delim>\n</delim><match><data>8IwJMI = |"FVJS","uzFe8","I","dO6bD","S2yN","0M9Qa"|\n</data></match></read>
<read echo="ascii"><delim>\n</delim><match><data>M7Fc8 = |"LTniZt","Sb3Yk","vT8Q","rxs","l","8vOY7","ymubtJ","I"|\n</data></match></read>
		<read echo="ascii"><delim> </delim><match><data>\x3E </data></match></read>
		<write echo="ascii"><data>.l\n</data></write>
	</replay>
</pov>
