<?xml version="1.0" standalone="no" ?>
<!DOCTYPE pov SYSTEM "/usr/share/cgc-docs/replay.dtd"><pov>
	<cbid>CROMU_00011</cbid>
	<replay>
		<read echo="ascii"><delim> </delim><match><data>\x3E </data></match></read>
		<write echo="ascii"><data>aM8jA8L = |"Tiw","E","ANdC","94t3l","z","ILi","c"|-|"ANdC","ILi","E","c","7Vm3yE","a9N"|\n</data></write>
		<read echo="ascii"><delim> </delim><match><data>\x3E </data></match></read>
		<write echo="ascii"><data>ZXyn96r = |"bEvn0Z","G1G","Kuv","26","YeQ","XGe"|^|"5d24","mTpGmI","ERo","gta7HL","Kuv","26"|\n</data></write>
		<read echo="ascii"><delim> </delim><match><data>\x3E </data></match></read>
		<write echo="ascii"><data>s3WhiR = |"j83Rb","1v","1IuMrG","ULbmW","b32vhO2","BInObf","lnZ"|\n</data></write>
		<read echo="ascii"><delim> </delim><match><data>\x3E </data></match></read>
		<write echo="ascii"><data>N8SLf9 = |"1IuMrG","lnZ","1v","j83Rb","NOgLY0Ay2b"|\n</data></write>
		<read echo="ascii"><delim> </delim><match><data>\x3E </data></match></read>
		<write echo="ascii"><data>N8SLf9@s3WhiR\n</data></write>
		<read echo="ascii"><delim>\n</delim><match><data>FALSE\n</data></match></read>
		<read echo="ascii"><delim> </delim><match><data>\x3E </data></match></read>
		<write echo="ascii"><data>17C9AhO = s3WhiR + N8SLf9\n</data></write>
		<read echo="ascii"><delim> </delim><match><data>\x3E </data></match></read>
		<write echo="ascii"><data>P8If8lF2xd = aM8jA8L ^ N8SLf9\n</data></write>
		<read echo="ascii"><delim> </delim><match><data>\x3E </data></match></read>
		<write echo="ascii"><data>h1SBasD = |"mLWHU7n","rw5mnX","aBRifH","TGJIx","hL19Phy","b4ynv"|^|"fr8ftF","2QfFm1","b4ynv"|\n</data></write>
		<read echo="ascii"><delim> </delim><match><data>\x3E </data></match></read>
		<write echo="ascii"><data>tLFbgV = |"QO","cDbt7Nq","VFfzs","zAkTC","xei2sfw","jDPrpQI"|\n</data></write>
		<read echo="ascii"><delim> </delim><match><data>\x3E </data></match></read>
		<write echo="ascii"><data>MFs3Z = |"QO","cDbt7Nq","jDPrpQI","zAkTC","rvnOEiRhw5"|\n</data></write>
		<read echo="ascii"><delim> </delim><match><data>\x3E </data></match></read>
		<write echo="ascii"><data>MFs3Z@tLFbgV\n</data></write>
		<read echo="ascii"><delim>\n</delim><match><data>FALSE\n</data></match></read>
		<read echo="ascii"><delim> </delim><match><data>\x3E </data></match></read>
		<write echo="ascii"><data>Qievx = tLFbgV ~ ZXyn96r\n</data></write>
		<read echo="ascii"><delim> </delim><match><data>\x3E </data></match></read>
		<write echo="ascii"><data>POZnWtFw = aM8jA8L ^ Qievx\n</data></write>
		<read echo="ascii"><delim> </delim><match><data>\x3E </data></match></read>
		<write echo="ascii"><data>jUhBr = |"tjS9ru3","lyQBOg8","8Q","ej6VV","esUy","1gks2"|\n</data></write>
		<read echo="ascii"><delim> </delim><match><data>\x3E </data></match></read>
		<write echo="ascii"><data>S1XVlA4 = |"esUy","ej6VV"|\n</data></write>
		<read echo="ascii"><delim> </delim><match><data>\x3E </data></match></read>
		<write echo="ascii"><data>S1XVlA4@jUhBr\n</data></write>
		<read echo="ascii"><delim>\n</delim><match><data>TRUE\n</data></match></read>
		<read echo="ascii"><delim> </delim><match><data>\x3E </data></match></read>
		<write echo="ascii"><data>uhAjoTn = |"0KV","DcbJ","WH6","By0OPA","W762","Tm"|+|"WH6","YpxyGU","W762","By0OPA","kMLyx7r","XW"|\n</data></write>
		<read echo="ascii"><delim> </delim><match><data>\x3E </data></match></read>
		<write echo="ascii"><data>CwkImE7 = S1XVlA4 - POZnWtFw\n</data></write>
		<read echo="ascii"><delim> </delim><match><data>\x3E </data></match></read>
		<write echo="ascii"><data>bfrAhR9 = |"clx2X","MLQ6sK","nG5qq"|+|"6M","KG","56YAd7","3UOO","f","dV4G","f0cH2TR"|\n</data></write>
		<read echo="ascii"><delim> </delim><match><data>\x3E </data></match></read>
		<write echo="ascii"><data>Eiuqiyof4 = h1SBasD ^ jUhBr\n</data></write>
		<read echo="ascii"><delim> </delim><match><data>\x3E </data></match></read>
		<write echo="ascii"><data>.p\n</data></write>
<read echo="ascii"><delim>\n</delim><match><data>aM8jA8L = |"Tiw","94t3l","z"|\n</data></match></read>
<read echo="ascii"><delim>\n</delim><match><data>ZXyn96r = |"Kuv","26"|\n</data></match></read>
<read echo="ascii"><delim>\n</delim><match><data>s3WhiR = |"j83Rb","1v","1IuMrG","ULbmW","b32vhO2","BInObf","lnZ"|\n</data></match></read>
<read echo="ascii"><delim>\n</delim><match><data>N8SLf9 = |"1IuMrG","lnZ","1v","j83Rb","NOgLY0Ay2b"|\n</data></match></read>
<read echo="ascii"><delim>\n</delim><match><data>17C9AhO = |"j83Rb","1v","1IuMrG","ULbmW","b32vhO2","BInObf","lnZ","NOgLY0Ay2b"|\n</data></match></read>
<read echo="ascii"><delim>\n</delim><match><data>P8If8lF2xd = ||\n</data></match></read>
<read echo="ascii"><delim>\n</delim><match><data>h1SBasD = |"b4ynv"|\n</data></match></read>
<read echo="ascii"><delim>\n</delim><match><data>tLFbgV = |"QO","cDbt7Nq","VFfzs","zAkTC","xei2sfw","jDPrpQI"|\n</data></match></read>
<read echo="ascii"><delim>\n</delim><match><data>MFs3Z = |"QO","cDbt7Nq","jDPrpQI","zAkTC","rvnOEiRhw5"|\n</data></match></read>
<read echo="ascii"><delim>\n</delim><match><data>Qievx = |"QO","cDbt7Nq","VFfzs","zAkTC","xei2sfw","jDPrpQI","Kuv","26"|\n</data></match></read>
<read echo="ascii"><delim>\n</delim><match><data>POZnWtFw = ||\n</data></match></read>
<read echo="ascii"><delim>\n</delim><match><data>jUhBr = |"tjS9ru3","lyQBOg8","8Q","ej6VV","esUy","1gks2"|\n</data></match></read>
<read echo="ascii"><delim>\n</delim><match><data>S1XVlA4 = |"esUy","ej6VV"|\n</data></match></read>
<read echo="ascii"><delim>\n</delim><match><data>uhAjoTn = |"0KV","DcbJ","WH6","By0OPA","W762","Tm","YpxyGU","kMLyx7r","XW"|\n</data></match></read>
<read echo="ascii"><delim>\n</delim><match><data>CwkImE7 = |"esUy","ej6VV"|\n</data></match></read>
<read echo="ascii"><delim>\n</delim><match><data>bfrAhR9 = |"clx2X","MLQ6sK","nG5qq","6M","KG","56YAd7","3UOO","f","dV4G","f0cH2TR"|\n</data></match></read>
<read echo="ascii"><delim>\n</delim><match><data>Eiuqiyof4 = ||\n</data></match></read>
		<read echo="ascii"><delim> </delim><match><data>\x3E </data></match></read>
		<write echo="ascii"><data>.l\n</data></write>
	</replay>
</pov>
