<?xml version="1.0" standalone="no" ?>
<!DOCTYPE pov SYSTEM "/usr/share/cgc-docs/replay.dtd"><pov>
	<cbid>CROMU_00011</cbid>
	<replay>
		<read echo="ascii"><delim> </delim><match><data>\x3E </data></match></read>
		<write echo="ascii"><data>YZo7t = |"dmJ","0wcri2","OXuyc","4zPf","ZtrD0sj","cH5"|-|"lAM","0wcri2","Lwyyxof","mcWnj"|\n</data></write>
		<read echo="ascii"><delim> </delim><match><data>\x3E </data></match></read>
		<write echo="ascii"><data>OfyZNg = |"NTPY","bKyKS","OBO","BdFIy6","ts","ucfvWe"|^|"QJUIjm","B9","ts","bKyKS","8Y","ucfvWe","bwDVs"|\n</data></write>
		<read echo="ascii"><delim> </delim><match><data>\x3E </data></match></read>
		<write echo="ascii"><data>gVmMJP = |"WLt","ey","tbFyHy","Bcqn","HaW","uM7c","8i68"|\n</data></write>
		<read echo="ascii"><delim> </delim><match><data>\x3E </data></match></read>
		<write echo="ascii"><data>bU6tk1h = |"HaW","tbFyHy","ey","uM7c","WLt"|\n</data></write>
		<read echo="ascii"><delim> </delim><match><data>\x3E </data></match></read>
		<write echo="ascii"><data>bU6tk1h@gVmMJP\n</data></write>
		<read echo="ascii"><delim>\n</delim><match><data>TRUE\n</data></match></read>
		<read echo="ascii"><delim> </delim><match><data>\x3E </data></match></read>
		<write echo="ascii"><data>ksY4Qs = gVmMJP + YZo7t\n</data></write>
		<read echo="ascii"><delim> </delim><match><data>\x3E </data></match></read>
		<write echo="ascii"><data>IHv2FJqj41 = gVmMJP ^ ksY4Qs\n</data></write>
		<read echo="ascii"><delim> </delim><match><data>\x3E </data></match></read>
		<write echo="ascii"><data>k2FP3J = ksY4Qs - OfyZNg\n</data></write>
		<read echo="ascii"><delim> </delim><match><data>\x3E </data></match></read>
		<write echo="ascii"><data>Li5Mk = |"bgT","3Em","K"|~|"7Eg","68gxT","dVN","K","OdQ"|\n</data></write>
		<read echo="ascii"><delim> </delim><match><data>\x3E </data></match></read>
		<write echo="ascii"><data>vIYu43 = |"CXLx","uWSEht","q6vm","t29o","mWbZlMe","3S","BUZ6Pb"|^|"iy","4qSe3S","IEXi","LnRyokW","BncYBDL","CXLx"|\n</data></write>
		<read echo="ascii"><delim> </delim><match><data>\x3E </data></match></read>
		<write echo="ascii"><data>gz7EFk = IHv2FJqj41 - ksY4Qs\n</data></write>
		<read echo="ascii"><delim> </delim><match><data>\x3E </data></match></read>
		<write echo="ascii"><data>RkC97 = k2FP3J - gz7EFk\n</data></write>
		<read echo="ascii"><delim> </delim><match><data>\x3E </data></match></read>
		<write echo="ascii"><data>ZqiTqXyfDR = gVmMJP ^ YZo7t\n</data></write>
		<read echo="ascii"><delim> </delim><match><data>\x3E </data></match></read>
		<write echo="ascii"><data>7mp2Vo = |"GPDXiqd","t2Wqw1d","icoDE","kzVH0fb","oMJv"|~|"icoDE","Sbm2","oMJv"|\n</data></write>
		<read echo="ascii"><delim> </delim><match><data>\x3E </data></match></read>
		<write echo="ascii"><data>tbZ6P = gVmMJP ~ Li5Mk\n</data></write>
		<read echo="ascii"><delim> </delim><match><data>\x3E </data></match></read>
		<write echo="ascii"><data>ue8pDX = Li5Mk ^ bU6tk1h\n</data></write>
		<read echo="ascii"><delim> </delim><match><data>\x3E </data></match></read>
		<write echo="ascii"><data>.p\n</data></write>
<read echo="ascii"><delim>\n</delim><match><data>YZo7t = |"dmJ","OXuyc","4zPf","ZtrD0sj","cH5"|\n</data></match></read>
<read echo="ascii"><delim>\n</delim><match><data>OfyZNg = |"bKyKS","ts","ucfvWe"|\n</data></match></read>
<read echo="ascii"><delim>\n</delim><match><data>gVmMJP = |"WLt","ey","tbFyHy","Bcqn","HaW","uM7c","8i68"|\n</data></match></read>
<read echo="ascii"><delim>\n</delim><match><data>bU6tk1h = |"HaW","tbFyHy","ey","uM7c","WLt"|\n</data></match></read>
<read echo="ascii"><delim>\n</delim><match><data>ksY4Qs = |"WLt","ey","tbFyHy","Bcqn","HaW","uM7c","8i68","dmJ","OXuyc","4zPf","ZtrD0sj","cH5"|\n</data></match></read>
<read echo="ascii"><delim>\n</delim><match><data>IHv2FJqj41 = |"WLt","ey","tbFyHy","Bcqn","HaW","uM7c","8i68"|\n</data></match></read>
<read echo="ascii"><delim>\n</delim><match><data>k2FP3J = |"WLt","ey","tbFyHy","Bcqn","HaW","uM7c","8i68","dmJ","OXuyc","4zPf","ZtrD0sj","cH5"|\n</data></match></read>
<read echo="ascii"><delim>\n</delim><match><data>Li5Mk = |"bgT","3Em","7Eg","68gxT","dVN","OdQ"|\n</data></match></read>
<read echo="ascii"><delim>\n</delim><match><data>vIYu43 = |"CXLx"|\n</data></match></read>
<read echo="ascii"><delim>\n</delim><match><data>gz7EFk = ||\n</data></match></read>
<read echo="ascii"><delim>\n</delim><match><data>RkC97 = |"WLt","ey","tbFyHy","Bcqn","HaW","uM7c","8i68","dmJ","OXuyc","4zPf","ZtrD0sj","cH5"|\n</data></match></read>
<read echo="ascii"><delim>\n</delim><match><data>ZqiTqXyfDR = ||\n</data></match></read>
<read echo="ascii"><delim>\n</delim><match><data>7mp2Vo = |"GPDXiqd","t2Wqw1d","kzVH0fb","Sbm2"|\n</data></match></read>
<read echo="ascii"><delim>\n</delim><match><data>tbZ6P = |"WLt","ey","tbFyHy","Bcqn","HaW","uM7c","8i68","bgT","3Em","7Eg","68gxT","dVN","OdQ"|\n</data></match></read>
<read echo="ascii"><delim>\n</delim><match><data>ue8pDX = ||\n</data></match></read>
		<read echo="ascii"><delim> </delim><match><data>\x3E </data></match></read>
		<write echo="ascii"><data>.l\n</data></write>
	</replay>
</pov>
