<?xml version="1.0" standalone="no" ?>
<!DOCTYPE pov SYSTEM "/usr/share/cgc-docs/replay.dtd"><pov>
	<cbid>CROMU_00011</cbid>
	<replay>
		<read echo="ascii"><delim> </delim><match><data>\x3E </data></match></read>
		<write echo="ascii"><data>KdmXh = |"AhwR89y","J","WY3v","l","OMLo","KfYw"|+|"YBCXyx","TBF","BNncp","9","CRs2Y","Sd9BKF"|\n</data></write>
		<read echo="ascii"><delim> </delim><match><data>\x3E </data></match></read>
		<write echo="ascii"><data>iaJKp = |"S7z3e2P","HcWyO","bgkvp","Rv","3nZ78","zSPgbBn","Hm"|-|"x","Tv","Wmp9RJZ","zSPgbBn","H1i1","rTqjE","3nZ78"|\n</data></write>
		<read echo="ascii"><delim> </delim><match><data>\x3E </data></match></read>
		<write echo="ascii"><data>htoDq3 = iaJKp - iaJKp\n</data></write>
		<read echo="ascii"><delim> </delim><match><data>\x3E </data></match></read>
		<write echo="ascii"><data>CUsZZx = |"GSBk","hn13","kEzKZB","r4A"|^|"z6Yeeyz"|\n</data></write>
		<read echo="ascii"><delim> </delim><match><data>\x3E </data></match></read>
		<write echo="ascii"><data>l5LsflW = |"EvnQhtz","RYL4cu5","cdHO9z","yEGzqhH"|-|"LVlkYaT","l","MCay","cdHO9z","EvnQhtz","QCCW"|\n</data></write>
		<read echo="ascii"><delim> </delim><match><data>\x3E </data></match></read>
		<write echo="ascii"><data>jIOPze = |"0o","ry","Z","E","S4YP","4BP"|-|"tG6a5","2KQzS16","uHm2","q"|\n</data></write>
		<read echo="ascii"><delim> </delim><match><data>\x3E </data></match></read>
		<write echo="ascii"><data>mKn0gIL = iaJKp + l5LsflW\n</data></write>
		<read echo="ascii"><delim> </delim><match><data>\x3E </data></match></read>
		<write echo="ascii"><data>ACFBhO = l5LsflW ~ l5LsflW\n</data></write>
		<read echo="ascii"><delim> </delim><match><data>\x3E </data></match></read>
		<write echo="ascii"><data>BOaEJd9 = |"fzVtyR","5GdtrE","GpogjE4","44Bb","dtYF","hO"|^|"B8HbxH"|\n</data></write>
		<read echo="ascii"><delim> </delim><match><data>\x3E </data></match></read>
		<write echo="ascii"><data>ncfl6VN = |"lKu91y","M","1WHvJ"|~|"9dg","qe3Qf2T","w","im","Vcsm","UnVN0","3Sp8r"|\n</data></write>
		<read echo="ascii"><delim> </delim><match><data>\x3E </data></match></read>
		<write echo="ascii"><data>WaAq8 = |"z","yxzKN0","iCO5","a","Tr"|~|"M","yxzKN0","LicCj","a4"|\n</data></write>
		<read echo="ascii"><delim> </delim><match><data>\x3E </data></match></read>
		<write echo="ascii"><data>tBISRTN = |"E5jpR","Dc6k","VvpFYy","ODPm4Y6","wY","4doIa"|+|"ppKE"|\n</data></write>
		<read echo="ascii"><delim> </delim><match><data>\x3E </data></match></read>
		<write echo="ascii"><data>uspjO8 = l5LsflW + l5LsflW\n</data></write>
		<read echo="ascii"><delim> </delim><match><data>\x3E </data></match></read>
		<write echo="ascii"><data>w78Fam = |"J07ZpXW","XVODXx","eWGuV"|^|"mWyDIxB","9tQyj","Ug","vAAKYrt","iZL"|\n</data></write>
		<read echo="ascii"><delim> </delim><match><data>\x3E </data></match></read>
		<write echo="ascii"><data>.p\n</data></write>
<read echo="ascii"><delim>\n</delim><match><data>KdmXh = |"AhwR89y","J","WY3v","l","OMLo","KfYw","YBCXyx","TBF","BNncp","9","CRs2Y","Sd9BKF"|\n</data></match></read>
<read echo="ascii"><delim>\n</delim><match><data>iaJKp = |"S7z3e2P","HcWyO","bgkvp","Rv","Hm"|\n</data></match></read>
<read echo="ascii"><delim>\n</delim><match><data>htoDq3 = ||\n</data></match></read>
<read echo="ascii"><delim>\n</delim><match><data>CUsZZx = ||\n</data></match></read>
<read echo="ascii"><delim>\n</delim><match><data>l5LsflW = |"RYL4cu5","yEGzqhH"|\n</data></match></read>
<read echo="ascii"><delim>\n</delim><match><data>jIOPze = |"0o","ry","Z","E","S4YP","4BP"|\n</data></match></read>
<read echo="ascii"><delim>\n</delim><match><data>mKn0gIL = |"S7z3e2P","HcWyO","bgkvp","Rv","Hm","RYL4cu5","yEGzqhH"|\n</data></match></read>
<read echo="ascii"><delim>\n</delim><match><data>ACFBhO = ||\n</data></match></read>
<read echo="ascii"><delim>\n</delim><match><data>BOaEJd9 = ||\n</data></match></read>
<read echo="ascii"><delim>\n</delim><match><data>ncfl6VN = |"lKu91y","M","1WHvJ","9dg","qe3Qf2T","w","im","Vcsm","UnVN0","3Sp8r"|\n</data></match></read>
<read echo="ascii"><delim>\n</delim><match><data>WaAq8 = |"z","iCO5","a","Tr","M","LicCj","a4"|\n</data></match></read>
<read echo="ascii"><delim>\n</delim><match><data>tBISRTN = |"E5jpR","Dc6k","VvpFYy","ODPm4Y6","wY","4doIa","ppKE"|\n</data></match></read>
<read echo="ascii"><delim>\n</delim><match><data>uspjO8 = |"RYL4cu5","yEGzqhH"|\n</data></match></read>
<read echo="ascii"><delim>\n</delim><match><data>w78Fam = ||\n</data></match></read>
		<read echo="ascii"><delim> </delim><match><data>\x3E </data></match></read>
		<write echo="ascii"><data>.l\n</data></write>
	</replay>
</pov>
