<?xml version="1.0" standalone="no" ?>
<!DOCTYPE pov SYSTEM "/usr/share/cgc-docs/replay.dtd"><pov>
	<cbid>CROMU_00011</cbid>
	<replay>
		<read echo="ascii"><delim> </delim><match><data>\x3E </data></match></read>
		<write echo="ascii"><data>1S3te = |"IR9","eUSuuwf","zY2P","TVg","CkAJm","yKWGGo","MMhMDs","yMhH","ix6"|\n</data></write>
		<read echo="ascii"><delim> </delim><match><data>\x3E </data></match></read>
		<write echo="ascii"><data>OzN6T = |"eUSuuwf","yKWGGo","5TME5enWbG"|\n</data></write>
		<read echo="ascii"><delim> </delim><match><data>\x3E </data></match></read>
		<write echo="ascii"><data>OzN6T@1S3te\n</data></write>
		<read echo="ascii"><delim>\n</delim><match><data>FALSE\n</data></match></read>
		<read echo="ascii"><delim> </delim><match><data>\x3E </data></match></read>
		<write echo="ascii"><data>oFCuCJ = 1S3te ~ OzN6T\n</data></write>
		<read echo="ascii"><delim> </delim><match><data>\x3E </data></match></read>
		<write echo="ascii"><data>B2yNf6 = |"wT1h2R","L0jbHSJ","VK8c","Nm0f","Ph","0H"|-|"88","wT1h2R","d","jUZhCn","mSPe","MHBIX","SdglEJx"|\n</data></write>
		<read echo="ascii"><delim> </delim><match><data>\x3E </data></match></read>
		<write echo="ascii"><data>qtc6f8P = oFCuCJ - 1S3te\n</data></write>
		<read echo="ascii"><delim> </delim><match><data>\x3E </data></match></read>
		<write echo="ascii"><data>hV8xCy = |"H","uRt","suNyq","3k","syZuw"|~|"i8kFZx","BJ2KjO","Y5BvWc"|\n</data></write>
		<read echo="ascii"><delim> </delim><match><data>\x3E </data></match></read>
		<write echo="ascii"><data>Uobxos = |"B4nGa","Y","g","1LbHZ"|+|"4"|\n</data></write>
		<read echo="ascii"><delim> </delim><match><data>\x3E </data></match></read>
		<write echo="ascii"><data>9GLonTBNK3 = oFCuCJ ^ 1S3te\n</data></write>
		<read echo="ascii"><delim> </delim><match><data>\x3E </data></match></read>
		<write echo="ascii"><data>wYl3J1a = Uobxos ~ 9GLonTBNK3\n</data></write>
		<read echo="ascii"><delim> </delim><match><data>\x3E </data></match></read>
		<write echo="ascii"><data>nyc2eI = |"TxG","8ZwkV0","9e","a"|-|"9e","q1jb1","MMqZpz"|\n</data></write>
		<read echo="ascii"><delim> </delim><match><data>\x3E </data></match></read>
		<write echo="ascii"><data>dg78gZ = |"G7","RPrWsD","seDUy","NLY3ev7","gdPuOr","LAF","xDkb"|-|"RPrWsD","xDkb","TrZl"|\n</data></write>
		<read echo="ascii"><delim> </delim><match><data>\x3E </data></match></read>
		<write echo="ascii"><data>ZzVPx = |"Jyl","Q7","psDOkE","v"|+|"0","87R","SI4U"|\n</data></write>
		<read echo="ascii"><delim> </delim><match><data>\x3E </data></match></read>
		<write echo="ascii"><data>Y5AKe = |"i","pDI","z","Ov6W","E2aQ"|~|"zDattW","SC","E2aQ","CvTcBbp","n","EUG"|\n</data></write>
		<read echo="ascii"><delim> </delim><match><data>\x3E </data></match></read>
		<write echo="ascii"><data>.p\n</data></write>
<read echo="ascii"><delim>\n</delim><match><data>1S3te = |"IR9","eUSuuwf","zY2P","TVg","CkAJm","yKWGGo","MMhMDs","yMhH","ix6"|\n</data></match></read>
<read echo="ascii"><delim>\n</delim><match><data>OzN6T = |"eUSuuwf","yKWGGo","5TME5enWbG"|\n</data></match></read>
<read echo="ascii"><delim>\n</delim><match><data>oFCuCJ = |"IR9","zY2P","TVg","CkAJm","MMhMDs","yMhH","ix6","5TME5enWbG"|\n</data></match></read>
<read echo="ascii"><delim>\n</delim><match><data>B2yNf6 = |"L0jbHSJ","VK8c","Nm0f","Ph","0H"|\n</data></match></read>
<read echo="ascii"><delim>\n</delim><match><data>qtc6f8P = |"5TME5enWbG"|\n</data></match></read>
<read echo="ascii"><delim>\n</delim><match><data>hV8xCy = |"H","uRt","suNyq","3k","syZuw","i8kFZx","BJ2KjO","Y5BvWc"|\n</data></match></read>
<read echo="ascii"><delim>\n</delim><match><data>Uobxos = |"B4nGa","Y","g","1LbHZ","4"|\n</data></match></read>
<read echo="ascii"><delim>\n</delim><match><data>9GLonTBNK3 = |"IR9","zY2P","TVg","CkAJm","MMhMDs","yMhH","ix6"|\n</data></match></read>
<read echo="ascii"><delim>\n</delim><match><data>wYl3J1a = |"B4nGa","Y","g","1LbHZ","4","IR9","zY2P","TVg","CkAJm","MMhMDs","yMhH","ix6"|\n</data></match></read>
<read echo="ascii"><delim>\n</delim><match><data>nyc2eI = |"TxG","8ZwkV0","a"|\n</data></match></read>
<read echo="ascii"><delim>\n</delim><match><data>dg78gZ = |"G7","seDUy","NLY3ev7","gdPuOr","LAF"|\n</data></match></read>
<read echo="ascii"><delim>\n</delim><match><data>ZzVPx = |"Jyl","Q7","psDOkE","v","0","87R","SI4U"|\n</data></match></read>
<read echo="ascii"><delim>\n</delim><match><data>Y5AKe = |"i","pDI","z","Ov6W","zDattW","SC","CvTcBbp","n","EUG"|\n</data></match></read>
		<read echo="ascii"><delim> </delim><match><data>\x3E </data></match></read>
		<write echo="ascii"><data>.l\n</data></write>
	</replay>
</pov>
