<?xml version="1.0" standalone="no" ?>
<!DOCTYPE pov SYSTEM "/usr/share/cgc-docs/replay.dtd"><pov>
	<cbid>CROMU_00011</cbid>
	<replay>
		<read echo="ascii"><delim> </delim><match><data>\x3E </data></match></read>
		<write echo="ascii"><data>MMetA9 = |"TwW","fc","5HnZZ","1R","cbA5N5M"|^|"TKVyC1e","L4z","7Gfhu","CGoY","ftZfpw"|\n</data></write>
		<read echo="ascii"><delim> </delim><match><data>\x3E </data></match></read>
		<write echo="ascii"><data>Z8byZBw = MMetA9 - MMetA9\n</data></write>
		<read echo="ascii"><delim> </delim><match><data>\x3E </data></match></read>
		<write echo="ascii"><data>4anbkV7 = MMetA9 - MMetA9\n</data></write>
		<read echo="ascii"><delim> </delim><match><data>\x3E </data></match></read>
		<write echo="ascii"><data>fcJDtao = |"i8vh","2oQ","rEH0","Nk","m1"|~|"D","WUhpNgu","ua","i8vh"|\n</data></write>
		<read echo="ascii"><delim> </delim><match><data>\x3E </data></match></read>
		<write echo="ascii"><data>oiPSYb = MMetA9 - 4anbkV7\n</data></write>
		<read echo="ascii"><delim> </delim><match><data>\x3E </data></match></read>
		<write echo="ascii"><data>a2FGnbj = |"NjU","via","pYw","pLDzc","d","E79Zp","pReW"|~|"edC","via","0","NjU"|\n</data></write>
		<read echo="ascii"><delim> </delim><match><data>\x3E </data></match></read>
		<write echo="ascii"><data>aYLrGm = fcJDtao - 4anbkV7\n</data></write>
		<read echo="ascii"><delim> </delim><match><data>\x3E </data></match></read>
		<write echo="ascii"><data>YtGVlNQ = |"mUnm","qz","RWG5Jb"|^|"sM5lOj","ic"|\n</data></write>
		<read echo="ascii"><delim> </delim><match><data>\x3E </data></match></read>
		<write echo="ascii"><data>oFIn4 = |"HUXJ1","8fLfL","41","tE","Er2","YDj"|+|"D8E6T","qU"|\n</data></write>
		<read echo="ascii"><delim> </delim><match><data>\x3E </data></match></read>
		<write echo="ascii"><data>VdkaRvv = |"WuXwQWa","04WoX","lD08o2","347hpn","lTkn3","VLYVK59","XY"|^|"8Jiq4mA","WuXwQWa"|\n</data></write>
		<read echo="ascii"><delim> </delim><match><data>\x3E </data></match></read>
		<write echo="ascii"><data>.p\n</data></write>
<read echo="ascii"><delim>\n</delim><match><data>MMetA9 = ||\n</data></match></read>
<read echo="ascii"><delim>\n</delim><match><data>Z8byZBw = ||\n</data></match></read>
<read echo="ascii"><delim>\n</delim><match><data>4anbkV7 = ||\n</data></match></read>
<read echo="ascii"><delim>\n</delim><match><data>fcJDtao = |"2oQ","rEH0","Nk","m1","D","WUhpNgu","ua"|\n</data></match></read>
<read echo="ascii"><delim>\n</delim><match><data>oiPSYb = ||\n</data></match></read>
<read echo="ascii"><delim>\n</delim><match><data>a2FGnbj = |"pYw","pLDzc","d","E79Zp","pReW","edC","0"|\n</data></match></read>
<read echo="ascii"><delim>\n</delim><match><data>aYLrGm = |"2oQ","rEH0","Nk","m1","D","WUhpNgu","ua"|\n</data></match></read>
<read echo="ascii"><delim>\n</delim><match><data>YtGVlNQ = ||\n</data></match></read>
<read echo="ascii"><delim>\n</delim><match><data>oFIn4 = |"HUXJ1","8fLfL","41","tE","Er2","YDj","D8E6T","qU"|\n</data></match></read>
<read echo="ascii"><delim>\n</delim><match><data>VdkaRvv = |"WuXwQWa"|\n</data></match></read>
		<read echo="ascii"><delim> </delim><match><data>\x3E </data></match></read>
		<write echo="ascii"><data>.l\n</data></write>
	</replay>
</pov>
