<?xml version="1.0" standalone="no" ?>
<!DOCTYPE pov SYSTEM "/usr/share/cgc-docs/replay.dtd"><pov>
	<cbid>CROMU_00011</cbid>
	<replay>
		<read echo="ascii"><delim> </delim><match><data>\x3E </data></match></read>
		<write echo="ascii"><data>i4PYQs = |"ZsYw","I57Y","eep1Zs","6Pp","o0"|^|"AZvh","zQV","ZsYw","WS","Ta0r","o0","uCq54"|\n</data></write>
		<read echo="ascii"><delim> </delim><match><data>\x3E </data></match></read>
		<write echo="ascii"><data>ScselO = i4PYQs + i4PYQs\n</data></write>
		<read echo="ascii"><delim> </delim><match><data>\x3E </data></match></read>
		<write echo="ascii"><data>UosykCf = i4PYQs ~ i4PYQs\n</data></write>
		<read echo="ascii"><delim> </delim><match><data>\x3E </data></match></read>
		<write echo="ascii"><data>JgSPaHr = |"hw1epn","esNN5v","ew6","Z6ndXtr","diQao","vHba","3B0W","5HJ","Cp","DKZUQ"|\n</data></write>
		<read echo="ascii"><delim> </delim><match><data>\x3E </data></match></read>
		<write echo="ascii"><data>5hXUq = |"hw1epn","3B0W","ew6","5HJ","DKZUQ","vHba","Cp","Z6ndXtr","WUa2gw1Mcq"|\n</data></write>
		<read echo="ascii"><delim> </delim><match><data>\x3E </data></match></read>
		<write echo="ascii"><data>5hXUq@JgSPaHr\n</data></write>
		<read echo="ascii"><delim>\n</delim><match><data>FALSE\n</data></match></read>
		<read echo="ascii"><delim> </delim><match><data>\x3E </data></match></read>
		<write echo="ascii"><data>f92hu7 = ScselO - ScselO\n</data></write>
		<read echo="ascii"><delim> </delim><match><data>\x3E </data></match></read>
		<write echo="ascii"><data>OCXop = |"myR","wP","7z","Nrqg"|~|"0f","rG","BjvV","BGtJ","Bl4P2l","VrGh"|\n</data></write>
		<read echo="ascii"><delim> </delim><match><data>\x3E </data></match></read>
		<write echo="ascii"><data>vaDelGw = |"hF5z","qKSz","IIatZsY","SyEs","2LwWHFs","K","L"|-|"kH","9r","3Qw5n","L","caz","B","48ZVUI"|\n</data></write>
		<read echo="ascii"><delim> </delim><match><data>\x3E </data></match></read>
		<write echo="ascii"><data>beUrxb = |"gH","52G5fP","4rD","mkDb9","0Ng24o","cEHux","ZvlP"|^|"wHlJO3","DCFQv8","MxclRWP","Lg"|\n</data></write>
		<read echo="ascii"><delim> </delim><match><data>\x3E </data></match></read>
		<write echo="ascii"><data>T7p57 = |"reG8qkm","sWxn4","xGBD33","EOS8PK","mFotL","jAzbh","ajSHf","3b"|\n</data></write>
		<read echo="ascii"><delim> </delim><match><data>\x3E </data></match></read>
		<write echo="ascii"><data>MtDEKmk = |"EOS8PK","mFotL","ajSHf","3b"|\n</data></write>
		<read echo="ascii"><delim> </delim><match><data>\x3E </data></match></read>
		<write echo="ascii"><data>MtDEKmk@T7p57\n</data></write>
		<read echo="ascii"><delim>\n</delim><match><data>TRUE\n</data></match></read>
		<read echo="ascii"><delim> </delim><match><data>\x3E </data></match></read>
		<write echo="ascii"><data>pfWQWF6 = i4PYQs - UosykCf\n</data></write>
		<read echo="ascii"><delim> </delim><match><data>\x3E </data></match></read>
		<write echo="ascii"><data>.p\n</data></write>
<read echo="ascii"><delim>\n</delim><match><data>i4PYQs = |"ZsYw","o0"|\n</data></match></read>
<read echo="ascii"><delim>\n</delim><match><data>ScselO = |"ZsYw","o0"|\n</data></match></read>
<read echo="ascii"><delim>\n</delim><match><data>UosykCf = ||\n</data></match></read>
<read echo="ascii"><delim>\n</delim><match><data>JgSPaHr = |"hw1epn","esNN5v","ew6","Z6ndXtr","diQao","vHba","3B0W","5HJ","Cp","DKZUQ"|\n</data></match></read>
<read echo="ascii"><delim>\n</delim><match><data>5hXUq = |"hw1epn","3B0W","ew6","5HJ","DKZUQ","vHba","Cp","Z6ndXtr","WUa2gw1Mcq"|\n</data></match></read>
<read echo="ascii"><delim>\n</delim><match><data>f92hu7 = ||\n</data></match></read>
<read echo="ascii"><delim>\n</delim><match><data>OCXop = |"myR","wP","7z","Nrqg","0f","rG","BjvV","BGtJ","Bl4P2l","VrGh"|\n</data></match></read>
<read echo="ascii"><delim>\n</delim><match><data>vaDelGw = |"hF5z","qKSz","IIatZsY","SyEs","2LwWHFs","K"|\n</data></match></read>
<read echo="ascii"><delim>\n</delim><match><data>beUrxb = ||\n</data></match></read>
<read echo="ascii"><delim>\n</delim><match><data>T7p57 = |"reG8qkm","sWxn4","xGBD33","EOS8PK","mFotL","jAzbh","ajSHf","3b"|\n</data></match></read>
<read echo="ascii"><delim>\n</delim><match><data>MtDEKmk = |"EOS8PK","mFotL","ajSHf","3b"|\n</data></match></read>
<read echo="ascii"><delim>\n</delim><match><data>pfWQWF6 = |"ZsYw","o0"|\n</data></match></read>
		<read echo="ascii"><delim> </delim><match><data>\x3E </data></match></read>
		<write echo="ascii"><data>.l\n</data></write>
	</replay>
</pov>
