<?xml version="1.0" standalone="no" ?>
<!DOCTYPE pov SYSTEM "/usr/share/cgc-docs/replay.dtd"><pov>
	<cbid>CROMU_00011</cbid>
	<replay>
		<read echo="ascii"><delim> </delim><match><data>\x3E </data></match></read>
		<write echo="ascii"><data>oTdqj = |"meviZ","j","9C"|~|"vuxdY","i52LjM","BjrJY","sHY","pAzJF"|\n</data></write>
		<read echo="ascii"><delim> </delim><match><data>\x3E </data></match></read>
		<write echo="ascii"><data>kuXAOiA = oTdqj + oTdqj\n</data></write>
		<read echo="ascii"><delim> </delim><match><data>\x3E </data></match></read>
		<write echo="ascii"><data>GLERA = kuXAOiA ~ kuXAOiA\n</data></write>
		<read echo="ascii"><delim> </delim><match><data>\x3E </data></match></read>
		<write echo="ascii"><data>9uaLWCD = oTdqj ~ GLERA\n</data></write>
		<read echo="ascii"><delim> </delim><match><data>\x3E </data></match></read>
		<write echo="ascii"><data>gf9fv = |"yj","8e8","Z","cG","Wh","li"|+|"5Dw","y"|\n</data></write>
		<read echo="ascii"><delim> </delim><match><data>\x3E </data></match></read>
		<write echo="ascii"><data>x1zzTp = |"Zny","KwKwbeI","PGwIB"|+|"PGwIB"|\n</data></write>
		<read echo="ascii"><delim> </delim><match><data>\x3E </data></match></read>
		<write echo="ascii"><data>MJO5AKq = |"666Dv04","y6y","lnp","gpZ","EaZBrFy","U6xFtOn"|^|"lnp"|\n</data></write>
		<read echo="ascii"><delim> </delim><match><data>\x3E </data></match></read>
		<write echo="ascii"><data>3T65v3L = |"d","B","6H0ZP"|+|"6H0ZP","2sFzF9","1A0","x2tHfET","WZ","3"|\n</data></write>
		<read echo="ascii"><delim> </delim><match><data>\x3E </data></match></read>
		<write echo="ascii"><data>Cn4yZ = |"t","9mzboxC","mVsFWLJ","52r7Qwi","6w"|-|"PO3QY0","52r7Qwi","p","0Byr6n"|\n</data></write>
		<read echo="ascii"><delim> </delim><match><data>\x3E </data></match></read>
		<write echo="ascii"><data>zHJs09K = Cn4yZ - GLERA\n</data></write>
		<read echo="ascii"><delim> </delim><match><data>\x3E </data></match></read>
		<write echo="ascii"><data>.p\n</data></write>
<read echo="ascii"><delim>\n</delim><match><data>oTdqj = |"meviZ","j","9C","vuxdY","i52LjM","BjrJY","sHY","pAzJF"|\n</data></match></read>
<read echo="ascii"><delim>\n</delim><match><data>kuXAOiA = |"meviZ","j","9C","vuxdY","i52LjM","BjrJY","sHY","pAzJF"|\n</data></match></read>
<read echo="ascii"><delim>\n</delim><match><data>GLERA = ||\n</data></match></read>
<read echo="ascii"><delim>\n</delim><match><data>9uaLWCD = |"meviZ","j","9C","vuxdY","i52LjM","BjrJY","sHY","pAzJF"|\n</data></match></read>
<read echo="ascii"><delim>\n</delim><match><data>gf9fv = |"yj","8e8","Z","cG","Wh","li","5Dw","y"|\n</data></match></read>
<read echo="ascii"><delim>\n</delim><match><data>x1zzTp = |"Zny","KwKwbeI","PGwIB"|\n</data></match></read>
<read echo="ascii"><delim>\n</delim><match><data>MJO5AKq = |"lnp"|\n</data></match></read>
<read echo="ascii"><delim>\n</delim><match><data>3T65v3L = |"d","B","6H0ZP","2sFzF9","1A0","x2tHfET","WZ","3"|\n</data></match></read>
<read echo="ascii"><delim>\n</delim><match><data>Cn4yZ = |"t","9mzboxC","mVsFWLJ","6w"|\n</data></match></read>
<read echo="ascii"><delim>\n</delim><match><data>zHJs09K = |"t","9mzboxC","mVsFWLJ","6w"|\n</data></match></read>
		<read echo="ascii"><delim> </delim><match><data>\x3E </data></match></read>
		<write echo="ascii"><data>.l\n</data></write>
	</replay>
</pov>
