<?xml version="1.0" standalone="no" ?>
<!DOCTYPE pov SYSTEM "/usr/share/cgc-docs/replay.dtd"><pov>
	<cbid>CROMU_00011</cbid>
	<replay>
		<read echo="ascii"><delim> </delim><match><data>\x3E </data></match></read>
		<write echo="ascii"><data>VMzag = |"Z6","K","SVVa","vtME","x"|-|"Z6","VcEkkl6","5d","Oy2","nl"|\n</data></write>
		<read echo="ascii"><delim> </delim><match><data>\x3E </data></match></read>
		<write echo="ascii"><data>ll1MwP = VMzag ~ VMzag\n</data></write>
		<read echo="ascii"><delim> </delim><match><data>\x3E </data></match></read>
		<write echo="ascii"><data>EkIWUxf = VMzag ~ VMzag\n</data></write>
		<read echo="ascii"><delim> </delim><match><data>\x3E </data></match></read>
		<write echo="ascii"><data>LG9cHl = |"9g6","N8f"|^|"A6pEwc","ive","aR0KTC","I99","En"|\n</data></write>
		<read echo="ascii"><delim> </delim><match><data>\x3E </data></match></read>
		<write echo="ascii"><data>fdtkW = EkIWUxf + ll1MwP\n</data></write>
		<read echo="ascii"><delim> </delim><match><data>\x3E </data></match></read>
		<write echo="ascii"><data>RCUWG = VMzag ~ fdtkW\n</data></write>
		<read echo="ascii"><delim> </delim><match><data>\x3E </data></match></read>
		<write echo="ascii"><data>jiMpM = |"oDQx6","UA","yr","6i","3E4go","klbKQU","cadHrw","FMj"|\n</data></write>
		<read echo="ascii"><delim> </delim><match><data>\x3E </data></match></read>
		<write echo="ascii"><data>dr8IrNu = |"3E4go","oDQx6","yr","UA"|\n</data></write>
		<read echo="ascii"><delim> </delim><match><data>\x3E </data></match></read>
		<write echo="ascii"><data>dr8IrNu@jiMpM\n</data></write>
		<read echo="ascii"><delim>\n</delim><match><data>TRUE\n</data></match></read>
		<read echo="ascii"><delim> </delim><match><data>\x3E </data></match></read>
		<write echo="ascii"><data>tG2Alrz = |"91BDMe","iK","rB3Kfkn","lfmNs"|-|"V","EpUw7n","O","IL3Ml7"|\n</data></write>
		<read echo="ascii"><delim> </delim><match><data>\x3E </data></match></read>
		<write echo="ascii"><data>f2tiA = |"bfgQg","DForII","5gNw2","aY6dMy5"|+|"9"|\n</data></write>
		<read echo="ascii"><delim> </delim><match><data>\x3E </data></match></read>
		<write echo="ascii"><data>Mfndu = |"lE","6","z9osg"|-|"m0O9","W","x","HesI","0nkQ","QoMfnVl"|\n</data></write>
		<read echo="ascii"><delim> </delim><match><data>\x3E </data></match></read>
		<write echo="ascii"><data>K3Azo = |"Xmr","8yKClfK","Zvb","bqFYPDT","ZyOq","yTPv","bfNVZex"|~|"h32z","fg","Zvb","bqFYPDT"|\n</data></write>
		<read echo="ascii"><delim> </delim><match><data>\x3E </data></match></read>
		<write echo="ascii"><data>1j5Ox = |"ns5","rB5DKk","okr3Od","Lw","guj","MG8pl"|\n</data></write>
		<read echo="ascii"><delim> </delim><match><data>\x3E </data></match></read>
		<write echo="ascii"><data>htcWuo = |"ns5","okr3Od","MG8pl","jCbxWAFKPc"|\n</data></write>
		<read echo="ascii"><delim> </delim><match><data>\x3E </data></match></read>
		<write echo="ascii"><data>htcWuo@1j5Ox\n</data></write>
		<read echo="ascii"><delim>\n</delim><match><data>FALSE\n</data></match></read>
		<read echo="ascii"><delim> </delim><match><data>\x3E </data></match></read>
		<write echo="ascii"><data>sLtk3 = |"v2dV9ik","ZogCL","G","H","Iuz"|~|"Z6C"|\n</data></write>
		<read echo="ascii"><delim> </delim><match><data>\x3E </data></match></read>
		<write echo="ascii"><data>DHbX9Ad = jiMpM ~ dr8IrNu\n</data></write>
		<read echo="ascii"><delim> </delim><match><data>\x3E </data></match></read>
		<write echo="ascii"><data>wz1Z3 = fdtkW ^ RCUWG\n</data></write>
		<read echo="ascii"><delim> </delim><match><data>\x3E </data></match></read>
		<write echo="ascii"><data>.p\n</data></write>
<read echo="ascii"><delim>\n</delim><match><data>VMzag = |"K","SVVa","vtME","x"|\n</data></match></read>
<read echo="ascii"><delim>\n</delim><match><data>ll1MwP = ||\n</data></match></read>
<read echo="ascii"><delim>\n</delim><match><data>EkIWUxf = ||\n</data></match></read>
<read echo="ascii"><delim>\n</delim><match><data>LG9cHl = ||\n</data></match></read>
<read echo="ascii"><delim>\n</delim><match><data>fdtkW = ||\n</data></match></read>
<read echo="ascii"><delim>\n</delim><match><data>RCUWG = |"K","SVVa","vtME","x"|\n</data></match></read>
<read echo="ascii"><delim>\n</delim><match><data>jiMpM = |"oDQx6","UA","yr","6i","3E4go","klbKQU","cadHrw","FMj"|\n</data></match></read>
<read echo="ascii"><delim>\n</delim><match><data>dr8IrNu = |"3E4go","oDQx6","yr","UA"|\n</data></match></read>
<read echo="ascii"><delim>\n</delim><match><data>tG2Alrz = |"91BDMe","iK","rB3Kfkn","lfmNs"|\n</data></match></read>
<read echo="ascii"><delim>\n</delim><match><data>f2tiA = |"bfgQg","DForII","5gNw2","aY6dMy5","9"|\n</data></match></read>
<read echo="ascii"><delim>\n</delim><match><data>Mfndu = |"lE","6","z9osg"|\n</data></match></read>
<read echo="ascii"><delim>\n</delim><match><data>K3Azo = |"Xmr","8yKClfK","ZyOq","yTPv","bfNVZex","h32z","fg"|\n</data></match></read>
<read echo="ascii"><delim>\n</delim><match><data>1j5Ox = |"ns5","rB5DKk","okr3Od","Lw","guj","MG8pl"|\n</data></match></read>
<read echo="ascii"><delim>\n</delim><match><data>htcWuo = |"ns5","okr3Od","MG8pl","jCbxWAFKPc"|\n</data></match></read>
<read echo="ascii"><delim>\n</delim><match><data>sLtk3 = |"v2dV9ik","ZogCL","G","H","Iuz","Z6C"|\n</data></match></read>
<read echo="ascii"><delim>\n</delim><match><data>DHbX9Ad = |"6i","klbKQU","cadHrw","FMj"|\n</data></match></read>
<read echo="ascii"><delim>\n</delim><match><data>wz1Z3 = ||\n</data></match></read>
		<read echo="ascii"><delim> </delim><match><data>\x3E </data></match></read>
		<write echo="ascii"><data>.l\n</data></write>
	</replay>
</pov>
