<?xml version="1.0" standalone="no" ?>
<!DOCTYPE pov SYSTEM "/usr/share/cgc-docs/replay.dtd"><pov>
	<cbid>CROMU_00011</cbid>
	<replay>
		<read echo="ascii"><delim> </delim><match><data>\x3E </data></match></read>
		<write echo="ascii"><data>Ydsn4ke = |"zTXb7","TMhyQW","EZ6Rkai","3kDxp","IF1S","9b6O"|\n</data></write>
		<read echo="ascii"><delim> </delim><match><data>\x3E </data></match></read>
		<write echo="ascii"><data>zSAx5S = |"9b6O","3kDxp","IF1S"|\n</data></write>
		<read echo="ascii"><delim> </delim><match><data>\x3E </data></match></read>
		<write echo="ascii"><data>zSAx5S@Ydsn4ke\n</data></write>
		<read echo="ascii"><delim>\n</delim><match><data>TRUE\n</data></match></read>
		<read echo="ascii"><delim> </delim><match><data>\x3E </data></match></read>
		<write echo="ascii"><data>fq0QH2P = |"HENTPyQ"|~|"fTWEDJ4","JPCf21J","CxY"|\n</data></write>
		<read echo="ascii"><delim> </delim><match><data>\x3E </data></match></read>
		<write echo="ascii"><data>vODAMJs = |"Uq4GtAA","BYcP","ZGhWa4"|~|"xe4L","30Y","Uq4GtAA","xTK8V","N73V","R","5x17b"|\n</data></write>
		<read echo="ascii"><delim> </delim><match><data>\x3E </data></match></read>
		<write echo="ascii"><data>qTNLZ = |"CwJo9"|+|"jJ3SiU"|\n</data></write>
		<read echo="ascii"><delim> </delim><match><data>\x3E </data></match></read>
		<write echo="ascii"><data>F0gvp = |"M","5TxFV","3uINKu1","MVgr","oXgVOww"|+|"8QQ","MVgr","FARUEwL"|\n</data></write>
		<read echo="ascii"><delim> </delim><match><data>\x3E </data></match></read>
		<write echo="ascii"><data>vnTGO74 = zSAx5S - fq0QH2P\n</data></write>
		<read echo="ascii"><delim> </delim><match><data>\x3E </data></match></read>
		<write echo="ascii"><data>qGSlqx = vnTGO74 ~ vnTGO74\n</data></write>
		<read echo="ascii"><delim> </delim><match><data>\x3E </data></match></read>
		<write echo="ascii"><data>4S4bLq = |"LU","RWYcF","z1K7","c3fWy8","Iaqle"|+|"n","FxE8LK","k","HcJ"|\n</data></write>
		<read echo="ascii"><delim> </delim><match><data>\x3E </data></match></read>
		<write echo="ascii"><data>gQJU50 = |"4","v","cWuJ","h","4SmMu"|-|"2","dwHy","ekOB9cx","4","h","v"|\n</data></write>
		<read echo="ascii"><delim> </delim><match><data>\x3E </data></match></read>
		<write echo="ascii"><data>uFLbs = vODAMJs ~ fq0QH2P\n</data></write>
		<read echo="ascii"><delim> </delim><match><data>\x3E </data></match></read>
		<write echo="ascii"><data>gn6sQi = |"xB","cEQ","PFoFP","cgnM","5II9"|-|"T4vC","PbQ","XIyvc","1uH","cgnM","O4to"|\n</data></write>
		<read echo="ascii"><delim> </delim><match><data>\x3E </data></match></read>
		<write echo="ascii"><data>.p\n</data></write>
<read echo="ascii"><delim>\n</delim><match><data>Ydsn4ke = |"zTXb7","TMhyQW","EZ6Rkai","3kDxp","IF1S","9b6O"|\n</data></match></read>
<read echo="ascii"><delim>\n</delim><match><data>zSAx5S = |"9b6O","3kDxp","IF1S"|\n</data></match></read>
<read echo="ascii"><delim>\n</delim><match><data>fq0QH2P = |"HENTPyQ","fTWEDJ4","JPCf21J","CxY"|\n</data></match></read>
<read echo="ascii"><delim>\n</delim><match><data>vODAMJs = |"BYcP","ZGhWa4","xe4L","30Y","xTK8V","N73V","R","5x17b"|\n</data></match></read>
<read echo="ascii"><delim>\n</delim><match><data>qTNLZ = |"CwJo9","jJ3SiU"|\n</data></match></read>
<read echo="ascii"><delim>\n</delim><match><data>F0gvp = |"M","5TxFV","3uINKu1","MVgr","oXgVOww","8QQ","FARUEwL"|\n</data></match></read>
<read echo="ascii"><delim>\n</delim><match><data>vnTGO74 = |"9b6O","3kDxp","IF1S"|\n</data></match></read>
<read echo="ascii"><delim>\n</delim><match><data>qGSlqx = ||\n</data></match></read>
<read echo="ascii"><delim>\n</delim><match><data>4S4bLq = |"LU","RWYcF","z1K7","c3fWy8","Iaqle","n","FxE8LK","k","HcJ"|\n</data></match></read>
<read echo="ascii"><delim>\n</delim><match><data>gQJU50 = |"cWuJ","4SmMu"|\n</data></match></read>
<read echo="ascii"><delim>\n</delim><match><data>uFLbs = |"BYcP","ZGhWa4","xe4L","30Y","xTK8V","N73V","R","5x17b","HENTPyQ","fTWEDJ4","JPCf21J","CxY"|\n</data></match></read>
<read echo="ascii"><delim>\n</delim><match><data>gn6sQi = |"xB","cEQ","PFoFP","5II9"|\n</data></match></read>
		<read echo="ascii"><delim> </delim><match><data>\x3E </data></match></read>
		<write echo="ascii"><data>.l\n</data></write>
	</replay>
</pov>
