<?xml version="1.0" standalone="no" ?>
<!DOCTYPE pov SYSTEM "/usr/share/cgc-docs/replay.dtd"><pov>
	<cbid>CROMU_00011</cbid>
	<replay>
		<read echo="ascii"><delim> </delim><match><data>\x3E </data></match></read>
		<write echo="ascii"><data>QL0nqT0 = |"DP","gYz5m"|^|"bOJit","gq","gYz5m","h59FX","TbBEq","YDnR","IpJ1u"|\n</data></write>
		<read echo="ascii"><delim> </delim><match><data>\x3E </data></match></read>
		<write echo="ascii"><data>rSRGtZ = |"Q6","5QiJX1","OnqBtn","GHAj900","Lf","JclpFzI"|\n</data></write>
		<read echo="ascii"><delim> </delim><match><data>\x3E </data></match></read>
		<write echo="ascii"><data>B6JvV = |"Q6"|\n</data></write>
		<read echo="ascii"><delim> </delim><match><data>\x3E </data></match></read>
		<write echo="ascii"><data>B6JvV@rSRGtZ\n</data></write>
		<read echo="ascii"><delim>\n</delim><match><data>TRUE\n</data></match></read>
		<read echo="ascii"><delim> </delim><match><data>\x3E </data></match></read>
		<write echo="ascii"><data>AzdCa8E = QL0nqT0 + B6JvV\n</data></write>
		<read echo="ascii"><delim> </delim><match><data>\x3E </data></match></read>
		<write echo="ascii"><data>9R75W7l = |"H5rL6","nla"|+|"2Vh","K0ion5","u93f","f6td","nbveZ1H"|\n</data></write>
		<read echo="ascii"><delim> </delim><match><data>\x3E </data></match></read>
		<write echo="ascii"><data>SMJDHw = |"v","uOOBv","7fd","UEpJ3","jxch"|-|"xHeudk","8","euAz"|\n</data></write>
		<read echo="ascii"><delim> </delim><match><data>\x3E </data></match></read>
		<write echo="ascii"><data>VEzK55 = |"6k","co00n","coT","yJVDz","eng"|^|"eng","bDIL","mw"|\n</data></write>
		<read echo="ascii"><delim> </delim><match><data>\x3E </data></match></read>
		<write echo="ascii"><data>h3Whi3 = |"ulzouB","9bDoS","iA6N","7UHvGQ","nWIN"|+|"QWiJsz","hlm","J","r"|\n</data></write>
		<read echo="ascii"><delim> </delim><match><data>\x3E </data></match></read>
		<write echo="ascii"><data>z9Lfm2 = |"ePSgyqz","e0C","NRihP","AdKpZDx","8177","OIG","tfCx1","mFBVY3","lH","Uf"|\n</data></write>
		<read echo="ascii"><delim> </delim><match><data>\x3E </data></match></read>
		<write echo="ascii"><data>HJ1UKDp = |"AdKpZDx","e0C","8177","OIG","Uf","NRihP","ePSgyqz","lH","Si2sajernb"|\n</data></write>
		<read echo="ascii"><delim> </delim><match><data>\x3E </data></match></read>
		<write echo="ascii"><data>HJ1UKDp@z9Lfm2\n</data></write>
		<read echo="ascii"><delim>\n</delim><match><data>FALSE\n</data></match></read>
		<read echo="ascii"><delim> </delim><match><data>\x3E </data></match></read>
		<write echo="ascii"><data>mAXZK = |"7EWhT","x4ueYV","trGaq19","tN04f","9GwlzJj","Yz3VN","neKs4","ehj4"|\n</data></write>
		<read echo="ascii"><delim> </delim><match><data>\x3E </data></match></read>
		<write echo="ascii"><data>Nse1lB = |"9GwlzJj","x4ueYV","Yz3VN","hnOYjbUXvs"|\n</data></write>
		<read echo="ascii"><delim> </delim><match><data>\x3E </data></match></read>
		<write echo="ascii"><data>Nse1lB@mAXZK\n</data></write>
		<read echo="ascii"><delim>\n</delim><match><data>FALSE\n</data></match></read>
		<read echo="ascii"><delim> </delim><match><data>\x3E </data></match></read>
		<write echo="ascii"><data>RT63E = |"16","3zGXM7O","BFCoq","RG","Pon","A6","LEo5","dXrAi"|\n</data></write>
		<read echo="ascii"><delim> </delim><match><data>\x3E </data></match></read>
		<write echo="ascii"><data>Gt6Rx = |"RG","3zGXM7O","xbS54yTIA1"|\n</data></write>
		<read echo="ascii"><delim> </delim><match><data>\x3E </data></match></read>
		<write echo="ascii"><data>Gt6Rx@RT63E\n</data></write>
		<read echo="ascii"><delim>\n</delim><match><data>FALSE\n</data></match></read>
		<read echo="ascii"><delim> </delim><match><data>\x3E </data></match></read>
		<write echo="ascii"><data>S0kpU = |"Fbh55","4Efj","9Gds","cFCrWG","NGeAy","Tt","7"|-|"Pa8","0UHYIz","M6jUyKu","D5","cFCrWG","J"|\n</data></write>
		<read echo="ascii"><delim> </delim><match><data>\x3E </data></match></read>
		<write echo="ascii"><data>G8aOTV = h3Whi3 ~ VEzK55\n</data></write>
		<read echo="ascii"><delim> </delim><match><data>\x3E </data></match></read>
		<write echo="ascii"><data>us2GD7p = |"KNSZ14","nZb","E6D3Iw"|^|"OBw"|\n</data></write>
		<read echo="ascii"><delim> </delim><match><data>\x3E </data></match></read>
		<write echo="ascii"><data>AO5dWAk = |"jq5DxoL","YM","NhB","1g3","gAs","JUc","7aC","XZA"|\n</data></write>
		<read echo="ascii"><delim> </delim><match><data>\x3E </data></match></read>
		<write echo="ascii"><data>GafDBS5 = |"jq5DxoL","YM","NhB","JUc","gAs","1g3","ZOsGiRDOum"|\n</data></write>
		<read echo="ascii"><delim> </delim><match><data>\x3E </data></match></read>
		<write echo="ascii"><data>GafDBS5@AO5dWAk\n</data></write>
		<read echo="ascii"><delim>\n</delim><match><data>FALSE\n</data></match></read>
		<read echo="ascii"><delim> </delim><match><data>\x3E </data></match></read>
		<write echo="ascii"><data>.p\n</data></write>
<read echo="ascii"><delim>\n</delim><match><data>QL0nqT0 = |"gYz5m"|\n</data></match></read>
<read echo="ascii"><delim>\n</delim><match><data>rSRGtZ = |"Q6","5QiJX1","OnqBtn","GHAj900","Lf","JclpFzI"|\n</data></match></read>
<read echo="ascii"><delim>\n</delim><match><data>B6JvV = |"Q6"|\n</data></match></read>
<read echo="ascii"><delim>\n</delim><match><data>AzdCa8E = |"gYz5m","Q6"|\n</data></match></read>
<read echo="ascii"><delim>\n</delim><match><data>9R75W7l = |"H5rL6","nla","2Vh","K0ion5","u93f","f6td","nbveZ1H"|\n</data></match></read>
<read echo="ascii"><delim>\n</delim><match><data>SMJDHw = |"v","uOOBv","7fd","UEpJ3","jxch"|\n</data></match></read>
<read echo="ascii"><delim>\n</delim><match><data>VEzK55 = |"eng"|\n</data></match></read>
<read echo="ascii"><delim>\n</delim><match><data>h3Whi3 = |"ulzouB","9bDoS","iA6N","7UHvGQ","nWIN","QWiJsz","hlm","J","r"|\n</data></match></read>
<read echo="ascii"><delim>\n</delim><match><data>z9Lfm2 = |"ePSgyqz","e0C","NRihP","AdKpZDx","8177","OIG","tfCx1","mFBVY3","lH","Uf"|\n</data></match></read>
<read echo="ascii"><delim>\n</delim><match><data>HJ1UKDp = |"AdKpZDx","e0C","8177","OIG","Uf","NRihP","ePSgyqz","lH","Si2sajernb"|\n</data></match></read>
<read echo="ascii"><delim>\n</delim><match><data>mAXZK = |"7EWhT","x4ueYV","trGaq19","tN04f","9GwlzJj","Yz3VN","neKs4","ehj4"|\n</data></match></read>
<read echo="ascii"><delim>\n</delim><match><data>Nse1lB = |"9GwlzJj","x4ueYV","Yz3VN","hnOYjbUXvs"|\n</data></match></read>
<read echo="ascii"><delim>\n</delim><match><data>RT63E = |"16","3zGXM7O","BFCoq","RG","Pon","A6","LEo5","dXrAi"|\n</data></match></read>
<read echo="ascii"><delim>\n</delim><match><data>Gt6Rx = |"RG","3zGXM7O","xbS54yTIA1"|\n</data></match></read>
<read echo="ascii"><delim>\n</delim><match><data>S0kpU = |"Fbh55","4Efj","9Gds","NGeAy","Tt","7"|\n</data></match></read>
<read echo="ascii"><delim>\n</delim><match><data>G8aOTV = |"ulzouB","9bDoS","iA6N","7UHvGQ","nWIN","QWiJsz","hlm","J","r","eng"|\n</data></match></read>
<read echo="ascii"><delim>\n</delim><match><data>us2GD7p = ||\n</data></match></read>
<read echo="ascii"><delim>\n</delim><match><data>AO5dWAk = |"jq5DxoL","YM","NhB","1g3","gAs","JUc","7aC","XZA"|\n</data></match></read>
<read echo="ascii"><delim>\n</delim><match><data>GafDBS5 = |"jq5DxoL","YM","NhB","JUc","gAs","1g3","ZOsGiRDOum"|\n</data></match></read>
		<read echo="ascii"><delim> </delim><match><data>\x3E </data></match></read>
		<write echo="ascii"><data>.l\n</data></write>
	</replay>
</pov>
