<?xml version="1.0" standalone="no" ?>
<!DOCTYPE pov SYSTEM "/usr/share/cgc-docs/replay.dtd"><pov>
	<cbid>CROMU_00011</cbid>
	<replay>
		<read echo="ascii"><delim> </delim><match><data>\x3E </data></match></read>
		<write echo="ascii"><data>3oaet8 = |"P4HFA8l","ANg","ND","FiZ","uANl","En","hrZ0","eW"|\n</data></write>
		<read echo="ascii"><delim> </delim><match><data>\x3E </data></match></read>
		<write echo="ascii"><data>MAWz23 = |"ANg","5x3d57K1MI"|\n</data></write>
		<read echo="ascii"><delim> </delim><match><data>\x3E </data></match></read>
		<write echo="ascii"><data>MAWz23@3oaet8\n</data></write>
		<read echo="ascii"><delim>\n</delim><match><data>FALSE\n</data></match></read>
		<read echo="ascii"><delim> </delim><match><data>\x3E </data></match></read>
		<write echo="ascii"><data>i1fsX6Z = 3oaet8 + 3oaet8\n</data></write>
		<read echo="ascii"><delim> </delim><match><data>\x3E </data></match></read>
		<write echo="ascii"><data>evuw7OH = |"lfYhe","WbuPI5","ietm6Bp"|+|"WwjAD","aoURimn","n7edZ0g","6ITQuK","sMwwN","09Aa"|\n</data></write>
		<read echo="ascii"><delim> </delim><match><data>\x3E </data></match></read>
		<write echo="ascii"><data>340vz = |"mw","pIqi","gIN","2yoGs"|-|"Rfb","2yoGs","tHBmd","gIN","y","KhV7","wo5QHUJ"|\n</data></write>
		<read echo="ascii"><delim> </delim><match><data>\x3E </data></match></read>
		<write echo="ascii"><data>IJniB = |"nwWX"|~|"IUYc5K","5s9","448Y","nwWX","Tk"|\n</data></write>
		<read echo="ascii"><delim> </delim><match><data>\x3E </data></match></read>
		<write echo="ascii"><data>EpDT1TS = |"jD6","RyeE85","GfFL4Jw","IufkR","pCFSQS"|^|"aQza"|\n</data></write>
		<read echo="ascii"><delim> </delim><match><data>\x3E </data></match></read>
		<write echo="ascii"><data>XWndD = |"ycGLdz7","CE","HIxcsgv","FGf6","KSdW","aax","7"|-|"Pjn","LYnDS","jW"|\n</data></write>
		<read echo="ascii"><delim> </delim><match><data>\x3E </data></match></read>
		<write echo="ascii"><data>7T9Y08 = 3oaet8 ~ XWndD\n</data></write>
		<read echo="ascii"><delim> </delim><match><data>\x3E </data></match></read>
		<write echo="ascii"><data>BayFN5 = |"kgS4"|~|"dBIwb","aSe9","b9vO","8VYIUCH","Hc4Zp","iDbrYw7"|\n</data></write>
		<read echo="ascii"><delim> </delim><match><data>\x3E </data></match></read>
		<write echo="ascii"><data>cFUXdD = |"Dv","Id7r7B2","xuaLeh9","0","fIxG","tAA","MTz7"|+|"VuhqjS7","w","Id7r7B2","Z","0","tAA"|\n</data></write>
		<read echo="ascii"><delim> </delim><match><data>\x3E </data></match></read>
		<write echo="ascii"><data>Y6tZC91 = |"FfjVdE","V","YTMT","PxHy","Z","q","Rili"|-|"74d0","YTMT","vGdNn5Q"|\n</data></write>
		<read echo="ascii"><delim> </delim><match><data>\x3E </data></match></read>
		<write echo="ascii"><data>rlUBZU = |"wj","Z","Aaeu","2","pylvbEs","xJmfi","WsWyFA9"|-|"9o","fBW20","CxhVVK","QX","Aaeu","2"|\n</data></write>
		<read echo="ascii"><delim> </delim><match><data>\x3E </data></match></read>
		<write echo="ascii"><data>.p\n</data></write>
<read echo="ascii"><delim>\n</delim><match><data>3oaet8 = |"P4HFA8l","ANg","ND","FiZ","uANl","En","hrZ0","eW"|\n</data></match></read>
<read echo="ascii"><delim>\n</delim><match><data>MAWz23 = |"ANg","5x3d57K1MI"|\n</data></match></read>
<read echo="ascii"><delim>\n</delim><match><data>i1fsX6Z = |"P4HFA8l","ANg","ND","FiZ","uANl","En","hrZ0","eW"|\n</data></match></read>
<read echo="ascii"><delim>\n</delim><match><data>evuw7OH = |"lfYhe","WbuPI5","ietm6Bp","WwjAD","aoURimn","n7edZ0g","6ITQuK","sMwwN","09Aa"|\n</data></match></read>
<read echo="ascii"><delim>\n</delim><match><data>340vz = |"mw","pIqi"|\n</data></match></read>
<read echo="ascii"><delim>\n</delim><match><data>IJniB = |"IUYc5K","5s9","448Y","Tk"|\n</data></match></read>
<read echo="ascii"><delim>\n</delim><match><data>EpDT1TS = ||\n</data></match></read>
<read echo="ascii"><delim>\n</delim><match><data>XWndD = |"ycGLdz7","CE","HIxcsgv","FGf6","KSdW","aax","7"|\n</data></match></read>
<read echo="ascii"><delim>\n</delim><match><data>7T9Y08 = |"P4HFA8l","ANg","ND","FiZ","uANl","En","hrZ0","eW","ycGLdz7","CE","HIxcsgv","FGf6","KSdW","aax","7"|\n</data></match></read>
<read echo="ascii"><delim>\n</delim><match><data>BayFN5 = |"kgS4","dBIwb","aSe9","b9vO","8VYIUCH","Hc4Zp","iDbrYw7"|\n</data></match></read>
<read echo="ascii"><delim>\n</delim><match><data>cFUXdD = |"Dv","Id7r7B2","xuaLeh9","0","fIxG","tAA","MTz7","VuhqjS7","w","Z"|\n</data></match></read>
<read echo="ascii"><delim>\n</delim><match><data>Y6tZC91 = |"FfjVdE","V","PxHy","Z","q","Rili"|\n</data></match></read>
<read echo="ascii"><delim>\n</delim><match><data>rlUBZU = |"wj","Z","pylvbEs","xJmfi","WsWyFA9"|\n</data></match></read>
		<read echo="ascii"><delim> </delim><match><data>\x3E </data></match></read>
		<write echo="ascii"><data>.l\n</data></write>
	</replay>
</pov>
