<?xml version="1.0" standalone="no" ?>
<!DOCTYPE pov SYSTEM "/usr/share/cgc-docs/replay.dtd"><pov>
	<cbid>CROMU_00011</cbid>
	<replay>
		<read echo="ascii"><delim> </delim><match><data>\x3E </data></match></read>
		<write echo="ascii"><data>Vb0vbUU = |"yv7","BLXHo","JO","IWegu","Bak6hI","baf"|^|"l8f","IWegu","EgZE","5Nm4SOl","qo"|\n</data></write>
		<read echo="ascii"><delim> </delim><match><data>\x3E </data></match></read>
		<write echo="ascii"><data>QbLTTGr = Vb0vbUU ~ Vb0vbUU\n</data></write>
		<read echo="ascii"><delim> </delim><match><data>\x3E </data></match></read>
		<write echo="ascii"><data>52BQd5 = |"acA","cdGS0","gG4"|~|"acA"|\n</data></write>
		<read echo="ascii"><delim> </delim><match><data>\x3E </data></match></read>
		<write echo="ascii"><data>IBuTg50 = 52BQd5 + QbLTTGr\n</data></write>
		<read echo="ascii"><delim> </delim><match><data>\x3E </data></match></read>
		<write echo="ascii"><data>pzDMNd = 52BQd5 ^ Vb0vbUU\n</data></write>
		<read echo="ascii"><delim> </delim><match><data>\x3E </data></match></read>
		<write echo="ascii"><data>lnoQO3 = pzDMNd + 52BQd5\n</data></write>
		<read echo="ascii"><delim> </delim><match><data>\x3E </data></match></read>
		<write echo="ascii"><data>ZUIKBaZ = IBuTg50 + pzDMNd\n</data></write>
		<read echo="ascii"><delim> </delim><match><data>\x3E </data></match></read>
		<write echo="ascii"><data>yFZ06 = 52BQd5 - ZUIKBaZ\n</data></write>
		<read echo="ascii"><delim> </delim><match><data>\x3E </data></match></read>
		<write echo="ascii"><data>5V5Toyy = yFZ06 - pzDMNd\n</data></write>
		<read echo="ascii"><delim> </delim><match><data>\x3E </data></match></read>
		<write echo="ascii"><data>61B23 = |"t06","k0","GjQE4PZ","ERs3"|-|"pXm9","c4G74G","9GbY"|\n</data></write>
		<read echo="ascii"><delim> </delim><match><data>\x3E </data></match></read>
		<write echo="ascii"><data>Pe2hxj9 = |"k50sm8Q","m3eZ8y8","vrucn"|^|"odJi","jGWyu","uUwmV","rQwkzLU","q3"|\n</data></write>
		<read echo="ascii"><delim> </delim><match><data>\x3E </data></match></read>
		<write echo="ascii"><data>0O2HnI = |"cF","rOy59qQ","LWRob"|^|"RW9","CG"|\n</data></write>
		<read echo="ascii"><delim> </delim><match><data>\x3E </data></match></read>
		<write echo="ascii"><data>AnSd6Ri = |"YH9Bit","SK","LzMl91c","v5c7","bt","lM"|^|"OeE6byd","YQ5","BmD","YH9Bit","vtKb7"|\n</data></write>
		<read echo="ascii"><delim> </delim><match><data>\x3E </data></match></read>
		<write echo="ascii"><data>bikpa = Vb0vbUU + QbLTTGr\n</data></write>
		<read echo="ascii"><delim> </delim><match><data>\x3E </data></match></read>
		<write echo="ascii"><data>.p\n</data></write>
<read echo="ascii"><delim>\n</delim><match><data>Vb0vbUU = |"IWegu"|\n</data></match></read>
<read echo="ascii"><delim>\n</delim><match><data>QbLTTGr = ||\n</data></match></read>
<read echo="ascii"><delim>\n</delim><match><data>52BQd5 = |"cdGS0","gG4"|\n</data></match></read>
<read echo="ascii"><delim>\n</delim><match><data>IBuTg50 = |"cdGS0","gG4"|\n</data></match></read>
<read echo="ascii"><delim>\n</delim><match><data>pzDMNd = ||\n</data></match></read>
<read echo="ascii"><delim>\n</delim><match><data>lnoQO3 = |"cdGS0","gG4"|\n</data></match></read>
<read echo="ascii"><delim>\n</delim><match><data>ZUIKBaZ = |"cdGS0","gG4"|\n</data></match></read>
<read echo="ascii"><delim>\n</delim><match><data>yFZ06 = ||\n</data></match></read>
<read echo="ascii"><delim>\n</delim><match><data>5V5Toyy = ||\n</data></match></read>
<read echo="ascii"><delim>\n</delim><match><data>61B23 = |"t06","k0","GjQE4PZ","ERs3"|\n</data></match></read>
<read echo="ascii"><delim>\n</delim><match><data>Pe2hxj9 = ||\n</data></match></read>
<read echo="ascii"><delim>\n</delim><match><data>0O2HnI = ||\n</data></match></read>
<read echo="ascii"><delim>\n</delim><match><data>AnSd6Ri = |"YH9Bit"|\n</data></match></read>
<read echo="ascii"><delim>\n</delim><match><data>bikpa = |"IWegu"|\n</data></match></read>
		<read echo="ascii"><delim> </delim><match><data>\x3E </data></match></read>
		<write echo="ascii"><data>.l\n</data></write>
	</replay>
</pov>
