<?xml version="1.0" standalone="no" ?>
<!DOCTYPE pov SYSTEM "/usr/share/cgc-docs/replay.dtd"><pov>
	<cbid>CROMU_00011</cbid>
	<replay>
		<read echo="ascii"><delim> </delim><match><data>\x3E </data></match></read>
		<write echo="ascii"><data>AwNmaC = |"1vNWIlJ","qjzq8sv","j5RgdA","1jA4HD","LYvWmwK","G48zJka","WOyW"|\n</data></write>
		<read echo="ascii"><delim> </delim><match><data>\x3E </data></match></read>
		<write echo="ascii"><data>gXiZN = |"1jA4HD","qjzq8sv","1vNWIlJ","G48zJka","WOyW","j5RgdA"|\n</data></write>
		<read echo="ascii"><delim> </delim><match><data>\x3E </data></match></read>
		<write echo="ascii"><data>gXiZN@AwNmaC\n</data></write>
		<read echo="ascii"><delim>\n</delim><match><data>TRUE\n</data></match></read>
		<read echo="ascii"><delim> </delim><match><data>\x3E </data></match></read>
		<write echo="ascii"><data>6KXE5 = |"79","kll","kvbMl","Vfmq4","7ZVl","XwE","IFvJi"|\n</data></write>
		<read echo="ascii"><delim> </delim><match><data>\x3E </data></match></read>
		<write echo="ascii"><data>L5IPVR = |"IFvJi","7ZVl","79","XwE","kll","34YHOdx8V7"|\n</data></write>
		<read echo="ascii"><delim> </delim><match><data>\x3E </data></match></read>
		<write echo="ascii"><data>L5IPVR@6KXE5\n</data></write>
		<read echo="ascii"><delim>\n</delim><match><data>FALSE\n</data></match></read>
		<read echo="ascii"><delim> </delim><match><data>\x3E </data></match></read>
		<write echo="ascii"><data>ciH1rF = |"Ue","bD","Ml5","p67aZY","esd8dJL","086fXY","VnZpgkd","8vjFk","RPqxC","NdbrI2"|\n</data></write>
		<read echo="ascii"><delim> </delim><match><data>\x3E </data></match></read>
		<write echo="ascii"><data>nsUW5 = |"Ue"|\n</data></write>
		<read echo="ascii"><delim> </delim><match><data>\x3E </data></match></read>
		<write echo="ascii"><data>nsUW5@ciH1rF\n</data></write>
		<read echo="ascii"><delim>\n</delim><match><data>TRUE\n</data></match></read>
		<read echo="ascii"><delim> </delim><match><data>\x3E </data></match></read>
		<write echo="ascii"><data>zObfbHN = |"p4rPbXL"|^|"fKIk","oNd1c","UJ607","vy"|\n</data></write>
		<read echo="ascii"><delim> </delim><match><data>\x3E </data></match></read>
		<write echo="ascii"><data>0QgI3W = |"f7A0","UtUKDUg","GJN0uI","zA6ydj2","9ej03","n3","Ro0Adw","BW","OPcj"|\n</data></write>
		<read echo="ascii"><delim> </delim><match><data>\x3E </data></match></read>
		<write echo="ascii"><data>Yv5Nbr = |"GJN0uI","zA6ydj2","8bgTzN5f1p"|\n</data></write>
		<read echo="ascii"><delim> </delim><match><data>\x3E </data></match></read>
		<write echo="ascii"><data>Yv5Nbr@0QgI3W\n</data></write>
		<read echo="ascii"><delim>\n</delim><match><data>FALSE\n</data></match></read>
		<read echo="ascii"><delim> </delim><match><data>\x3E </data></match></read>
		<write echo="ascii"><data>W1UKH = 6KXE5 ^ AwNmaC\n</data></write>
		<read echo="ascii"><delim> </delim><match><data>\x3E </data></match></read>
		<write echo="ascii"><data>Xo9MAL3 = 0QgI3W + nsUW5\n</data></write>
		<read echo="ascii"><delim> </delim><match><data>\x3E </data></match></read>
		<write echo="ascii"><data>ahqmlqU = |"1ho","49","050AyLl","YXSScm0","D6","tGkkt","TSTvT"|\n</data></write>
		<read echo="ascii"><delim> </delim><match><data>\x3E </data></match></read>
		<write echo="ascii"><data>ki8G0 = |"D6","tGkkt","YXSScm0","49","050AyLl","HA8xqBYG28"|\n</data></write>
		<read echo="ascii"><delim> </delim><match><data>\x3E </data></match></read>
		<write echo="ascii"><data>ki8G0@ahqmlqU\n</data></write>
		<read echo="ascii"><delim>\n</delim><match><data>FALSE\n</data></match></read>
		<read echo="ascii"><delim> </delim><match><data>\x3E </data></match></read>
		<write echo="ascii"><data>3DMZZGT = |"MXr","KUHg","S","lrJA9r"|-|"vzqK","3jM7umk","tyF0gCK"|\n</data></write>
		<read echo="ascii"><delim> </delim><match><data>\x3E </data></match></read>
		<write echo="ascii"><data>WHxN2o = |"8v0"|~|"v0z","L"|\n</data></write>
		<read echo="ascii"><delim> </delim><match><data>\x3E </data></match></read>
		<write echo="ascii"><data>.p\n</data></write>
<read echo="ascii"><delim>\n</delim><match><data>AwNmaC = |"1vNWIlJ","qjzq8sv","j5RgdA","1jA4HD","LYvWmwK","G48zJka","WOyW"|\n</data></match></read>
<read echo="ascii"><delim>\n</delim><match><data>gXiZN = |"1jA4HD","qjzq8sv","1vNWIlJ","G48zJka","WOyW","j5RgdA"|\n</data></match></read>
<read echo="ascii"><delim>\n</delim><match><data>6KXE5 = |"79","kll","kvbMl","Vfmq4","7ZVl","XwE","IFvJi"|\n</data></match></read>
<read echo="ascii"><delim>\n</delim><match><data>L5IPVR = |"IFvJi","7ZVl","79","XwE","kll","34YHOdx8V7"|\n</data></match></read>
<read echo="ascii"><delim>\n</delim><match><data>ciH1rF = |"Ue","bD","Ml5","p67aZY","esd8dJL","086fXY","VnZpgkd","8vjFk","RPqxC","NdbrI2"|\n</data></match></read>
<read echo="ascii"><delim>\n</delim><match><data>nsUW5 = |"Ue"|\n</data></match></read>
<read echo="ascii"><delim>\n</delim><match><data>zObfbHN = ||\n</data></match></read>
<read echo="ascii"><delim>\n</delim><match><data>0QgI3W = |"f7A0","UtUKDUg","GJN0uI","zA6ydj2","9ej03","n3","Ro0Adw","BW","OPcj"|\n</data></match></read>
<read echo="ascii"><delim>\n</delim><match><data>Yv5Nbr = |"GJN0uI","zA6ydj2","8bgTzN5f1p"|\n</data></match></read>
<read echo="ascii"><delim>\n</delim><match><data>W1UKH = ||\n</data></match></read>
<read echo="ascii"><delim>\n</delim><match><data>Xo9MAL3 = |"f7A0","UtUKDUg","GJN0uI","zA6ydj2","9ej03","n3","Ro0Adw","BW","OPcj","Ue"|\n</data></match></read>
<read echo="ascii"><delim>\n</delim><match><data>ahqmlqU = |"1ho","49","050AyLl","YXSScm0","D6","tGkkt","TSTvT"|\n</data></match></read>
<read echo="ascii"><delim>\n</delim><match><data>ki8G0 = |"D6","tGkkt","YXSScm0","49","050AyLl","HA8xqBYG28"|\n</data></match></read>
<read echo="ascii"><delim>\n</delim><match><data>3DMZZGT = |"MXr","KUHg","S","lrJA9r"|\n</data></match></read>
<read echo="ascii"><delim>\n</delim><match><data>WHxN2o = |"8v0","v0z","L"|\n</data></match></read>
		<read echo="ascii"><delim> </delim><match><data>\x3E </data></match></read>
		<write echo="ascii"><data>.l\n</data></write>
	</replay>
</pov>
