<?xml version="1.0" standalone="no" ?>
<!DOCTYPE pov SYSTEM "/usr/share/cgc-docs/replay.dtd"><pov>
	<cbid>CROMU_00011</cbid>
	<replay>
		<read echo="ascii"><delim> </delim><match><data>\x3E </data></match></read>
		<write echo="ascii"><data>nmubu7 = |"N","D","APnaFm1","ht4K"|+|"LDb","0hR","wrI","EtKdEcC","R3U7GZ","D"|\n</data></write>
		<read echo="ascii"><delim> </delim><match><data>\x3E </data></match></read>
		<write echo="ascii"><data>fkB98 = nmubu7 ^ nmubu7\n</data></write>
		<read echo="ascii"><delim> </delim><match><data>\x3E </data></match></read>
		<write echo="ascii"><data>OHQnxN = |"IDa12H","d5Vj6w","SaW4VLz","LI9MEjl","l3JWvo","XTI","OM","hs","Xzhhv4","IcM"|\n</data></write>
		<read echo="ascii"><delim> </delim><match><data>\x3E </data></match></read>
		<write echo="ascii"><data>BekCHcd = |"IDa12H","l3JWvo","SaW4VLz"|\n</data></write>
		<read echo="ascii"><delim> </delim><match><data>\x3E </data></match></read>
		<write echo="ascii"><data>BekCHcd@OHQnxN\n</data></write>
		<read echo="ascii"><delim>\n</delim><match><data>TRUE\n</data></match></read>
		<read echo="ascii"><delim> </delim><match><data>\x3E </data></match></read>
		<write echo="ascii"><data>DYxNI = |"FR","Iv7cjP","yaU","LKQ","I"|+|"mK5Zw","J","KY"|\n</data></write>
		<read echo="ascii"><delim> </delim><match><data>\x3E </data></match></read>
		<write echo="ascii"><data>FERxSX = nmubu7 + BekCHcd\n</data></write>
		<read echo="ascii"><delim> </delim><match><data>\x3E </data></match></read>
		<write echo="ascii"><data>fgtKu = FERxSX - OHQnxN\n</data></write>
		<read echo="ascii"><delim> </delim><match><data>\x3E </data></match></read>
		<write echo="ascii"><data>SJbQFye = |"NINjn"|+|"X9","NINjn","Xlhkthl","gRE"|\n</data></write>
		<read echo="ascii"><delim> </delim><match><data>\x3E </data></match></read>
		<write echo="ascii"><data>VBZycr = BekCHcd + fgtKu\n</data></write>
		<read echo="ascii"><delim> </delim><match><data>\x3E </data></match></read>
		<write echo="ascii"><data>4tkm3 = SJbQFye ^ FERxSX\n</data></write>
		<read echo="ascii"><delim> </delim><match><data>\x3E </data></match></read>
		<write echo="ascii"><data>7IR01 = |"Nfvz","ROeACs","QqA","io7RVX","xUJ","3GF","YH"|+|"AhXHo","2IUsC","Nfvz"|\n</data></write>
		<read echo="ascii"><delim> </delim><match><data>\x3E </data></match></read>
		<write echo="ascii"><data>y8GZS0 = |"drWTY","qyCqT","aNZp","L1Sfr","989au3M","ubVet"|\n</data></write>
		<read echo="ascii"><delim> </delim><match><data>\x3E </data></match></read>
		<write echo="ascii"><data>IVJoU = |"989au3M","drWTY","aNZp","ubVet","hJRLtTegiG"|\n</data></write>
		<read echo="ascii"><delim> </delim><match><data>\x3E </data></match></read>
		<write echo="ascii"><data>IVJoU@y8GZS0\n</data></write>
		<read echo="ascii"><delim>\n</delim><match><data>FALSE\n</data></match></read>
		<read echo="ascii"><delim> </delim><match><data>\x3E </data></match></read>
		<write echo="ascii"><data>Dlclb6 = |"wjy4N","TMJw8Zl","TjlqGws","VvDYM7","C8JnLj","mLra"|\n</data></write>
		<read echo="ascii"><delim> </delim><match><data>\x3E </data></match></read>
		<write echo="ascii"><data>IZlG4X = |"wjy4N","C8JnLj","TjlqGws","mLra","klk2I6Bun5"|\n</data></write>
		<read echo="ascii"><delim> </delim><match><data>\x3E </data></match></read>
		<write echo="ascii"><data>IZlG4X@Dlclb6\n</data></write>
		<read echo="ascii"><delim>\n</delim><match><data>FALSE\n</data></match></read>
		<read echo="ascii"><delim> </delim><match><data>\x3E </data></match></read>
		<write echo="ascii"><data>c2bwiO = 4tkm3 + OHQnxN\n</data></write>
		<read echo="ascii"><delim> </delim><match><data>\x3E </data></match></read>
		<write echo="ascii"><data>ISDl1y = BekCHcd ^ OHQnxN\n</data></write>
		<read echo="ascii"><delim> </delim><match><data>\x3E </data></match></read>
		<write echo="ascii"><data>.p\n</data></write>
<read echo="ascii"><delim>\n</delim><match><data>nmubu7 = |"N","D","APnaFm1","ht4K","LDb","0hR","wrI","EtKdEcC","R3U7GZ"|\n</data></match></read>
<read echo="ascii"><delim>\n</delim><match><data>fkB98 = |"N","D","APnaFm1","ht4K","LDb","0hR","wrI","EtKdEcC","R3U7GZ"|\n</data></match></read>
<read echo="ascii"><delim>\n</delim><match><data>OHQnxN = |"IDa12H","d5Vj6w","SaW4VLz","LI9MEjl","l3JWvo","XTI","OM","hs","Xzhhv4","IcM"|\n</data></match></read>
<read echo="ascii"><delim>\n</delim><match><data>BekCHcd = |"IDa12H","l3JWvo","SaW4VLz"|\n</data></match></read>
<read echo="ascii"><delim>\n</delim><match><data>DYxNI = |"FR","Iv7cjP","yaU","LKQ","I","mK5Zw","J","KY"|\n</data></match></read>
<read echo="ascii"><delim>\n</delim><match><data>FERxSX = |"N","D","APnaFm1","ht4K","LDb","0hR","wrI","EtKdEcC","R3U7GZ","IDa12H","l3JWvo","SaW4VLz"|\n</data></match></read>
<read echo="ascii"><delim>\n</delim><match><data>fgtKu = |"N","D","APnaFm1","ht4K","LDb","0hR","wrI","EtKdEcC","R3U7GZ"|\n</data></match></read>
<read echo="ascii"><delim>\n</delim><match><data>SJbQFye = |"NINjn","X9","Xlhkthl","gRE"|\n</data></match></read>
<read echo="ascii"><delim>\n</delim><match><data>VBZycr = |"IDa12H","l3JWvo","SaW4VLz","N","D","APnaFm1","ht4K","LDb","0hR","wrI","EtKdEcC","R3U7GZ"|\n</data></match></read>
<read echo="ascii"><delim>\n</delim><match><data>4tkm3 = ||\n</data></match></read>
<read echo="ascii"><delim>\n</delim><match><data>7IR01 = |"Nfvz","ROeACs","QqA","io7RVX","xUJ","3GF","YH","AhXHo","2IUsC"|\n</data></match></read>
<read echo="ascii"><delim>\n</delim><match><data>y8GZS0 = |"drWTY","qyCqT","aNZp","L1Sfr","989au3M","ubVet"|\n</data></match></read>
<read echo="ascii"><delim>\n</delim><match><data>IVJoU = |"989au3M","drWTY","aNZp","ubVet","hJRLtTegiG"|\n</data></match></read>
<read echo="ascii"><delim>\n</delim><match><data>Dlclb6 = |"wjy4N","TMJw8Zl","TjlqGws","VvDYM7","C8JnLj","mLra"|\n</data></match></read>
<read echo="ascii"><delim>\n</delim><match><data>IZlG4X = |"wjy4N","C8JnLj","TjlqGws","mLra","klk2I6Bun5"|\n</data></match></read>
<read echo="ascii"><delim>\n</delim><match><data>c2bwiO = |"IDa12H","d5Vj6w","SaW4VLz","LI9MEjl","l3JWvo","XTI","OM","hs","Xzhhv4","IcM"|\n</data></match></read>
<read echo="ascii"><delim>\n</delim><match><data>ISDl1y = |"IDa12H","l3JWvo","SaW4VLz"|\n</data></match></read>
		<read echo="ascii"><delim> </delim><match><data>\x3E </data></match></read>
		<write echo="ascii"><data>.l\n</data></write>
	</replay>
</pov>
