<?xml version="1.0" standalone="no" ?>
<!DOCTYPE pov SYSTEM "/usr/share/cgc-docs/replay.dtd"><pov>
	<cbid>CROMU_00011</cbid>
	<replay>
		<read echo="ascii"><delim> </delim><match><data>\x3E </data></match></read>
		<write echo="ascii"><data>jO0rgX = |"Ob2","72hI","ABjrPy"|^|"ABjrPy","hlBWT","2GDDN","0BKrH","Ub","RoAvrN4","4mY8"|\n</data></write>
		<read echo="ascii"><delim> </delim><match><data>\x3E </data></match></read>
		<write echo="ascii"><data>tecEZk = jO0rgX ~ jO0rgX\n</data></write>
		<read echo="ascii"><delim> </delim><match><data>\x3E </data></match></read>
		<write echo="ascii"><data>6ThvoYm = tecEZk - tecEZk\n</data></write>
		<read echo="ascii"><delim> </delim><match><data>\x3E </data></match></read>
		<write echo="ascii"><data>qvOVlQ = 6ThvoYm ~ tecEZk\n</data></write>
		<read echo="ascii"><delim> </delim><match><data>\x3E </data></match></read>
		<write echo="ascii"><data>ZanuU0v = qvOVlQ ~ qvOVlQ\n</data></write>
		<read echo="ascii"><delim> </delim><match><data>\x3E </data></match></read>
		<write echo="ascii"><data>ZbdAd = |"W4fN8","72ocG","U"|-|"q8I","4fovBW","7FX","9E","PUkOfWA","sKY0","n"|\n</data></write>
		<read echo="ascii"><delim> </delim><match><data>\x3E </data></match></read>
		<write echo="ascii"><data>QMXMd = |"n8A8lOX"|+|"62jJP","nVSa6G0","YG5"|\n</data></write>
		<read echo="ascii"><delim> </delim><match><data>\x3E </data></match></read>
		<write echo="ascii"><data>CDp07U2 = QMXMd ~ ZbdAd\n</data></write>
		<read echo="ascii"><delim> </delim><match><data>\x3E </data></match></read>
		<write echo="ascii"><data>vzHyPL = |"Tu","EqP3","E6AlQC","ESDM","HKmRcm"|-|"Tu","7","w","ae0B9E"|\n</data></write>
		<read echo="ascii"><delim> </delim><match><data>\x3E </data></match></read>
		<write echo="ascii"><data>Jx7SCe3 = |"CXXyT"|~|"u","meaFo","tfmu"|\n</data></write>
		<read echo="ascii"><delim> </delim><match><data>\x3E </data></match></read>
		<write echo="ascii"><data>BgXfzZB = tecEZk + CDp07U2\n</data></write>
		<read echo="ascii"><delim> </delim><match><data>\x3E </data></match></read>
		<write echo="ascii"><data>9nLEfB = |"Fdg3Le","JkIqykV","iEAuKc","JAtq","dvq","hZn7","Fc"|~|"TGD","Mgds1","DUhEpY","l6sb","iEAuKc","CeSr"|\n</data></write>
		<read echo="ascii"><delim> </delim><match><data>\x3E </data></match></read>
		<write echo="ascii"><data>IQ513 = QMXMd - 9nLEfB\n</data></write>
		<read echo="ascii"><delim> </delim><match><data>\x3E </data></match></read>
		<write echo="ascii"><data>1xDLvxJ2QN = Jx7SCe3 ^ 9nLEfB\n</data></write>
		<read echo="ascii"><delim> </delim><match><data>\x3E </data></match></read>
		<write echo="ascii"><data>whCASpz = |"E0QHK8V","tbpS"|~|"tbpS"|\n</data></write>
		<read echo="ascii"><delim> </delim><match><data>\x3E </data></match></read>
		<write echo="ascii"><data>.p\n</data></write>
<read echo="ascii"><delim>\n</delim><match><data>jO0rgX = |"ABjrPy"|\n</data></match></read>
<read echo="ascii"><delim>\n</delim><match><data>tecEZk = ||\n</data></match></read>
<read echo="ascii"><delim>\n</delim><match><data>6ThvoYm = ||\n</data></match></read>
<read echo="ascii"><delim>\n</delim><match><data>qvOVlQ = ||\n</data></match></read>
<read echo="ascii"><delim>\n</delim><match><data>ZanuU0v = ||\n</data></match></read>
<read echo="ascii"><delim>\n</delim><match><data>ZbdAd = |"W4fN8","72ocG","U"|\n</data></match></read>
<read echo="ascii"><delim>\n</delim><match><data>QMXMd = |"n8A8lOX","62jJP","nVSa6G0","YG5"|\n</data></match></read>
<read echo="ascii"><delim>\n</delim><match><data>CDp07U2 = |"n8A8lOX","62jJP","nVSa6G0","YG5","W4fN8","72ocG","U"|\n</data></match></read>
<read echo="ascii"><delim>\n</delim><match><data>vzHyPL = |"EqP3","E6AlQC","ESDM","HKmRcm"|\n</data></match></read>
<read echo="ascii"><delim>\n</delim><match><data>Jx7SCe3 = |"CXXyT","u","meaFo","tfmu"|\n</data></match></read>
<read echo="ascii"><delim>\n</delim><match><data>BgXfzZB = |"n8A8lOX","62jJP","nVSa6G0","YG5","W4fN8","72ocG","U"|\n</data></match></read>
<read echo="ascii"><delim>\n</delim><match><data>9nLEfB = |"Fdg3Le","JkIqykV","JAtq","dvq","hZn7","Fc","TGD","Mgds1","DUhEpY","l6sb","CeSr"|\n</data></match></read>
<read echo="ascii"><delim>\n</delim><match><data>IQ513 = |"n8A8lOX","62jJP","nVSa6G0","YG5"|\n</data></match></read>
<read echo="ascii"><delim>\n</delim><match><data>1xDLvxJ2QN = ||\n</data></match></read>
<read echo="ascii"><delim>\n</delim><match><data>whCASpz = |"E0QHK8V"|\n</data></match></read>
		<read echo="ascii"><delim> </delim><match><data>\x3E </data></match></read>
		<write echo="ascii"><data>.l\n</data></write>
	</replay>
</pov>
