<?xml version="1.0" standalone="no" ?>
<!DOCTYPE pov SYSTEM "/usr/share/cgc-docs/replay.dtd"><pov>
	<cbid>CROMU_00011</cbid>
	<replay>
		<read echo="ascii"><delim> </delim><match><data>\x3E </data></match></read>
		<write echo="ascii"><data>iSxdRDi = |"8KtAB","Q","bKUG","nVwc","4twvb"|~|"K"|\n</data></write>
		<read echo="ascii"><delim> </delim><match><data>\x3E </data></match></read>
		<write echo="ascii"><data>OKiVfXA = |"xoi","61","8TSrR"|+|"prJCsCy","8TSrR","XSIu","03p","E6mk"|\n</data></write>
		<read echo="ascii"><delim> </delim><match><data>\x3E </data></match></read>
		<write echo="ascii"><data>9n9Y0 = OKiVfXA ^ OKiVfXA\n</data></write>
		<read echo="ascii"><delim> </delim><match><data>\x3E </data></match></read>
		<write echo="ascii"><data>uaZS6 = |"ce","EQ","ITo2ozd","0Dg","MPUY4"|^|"ce"|\n</data></write>
		<read echo="ascii"><delim> </delim><match><data>\x3E </data></match></read>
		<write echo="ascii"><data>xk18S = |"88","Qqi6","C","UafXc","R","5ld"|-|"wXx2HG5","cp71y0o","3wupLtE","a4","R"|\n</data></write>
		<read echo="ascii"><delim> </delim><match><data>\x3E </data></match></read>
		<write echo="ascii"><data>knfa1cg = OKiVfXA ~ uaZS6\n</data></write>
		<read echo="ascii"><delim> </delim><match><data>\x3E </data></match></read>
		<write echo="ascii"><data>xhbxc = iSxdRDi + OKiVfXA\n</data></write>
		<read echo="ascii"><delim> </delim><match><data>\x3E </data></match></read>
		<write echo="ascii"><data>ViSFMc = 9n9Y0 + xk18S\n</data></write>
		<read echo="ascii"><delim> </delim><match><data>\x3E </data></match></read>
		<write echo="ascii"><data>tyCxFs = |"vaoIhp","HGBOA","rd","SnNre","IO","F5acO8","yNb"|-|"HGBOA","F5acO8","rd","GyI","IO","WxrHVV"|\n</data></write>
		<read echo="ascii"><delim> </delim><match><data>\x3E </data></match></read>
		<write echo="ascii"><data>.p\n</data></write>
<read echo="ascii"><delim>\n</delim><match><data>iSxdRDi = |"8KtAB","Q","bKUG","nVwc","4twvb","K"|\n</data></match></read>
<read echo="ascii"><delim>\n</delim><match><data>OKiVfXA = |"xoi","61","8TSrR","prJCsCy","XSIu","03p","E6mk"|\n</data></match></read>
<read echo="ascii"><delim>\n</delim><match><data>9n9Y0 = |"xoi","61","8TSrR","prJCsCy","XSIu","03p","E6mk"|\n</data></match></read>
<read echo="ascii"><delim>\n</delim><match><data>uaZS6 = |"ce"|\n</data></match></read>
<read echo="ascii"><delim>\n</delim><match><data>xk18S = |"88","Qqi6","C","UafXc","5ld"|\n</data></match></read>
<read echo="ascii"><delim>\n</delim><match><data>knfa1cg = |"xoi","61","8TSrR","prJCsCy","XSIu","03p","E6mk","ce"|\n</data></match></read>
<read echo="ascii"><delim>\n</delim><match><data>xhbxc = |"8KtAB","Q","bKUG","nVwc","4twvb","K","xoi","61","8TSrR","prJCsCy","XSIu","03p","E6mk"|\n</data></match></read>
<read echo="ascii"><delim>\n</delim><match><data>ViSFMc = |"xoi","61","8TSrR","prJCsCy","XSIu","03p","E6mk","88","Qqi6","C","UafXc","5ld"|\n</data></match></read>
<read echo="ascii"><delim>\n</delim><match><data>tyCxFs = |"vaoIhp","SnNre","yNb"|\n</data></match></read>
		<read echo="ascii"><delim> </delim><match><data>\x3E </data></match></read>
		<write echo="ascii"><data>.l\n</data></write>
	</replay>
</pov>
