<?xml version="1.0" standalone="no" ?>
<!DOCTYPE pov SYSTEM "/usr/share/cgc-docs/replay.dtd"><pov>
	<cbid>CROMU_00011</cbid>
	<replay>
		<read echo="ascii"><delim> </delim><match><data>\x3E </data></match></read>
		<write echo="ascii"><data>yeSrb = |"orgk","GzoWH","T55","scCRy4","iOnu","WTV8S","Za","mG2esrj","9x0Jtyv"|\n</data></write>
		<read echo="ascii"><delim> </delim><match><data>\x3E </data></match></read>
		<write echo="ascii"><data>aFoMJQ = |"mG2esrj","iOnu","WTV8S","T55","Za"|\n</data></write>
		<read echo="ascii"><delim> </delim><match><data>\x3E </data></match></read>
		<write echo="ascii"><data>aFoMJQ@yeSrb\n</data></write>
		<read echo="ascii"><delim>\n</delim><match><data>TRUE\n</data></match></read>
		<read echo="ascii"><delim> </delim><match><data>\x3E </data></match></read>
		<write echo="ascii"><data>ST4jC = |"b3ZPvyA","AA"|~|"XvBAA7","b3ZPvyA","AA","5","X","J5ZQ","PD"|\n</data></write>
		<read echo="ascii"><delim> </delim><match><data>\x3E </data></match></read>
		<write echo="ascii"><data>UYzq1 = ST4jC ~ yeSrb\n</data></write>
		<read echo="ascii"><delim> </delim><match><data>\x3E </data></match></read>
		<write echo="ascii"><data>7zpQgdn = |"sFB"|^|"UNiv71h","7Toa","HPxxVZ","zbjDZ9","aigq"|\n</data></write>
		<read echo="ascii"><delim> </delim><match><data>\x3E </data></match></read>
		<write echo="ascii"><data>FbIVbJ = aFoMJQ + 7zpQgdn\n</data></write>
		<read echo="ascii"><delim> </delim><match><data>\x3E </data></match></read>
		<write echo="ascii"><data>ZivP40 = |"5cM82","YFCGf","AH","QCqyA","pAp"|-|"XF4Lcez","IW3gDYO","QCqyA","wA3ef","Uwly23D","zEHDwn3"|\n</data></write>
		<read echo="ascii"><delim> </delim><match><data>\x3E </data></match></read>
		<write echo="ascii"><data>2mc3z0y = UYzq1 - ST4jC\n</data></write>
		<read echo="ascii"><delim> </delim><match><data>\x3E </data></match></read>
		<write echo="ascii"><data>1VpIlfV = |"8tca","yvNnXYH","TD","hsGV0ij","Cwn","Hy0Igi","Fml"|\n</data></write>
		<read echo="ascii"><delim> </delim><match><data>\x3E </data></match></read>
		<write echo="ascii"><data>wOb7QPz = |"yvNnXYH"|\n</data></write>
		<read echo="ascii"><delim> </delim><match><data>\x3E </data></match></read>
		<write echo="ascii"><data>wOb7QPz@1VpIlfV\n</data></write>
		<read echo="ascii"><delim>\n</delim><match><data>TRUE\n</data></match></read>
		<read echo="ascii"><delim> </delim><match><data>\x3E </data></match></read>
		<write echo="ascii"><data>6xuyyqm = aFoMJQ ~ yeSrb\n</data></write>
		<read echo="ascii"><delim> </delim><match><data>\x3E </data></match></read>
		<write echo="ascii"><data>.p\n</data></write>
<read echo="ascii"><delim>\n</delim><match><data>yeSrb = |"orgk","GzoWH","T55","scCRy4","iOnu","WTV8S","Za","mG2esrj","9x0Jtyv"|\n</data></match></read>
<read echo="ascii"><delim>\n</delim><match><data>aFoMJQ = |"mG2esrj","iOnu","WTV8S","T55","Za"|\n</data></match></read>
<read echo="ascii"><delim>\n</delim><match><data>ST4jC = |"XvBAA7","5","X","J5ZQ","PD"|\n</data></match></read>
<read echo="ascii"><delim>\n</delim><match><data>UYzq1 = |"XvBAA7","5","X","J5ZQ","PD","orgk","GzoWH","T55","scCRy4","iOnu","WTV8S","Za","mG2esrj","9x0Jtyv"|\n</data></match></read>
<read echo="ascii"><delim>\n</delim><match><data>7zpQgdn = ||\n</data></match></read>
<read echo="ascii"><delim>\n</delim><match><data>FbIVbJ = |"mG2esrj","iOnu","WTV8S","T55","Za"|\n</data></match></read>
<read echo="ascii"><delim>\n</delim><match><data>ZivP40 = |"5cM82","YFCGf","AH","pAp"|\n</data></match></read>
<read echo="ascii"><delim>\n</delim><match><data>2mc3z0y = |"orgk","GzoWH","T55","scCRy4","iOnu","WTV8S","Za","mG2esrj","9x0Jtyv"|\n</data></match></read>
<read echo="ascii"><delim>\n</delim><match><data>1VpIlfV = |"8tca","yvNnXYH","TD","hsGV0ij","Cwn","Hy0Igi","Fml"|\n</data></match></read>
<read echo="ascii"><delim>\n</delim><match><data>wOb7QPz = |"yvNnXYH"|\n</data></match></read>
<read echo="ascii"><delim>\n</delim><match><data>6xuyyqm = |"orgk","GzoWH","scCRy4","9x0Jtyv"|\n</data></match></read>
		<read echo="ascii"><delim> </delim><match><data>\x3E </data></match></read>
		<write echo="ascii"><data>.l\n</data></write>
	</replay>
</pov>
