<?xml version="1.0" standalone="no" ?>
<!DOCTYPE pov SYSTEM "/usr/share/cgc-docs/replay.dtd"><pov>
	<cbid>CROMU_00011</cbid>
	<replay>
		<read echo="ascii"><delim> </delim><match><data>\x3E </data></match></read>
		<write echo="ascii"><data>wW3c90 = |"SnHE","hrbrE","hqdm","Gz9X1aK","pVnb","CCSc"|^|"hCeU9X","wZdWX","LJiWkf","WNqH"|\n</data></write>
		<read echo="ascii"><delim> </delim><match><data>\x3E </data></match></read>
		<write echo="ascii"><data>KFGUvI = |"P9x"|+|"gh7LRrH","BLTEDoc"|\n</data></write>
		<read echo="ascii"><delim> </delim><match><data>\x3E </data></match></read>
		<write echo="ascii"><data>HTXcpdj = |"fg66V","3Yn8D6O","6Mhe","5DbaYl4","jxR","BFT","hfRp7Az"|^|"T9"|\n</data></write>
		<read echo="ascii"><delim> </delim><match><data>\x3E </data></match></read>
		<write echo="ascii"><data>phUkyT2W0 = KFGUvI ^ KFGUvI\n</data></write>
		<read echo="ascii"><delim> </delim><match><data>\x3E </data></match></read>
		<write echo="ascii"><data>mfYRUTN = |"kN"|^|"kqH78z","kN","lmbcx5"|\n</data></write>
		<read echo="ascii"><delim> </delim><match><data>\x3E </data></match></read>
		<write echo="ascii"><data>0PK0c6 = wW3c90 ^ HTXcpdj\n</data></write>
		<read echo="ascii"><delim> </delim><match><data>\x3E </data></match></read>
		<write echo="ascii"><data>XKPOu7 = mfYRUTN ~ phUkyT2W0\n</data></write>
		<read echo="ascii"><delim> </delim><match><data>\x3E </data></match></read>
		<write echo="ascii"><data>7h6crUg = HTXcpdj + mfYRUTN\n</data></write>
		<read echo="ascii"><delim> </delim><match><data>\x3E </data></match></read>
		<write echo="ascii"><data>XxMTaD = wW3c90 + mfYRUTN\n</data></write>
		<read echo="ascii"><delim> </delim><match><data>\x3E </data></match></read>
		<write echo="ascii"><data>r3s8cp9 = phUkyT2W0 ^ KFGUvI\n</data></write>
		<read echo="ascii"><delim> </delim><match><data>\x3E </data></match></read>
		<write echo="ascii"><data>nSmHwB = wW3c90 + KFGUvI\n</data></write>
		<read echo="ascii"><delim> </delim><match><data>\x3E </data></match></read>
		<write echo="ascii"><data>.p\n</data></write>
<read echo="ascii"><delim>\n</delim><match><data>wW3c90 = ||\n</data></match></read>
<read echo="ascii"><delim>\n</delim><match><data>KFGUvI = |"P9x","gh7LRrH","BLTEDoc"|\n</data></match></read>
<read echo="ascii"><delim>\n</delim><match><data>HTXcpdj = ||\n</data></match></read>
<read echo="ascii"><delim>\n</delim><match><data>phUkyT2W0 = |"P9x","gh7LRrH","BLTEDoc"|\n</data></match></read>
<read echo="ascii"><delim>\n</delim><match><data>mfYRUTN = |"kN"|\n</data></match></read>
<read echo="ascii"><delim>\n</delim><match><data>0PK0c6 = ||\n</data></match></read>
<read echo="ascii"><delim>\n</delim><match><data>XKPOu7 = |"kN","P9x","gh7LRrH","BLTEDoc"|\n</data></match></read>
<read echo="ascii"><delim>\n</delim><match><data>7h6crUg = |"kN"|\n</data></match></read>
<read echo="ascii"><delim>\n</delim><match><data>XxMTaD = |"kN"|\n</data></match></read>
<read echo="ascii"><delim>\n</delim><match><data>r3s8cp9 = |"P9x","gh7LRrH","BLTEDoc"|\n</data></match></read>
<read echo="ascii"><delim>\n</delim><match><data>nSmHwB = |"P9x","gh7LRrH","BLTEDoc"|\n</data></match></read>
		<read echo="ascii"><delim> </delim><match><data>\x3E </data></match></read>
		<write echo="ascii"><data>.l\n</data></write>
	</replay>
</pov>
