<?xml version="1.0" standalone="no" ?>
<!DOCTYPE pov SYSTEM "/usr/share/cgc-docs/replay.dtd"><pov>
	<cbid>CROMU_00011</cbid>
	<replay>
		<read echo="ascii"><delim> </delim><match><data>\x3E </data></match></read>
		<write echo="ascii"><data>aD8i4D = |"fF","pnDlm0w","2jFBS","T","W","diPya"|~|"fF","RQX4","wLO","Q3ScTH","W","5","OS"|\n</data></write>
		<read echo="ascii"><delim> </delim><match><data>\x3E </data></match></read>
		<write echo="ascii"><data>4yxe1e = |"66J","VC2MZP","EflqsXQ","Fdi","ct4UdV","yVOyYcX","OG"|+|"VC2MZP","e3M4","KIaCjq","EflqsXQ","K0x8lj","H2xhd3S"|\n</data></write>
		<read echo="ascii"><delim> </delim><match><data>\x3E </data></match></read>
		<write echo="ascii"><data>1YxUMMr = |"Oj2hDn","zh89O","KzjNy5","MIx9I","TW8X","ZCk7D","EmMiY"|^|"ZCk7D","6B","qZV","hfT5u"|\n</data></write>
		<read echo="ascii"><delim> </delim><match><data>\x3E </data></match></read>
		<write echo="ascii"><data>YgznZ = |"NwayGP","DZB","5","Ni8G","pSW","KjNMP","mU"|-|"pSW","6k","8cvKTk","mU","tlo","NwayGP","ZNigm"|\n</data></write>
		<read echo="ascii"><delim> </delim><match><data>\x3E </data></match></read>
		<write echo="ascii"><data>51DAo = 4yxe1e - YgznZ\n</data></write>
		<read echo="ascii"><delim> </delim><match><data>\x3E </data></match></read>
		<write echo="ascii"><data>6ocz2 = |"Tn","pA","y2i6","bYtrM","d6T"|+|"d6T","y2i6","PDM1h"|\n</data></write>
		<read echo="ascii"><delim> </delim><match><data>\x3E </data></match></read>
		<write echo="ascii"><data>t5R6Spw = |"9t1k","3M7m","U02q","7SqzN","kP"|~|"0","2lZL"|\n</data></write>
		<read echo="ascii"><delim> </delim><match><data>\x3E </data></match></read>
		<write echo="ascii"><data>SOhbp = |"kN","iKoBafP","U56T","tl","R"|~|"j2F","i8x","K","QV","7wImjBa","eEDgN"|\n</data></write>
		<read echo="ascii"><delim> </delim><match><data>\x3E </data></match></read>
		<write echo="ascii"><data>tOsA1e = |"0KTyy","Y3be","nuOewgc","Adez","oJC","dQr3YIh","7"|+|"rHVHu","6l1","p","Adez","q","EXu","Hb"|\n</data></write>
		<read echo="ascii"><delim> </delim><match><data>\x3E </data></match></read>
		<write echo="ascii"><data>WKmEhcN = |"FLXNNJ","c8","HwO","Q4P","J5FtS","pK","es8w"|~|"6rRLpq1","UH7n","FLXNNJ","QC7B24"|\n</data></write>
		<read echo="ascii"><delim> </delim><match><data>\x3E </data></match></read>
		<write echo="ascii"><data>SZFcXgz = t5R6Spw - SOhbp\n</data></write>
		<read echo="ascii"><delim> </delim><match><data>\x3E </data></match></read>
		<write echo="ascii"><data>Ci9PsB = |"huYAwp0","2H2R","bNYk","ZiiaE","Ek1kSCM","9nznO"|^|"dpqx"|\n</data></write>
		<read echo="ascii"><delim> </delim><match><data>\x3E </data></match></read>
		<write echo="ascii"><data>.p\n</data></write>
<read echo="ascii"><delim>\n</delim><match><data>aD8i4D = |"pnDlm0w","2jFBS","T","diPya","RQX4","wLO","Q3ScTH","5","OS"|\n</data></match></read>
<read echo="ascii"><delim>\n</delim><match><data>4yxe1e = |"66J","VC2MZP","EflqsXQ","Fdi","ct4UdV","yVOyYcX","OG","e3M4","KIaCjq","K0x8lj","H2xhd3S"|\n</data></match></read>
<read echo="ascii"><delim>\n</delim><match><data>1YxUMMr = |"ZCk7D"|\n</data></match></read>
<read echo="ascii"><delim>\n</delim><match><data>YgznZ = |"DZB","5","Ni8G","KjNMP"|\n</data></match></read>
<read echo="ascii"><delim>\n</delim><match><data>51DAo = |"66J","VC2MZP","EflqsXQ","Fdi","ct4UdV","yVOyYcX","OG","e3M4","KIaCjq","K0x8lj","H2xhd3S"|\n</data></match></read>
<read echo="ascii"><delim>\n</delim><match><data>6ocz2 = |"Tn","pA","y2i6","bYtrM","d6T","PDM1h"|\n</data></match></read>
<read echo="ascii"><delim>\n</delim><match><data>t5R6Spw = |"9t1k","3M7m","U02q","7SqzN","kP","0","2lZL"|\n</data></match></read>
<read echo="ascii"><delim>\n</delim><match><data>SOhbp = |"kN","iKoBafP","U56T","tl","R","j2F","i8x","K","QV","7wImjBa","eEDgN"|\n</data></match></read>
<read echo="ascii"><delim>\n</delim><match><data>tOsA1e = |"0KTyy","Y3be","nuOewgc","Adez","oJC","dQr3YIh","7","rHVHu","6l1","p","q","EXu","Hb"|\n</data></match></read>
<read echo="ascii"><delim>\n</delim><match><data>WKmEhcN = |"c8","HwO","Q4P","J5FtS","pK","es8w","6rRLpq1","UH7n","QC7B24"|\n</data></match></read>
<read echo="ascii"><delim>\n</delim><match><data>SZFcXgz = |"9t1k","3M7m","U02q","7SqzN","kP","0","2lZL"|\n</data></match></read>
<read echo="ascii"><delim>\n</delim><match><data>Ci9PsB = ||\n</data></match></read>
		<read echo="ascii"><delim> </delim><match><data>\x3E </data></match></read>
		<write echo="ascii"><data>.l\n</data></write>
	</replay>
</pov>
