<?xml version="1.0" standalone="no" ?>
<!DOCTYPE pov SYSTEM "/usr/share/cgc-docs/replay.dtd"><pov>
	<cbid>CROMU_00011</cbid>
	<replay>
		<read echo="ascii"><delim> </delim><match><data>\x3E </data></match></read>
		<write echo="ascii"><data>aCESTK = |"h2","Iy","fD","mi2z6R","WQ","O8V0vhh","mJad","Z20EBr","Ns2u7","UZ"|\n</data></write>
		<read echo="ascii"><delim> </delim><match><data>\x3E </data></match></read>
		<write echo="ascii"><data>E8GRlZl = |"mJad","O8V0vhh","UZ","Iy","Z20EBr","fD","WQ","mi2z6R"|\n</data></write>
		<read echo="ascii"><delim> </delim><match><data>\x3E </data></match></read>
		<write echo="ascii"><data>E8GRlZl@aCESTK\n</data></write>
		<read echo="ascii"><delim>\n</delim><match><data>TRUE\n</data></match></read>
		<read echo="ascii"><delim> </delim><match><data>\x3E </data></match></read>
		<write echo="ascii"><data>cZXwOYI = aCESTK ~ E8GRlZl\n</data></write>
		<read echo="ascii"><delim> </delim><match><data>\x3E </data></match></read>
		<write echo="ascii"><data>VsfdAKs = |"KxVrU","1Fh3Qh6","EXnxHx","Zu","8ag","VLi"|-|"wTxc3e","bP3oz","e5jL6","Y","KxVrU","Zu"|\n</data></write>
		<read echo="ascii"><delim> </delim><match><data>\x3E </data></match></read>
		<write echo="ascii"><data>arhIZ = |"wVkn","L","t6w5NI","vfAd"|+|"MY","cg","L","T","P","sYFQvJ","Q"|\n</data></write>
		<read echo="ascii"><delim> </delim><match><data>\x3E </data></match></read>
		<write echo="ascii"><data>iqRPzAD = |"P4EQrh"|^|"FzaILK","ZCMWAZo"|\n</data></write>
		<read echo="ascii"><delim> </delim><match><data>\x3E </data></match></read>
		<write echo="ascii"><data>mg3Mge = |"r5Pttov","L9mNx","Shfqwc"|^|"XpcEk"|\n</data></write>
		<read echo="ascii"><delim> </delim><match><data>\x3E </data></match></read>
		<write echo="ascii"><data>vIb5lZmBU0 = VsfdAKs ^ aCESTK\n</data></write>
		<read echo="ascii"><delim> </delim><match><data>\x3E </data></match></read>
		<write echo="ascii"><data>Fh9GTco = |"5w","P"|+|"E","XP240","p8qpE","akEy","tB"|\n</data></write>
		<read echo="ascii"><delim> </delim><match><data>\x3E </data></match></read>
		<write echo="ascii"><data>btLli = aCESTK ~ cZXwOYI\n</data></write>
		<read echo="ascii"><delim> </delim><match><data>\x3E </data></match></read>
		<write echo="ascii"><data>EuVoh = E8GRlZl ~ mg3Mge\n</data></write>
		<read echo="ascii"><delim> </delim><match><data>\x3E </data></match></read>
		<write echo="ascii"><data>mQk0wkk = aCESTK ~ vIb5lZmBU0\n</data></write>
		<read echo="ascii"><delim> </delim><match><data>\x3E </data></match></read>
		<write echo="ascii"><data>a4Nxf = |"VqP20c","q8YsA","j"|-|"XY","3WR","j"|\n</data></write>
		<read echo="ascii"><delim> </delim><match><data>\x3E </data></match></read>
		<write echo="ascii"><data>bIUkPzX = |"r5b1p"|^|"ItCSXwk","qySsDz1","BR","ZUk","B8iZFrx","4MQy"|\n</data></write>
		<read echo="ascii"><delim> </delim><match><data>\x3E </data></match></read>
		<write echo="ascii"><data>di0Plj = |"qkk","wO","zyLAWnm","5TuYLz","7Wkly9","kJQLJS8"|+|"qkk"|\n</data></write>
		<read echo="ascii"><delim> </delim><match><data>\x3E </data></match></read>
		<write echo="ascii"><data>r4XE6 = di0Plj ~ Fh9GTco\n</data></write>
		<read echo="ascii"><delim> </delim><match><data>\x3E </data></match></read>
		<write echo="ascii"><data>.p\n</data></write>
<read echo="ascii"><delim>\n</delim><match><data>aCESTK = |"h2","Iy","fD","mi2z6R","WQ","O8V0vhh","mJad","Z20EBr","Ns2u7","UZ"|\n</data></match></read>
<read echo="ascii"><delim>\n</delim><match><data>E8GRlZl = |"mJad","O8V0vhh","UZ","Iy","Z20EBr","fD","WQ","mi2z6R"|\n</data></match></read>
<read echo="ascii"><delim>\n</delim><match><data>cZXwOYI = |"h2","Ns2u7"|\n</data></match></read>
<read echo="ascii"><delim>\n</delim><match><data>VsfdAKs = |"1Fh3Qh6","EXnxHx","8ag","VLi"|\n</data></match></read>
<read echo="ascii"><delim>\n</delim><match><data>arhIZ = |"wVkn","L","t6w5NI","vfAd","MY","cg","T","P","sYFQvJ","Q"|\n</data></match></read>
<read echo="ascii"><delim>\n</delim><match><data>iqRPzAD = ||\n</data></match></read>
<read echo="ascii"><delim>\n</delim><match><data>mg3Mge = ||\n</data></match></read>
<read echo="ascii"><delim>\n</delim><match><data>vIb5lZmBU0 = ||\n</data></match></read>
<read echo="ascii"><delim>\n</delim><match><data>Fh9GTco = |"5w","P","E","XP240","p8qpE","akEy","tB"|\n</data></match></read>
<read echo="ascii"><delim>\n</delim><match><data>btLli = |"Iy","fD","mi2z6R","WQ","O8V0vhh","mJad","Z20EBr","UZ"|\n</data></match></read>
<read echo="ascii"><delim>\n</delim><match><data>EuVoh = |"mJad","O8V0vhh","UZ","Iy","Z20EBr","fD","WQ","mi2z6R"|\n</data></match></read>
<read echo="ascii"><delim>\n</delim><match><data>mQk0wkk = |"h2","Iy","fD","mi2z6R","WQ","O8V0vhh","mJad","Z20EBr","Ns2u7","UZ"|\n</data></match></read>
<read echo="ascii"><delim>\n</delim><match><data>a4Nxf = |"VqP20c","q8YsA"|\n</data></match></read>
<read echo="ascii"><delim>\n</delim><match><data>bIUkPzX = ||\n</data></match></read>
<read echo="ascii"><delim>\n</delim><match><data>di0Plj = |"qkk","wO","zyLAWnm","5TuYLz","7Wkly9","kJQLJS8"|\n</data></match></read>
<read echo="ascii"><delim>\n</delim><match><data>r4XE6 = |"qkk","wO","zyLAWnm","5TuYLz","7Wkly9","kJQLJS8","5w","P","E","XP240","p8qpE","akEy","tB"|\n</data></match></read>
		<read echo="ascii"><delim> </delim><match><data>\x3E </data></match></read>
		<write echo="ascii"><data>.l\n</data></write>
	</replay>
</pov>
