<?xml version="1.0" standalone="no" ?>
<!DOCTYPE pov SYSTEM "/usr/share/cgc-docs/replay.dtd"><pov>
	<cbid>CROMU_00011</cbid>
	<replay>
		<read echo="ascii"><delim> </delim><match><data>\x3E </data></match></read>
		<write echo="ascii"><data>BdROFp = |"s5oUoa","5Lfa","48Z","GT","xeN","xcy","n5K4Yd8"|-|"xcy","VSHPAX","k0R","hA0hxB","JMVSIY","s5oUoa"|\n</data></write>
		<read echo="ascii"><delim> </delim><match><data>\x3E </data></match></read>
		<write echo="ascii"><data>y598nYy = |"T4","WquN","7dzX69","tswd","FEb","r","Ma"|+|"oBlAQ","sWDsJ"|\n</data></write>
		<read echo="ascii"><delim> </delim><match><data>\x3E </data></match></read>
		<write echo="ascii"><data>grvf8 = |"0VBfB","HkJTKfL","J","D","mkB","yDbj8"|~|"zIjl","EsF0","D","J"|\n</data></write>
		<read echo="ascii"><delim> </delim><match><data>\x3E </data></match></read>
		<write echo="ascii"><data>kDDazc7f = y598nYy ^ grvf8\n</data></write>
		<read echo="ascii"><delim> </delim><match><data>\x3E </data></match></read>
		<write echo="ascii"><data>daUCwF = |"CNw","FEUTViR","urFHc","W0","oXp4g"|-|"gsnIOu","FEUTViR","8ag0","W0","4v","SO"|\n</data></write>
		<read echo="ascii"><delim> </delim><match><data>\x3E </data></match></read>
		<write echo="ascii"><data>WcqfI = |"IQukO","dve1","r8l7k","XrCvC","hF","BHb","0q","3Jy","hLMSJ"|\n</data></write>
		<read echo="ascii"><delim> </delim><match><data>\x3E </data></match></read>
		<write echo="ascii"><data>y9ROOb2 = |"XrCvC","BHb","r8l7k"|\n</data></write>
		<read echo="ascii"><delim> </delim><match><data>\x3E </data></match></read>
		<write echo="ascii"><data>y9ROOb2@WcqfI\n</data></write>
		<read echo="ascii"><delim>\n</delim><match><data>TRUE\n</data></match></read>
		<read echo="ascii"><delim> </delim><match><data>\x3E </data></match></read>
		<write echo="ascii"><data>MtIXS = |"VmE5"|+|"2","VmE5","fL8gO0","2D5G","XMk38AA"|\n</data></write>
		<read echo="ascii"><delim> </delim><match><data>\x3E </data></match></read>
		<write echo="ascii"><data>mXDcL9 = WcqfI + grvf8\n</data></write>
		<read echo="ascii"><delim> </delim><match><data>\x3E </data></match></read>
		<write echo="ascii"><data>zhdFl = |"UunQH","Zc","om8o","A7APyi","O11Mq","4IE","5iby1","j94v3"|\n</data></write>
		<read echo="ascii"><delim> </delim><match><data>\x3E </data></match></read>
		<write echo="ascii"><data>BZ6kkEO = |"O11Mq","j94v3","om8o","A7APyi"|\n</data></write>
		<read echo="ascii"><delim> </delim><match><data>\x3E </data></match></read>
		<write echo="ascii"><data>BZ6kkEO@zhdFl\n</data></write>
		<read echo="ascii"><delim>\n</delim><match><data>TRUE\n</data></match></read>
		<read echo="ascii"><delim> </delim><match><data>\x3E </data></match></read>
		<write echo="ascii"><data>EozDCgE = |"19","R1A","FTaRw7","Rjk","IbUJX","fPbaOT","Nllu","spQxm","vcfBT"|\n</data></write>
		<read echo="ascii"><delim> </delim><match><data>\x3E </data></match></read>
		<write echo="ascii"><data>Ce3DdA = |"vcfBT","fPbaOT","FTaRw7","ZiFKehsCsJ"|\n</data></write>
		<read echo="ascii"><delim> </delim><match><data>\x3E </data></match></read>
		<write echo="ascii"><data>Ce3DdA@EozDCgE\n</data></write>
		<read echo="ascii"><delim>\n</delim><match><data>FALSE\n</data></match></read>
		<read echo="ascii"><delim> </delim><match><data>\x3E </data></match></read>
		<write echo="ascii"><data>RlWEfs = daUCwF ~ WcqfI\n</data></write>
		<read echo="ascii"><delim> </delim><match><data>\x3E </data></match></read>
		<write echo="ascii"><data>dCWEi = Ce3DdA - WcqfI\n</data></write>
		<read echo="ascii"><delim> </delim><match><data>\x3E </data></match></read>
		<write echo="ascii"><data>htlXXE = BdROFp ^ mXDcL9\n</data></write>
		<read echo="ascii"><delim> </delim><match><data>\x3E </data></match></read>
		<write echo="ascii"><data>LAhVYE4 = |"O","YHYwJL","FnC","gXqPd","aKkZRJg","Pj2","2AzwGK"|+|"z6e5nN","q9l","gs8","Pj2","aKkZRJg","cS2CFLd","pj2v"|\n</data></write>
		<read echo="ascii"><delim> </delim><match><data>\x3E </data></match></read>
		<write echo="ascii"><data>.p\n</data></write>
<read echo="ascii"><delim>\n</delim><match><data>BdROFp = |"5Lfa","48Z","GT","xeN","n5K4Yd8"|\n</data></match></read>
<read echo="ascii"><delim>\n</delim><match><data>y598nYy = |"T4","WquN","7dzX69","tswd","FEb","r","Ma","oBlAQ","sWDsJ"|\n</data></match></read>
<read echo="ascii"><delim>\n</delim><match><data>grvf8 = |"0VBfB","HkJTKfL","mkB","yDbj8","zIjl","EsF0"|\n</data></match></read>
<read echo="ascii"><delim>\n</delim><match><data>kDDazc7f = ||\n</data></match></read>
<read echo="ascii"><delim>\n</delim><match><data>daUCwF = |"CNw","urFHc","oXp4g"|\n</data></match></read>
<read echo="ascii"><delim>\n</delim><match><data>WcqfI = |"IQukO","dve1","r8l7k","XrCvC","hF","BHb","0q","3Jy","hLMSJ"|\n</data></match></read>
<read echo="ascii"><delim>\n</delim><match><data>y9ROOb2 = |"XrCvC","BHb","r8l7k"|\n</data></match></read>
<read echo="ascii"><delim>\n</delim><match><data>MtIXS = |"VmE5","2","fL8gO0","2D5G","XMk38AA"|\n</data></match></read>
<read echo="ascii"><delim>\n</delim><match><data>mXDcL9 = |"IQukO","dve1","r8l7k","XrCvC","hF","BHb","0q","3Jy","hLMSJ","0VBfB","HkJTKfL","mkB","yDbj8","zIjl","EsF0"|\n</data></match></read>
<read echo="ascii"><delim>\n</delim><match><data>zhdFl = |"UunQH","Zc","om8o","A7APyi","O11Mq","4IE","5iby1","j94v3"|\n</data></match></read>
<read echo="ascii"><delim>\n</delim><match><data>BZ6kkEO = |"O11Mq","j94v3","om8o","A7APyi"|\n</data></match></read>
<read echo="ascii"><delim>\n</delim><match><data>EozDCgE = |"19","R1A","FTaRw7","Rjk","IbUJX","fPbaOT","Nllu","spQxm","vcfBT"|\n</data></match></read>
<read echo="ascii"><delim>\n</delim><match><data>Ce3DdA = |"vcfBT","fPbaOT","FTaRw7","ZiFKehsCsJ"|\n</data></match></read>
<read echo="ascii"><delim>\n</delim><match><data>RlWEfs = |"CNw","urFHc","oXp4g","IQukO","dve1","r8l7k","XrCvC","hF","BHb","0q","3Jy","hLMSJ"|\n</data></match></read>
<read echo="ascii"><delim>\n</delim><match><data>dCWEi = |"vcfBT","fPbaOT","FTaRw7","ZiFKehsCsJ"|\n</data></match></read>
<read echo="ascii"><delim>\n</delim><match><data>htlXXE = ||\n</data></match></read>
<read echo="ascii"><delim>\n</delim><match><data>LAhVYE4 = |"O","YHYwJL","FnC","gXqPd","aKkZRJg","Pj2","2AzwGK","z6e5nN","q9l","gs8","cS2CFLd","pj2v"|\n</data></match></read>
		<read echo="ascii"><delim> </delim><match><data>\x3E </data></match></read>
		<write echo="ascii"><data>.l\n</data></write>
	</replay>
</pov>
