<?xml version="1.0" standalone="no" ?>
<!DOCTYPE pov SYSTEM "/usr/share/cgc-docs/replay.dtd"><pov>
	<cbid>CROMU_00011</cbid>
	<replay>
		<read echo="ascii"><delim> </delim><match><data>\x3E </data></match></read>
		<write echo="ascii"><data>MRQLn = |"S","hMK","GYFwkI","k3","s","fZm","WuEiAR"|+|"6BivZl","s","a06amJ"|\n</data></write>
		<read echo="ascii"><delim> </delim><match><data>\x3E </data></match></read>
		<write echo="ascii"><data>MpBTIeaqQ = MRQLn ^ MRQLn\n</data></write>
		<read echo="ascii"><delim> </delim><match><data>\x3E </data></match></read>
		<write echo="ascii"><data>bQ3ILTLOD = MpBTIeaqQ ^ MRQLn\n</data></write>
		<read echo="ascii"><delim> </delim><match><data>\x3E </data></match></read>
		<write echo="ascii"><data>AKBT7 = MRQLn ~ MRQLn\n</data></write>
		<read echo="ascii"><delim> </delim><match><data>\x3E </data></match></read>
		<write echo="ascii"><data>6Z5tJ = |"bx9Nd","eg4","vIv33K","fvM"|-|"lHiDm","H8dHrM","YXd3J9","x","s","hR"|\n</data></write>
		<read echo="ascii"><delim> </delim><match><data>\x3E </data></match></read>
		<write echo="ascii"><data>2ZVKYU = MpBTIeaqQ - bQ3ILTLOD\n</data></write>
		<read echo="ascii"><delim> </delim><match><data>\x3E </data></match></read>
		<write echo="ascii"><data>V9qzgZv = |"4pTc4K"|+|"SQ8MdQf","XYBP","uy","4FZwD"|\n</data></write>
		<read echo="ascii"><delim> </delim><match><data>\x3E </data></match></read>
		<write echo="ascii"><data>ZFWjy = |"x","sNlp","23v","vH4N","Pvxg"|~|"CuS","2","1bj","FdYL0k5","AY8D","jk"|\n</data></write>
		<read echo="ascii"><delim> </delim><match><data>\x3E </data></match></read>
		<write echo="ascii"><data>Z4qRO = |"VhxsA","q","4AjbD","CBT","SSONEf","4s3E"|~|"bgdUtly","iL"|\n</data></write>
		<read echo="ascii"><delim> </delim><match><data>\x3E </data></match></read>
		<write echo="ascii"><data>dy7CB = 2ZVKYU - MRQLn\n</data></write>
		<read echo="ascii"><delim> </delim><match><data>\x3E </data></match></read>
		<write echo="ascii"><data>2cEonGB = |"mS","FVP","k9BC","CP2","SU5WWu","Ea94J","dP73","GfJB","PiCuxn"|\n</data></write>
		<read echo="ascii"><delim> </delim><match><data>\x3E </data></match></read>
		<write echo="ascii"><data>jpg81 = |"k9BC","CP2","FVP","mS","SU5WWu","PiCuxn","GfJB","Ea94J"|\n</data></write>
		<read echo="ascii"><delim> </delim><match><data>\x3E </data></match></read>
		<write echo="ascii"><data>jpg81@2cEonGB\n</data></write>
		<read echo="ascii"><delim>\n</delim><match><data>TRUE\n</data></match></read>
		<read echo="ascii"><delim> </delim><match><data>\x3E </data></match></read>
		<write echo="ascii"><data>.p\n</data></write>
<read echo="ascii"><delim>\n</delim><match><data>MRQLn = |"S","hMK","GYFwkI","k3","s","fZm","WuEiAR","6BivZl","a06amJ"|\n</data></match></read>
<read echo="ascii"><delim>\n</delim><match><data>MpBTIeaqQ = |"S","hMK","GYFwkI","k3","s","fZm","WuEiAR","6BivZl","a06amJ"|\n</data></match></read>
<read echo="ascii"><delim>\n</delim><match><data>bQ3ILTLOD = |"S","hMK","GYFwkI","k3","s","fZm","WuEiAR","6BivZl","a06amJ"|\n</data></match></read>
<read echo="ascii"><delim>\n</delim><match><data>AKBT7 = ||\n</data></match></read>
<read echo="ascii"><delim>\n</delim><match><data>6Z5tJ = |"bx9Nd","eg4","vIv33K","fvM"|\n</data></match></read>
<read echo="ascii"><delim>\n</delim><match><data>2ZVKYU = ||\n</data></match></read>
<read echo="ascii"><delim>\n</delim><match><data>V9qzgZv = |"4pTc4K","SQ8MdQf","XYBP","uy","4FZwD"|\n</data></match></read>
<read echo="ascii"><delim>\n</delim><match><data>ZFWjy = |"x","sNlp","23v","vH4N","Pvxg","CuS","2","1bj","FdYL0k5","AY8D","jk"|\n</data></match></read>
<read echo="ascii"><delim>\n</delim><match><data>Z4qRO = |"VhxsA","q","4AjbD","CBT","SSONEf","4s3E","bgdUtly","iL"|\n</data></match></read>
<read echo="ascii"><delim>\n</delim><match><data>dy7CB = ||\n</data></match></read>
<read echo="ascii"><delim>\n</delim><match><data>2cEonGB = |"mS","FVP","k9BC","CP2","SU5WWu","Ea94J","dP73","GfJB","PiCuxn"|\n</data></match></read>
<read echo="ascii"><delim>\n</delim><match><data>jpg81 = |"k9BC","CP2","FVP","mS","SU5WWu","PiCuxn","GfJB","Ea94J"|\n</data></match></read>
		<read echo="ascii"><delim> </delim><match><data>\x3E </data></match></read>
		<write echo="ascii"><data>.l\n</data></write>
	</replay>
</pov>
