<?xml version="1.0" standalone="no" ?>
<!DOCTYPE pov SYSTEM "/usr/share/cgc-docs/replay.dtd"><pov>
	<cbid>CROMU_00011</cbid>
	<replay>
		<read echo="ascii"><delim> </delim><match><data>\x3E </data></match></read>
		<write echo="ascii"><data>Tazn0 = |"DNG0","Mvynx8B","g6","81GO5"|-|"81GO5","W","oG9","g6","xaeXHr","Q"|\n</data></write>
		<read echo="ascii"><delim> </delim><match><data>\x3E </data></match></read>
		<write echo="ascii"><data>qpyEEV = |"Od","n6","UW","Z4yz","CvCQk","DHDa"|^|"C1","eb","WCbAE","cD"|\n</data></write>
		<read echo="ascii"><delim> </delim><match><data>\x3E </data></match></read>
		<write echo="ascii"><data>oPO0Ur = Tazn0 - qpyEEV\n</data></write>
		<read echo="ascii"><delim> </delim><match><data>\x3E </data></match></read>
		<write echo="ascii"><data>sgrzR = |"v41A1y0","WP"|^|"WP","N0Em","i3Z"|\n</data></write>
		<read echo="ascii"><delim> </delim><match><data>\x3E </data></match></read>
		<write echo="ascii"><data>nS2jJ = |"LCmShYx","C0ttsN","p","zt8E2L","15gFFI"|+|"9FZuLMO","zD8Jcdj"|\n</data></write>
		<read echo="ascii"><delim> </delim><match><data>\x3E </data></match></read>
		<write echo="ascii"><data>cIRB8 = |"SqQVJ","6G12s","vV","H8wW","uq","Il"|\n</data></write>
		<read echo="ascii"><delim> </delim><match><data>\x3E </data></match></read>
		<write echo="ascii"><data>rHnEQi = |"uq","RLM4bF4FGN"|\n</data></write>
		<read echo="ascii"><delim> </delim><match><data>\x3E </data></match></read>
		<write echo="ascii"><data>rHnEQi@cIRB8\n</data></write>
		<read echo="ascii"><delim>\n</delim><match><data>FALSE\n</data></match></read>
		<read echo="ascii"><delim> </delim><match><data>\x3E </data></match></read>
		<write echo="ascii"><data>KUgDSNV = |"tlPlE","jvM9","NQVoXK8","TfIph","b","ZM4"|-|"NQVoXK8","u3","jvM9","JXnRG"|\n</data></write>
		<read echo="ascii"><delim> </delim><match><data>\x3E </data></match></read>
		<write echo="ascii"><data>hJLq7a = nS2jJ ~ oPO0Ur\n</data></write>
		<read echo="ascii"><delim> </delim><match><data>\x3E </data></match></read>
		<write echo="ascii"><data>42nWx = rHnEQi ~ hJLq7a\n</data></write>
		<read echo="ascii"><delim> </delim><match><data>\x3E </data></match></read>
		<write echo="ascii"><data>dvTuncL = |"ChdI03","KEg8","Xq7","3y4","PoZ","vyNt"|^|"Cs"|\n</data></write>
		<read echo="ascii"><delim> </delim><match><data>\x3E </data></match></read>
		<write echo="ascii"><data>.p\n</data></write>
<read echo="ascii"><delim>\n</delim><match><data>Tazn0 = |"DNG0","Mvynx8B"|\n</data></match></read>
<read echo="ascii"><delim>\n</delim><match><data>qpyEEV = ||\n</data></match></read>
<read echo="ascii"><delim>\n</delim><match><data>oPO0Ur = |"DNG0","Mvynx8B"|\n</data></match></read>
<read echo="ascii"><delim>\n</delim><match><data>sgrzR = |"WP"|\n</data></match></read>
<read echo="ascii"><delim>\n</delim><match><data>nS2jJ = |"LCmShYx","C0ttsN","p","zt8E2L","15gFFI","9FZuLMO","zD8Jcdj"|\n</data></match></read>
<read echo="ascii"><delim>\n</delim><match><data>cIRB8 = |"SqQVJ","6G12s","vV","H8wW","uq","Il"|\n</data></match></read>
<read echo="ascii"><delim>\n</delim><match><data>rHnEQi = |"uq","RLM4bF4FGN"|\n</data></match></read>
<read echo="ascii"><delim>\n</delim><match><data>KUgDSNV = |"tlPlE","TfIph","b","ZM4"|\n</data></match></read>
<read echo="ascii"><delim>\n</delim><match><data>hJLq7a = |"LCmShYx","C0ttsN","p","zt8E2L","15gFFI","9FZuLMO","zD8Jcdj","DNG0","Mvynx8B"|\n</data></match></read>
<read echo="ascii"><delim>\n</delim><match><data>42nWx = |"uq","RLM4bF4FGN","LCmShYx","C0ttsN","p","zt8E2L","15gFFI","9FZuLMO","zD8Jcdj","DNG0","Mvynx8B"|\n</data></match></read>
<read echo="ascii"><delim>\n</delim><match><data>dvTuncL = ||\n</data></match></read>
		<read echo="ascii"><delim> </delim><match><data>\x3E </data></match></read>
		<write echo="ascii"><data>.l\n</data></write>
	</replay>
</pov>
