<?xml version="1.0" standalone="no" ?>
<!DOCTYPE pov SYSTEM "/usr/share/cgc-docs/replay.dtd"><pov>
	<cbid>CROMU_00011</cbid>
	<replay>
		<read echo="ascii"><delim> </delim><match><data>\x3E </data></match></read>
		<write echo="ascii"><data>j2jbi = |"JBxsBae","dEBTI","ZZRbYhN","KMsW1"|~|"3","3MFVYN","2wO5OxI","wrWjJUM","w9Kz"|\n</data></write>
		<read echo="ascii"><delim> </delim><match><data>\x3E </data></match></read>
		<write echo="ascii"><data>qYM93Bd = j2jbi ~ j2jbi\n</data></write>
		<read echo="ascii"><delim> </delim><match><data>\x3E </data></match></read>
		<write echo="ascii"><data>zEWie8A = |"IM","jOV","iga6pb5","F20N"|-|"Pwtt","iga6pb5","Djsj1","XK5"|\n</data></write>
		<read echo="ascii"><delim> </delim><match><data>\x3E </data></match></read>
		<write echo="ascii"><data>GLBun3i = |"8TO","qg8","0Ppst"|-|"RgzQCED","noM8sz","kSKZKs"|\n</data></write>
		<read echo="ascii"><delim> </delim><match><data>\x3E </data></match></read>
		<write echo="ascii"><data>6O6hh = GLBun3i ~ qYM93Bd\n</data></write>
		<read echo="ascii"><delim> </delim><match><data>\x3E </data></match></read>
		<write echo="ascii"><data>iBvpwxz = |"P1","du","2E4e","6","SL","ki9t","VeRb7"|~|"P1","vaZ","sF","VeRb7"|\n</data></write>
		<read echo="ascii"><delim> </delim><match><data>\x3E </data></match></read>
		<write echo="ascii"><data>0A1euu9 = j2jbi ~ GLBun3i\n</data></write>
		<read echo="ascii"><delim> </delim><match><data>\x3E </data></match></read>
		<write echo="ascii"><data>D71nC = |"Atg","cdG2sS","C2DMFQ","Gye","oQLgYO","E2K6","Ps","5ylpNPT","AYTzH","VCbuYe"|\n</data></write>
		<read echo="ascii"><delim> </delim><match><data>\x3E </data></match></read>
		<write echo="ascii"><data>jlw8z = |"cdG2sS","C2DMFQ","VCbuYe","Ps","oQLgYO"|\n</data></write>
		<read echo="ascii"><delim> </delim><match><data>\x3E </data></match></read>
		<write echo="ascii"><data>jlw8z@D71nC\n</data></write>
		<read echo="ascii"><delim>\n</delim><match><data>TRUE\n</data></match></read>
		<read echo="ascii"><delim> </delim><match><data>\x3E </data></match></read>
		<write echo="ascii"><data>Q8sT0 = |"K","9GmYO","gM0h0","0E","phDgAR","YApTq","z"|-|"xIQB","z","L2SSD","Yb","YApTq"|\n</data></write>
		<read echo="ascii"><delim> </delim><match><data>\x3E </data></match></read>
		<write echo="ascii"><data>.p\n</data></write>
<read echo="ascii"><delim>\n</delim><match><data>j2jbi = |"JBxsBae","dEBTI","ZZRbYhN","KMsW1","3","3MFVYN","2wO5OxI","wrWjJUM","w9Kz"|\n</data></match></read>
<read echo="ascii"><delim>\n</delim><match><data>qYM93Bd = ||\n</data></match></read>
<read echo="ascii"><delim>\n</delim><match><data>zEWie8A = |"IM","jOV","F20N"|\n</data></match></read>
<read echo="ascii"><delim>\n</delim><match><data>GLBun3i = |"8TO","qg8","0Ppst"|\n</data></match></read>
<read echo="ascii"><delim>\n</delim><match><data>6O6hh = |"8TO","qg8","0Ppst"|\n</data></match></read>
<read echo="ascii"><delim>\n</delim><match><data>iBvpwxz = |"du","2E4e","6","SL","ki9t","vaZ","sF"|\n</data></match></read>
<read echo="ascii"><delim>\n</delim><match><data>0A1euu9 = |"JBxsBae","dEBTI","ZZRbYhN","KMsW1","3","3MFVYN","2wO5OxI","wrWjJUM","w9Kz","8TO","qg8","0Ppst"|\n</data></match></read>
<read echo="ascii"><delim>\n</delim><match><data>D71nC = |"Atg","cdG2sS","C2DMFQ","Gye","oQLgYO","E2K6","Ps","5ylpNPT","AYTzH","VCbuYe"|\n</data></match></read>
<read echo="ascii"><delim>\n</delim><match><data>jlw8z = |"cdG2sS","C2DMFQ","VCbuYe","Ps","oQLgYO"|\n</data></match></read>
<read echo="ascii"><delim>\n</delim><match><data>Q8sT0 = |"K","9GmYO","gM0h0","0E","phDgAR"|\n</data></match></read>
		<read echo="ascii"><delim> </delim><match><data>\x3E </data></match></read>
		<write echo="ascii"><data>.l\n</data></write>
	</replay>
</pov>
