<?xml version="1.0" standalone="no" ?>
<!DOCTYPE pov SYSTEM "/usr/share/cgc-docs/replay.dtd"><pov>
	<cbid>CROMU_00011</cbid>
	<replay>
		<read echo="ascii"><delim> </delim><match><data>\x3E </data></match></read>
		<write echo="ascii"><data>ocLgR = |"EhVBEa","AZb","OXyqqCB"|~|"H","n9JOaa","6ib","GhaN5Z","X1","VfQeq"|\n</data></write>
		<read echo="ascii"><delim> </delim><match><data>\x3E </data></match></read>
		<write echo="ascii"><data>H5L6rAWZ = ocLgR ^ ocLgR\n</data></write>
		<read echo="ascii"><delim> </delim><match><data>\x3E </data></match></read>
		<write echo="ascii"><data>oLfx9 = ocLgR + H5L6rAWZ\n</data></write>
		<read echo="ascii"><delim> </delim><match><data>\x3E </data></match></read>
		<write echo="ascii"><data>VAT542K = |"FS1sDFm","RmX","CittiV","0FlTZP"|^|"Me","jKOYurU","UwvZ","0Jh"|\n</data></write>
		<read echo="ascii"><delim> </delim><match><data>\x3E </data></match></read>
		<write echo="ascii"><data>4MVb5EY = |"2s6GK","Ff8smwy","QdOlB","HpaZ"|^|"HpaZ","eT3V","cjK","bTCdV"|\n</data></write>
		<read echo="ascii"><delim> </delim><match><data>\x3E </data></match></read>
		<write echo="ascii"><data>7wvtjRt = ocLgR ^ H5L6rAWZ\n</data></write>
		<read echo="ascii"><delim> </delim><match><data>\x3E </data></match></read>
		<write echo="ascii"><data>GbQxen = VAT542K + 4MVb5EY\n</data></write>
		<read echo="ascii"><delim> </delim><match><data>\x3E </data></match></read>
		<write echo="ascii"><data>NVLTnzN = |"AZ6b8vY","HyPJm","169","jU6","TqAkC","WJtF","69VC","Gk3Cksu","6SRIB","BSJK"|\n</data></write>
		<read echo="ascii"><delim> </delim><match><data>\x3E </data></match></read>
		<write echo="ascii"><data>Y1X6g = |"Gk3Cksu","BSJK","6SRIB"|\n</data></write>
		<read echo="ascii"><delim> </delim><match><data>\x3E </data></match></read>
		<write echo="ascii"><data>Y1X6g@NVLTnzN\n</data></write>
		<read echo="ascii"><delim>\n</delim><match><data>TRUE\n</data></match></read>
		<read echo="ascii"><delim> </delim><match><data>\x3E </data></match></read>
		<write echo="ascii"><data>rwvJiIj = H5L6rAWZ + GbQxen\n</data></write>
		<read echo="ascii"><delim> </delim><match><data>\x3E </data></match></read>
		<write echo="ascii"><data>dxVGY = |"zRitR79","IOk","aGkI54","JzA","JwvByt","b","2"|-|"qxHi","M","Y"|\n</data></write>
		<read echo="ascii"><delim> </delim><match><data>\x3E </data></match></read>
		<write echo="ascii"><data>kqZMZ = |"CqQ","z0","E3Aglpv","7ZrNg","zt","0mgFD"|\n</data></write>
		<read echo="ascii"><delim> </delim><match><data>\x3E </data></match></read>
		<write echo="ascii"><data>UFcbe5s = |"E3Aglpv","CqQ","0mgFD","zt","WWjADt3rkv"|\n</data></write>
		<read echo="ascii"><delim> </delim><match><data>\x3E </data></match></read>
		<write echo="ascii"><data>UFcbe5s@kqZMZ\n</data></write>
		<read echo="ascii"><delim>\n</delim><match><data>FALSE\n</data></match></read>
		<read echo="ascii"><delim> </delim><match><data>\x3E </data></match></read>
		<write echo="ascii"><data>.p\n</data></write>
<read echo="ascii"><delim>\n</delim><match><data>ocLgR = |"EhVBEa","AZb","OXyqqCB","H","n9JOaa","6ib","GhaN5Z","X1","VfQeq"|\n</data></match></read>
<read echo="ascii"><delim>\n</delim><match><data>H5L6rAWZ = |"EhVBEa","AZb","OXyqqCB","H","n9JOaa","6ib","GhaN5Z","X1","VfQeq"|\n</data></match></read>
<read echo="ascii"><delim>\n</delim><match><data>oLfx9 = |"EhVBEa","AZb","OXyqqCB","H","n9JOaa","6ib","GhaN5Z","X1","VfQeq"|\n</data></match></read>
<read echo="ascii"><delim>\n</delim><match><data>VAT542K = ||\n</data></match></read>
<read echo="ascii"><delim>\n</delim><match><data>4MVb5EY = |"HpaZ"|\n</data></match></read>
<read echo="ascii"><delim>\n</delim><match><data>7wvtjRt = |"EhVBEa","AZb","OXyqqCB","H","n9JOaa","6ib","GhaN5Z","X1","VfQeq"|\n</data></match></read>
<read echo="ascii"><delim>\n</delim><match><data>GbQxen = |"HpaZ"|\n</data></match></read>
<read echo="ascii"><delim>\n</delim><match><data>NVLTnzN = |"AZ6b8vY","HyPJm","169","jU6","TqAkC","WJtF","69VC","Gk3Cksu","6SRIB","BSJK"|\n</data></match></read>
<read echo="ascii"><delim>\n</delim><match><data>Y1X6g = |"Gk3Cksu","BSJK","6SRIB"|\n</data></match></read>
<read echo="ascii"><delim>\n</delim><match><data>rwvJiIj = |"EhVBEa","AZb","OXyqqCB","H","n9JOaa","6ib","GhaN5Z","X1","VfQeq","HpaZ"|\n</data></match></read>
<read echo="ascii"><delim>\n</delim><match><data>dxVGY = |"zRitR79","IOk","aGkI54","JzA","JwvByt","b","2"|\n</data></match></read>
<read echo="ascii"><delim>\n</delim><match><data>kqZMZ = |"CqQ","z0","E3Aglpv","7ZrNg","zt","0mgFD"|\n</data></match></read>
<read echo="ascii"><delim>\n</delim><match><data>UFcbe5s = |"E3Aglpv","CqQ","0mgFD","zt","WWjADt3rkv"|\n</data></match></read>
		<read echo="ascii"><delim> </delim><match><data>\x3E </data></match></read>
		<write echo="ascii"><data>.l\n</data></write>
	</replay>
</pov>
