<?xml version="1.0" standalone="no" ?>
<!DOCTYPE pov SYSTEM "/usr/share/cgc-docs/replay.dtd"><pov>
	<cbid>CROMU_00011</cbid>
	<replay>
		<read echo="ascii"><delim> </delim><match><data>\x3E </data></match></read>
		<write echo="ascii"><data>08v9Lh = |"FhOrQ","kTgGGhx","Hga1Cyx"|~|"cjtjRV","hq5ai","bibiEt2","9uG9","qb","Ohh","kTgGGhx"|\n</data></write>
		<read echo="ascii"><delim> </delim><match><data>\x3E </data></match></read>
		<write echo="ascii"><data>d55Ff = |"ixoi8CW","g0G","cOyWRng","1CzeT","3j3Tq","ONa5yz","vTIzo"|\n</data></write>
		<read echo="ascii"><delim> </delim><match><data>\x3E </data></match></read>
		<write echo="ascii"><data>DcRd3oR = |"ONa5yz","1CzeT","cOyWRng"|\n</data></write>
		<read echo="ascii"><delim> </delim><match><data>\x3E </data></match></read>
		<write echo="ascii"><data>DcRd3oR@d55Ff\n</data></write>
		<read echo="ascii"><delim>\n</delim><match><data>TRUE\n</data></match></read>
		<read echo="ascii"><delim> </delim><match><data>\x3E </data></match></read>
		<write echo="ascii"><data>IZjHed = 08v9Lh ~ DcRd3oR\n</data></write>
		<read echo="ascii"><delim> </delim><match><data>\x3E </data></match></read>
		<write echo="ascii"><data>txQg3 = d55Ff - DcRd3oR\n</data></write>
		<read echo="ascii"><delim> </delim><match><data>\x3E </data></match></read>
		<write echo="ascii"><data>cZdhWTV = d55Ff ~ txQg3\n</data></write>
		<read echo="ascii"><delim> </delim><match><data>\x3E </data></match></read>
		<write echo="ascii"><data>qIKwuD9 = |"jcpc2","fotdksg","mZzgs","BBQVt","cF","TRb","wYL","8WkgX"|\n</data></write>
		<read echo="ascii"><delim> </delim><match><data>\x3E </data></match></read>
		<write echo="ascii"><data>TTsZ3 = |"jcpc2","mZzgs","wYL","8WkgX","fotdksg","BBQVt"|\n</data></write>
		<read echo="ascii"><delim> </delim><match><data>\x3E </data></match></read>
		<write echo="ascii"><data>TTsZ3@qIKwuD9\n</data></write>
		<read echo="ascii"><delim>\n</delim><match><data>TRUE\n</data></match></read>
		<read echo="ascii"><delim> </delim><match><data>\x3E </data></match></read>
		<write echo="ascii"><data>OqZXahl = |"dDVNX","e"|~|"3","kicW","jlze","iG0agS"|\n</data></write>
		<read echo="ascii"><delim> </delim><match><data>\x3E </data></match></read>
		<write echo="ascii"><data>1ubiDNS5 = 08v9Lh ^ DcRd3oR\n</data></write>
		<read echo="ascii"><delim> </delim><match><data>\x3E </data></match></read>
		<write echo="ascii"><data>yKKLEmM = |"ZJDFrR","y","W55","0fR","GrVEd","J5bV3"|~|"0fR","eVFF","viWWYx","ZJDFrR","W55","zIS"|\n</data></write>
		<read echo="ascii"><delim> </delim><match><data>\x3E </data></match></read>
		<write echo="ascii"><data>fdIDW = |"5sumwJ","vjwCy","O6LlfB","jWA"|~|"CoqZEO","OX8","O6LlfB"|\n</data></write>
		<read echo="ascii"><delim> </delim><match><data>\x3E </data></match></read>
		<write echo="ascii"><data>CafDET2 = OqZXahl ^ cZdhWTV\n</data></write>
		<read echo="ascii"><delim> </delim><match><data>\x3E </data></match></read>
		<write echo="ascii"><data>.p\n</data></write>
<read echo="ascii"><delim>\n</delim><match><data>08v9Lh = |"FhOrQ","Hga1Cyx","cjtjRV","hq5ai","bibiEt2","9uG9","qb","Ohh"|\n</data></match></read>
<read echo="ascii"><delim>\n</delim><match><data>d55Ff = |"ixoi8CW","g0G","cOyWRng","1CzeT","3j3Tq","ONa5yz","vTIzo"|\n</data></match></read>
<read echo="ascii"><delim>\n</delim><match><data>DcRd3oR = |"ONa5yz","1CzeT","cOyWRng"|\n</data></match></read>
<read echo="ascii"><delim>\n</delim><match><data>IZjHed = |"FhOrQ","Hga1Cyx","cjtjRV","hq5ai","bibiEt2","9uG9","qb","Ohh","ONa5yz","1CzeT","cOyWRng"|\n</data></match></read>
<read echo="ascii"><delim>\n</delim><match><data>txQg3 = |"ixoi8CW","g0G","3j3Tq","vTIzo"|\n</data></match></read>
<read echo="ascii"><delim>\n</delim><match><data>cZdhWTV = |"cOyWRng","1CzeT","ONa5yz"|\n</data></match></read>
<read echo="ascii"><delim>\n</delim><match><data>qIKwuD9 = |"jcpc2","fotdksg","mZzgs","BBQVt","cF","TRb","wYL","8WkgX"|\n</data></match></read>
<read echo="ascii"><delim>\n</delim><match><data>TTsZ3 = |"jcpc2","mZzgs","wYL","8WkgX","fotdksg","BBQVt"|\n</data></match></read>
<read echo="ascii"><delim>\n</delim><match><data>OqZXahl = |"dDVNX","e","3","kicW","jlze","iG0agS"|\n</data></match></read>
<read echo="ascii"><delim>\n</delim><match><data>1ubiDNS5 = ||\n</data></match></read>
<read echo="ascii"><delim>\n</delim><match><data>yKKLEmM = |"y","GrVEd","J5bV3","eVFF","viWWYx","zIS"|\n</data></match></read>
<read echo="ascii"><delim>\n</delim><match><data>fdIDW = |"5sumwJ","vjwCy","jWA","CoqZEO","OX8"|\n</data></match></read>
<read echo="ascii"><delim>\n</delim><match><data>CafDET2 = ||\n</data></match></read>
		<read echo="ascii"><delim> </delim><match><data>\x3E </data></match></read>
		<write echo="ascii"><data>.l\n</data></write>
	</replay>
</pov>
