<?xml version="1.0" standalone="no" ?>
<!DOCTYPE pov SYSTEM "/usr/share/cgc-docs/replay.dtd"><pov>
	<cbid>CROMU_00011</cbid>
	<replay>
		<read echo="ascii"><delim> </delim><match><data>\x3E </data></match></read>
		<write echo="ascii"><data>xkRC9U = |"6z","Vo","dxNB","B","Frj3xP9"|+|"R","t4ge","B","hpiTlZ"|\n</data></write>
		<read echo="ascii"><delim> </delim><match><data>\x3E </data></match></read>
		<write echo="ascii"><data>VbqKJK = xkRC9U - xkRC9U\n</data></write>
		<read echo="ascii"><delim> </delim><match><data>\x3E </data></match></read>
		<write echo="ascii"><data>M3vJxLgrL = VbqKJK ^ VbqKJK\n</data></write>
		<read echo="ascii"><delim> </delim><match><data>\x3E </data></match></read>
		<write echo="ascii"><data>3ywxiVA = xkRC9U - VbqKJK\n</data></write>
		<read echo="ascii"><delim> </delim><match><data>\x3E </data></match></read>
		<write echo="ascii"><data>HfK1IPw = 3ywxiVA ^ 3ywxiVA\n</data></write>
		<read echo="ascii"><delim> </delim><match><data>\x3E </data></match></read>
		<write echo="ascii"><data>CyvlNHj = |"hAy5bA","kiWP"|~|"kiWP","I","kn8zt","AoQ4","Nz","Ft25rlH","PTog"|\n</data></write>
		<read echo="ascii"><delim> </delim><match><data>\x3E </data></match></read>
		<write echo="ascii"><data>3NePTs = |"uSa","PyNy1JW","L7N22"|+|"8","vk8o","bN","r","1"|\n</data></write>
		<read echo="ascii"><delim> </delim><match><data>\x3E </data></match></read>
		<write echo="ascii"><data>6VNTo57 = |"NAJ","M9","T1cLRFS","NZ9tga5","p","Sp","6Y"|-|"gEVzf","p","SA0ngo","vI91c0V","Sp","NZ9tga5"|\n</data></write>
		<read echo="ascii"><delim> </delim><match><data>\x3E </data></match></read>
		<write echo="ascii"><data>AGLhQ = M3vJxLgrL ^ xkRC9U\n</data></write>
		<read echo="ascii"><delim> </delim><match><data>\x3E </data></match></read>
		<write echo="ascii"><data>v45H5mL = |"YSQZtH","Gri9uua","aaQdfd","pozK","rH8","22i"|\n</data></write>
		<read echo="ascii"><delim> </delim><match><data>\x3E </data></match></read>
		<write echo="ascii"><data>NFyR9L = |"Gri9uua","rH8","jJIKdJ1Foj"|\n</data></write>
		<read echo="ascii"><delim> </delim><match><data>\x3E </data></match></read>
		<write echo="ascii"><data>NFyR9L@v45H5mL\n</data></write>
		<read echo="ascii"><delim>\n</delim><match><data>FALSE\n</data></match></read>
		<read echo="ascii"><delim> </delim><match><data>\x3E </data></match></read>
		<write echo="ascii"><data>L0nQx = |"0Eu","arp","dZsm","zN","d7igrl9","KFXSbwM","m2O"|^|"xNm","F7TZ8t","AHFf","KFXSbwM","1G4g8n","m2O","5X"|\n</data></write>
		<read echo="ascii"><delim> </delim><match><data>\x3E </data></match></read>
		<write echo="ascii"><data>ev78qBX = |"tJNhZ6t","Xtr1T","rIBC","jhi"|^|"PWh0H","RNWCWKj","vh","HntblXX","2A","AD"|\n</data></write>
		<read echo="ascii"><delim> </delim><match><data>\x3E </data></match></read>
		<write echo="ascii"><data>.p\n</data></write>
<read echo="ascii"><delim>\n</delim><match><data>xkRC9U = |"6z","Vo","dxNB","B","Frj3xP9","R","t4ge","hpiTlZ"|\n</data></match></read>
<read echo="ascii"><delim>\n</delim><match><data>VbqKJK = ||\n</data></match></read>
<read echo="ascii"><delim>\n</delim><match><data>M3vJxLgrL = ||\n</data></match></read>
<read echo="ascii"><delim>\n</delim><match><data>3ywxiVA = |"6z","Vo","dxNB","B","Frj3xP9","R","t4ge","hpiTlZ"|\n</data></match></read>
<read echo="ascii"><delim>\n</delim><match><data>HfK1IPw = |"6z","Vo","dxNB","B","Frj3xP9","R","t4ge","hpiTlZ"|\n</data></match></read>
<read echo="ascii"><delim>\n</delim><match><data>CyvlNHj = |"hAy5bA","I","kn8zt","AoQ4","Nz","Ft25rlH","PTog"|\n</data></match></read>
<read echo="ascii"><delim>\n</delim><match><data>3NePTs = |"uSa","PyNy1JW","L7N22","8","vk8o","bN","r","1"|\n</data></match></read>
<read echo="ascii"><delim>\n</delim><match><data>6VNTo57 = |"NAJ","M9","T1cLRFS","6Y"|\n</data></match></read>
<read echo="ascii"><delim>\n</delim><match><data>AGLhQ = ||\n</data></match></read>
<read echo="ascii"><delim>\n</delim><match><data>v45H5mL = |"YSQZtH","Gri9uua","aaQdfd","pozK","rH8","22i"|\n</data></match></read>
<read echo="ascii"><delim>\n</delim><match><data>NFyR9L = |"Gri9uua","rH8","jJIKdJ1Foj"|\n</data></match></read>
<read echo="ascii"><delim>\n</delim><match><data>L0nQx = |"KFXSbwM","m2O"|\n</data></match></read>
<read echo="ascii"><delim>\n</delim><match><data>ev78qBX = ||\n</data></match></read>
		<read echo="ascii"><delim> </delim><match><data>\x3E </data></match></read>
		<write echo="ascii"><data>.l\n</data></write>
	</replay>
</pov>
