<?xml version="1.0" standalone="no" ?>
<!DOCTYPE pov SYSTEM "/usr/share/cgc-docs/replay.dtd"><pov>
	<cbid>CROMU_00011</cbid>
	<replay>
		<read echo="ascii"><delim> </delim><match><data>\x3E </data></match></read>
		<write echo="ascii"><data>n0Enlpa = |"ek1X3W"|~|"BaN8","sw4bR","sRd","8om","w5kP","bFc3B","P6n2yH"|\n</data></write>
		<read echo="ascii"><delim> </delim><match><data>\x3E </data></match></read>
		<write echo="ascii"><data>rLeVFL = |"D5XOlp","RXylOR8","pPoe6m"|-|"8Ul","K","r4tJX","RM","p","AJZ","RXylOR8"|\n</data></write>
		<read echo="ascii"><delim> </delim><match><data>\x3E </data></match></read>
		<write echo="ascii"><data>opzwqJymLv = n0Enlpa ^ rLeVFL\n</data></write>
		<read echo="ascii"><delim> </delim><match><data>\x3E </data></match></read>
		<write echo="ascii"><data>rjmhb = |"Qd"|^|"OlpoxJ5","Y61fcws","ncrbHOP","CT","sikY"|\n</data></write>
		<read echo="ascii"><delim> </delim><match><data>\x3E </data></match></read>
		<write echo="ascii"><data>Hd9WUP = rjmhb ~ n0Enlpa\n</data></write>
		<read echo="ascii"><delim> </delim><match><data>\x3E </data></match></read>
		<write echo="ascii"><data>skJpb = |"0DmdbRS","Ahg5","H64rvVH","fDcqBz","wIjGRAs","rHgGz"|\n</data></write>
		<read echo="ascii"><delim> </delim><match><data>\x3E </data></match></read>
		<write echo="ascii"><data>aqxymWb = |"fDcqBz","0DmdbRS","rHgGz","wIjGRAs"|\n</data></write>
		<read echo="ascii"><delim> </delim><match><data>\x3E </data></match></read>
		<write echo="ascii"><data>aqxymWb@skJpb\n</data></write>
		<read echo="ascii"><delim>\n</delim><match><data>TRUE\n</data></match></read>
		<read echo="ascii"><delim> </delim><match><data>\x3E </data></match></read>
		<write echo="ascii"><data>rWprlHz = |"0xP9Q7","SKYqfLh","cCZh","Il","rggs"|~|"J6","MId","r1rTof","UpvQOY","iDH"|\n</data></write>
		<read echo="ascii"><delim> </delim><match><data>\x3E </data></match></read>
		<write echo="ascii"><data>LA09IGb = |"6Jm","TzlVW","GPmng","uz","AtvJAJ2","46fYc6","aQvau7"|\n</data></write>
		<read echo="ascii"><delim> </delim><match><data>\x3E </data></match></read>
		<write echo="ascii"><data>tHK6z = |"uz","GPmng","TzlVW","aQvau7","AtvJAJ2","McuWkkExdq"|\n</data></write>
		<read echo="ascii"><delim> </delim><match><data>\x3E </data></match></read>
		<write echo="ascii"><data>tHK6z@LA09IGb\n</data></write>
		<read echo="ascii"><delim>\n</delim><match><data>FALSE\n</data></match></read>
		<read echo="ascii"><delim> </delim><match><data>\x3E </data></match></read>
		<write echo="ascii"><data>wd0Aeg8 = LA09IGb + n0Enlpa\n</data></write>
		<read echo="ascii"><delim> </delim><match><data>\x3E </data></match></read>
		<write echo="ascii"><data>MQd1CZ = |"jUUBxfD","lJa"|~|"Ja","qg3l5u","X","lJa","jUUBxfD"|\n</data></write>
		<read echo="ascii"><delim> </delim><match><data>\x3E </data></match></read>
		<write echo="ascii"><data>.p\n</data></write>
<read echo="ascii"><delim>\n</delim><match><data>n0Enlpa = |"ek1X3W","BaN8","sw4bR","sRd","8om","w5kP","bFc3B","P6n2yH"|\n</data></match></read>
<read echo="ascii"><delim>\n</delim><match><data>rLeVFL = |"D5XOlp","pPoe6m"|\n</data></match></read>
<read echo="ascii"><delim>\n</delim><match><data>opzwqJymLv = ||\n</data></match></read>
<read echo="ascii"><delim>\n</delim><match><data>rjmhb = ||\n</data></match></read>
<read echo="ascii"><delim>\n</delim><match><data>Hd9WUP = |"ek1X3W","BaN8","sw4bR","sRd","8om","w5kP","bFc3B","P6n2yH"|\n</data></match></read>
<read echo="ascii"><delim>\n</delim><match><data>skJpb = |"0DmdbRS","Ahg5","H64rvVH","fDcqBz","wIjGRAs","rHgGz"|\n</data></match></read>
<read echo="ascii"><delim>\n</delim><match><data>aqxymWb = |"fDcqBz","0DmdbRS","rHgGz","wIjGRAs"|\n</data></match></read>
<read echo="ascii"><delim>\n</delim><match><data>rWprlHz = |"0xP9Q7","SKYqfLh","cCZh","Il","rggs","J6","MId","r1rTof","UpvQOY","iDH"|\n</data></match></read>
<read echo="ascii"><delim>\n</delim><match><data>LA09IGb = |"6Jm","TzlVW","GPmng","uz","AtvJAJ2","46fYc6","aQvau7"|\n</data></match></read>
<read echo="ascii"><delim>\n</delim><match><data>tHK6z = |"uz","GPmng","TzlVW","aQvau7","AtvJAJ2","McuWkkExdq"|\n</data></match></read>
<read echo="ascii"><delim>\n</delim><match><data>wd0Aeg8 = |"6Jm","TzlVW","GPmng","uz","AtvJAJ2","46fYc6","aQvau7","ek1X3W","BaN8","sw4bR","sRd","8om","w5kP","bFc3B","P6n2yH"|\n</data></match></read>
<read echo="ascii"><delim>\n</delim><match><data>MQd1CZ = |"Ja","qg3l5u","X"|\n</data></match></read>
		<read echo="ascii"><delim> </delim><match><data>\x3E </data></match></read>
		<write echo="ascii"><data>.l\n</data></write>
	</replay>
</pov>
