<?xml version="1.0" standalone="no" ?>
<!DOCTYPE pov SYSTEM "/usr/share/cgc-docs/replay.dtd"><pov>
	<cbid>CROMU_00011</cbid>
	<replay>
		<read echo="ascii"><delim> </delim><match><data>\x3E </data></match></read>
		<write echo="ascii"><data>lnuUi = |"6gvtu","tX","C"|-|"MBZFRt","5HP0l","WfaVJ5"|\n</data></write>
		<read echo="ascii"><delim> </delim><match><data>\x3E </data></match></read>
		<write echo="ascii"><data>0xLYX = |"bLNm1a","G","NGq","so3Iou","a9lnqkc"|-|"TB","m","d24","so3Iou","Vw","NGq","PmW5c"|\n</data></write>
		<read echo="ascii"><delim> </delim><match><data>\x3E </data></match></read>
		<write echo="ascii"><data>J3wDI8 = 0xLYX ~ 0xLYX\n</data></write>
		<read echo="ascii"><delim> </delim><match><data>\x3E </data></match></read>
		<write echo="ascii"><data>Cg8J7G9 = 0xLYX - 0xLYX\n</data></write>
		<read echo="ascii"><delim> </delim><match><data>\x3E </data></match></read>
		<write echo="ascii"><data>FeYv12 = lnuUi - J3wDI8\n</data></write>
		<read echo="ascii"><delim> </delim><match><data>\x3E </data></match></read>
		<write echo="ascii"><data>hqYOrsN = 0xLYX - lnuUi\n</data></write>
		<read echo="ascii"><delim> </delim><match><data>\x3E </data></match></read>
		<write echo="ascii"><data>9PCYGu = |"rWZg8yu","33","xHuB","qGcL","hjpy","9G"|^|"33","Ici","KGK7c56","hjpy"|\n</data></write>
		<read echo="ascii"><delim> </delim><match><data>\x3E </data></match></read>
		<write echo="ascii"><data>jrVcMtH = FeYv12 - FeYv12\n</data></write>
		<read echo="ascii"><delim> </delim><match><data>\x3E </data></match></read>
		<write echo="ascii"><data>dnpbWP = Cg8J7G9 - 9PCYGu\n</data></write>
		<read echo="ascii"><delim> </delim><match><data>\x3E </data></match></read>
		<write echo="ascii"><data>WdNa3PR = |"ZF","sQxl9B"|~|"x8YqeEr","Zu6l0Y9","WE"|\n</data></write>
		<read echo="ascii"><delim> </delim><match><data>\x3E </data></match></read>
		<write echo="ascii"><data>YYfzh42 = |"4","VL","xSU","Tby","lHnzst","78jQv"|~|"BUAV"|\n</data></write>
		<read echo="ascii"><delim> </delim><match><data>\x3E </data></match></read>
		<write echo="ascii"><data>.p\n</data></write>
<read echo="ascii"><delim>\n</delim><match><data>lnuUi = |"6gvtu","tX","C"|\n</data></match></read>
<read echo="ascii"><delim>\n</delim><match><data>0xLYX = |"bLNm1a","G","a9lnqkc"|\n</data></match></read>
<read echo="ascii"><delim>\n</delim><match><data>J3wDI8 = ||\n</data></match></read>
<read echo="ascii"><delim>\n</delim><match><data>Cg8J7G9 = ||\n</data></match></read>
<read echo="ascii"><delim>\n</delim><match><data>FeYv12 = |"6gvtu","tX","C"|\n</data></match></read>
<read echo="ascii"><delim>\n</delim><match><data>hqYOrsN = |"bLNm1a","G","a9lnqkc"|\n</data></match></read>
<read echo="ascii"><delim>\n</delim><match><data>9PCYGu = |"33","hjpy"|\n</data></match></read>
<read echo="ascii"><delim>\n</delim><match><data>jrVcMtH = ||\n</data></match></read>
<read echo="ascii"><delim>\n</delim><match><data>dnpbWP = ||\n</data></match></read>
<read echo="ascii"><delim>\n</delim><match><data>WdNa3PR = |"ZF","sQxl9B","x8YqeEr","Zu6l0Y9","WE"|\n</data></match></read>
<read echo="ascii"><delim>\n</delim><match><data>YYfzh42 = |"4","VL","xSU","Tby","lHnzst","78jQv","BUAV"|\n</data></match></read>
		<read echo="ascii"><delim> </delim><match><data>\x3E </data></match></read>
		<write echo="ascii"><data>.l\n</data></write>
	</replay>
</pov>
