<?xml version="1.0" standalone="no" ?>
<!DOCTYPE pov SYSTEM "/usr/share/cgc-docs/replay.dtd"><pov>
	<cbid>CROMU_00011</cbid>
	<replay>
		<read echo="ascii"><delim> </delim><match><data>\x3E </data></match></read>
		<write echo="ascii"><data>y3bztFx = |"9tS","uVSID","kBS1"|^|"4PmaC","LAe8","6klUr","V6QG"|\n</data></write>
		<read echo="ascii"><delim> </delim><match><data>\x3E </data></match></read>
		<write echo="ascii"><data>UsJUma = |"8ob","NyTr","n"|~|"tr8E","yRe0d","4GdArTV","bmhE","7x","AW98B","a6S"|\n</data></write>
		<read echo="ascii"><delim> </delim><match><data>\x3E </data></match></read>
		<write echo="ascii"><data>R1M3HR = |"cQ76X","66","1yhLwMw","jaHAkQA","u2b1z","ZYFo4"|\n</data></write>
		<read echo="ascii"><delim> </delim><match><data>\x3E </data></match></read>
		<write echo="ascii"><data>4ovp7Dk = |"ZYFo4","66","u2b1z"|\n</data></write>
		<read echo="ascii"><delim> </delim><match><data>\x3E </data></match></read>
		<write echo="ascii"><data>4ovp7Dk@R1M3HR\n</data></write>
		<read echo="ascii"><delim>\n</delim><match><data>TRUE\n</data></match></read>
		<read echo="ascii"><delim> </delim><match><data>\x3E </data></match></read>
		<write echo="ascii"><data>cbkeQPU = |"iV6","9pY","D6ZVx","3jY","MvcfQS","MOO","ewtNM"|^|"WMRhdM","3jY","9pY"|\n</data></write>
		<read echo="ascii"><delim> </delim><match><data>\x3E </data></match></read>
		<write echo="ascii"><data>aqgI18 = y3bztFx - y3bztFx\n</data></write>
		<read echo="ascii"><delim> </delim><match><data>\x3E </data></match></read>
		<write echo="ascii"><data>TRnbZOa = |"nHeY","cV","K81","EUUKq","SfJwjL6","hc","heIc6G","9St5W","V1QkGg"|\n</data></write>
		<read echo="ascii"><delim> </delim><match><data>\x3E </data></match></read>
		<write echo="ascii"><data>CYi8zb = |"cV","heIc6G","nHeY","VDzh0UPz8h"|\n</data></write>
		<read echo="ascii"><delim> </delim><match><data>\x3E </data></match></read>
		<write echo="ascii"><data>CYi8zb@TRnbZOa\n</data></write>
		<read echo="ascii"><delim>\n</delim><match><data>FALSE\n</data></match></read>
		<read echo="ascii"><delim> </delim><match><data>\x3E </data></match></read>
		<write echo="ascii"><data>VsADPAap = R1M3HR ^ TRnbZOa\n</data></write>
		<read echo="ascii"><delim> </delim><match><data>\x3E </data></match></read>
		<write echo="ascii"><data>sRurM = R1M3HR ~ TRnbZOa\n</data></write>
		<read echo="ascii"><delim> </delim><match><data>\x3E </data></match></read>
		<write echo="ascii"><data>oKCXiE = CYi8zb - y3bztFx\n</data></write>
		<read echo="ascii"><delim> </delim><match><data>\x3E </data></match></read>
		<write echo="ascii"><data>kmYJ7v = R1M3HR + CYi8zb\n</data></write>
		<read echo="ascii"><delim> </delim><match><data>\x3E </data></match></read>
		<write echo="ascii"><data>Y9USpc = VsADPAap + aqgI18\n</data></write>
		<read echo="ascii"><delim> </delim><match><data>\x3E </data></match></read>
		<write echo="ascii"><data>OeQV7 = Y9USpc + CYi8zb\n</data></write>
		<read echo="ascii"><delim> </delim><match><data>\x3E </data></match></read>
		<write echo="ascii"><data>dHTpFm9 = |"aSYIYw","1b3GY","ZVg43","Yqa269C","ycL0B0","9sqqZ"|\n</data></write>
		<read echo="ascii"><delim> </delim><match><data>\x3E </data></match></read>
		<write echo="ascii"><data>hbCMX = |"aSYIYw","9sqqZ","Yqa269C","ZVg43","ycL0B0"|\n</data></write>
		<read echo="ascii"><delim> </delim><match><data>\x3E </data></match></read>
		<write echo="ascii"><data>hbCMX@dHTpFm9\n</data></write>
		<read echo="ascii"><delim>\n</delim><match><data>TRUE\n</data></match></read>
		<read echo="ascii"><delim> </delim><match><data>\x3E </data></match></read>
		<write echo="ascii"><data>ADA3B = |"I3M","C4EBeHZ","9X1SU","v","G"|-|"zTjQ","lTe1lHM","j","He","Tn","G"|\n</data></write>
		<read echo="ascii"><delim> </delim><match><data>\x3E </data></match></read>
		<write echo="ascii"><data>Y4AJTK = |"PGBCD","Hxs2q","gI3Q","l6Gqvnf","hmP8Ah","uM4oa","wDt503t","sAqs","KDdzbN","MJ"|\n</data></write>
		<read echo="ascii"><delim> </delim><match><data>\x3E </data></match></read>
		<write echo="ascii"><data>y3bnt = |"wDt503t","l6Gqvnf","MJ","PGBCD","uM4oa","sAqs","Hxs2q","gI3Q"|\n</data></write>
		<read echo="ascii"><delim> </delim><match><data>\x3E </data></match></read>
		<write echo="ascii"><data>y3bnt@Y4AJTK\n</data></write>
		<read echo="ascii"><delim>\n</delim><match><data>TRUE\n</data></match></read>
		<read echo="ascii"><delim> </delim><match><data>\x3E </data></match></read>
		<write echo="ascii"><data>.p\n</data></write>
<read echo="ascii"><delim>\n</delim><match><data>y3bztFx = ||\n</data></match></read>
<read echo="ascii"><delim>\n</delim><match><data>UsJUma = |"8ob","NyTr","n","tr8E","yRe0d","4GdArTV","bmhE","7x","AW98B","a6S"|\n</data></match></read>
<read echo="ascii"><delim>\n</delim><match><data>R1M3HR = |"cQ76X","66","1yhLwMw","jaHAkQA","u2b1z","ZYFo4"|\n</data></match></read>
<read echo="ascii"><delim>\n</delim><match><data>4ovp7Dk = |"ZYFo4","66","u2b1z"|\n</data></match></read>
<read echo="ascii"><delim>\n</delim><match><data>cbkeQPU = |"9pY","3jY"|\n</data></match></read>
<read echo="ascii"><delim>\n</delim><match><data>aqgI18 = ||\n</data></match></read>
<read echo="ascii"><delim>\n</delim><match><data>TRnbZOa = |"nHeY","cV","K81","EUUKq","SfJwjL6","hc","heIc6G","9St5W","V1QkGg"|\n</data></match></read>
<read echo="ascii"><delim>\n</delim><match><data>CYi8zb = |"cV","heIc6G","nHeY","VDzh0UPz8h"|\n</data></match></read>
<read echo="ascii"><delim>\n</delim><match><data>VsADPAap = ||\n</data></match></read>
<read echo="ascii"><delim>\n</delim><match><data>sRurM = |"cQ76X","66","1yhLwMw","jaHAkQA","u2b1z","ZYFo4","nHeY","cV","K81","EUUKq","SfJwjL6","hc","heIc6G","9St5W","V1QkGg"|\n</data></match></read>
<read echo="ascii"><delim>\n</delim><match><data>oKCXiE = |"cV","heIc6G","nHeY","VDzh0UPz8h"|\n</data></match></read>
<read echo="ascii"><delim>\n</delim><match><data>kmYJ7v = |"cQ76X","66","1yhLwMw","jaHAkQA","u2b1z","ZYFo4","cV","heIc6G","nHeY","VDzh0UPz8h"|\n</data></match></read>
<read echo="ascii"><delim>\n</delim><match><data>Y9USpc = ||\n</data></match></read>
<read echo="ascii"><delim>\n</delim><match><data>OeQV7 = |"cV","heIc6G","nHeY","VDzh0UPz8h"|\n</data></match></read>
<read echo="ascii"><delim>\n</delim><match><data>dHTpFm9 = |"aSYIYw","1b3GY","ZVg43","Yqa269C","ycL0B0","9sqqZ"|\n</data></match></read>
<read echo="ascii"><delim>\n</delim><match><data>hbCMX = |"aSYIYw","9sqqZ","Yqa269C","ZVg43","ycL0B0"|\n</data></match></read>
<read echo="ascii"><delim>\n</delim><match><data>ADA3B = |"I3M","C4EBeHZ","9X1SU","v"|\n</data></match></read>
<read echo="ascii"><delim>\n</delim><match><data>Y4AJTK = |"PGBCD","Hxs2q","gI3Q","l6Gqvnf","hmP8Ah","uM4oa","wDt503t","sAqs","KDdzbN","MJ"|\n</data></match></read>
<read echo="ascii"><delim>\n</delim><match><data>y3bnt = |"wDt503t","l6Gqvnf","MJ","PGBCD","uM4oa","sAqs","Hxs2q","gI3Q"|\n</data></match></read>
		<read echo="ascii"><delim> </delim><match><data>\x3E </data></match></read>
		<write echo="ascii"><data>.l\n</data></write>
	</replay>
</pov>
