<?xml version="1.0" standalone="no" ?>
<!DOCTYPE pov SYSTEM "/usr/share/cgc-docs/replay.dtd"><pov>
	<cbid>CROMU_00011</cbid>
	<replay>
		<read echo="ascii"><delim> </delim><match><data>\x3E </data></match></read>
		<write echo="ascii"><data>rpuZ4K = |"u6jhYYk","L4AF","22CN9lw"|-|"iTA","lKZ","RAiD","L4AF"|\n</data></write>
		<read echo="ascii"><delim> </delim><match><data>\x3E </data></match></read>
		<write echo="ascii"><data>6dHNY5J = |"Z","6p","KZ12","4RmlBiK","fpS","2R8kY"|-|"rnO8kwK","KYnJfmh","dimJntX"|\n</data></write>
		<read echo="ascii"><delim> </delim><match><data>\x3E </data></match></read>
		<write echo="ascii"><data>QaVwKWu = 6dHNY5J ~ 6dHNY5J\n</data></write>
		<read echo="ascii"><delim> </delim><match><data>\x3E </data></match></read>
		<write echo="ascii"><data>KznWt9 = |"ezGKS","i","mfx6lS"|-|"HR9Hr","ezGKS","BZ","MJn","PEyP"|\n</data></write>
		<read echo="ascii"><delim> </delim><match><data>\x3E </data></match></read>
		<write echo="ascii"><data>BxFQKE = |"q","kg9","FT8Rt","Uhrlbf"|+|"lltXu","j"|\n</data></write>
		<read echo="ascii"><delim> </delim><match><data>\x3E </data></match></read>
		<write echo="ascii"><data>P1pxr0 = KznWt9 ~ BxFQKE\n</data></write>
		<read echo="ascii"><delim> </delim><match><data>\x3E </data></match></read>
		<write echo="ascii"><data>bWaBeYj = 6dHNY5J + QaVwKWu\n</data></write>
		<read echo="ascii"><delim> </delim><match><data>\x3E </data></match></read>
		<write echo="ascii"><data>Tm35E9 = bWaBeYj - 6dHNY5J\n</data></write>
		<read echo="ascii"><delim> </delim><match><data>\x3E </data></match></read>
		<write echo="ascii"><data>bSs9d = |"StbJ","h","F"|-|"StbJ","h","I1U","Zw"|\n</data></write>
		<read echo="ascii"><delim> </delim><match><data>\x3E </data></match></read>
		<write echo="ascii"><data>Hoi3pk = |"cMR1pf","zXxvh70"|+|"HqJ2RWz","Og3L","T","kC","bm1n","Dt459H"|\n</data></write>
		<read echo="ascii"><delim> </delim><match><data>\x3E </data></match></read>
		<write echo="ascii"><data>4QcEa = |"A13yYG","nc"|^|"o6","A13yYG","2gH31yQ","9fzplit","VeHZ"|\n</data></write>
		<read echo="ascii"><delim> </delim><match><data>\x3E </data></match></read>
		<write echo="ascii"><data>Rpdv9 = P1pxr0 - Hoi3pk\n</data></write>
		<read echo="ascii"><delim> </delim><match><data>\x3E </data></match></read>
		<write echo="ascii"><data>VxLAJm = |"oLLd","WcMLj0","Dh","eT","VM85","w6","3a4i","EgD"|\n</data></write>
		<read echo="ascii"><delim> </delim><match><data>\x3E </data></match></read>
		<write echo="ascii"><data>VdKMvP = |"eT","Dh","w6","3a4i","VM85","oLLd","JxhkWHounR"|\n</data></write>
		<read echo="ascii"><delim> </delim><match><data>\x3E </data></match></read>
		<write echo="ascii"><data>VdKMvP@VxLAJm\n</data></write>
		<read echo="ascii"><delim>\n</delim><match><data>FALSE\n</data></match></read>
		<read echo="ascii"><delim> </delim><match><data>\x3E </data></match></read>
		<write echo="ascii"><data>.p\n</data></write>
<read echo="ascii"><delim>\n</delim><match><data>rpuZ4K = |"u6jhYYk","22CN9lw"|\n</data></match></read>
<read echo="ascii"><delim>\n</delim><match><data>6dHNY5J = |"Z","6p","KZ12","4RmlBiK","fpS","2R8kY"|\n</data></match></read>
<read echo="ascii"><delim>\n</delim><match><data>QaVwKWu = ||\n</data></match></read>
<read echo="ascii"><delim>\n</delim><match><data>KznWt9 = |"i","mfx6lS"|\n</data></match></read>
<read echo="ascii"><delim>\n</delim><match><data>BxFQKE = |"q","kg9","FT8Rt","Uhrlbf","lltXu","j"|\n</data></match></read>
<read echo="ascii"><delim>\n</delim><match><data>P1pxr0 = |"i","mfx6lS","q","kg9","FT8Rt","Uhrlbf","lltXu","j"|\n</data></match></read>
<read echo="ascii"><delim>\n</delim><match><data>bWaBeYj = |"Z","6p","KZ12","4RmlBiK","fpS","2R8kY"|\n</data></match></read>
<read echo="ascii"><delim>\n</delim><match><data>Tm35E9 = ||\n</data></match></read>
<read echo="ascii"><delim>\n</delim><match><data>bSs9d = |"F"|\n</data></match></read>
<read echo="ascii"><delim>\n</delim><match><data>Hoi3pk = |"cMR1pf","zXxvh70","HqJ2RWz","Og3L","T","kC","bm1n","Dt459H"|\n</data></match></read>
<read echo="ascii"><delim>\n</delim><match><data>4QcEa = |"A13yYG"|\n</data></match></read>
<read echo="ascii"><delim>\n</delim><match><data>Rpdv9 = |"i","mfx6lS","q","kg9","FT8Rt","Uhrlbf","lltXu","j"|\n</data></match></read>
<read echo="ascii"><delim>\n</delim><match><data>VxLAJm = |"oLLd","WcMLj0","Dh","eT","VM85","w6","3a4i","EgD"|\n</data></match></read>
<read echo="ascii"><delim>\n</delim><match><data>VdKMvP = |"eT","Dh","w6","3a4i","VM85","oLLd","JxhkWHounR"|\n</data></match></read>
		<read echo="ascii"><delim> </delim><match><data>\x3E </data></match></read>
		<write echo="ascii"><data>.l\n</data></write>
	</replay>
</pov>
