<?xml version="1.0" standalone="no" ?>
<!DOCTYPE pov SYSTEM "/usr/share/cgc-docs/replay.dtd"><pov>
	<cbid>CROMU_00011</cbid>
	<replay>
		<read echo="ascii"><delim> </delim><match><data>\x3E </data></match></read>
		<write echo="ascii"><data>OVCuy = |"oe5vtH","HURf","Qzk34","0E","7auwZ","AyZ2zW7","dnJwnSS","jbolX","beJGsje","OYdre"|\n</data></write>
		<read echo="ascii"><delim> </delim><match><data>\x3E </data></match></read>
		<write echo="ascii"><data>RYJO3e = |"AyZ2zW7","jbolX","oe5vtH","beJGsje","Qzk34","7auwZ","HURf","dnJwnSS","4EfXIfblMu"|\n</data></write>
		<read echo="ascii"><delim> </delim><match><data>\x3E </data></match></read>
		<write echo="ascii"><data>RYJO3e@OVCuy\n</data></write>
		<read echo="ascii"><delim>\n</delim><match><data>FALSE\n</data></match></read>
		<read echo="ascii"><delim> </delim><match><data>\x3E </data></match></read>
		<write echo="ascii"><data>IRNKgmF = |"MHeF3LX","q8tme"|^|"WVw","AU5G","q8tme","MHeF3LX","G6cwJe0","xAW9"|\n</data></write>
		<read echo="ascii"><delim> </delim><match><data>\x3E </data></match></read>
		<write echo="ascii"><data>ROHDNH = RYJO3e + IRNKgmF\n</data></write>
		<read echo="ascii"><delim> </delim><match><data>\x3E </data></match></read>
		<write echo="ascii"><data>mn9BeCS = RYJO3e ~ IRNKgmF\n</data></write>
		<read echo="ascii"><delim> </delim><match><data>\x3E </data></match></read>
		<write echo="ascii"><data>zbKBnq = |"7PIBXvV","wj7","FdW","TM5PNtt","T3","sAVFLt3","sS","Fitgq","4XvG","T2T"|\n</data></write>
		<read echo="ascii"><delim> </delim><match><data>\x3E </data></match></read>
		<write echo="ascii"><data>Dwgtb5 = |"sAVFLt3","7PIBXvV","sS","T3","wj7","FdW","T2T","4XvG","TM5PNtt"|\n</data></write>
		<read echo="ascii"><delim> </delim><match><data>\x3E </data></match></read>
		<write echo="ascii"><data>Dwgtb5@zbKBnq\n</data></write>
		<read echo="ascii"><delim>\n</delim><match><data>TRUE\n</data></match></read>
		<read echo="ascii"><delim> </delim><match><data>\x3E </data></match></read>
		<write echo="ascii"><data>eOdxUf = |"5NKsmqi","IpDv","FX","qMmz","GzKHfN","DR","5qX"|~|"5qX","A","xjpeFM","qV","vd","J8","ga1k8f"|\n</data></write>
		<read echo="ascii"><delim> </delim><match><data>\x3E </data></match></read>
		<write echo="ascii"><data>QeVr3b = IRNKgmF + OVCuy\n</data></write>
		<read echo="ascii"><delim> </delim><match><data>\x3E </data></match></read>
		<write echo="ascii"><data>ktuNes0 = eOdxUf - zbKBnq\n</data></write>
		<read echo="ascii"><delim> </delim><match><data>\x3E </data></match></read>
		<write echo="ascii"><data>lYvFzLh = |"LxWav"|+|"aVU2","SFmGq","0L36a","RX","3iDRl","8SDXx9"|\n</data></write>
		<read echo="ascii"><delim> </delim><match><data>\x3E </data></match></read>
		<write echo="ascii"><data>Zr6c1Jm = |"KBTQ","qg","oBf9e","sWASqa","eDKGn8"|^|"k1DDGf","KBTQ","010eLTH","5Cj","6FkoO","6Vq"|\n</data></write>
		<read echo="ascii"><delim> </delim><match><data>\x3E </data></match></read>
		<write echo="ascii"><data>p7B7Va = |"ALUHu","lBicCj","F8o6KcK","Do","8","PB","B"|+|"PB","mylM","UT","NQEb1","lBicCj","F8o6KcK","Do"|\n</data></write>
		<read echo="ascii"><delim> </delim><match><data>\x3E </data></match></read>
		<write echo="ascii"><data>a6XpG = |"ok","G8j","Gsln","g9KclI","q9n13J","Lg"|^|"TqBoB9","T8OA0y","iUIb2l","g9KclI","C0","G8j"|\n</data></write>
		<read echo="ascii"><delim> </delim><match><data>\x3E </data></match></read>
		<write echo="ascii"><data>SzKEKH = eOdxUf - p7B7Va\n</data></write>
		<read echo="ascii"><delim> </delim><match><data>\x3E </data></match></read>
		<write echo="ascii"><data>brfQMBg = ktuNes0 + IRNKgmF\n</data></write>
		<read echo="ascii"><delim> </delim><match><data>\x3E </data></match></read>
		<write echo="ascii"><data>.p\n</data></write>
<read echo="ascii"><delim>\n</delim><match><data>OVCuy = |"oe5vtH","HURf","Qzk34","0E","7auwZ","AyZ2zW7","dnJwnSS","jbolX","beJGsje","OYdre"|\n</data></match></read>
<read echo="ascii"><delim>\n</delim><match><data>RYJO3e = |"AyZ2zW7","jbolX","oe5vtH","beJGsje","Qzk34","7auwZ","HURf","dnJwnSS","4EfXIfblMu"|\n</data></match></read>
<read echo="ascii"><delim>\n</delim><match><data>IRNKgmF = |"MHeF3LX","q8tme"|\n</data></match></read>
<read echo="ascii"><delim>\n</delim><match><data>ROHDNH = |"AyZ2zW7","jbolX","oe5vtH","beJGsje","Qzk34","7auwZ","HURf","dnJwnSS","4EfXIfblMu","MHeF3LX","q8tme"|\n</data></match></read>
<read echo="ascii"><delim>\n</delim><match><data>mn9BeCS = |"AyZ2zW7","jbolX","oe5vtH","beJGsje","Qzk34","7auwZ","HURf","dnJwnSS","4EfXIfblMu","MHeF3LX","q8tme"|\n</data></match></read>
<read echo="ascii"><delim>\n</delim><match><data>zbKBnq = |"7PIBXvV","wj7","FdW","TM5PNtt","T3","sAVFLt3","sS","Fitgq","4XvG","T2T"|\n</data></match></read>
<read echo="ascii"><delim>\n</delim><match><data>Dwgtb5 = |"sAVFLt3","7PIBXvV","sS","T3","wj7","FdW","T2T","4XvG","TM5PNtt"|\n</data></match></read>
<read echo="ascii"><delim>\n</delim><match><data>eOdxUf = |"5NKsmqi","IpDv","FX","qMmz","GzKHfN","DR","A","xjpeFM","qV","vd","J8","ga1k8f"|\n</data></match></read>
<read echo="ascii"><delim>\n</delim><match><data>QeVr3b = |"MHeF3LX","q8tme","oe5vtH","HURf","Qzk34","0E","7auwZ","AyZ2zW7","dnJwnSS","jbolX","beJGsje","OYdre"|\n</data></match></read>
<read echo="ascii"><delim>\n</delim><match><data>ktuNes0 = |"5NKsmqi","IpDv","FX","qMmz","GzKHfN","DR","A","xjpeFM","qV","vd","J8","ga1k8f"|\n</data></match></read>
<read echo="ascii"><delim>\n</delim><match><data>lYvFzLh = |"LxWav","aVU2","SFmGq","0L36a","RX","3iDRl","8SDXx9"|\n</data></match></read>
<read echo="ascii"><delim>\n</delim><match><data>Zr6c1Jm = |"KBTQ"|\n</data></match></read>
<read echo="ascii"><delim>\n</delim><match><data>p7B7Va = |"ALUHu","lBicCj","F8o6KcK","Do","8","PB","B","mylM","UT","NQEb1"|\n</data></match></read>
<read echo="ascii"><delim>\n</delim><match><data>a6XpG = |"G8j","g9KclI"|\n</data></match></read>
<read echo="ascii"><delim>\n</delim><match><data>SzKEKH = |"5NKsmqi","IpDv","FX","qMmz","GzKHfN","DR","A","xjpeFM","qV","vd","J8","ga1k8f"|\n</data></match></read>
<read echo="ascii"><delim>\n</delim><match><data>brfQMBg = |"5NKsmqi","IpDv","FX","qMmz","GzKHfN","DR","A","xjpeFM","qV","vd","J8","ga1k8f","MHeF3LX","q8tme"|\n</data></match></read>
		<read echo="ascii"><delim> </delim><match><data>\x3E </data></match></read>
		<write echo="ascii"><data>.l\n</data></write>
	</replay>
</pov>
