<?xml version="1.0" standalone="no" ?>
<!DOCTYPE pov SYSTEM "/usr/share/cgc-docs/replay.dtd"><pov>
	<cbid>CROMU_00011</cbid>
	<replay>
		<read echo="ascii"><delim> </delim><match><data>\x3E </data></match></read>
		<write echo="ascii"><data>XmFof1G = |"8X5uD","6rwg","Tag6eMM","Zs","dDwt0","DOvhKh","LeXQK","OcV3W","yCtQE","xoWu"|\n</data></write>
		<read echo="ascii"><delim> </delim><match><data>\x3E </data></match></read>
		<write echo="ascii"><data>s1yvXGz = |"DOvhKh","Zs","Tag6eMM","dDwt0","8RwU4sVuea"|\n</data></write>
		<read echo="ascii"><delim> </delim><match><data>\x3E </data></match></read>
		<write echo="ascii"><data>s1yvXGz@XmFof1G\n</data></write>
		<read echo="ascii"><delim>\n</delim><match><data>FALSE\n</data></match></read>
		<read echo="ascii"><delim> </delim><match><data>\x3E </data></match></read>
		<write echo="ascii"><data>gqfhL = |"p3U","18y","w6Z"|-|"w6Z","syxu","18y","y"|\n</data></write>
		<read echo="ascii"><delim> </delim><match><data>\x3E </data></match></read>
		<write echo="ascii"><data>0ntZKAo = |"HkSXm","RNt","ZTFmQ","z2Ux","ozSP3","xoZhNw","veR0gWr"|\n</data></write>
		<read echo="ascii"><delim> </delim><match><data>\x3E </data></match></read>
		<write echo="ascii"><data>pxekPrH = |"veR0gWr","z2Ux","xoZhNw","ZTFmQ","RNt","HkSXm"|\n</data></write>
		<read echo="ascii"><delim> </delim><match><data>\x3E </data></match></read>
		<write echo="ascii"><data>pxekPrH@0ntZKAo\n</data></write>
		<read echo="ascii"><delim>\n</delim><match><data>TRUE\n</data></match></read>
		<read echo="ascii"><delim> </delim><match><data>\x3E </data></match></read>
		<write echo="ascii"><data>YQYmVt = s1yvXGz ~ gqfhL\n</data></write>
		<read echo="ascii"><delim> </delim><match><data>\x3E </data></match></read>
		<write echo="ascii"><data>ZnY2pw = 0ntZKAo ~ 0ntZKAo\n</data></write>
		<read echo="ascii"><delim> </delim><match><data>\x3E </data></match></read>
		<write echo="ascii"><data>OqVDNP = |"fNiH","nn","EHmGR","Mmx","AYoK","0j","c5v"|~|"nn","m7z","6RKE8","WXV","p0","sMQCC"|\n</data></write>
		<read echo="ascii"><delim> </delim><match><data>\x3E </data></match></read>
		<write echo="ascii"><data>5eQB3IA = |"W","E00CGc","d4oUH","e425haq","47AS","GqUU"|-|"E00CGc","T","o05O","Q2O"|\n</data></write>
		<read echo="ascii"><delim> </delim><match><data>\x3E </data></match></read>
		<write echo="ascii"><data>Tsz0hvj4 = OqVDNP ^ pxekPrH\n</data></write>
		<read echo="ascii"><delim> </delim><match><data>\x3E </data></match></read>
		<write echo="ascii"><data>7AjVJE = |"s","d10y","rRW","0Kh"|~|"o4bRVV","WzOaj"|\n</data></write>
		<read echo="ascii"><delim> </delim><match><data>\x3E </data></match></read>
		<write echo="ascii"><data>MkAbP = |"xiLgz","U2Zfvg","gT","VrcR"|+|"PD3eEI","7kCYJgz","z8d","VrcR","pd","zqB"|\n</data></write>
		<read echo="ascii"><delim> </delim><match><data>\x3E </data></match></read>
		<write echo="ascii"><data>vTXlXB = |"ZZ","air0zJ","if","ko1p15T"|-|"ZZ","EWsu9u","WwHGuTI","LskUm","zgaGRft","Tr4IS"|\n</data></write>
		<read echo="ascii"><delim> </delim><match><data>\x3E </data></match></read>
		<write echo="ascii"><data>ucSpIk = |"EGvI","qHAj","8yM","xRRe","KXEjKWP","tg","8oA0"|\n</data></write>
		<read echo="ascii"><delim> </delim><match><data>\x3E </data></match></read>
		<write echo="ascii"><data>CMher2 = |"EGvI","KXEjKWP","8oA0","8VlzHo6OzI"|\n</data></write>
		<read echo="ascii"><delim> </delim><match><data>\x3E </data></match></read>
		<write echo="ascii"><data>CMher2@ucSpIk\n</data></write>
		<read echo="ascii"><delim>\n</delim><match><data>FALSE\n</data></match></read>
		<read echo="ascii"><delim> </delim><match><data>\x3E </data></match></read>
		<write echo="ascii"><data>hnoEb8 = XmFof1G ^ gqfhL\n</data></write>
		<read echo="ascii"><delim> </delim><match><data>\x3E </data></match></read>
		<write echo="ascii"><data>G5LmpmS = |"m","GhAI","mHQe","RFKiJkf"|~|"RFKiJkf","KWL","dP","mX","nm6rpg3"|\n</data></write>
		<read echo="ascii"><delim> </delim><match><data>\x3E </data></match></read>
		<write echo="ascii"><data>.p\n</data></write>
<read echo="ascii"><delim>\n</delim><match><data>XmFof1G = |"8X5uD","6rwg","Tag6eMM","Zs","dDwt0","DOvhKh","LeXQK","OcV3W","yCtQE","xoWu"|\n</data></match></read>
<read echo="ascii"><delim>\n</delim><match><data>s1yvXGz = |"DOvhKh","Zs","Tag6eMM","dDwt0","8RwU4sVuea"|\n</data></match></read>
<read echo="ascii"><delim>\n</delim><match><data>gqfhL = |"p3U"|\n</data></match></read>
<read echo="ascii"><delim>\n</delim><match><data>0ntZKAo = |"HkSXm","RNt","ZTFmQ","z2Ux","ozSP3","xoZhNw","veR0gWr"|\n</data></match></read>
<read echo="ascii"><delim>\n</delim><match><data>pxekPrH = |"veR0gWr","z2Ux","xoZhNw","ZTFmQ","RNt","HkSXm"|\n</data></match></read>
<read echo="ascii"><delim>\n</delim><match><data>YQYmVt = |"DOvhKh","Zs","Tag6eMM","dDwt0","8RwU4sVuea","p3U"|\n</data></match></read>
<read echo="ascii"><delim>\n</delim><match><data>ZnY2pw = ||\n</data></match></read>
<read echo="ascii"><delim>\n</delim><match><data>OqVDNP = |"fNiH","EHmGR","Mmx","AYoK","0j","c5v","m7z","6RKE8","WXV","p0","sMQCC"|\n</data></match></read>
<read echo="ascii"><delim>\n</delim><match><data>5eQB3IA = |"W","d4oUH","e425haq","47AS","GqUU"|\n</data></match></read>
<read echo="ascii"><delim>\n</delim><match><data>Tsz0hvj4 = ||\n</data></match></read>
<read echo="ascii"><delim>\n</delim><match><data>7AjVJE = |"s","d10y","rRW","0Kh","o4bRVV","WzOaj"|\n</data></match></read>
<read echo="ascii"><delim>\n</delim><match><data>MkAbP = |"xiLgz","U2Zfvg","gT","VrcR","PD3eEI","7kCYJgz","z8d","pd","zqB"|\n</data></match></read>
<read echo="ascii"><delim>\n</delim><match><data>vTXlXB = |"air0zJ","if","ko1p15T"|\n</data></match></read>
<read echo="ascii"><delim>\n</delim><match><data>ucSpIk = |"EGvI","qHAj","8yM","xRRe","KXEjKWP","tg","8oA0"|\n</data></match></read>
<read echo="ascii"><delim>\n</delim><match><data>CMher2 = |"EGvI","KXEjKWP","8oA0","8VlzHo6OzI"|\n</data></match></read>
<read echo="ascii"><delim>\n</delim><match><data>hnoEb8 = ||\n</data></match></read>
<read echo="ascii"><delim>\n</delim><match><data>G5LmpmS = |"m","GhAI","mHQe","KWL","dP","mX","nm6rpg3"|\n</data></match></read>
		<read echo="ascii"><delim> </delim><match><data>\x3E </data></match></read>
		<write echo="ascii"><data>.l\n</data></write>
	</replay>
</pov>
