<?xml version="1.0" standalone="no" ?>
<!DOCTYPE pov SYSTEM "/usr/share/cgc-docs/replay.dtd"><pov>
	<cbid>CROMU_00011</cbid>
	<replay>
		<read echo="ascii"><delim> </delim><match><data>\x3E </data></match></read>
		<write echo="ascii"><data>OKwRDll = |"UsHzt","qMK7F","U5A5Ks"|+|"UsHzt","Y","vAzvssy","ke96n","3nZkDHa"|\n</data></write>
		<read echo="ascii"><delim> </delim><match><data>\x3E </data></match></read>
		<write echo="ascii"><data>R7QxDah = OKwRDll ~ OKwRDll\n</data></write>
		<read echo="ascii"><delim> </delim><match><data>\x3E </data></match></read>
		<write echo="ascii"><data>Gr45v = |"FXV","tP","EPjKIY","5CCT"|+|"fb","8WymXe","tP"|\n</data></write>
		<read echo="ascii"><delim> </delim><match><data>\x3E </data></match></read>
		<write echo="ascii"><data>4pwoz9 = Gr45v ~ R7QxDah\n</data></write>
		<read echo="ascii"><delim> </delim><match><data>\x3E </data></match></read>
		<write echo="ascii"><data>EFgkB7 = |"s3Z3gub","41","diKl","EaPsht1"|-|"RkCn","rU9u82y","6YA5z4f","diKl","X","41","2"|\n</data></write>
		<read echo="ascii"><delim> </delim><match><data>\x3E </data></match></read>
		<write echo="ascii"><data>fIcq7 = |"9aLvcZo","E9Ac","XgTC","nPCnlfl","X5","4fyAy","Wnx6TWk","RAN","LLPkV62","FC3sJT"|\n</data></write>
		<read echo="ascii"><delim> </delim><match><data>\x3E </data></match></read>
		<write echo="ascii"><data>XYwPOr = |"E9Ac","glyqDg841L"|\n</data></write>
		<read echo="ascii"><delim> </delim><match><data>\x3E </data></match></read>
		<write echo="ascii"><data>XYwPOr@fIcq7\n</data></write>
		<read echo="ascii"><delim>\n</delim><match><data>FALSE\n</data></match></read>
		<read echo="ascii"><delim> </delim><match><data>\x3E </data></match></read>
		<write echo="ascii"><data>eDm7QO = OKwRDll + 4pwoz9\n</data></write>
		<read echo="ascii"><delim> </delim><match><data>\x3E </data></match></read>
		<write echo="ascii"><data>PHXQCnO = |"EHScyT","kkCV","Wr","6gP","vb","wWd1","XoaNm"|\n</data></write>
		<read echo="ascii"><delim> </delim><match><data>\x3E </data></match></read>
		<write echo="ascii"><data>9V3OvY = |"EHScyT","6gP","Wr","vb","dnDqQVMhPj"|\n</data></write>
		<read echo="ascii"><delim> </delim><match><data>\x3E </data></match></read>
		<write echo="ascii"><data>9V3OvY@PHXQCnO\n</data></write>
		<read echo="ascii"><delim>\n</delim><match><data>FALSE\n</data></match></read>
		<read echo="ascii"><delim> </delim><match><data>\x3E </data></match></read>
		<write echo="ascii"><data>exxQI2 = |"BW09c8p","lo","n9eQVS","7cg3D","JHvp","yTm"|-|"n","kz1BoL","DsuXKJM"|\n</data></write>
		<read echo="ascii"><delim> </delim><match><data>\x3E </data></match></read>
		<write echo="ascii"><data>zyPaZU = |"rbwvtA","C4rw","yq","dU5m3E","IfTyrX","8YH2t0","5jh4Ym","rC9XqXP","Y0mWxMa","IKy0oz"|\n</data></write>
		<read echo="ascii"><delim> </delim><match><data>\x3E </data></match></read>
		<write echo="ascii"><data>ZvRWX = |"5jh4Ym","rC9XqXP"|\n</data></write>
		<read echo="ascii"><delim> </delim><match><data>\x3E </data></match></read>
		<write echo="ascii"><data>ZvRWX@zyPaZU\n</data></write>
		<read echo="ascii"><delim>\n</delim><match><data>TRUE\n</data></match></read>
		<read echo="ascii"><delim> </delim><match><data>\x3E </data></match></read>
		<write echo="ascii"><data>.p\n</data></write>
<read echo="ascii"><delim>\n</delim><match><data>OKwRDll = |"UsHzt","qMK7F","U5A5Ks","Y","vAzvssy","ke96n","3nZkDHa"|\n</data></match></read>
<read echo="ascii"><delim>\n</delim><match><data>R7QxDah = ||\n</data></match></read>
<read echo="ascii"><delim>\n</delim><match><data>Gr45v = |"FXV","tP","EPjKIY","5CCT","fb","8WymXe"|\n</data></match></read>
<read echo="ascii"><delim>\n</delim><match><data>4pwoz9 = |"FXV","tP","EPjKIY","5CCT","fb","8WymXe"|\n</data></match></read>
<read echo="ascii"><delim>\n</delim><match><data>EFgkB7 = |"s3Z3gub","EaPsht1"|\n</data></match></read>
<read echo="ascii"><delim>\n</delim><match><data>fIcq7 = |"9aLvcZo","E9Ac","XgTC","nPCnlfl","X5","4fyAy","Wnx6TWk","RAN","LLPkV62","FC3sJT"|\n</data></match></read>
<read echo="ascii"><delim>\n</delim><match><data>XYwPOr = |"E9Ac","glyqDg841L"|\n</data></match></read>
<read echo="ascii"><delim>\n</delim><match><data>eDm7QO = |"UsHzt","qMK7F","U5A5Ks","Y","vAzvssy","ke96n","3nZkDHa","FXV","tP","EPjKIY","5CCT","fb","8WymXe"|\n</data></match></read>
<read echo="ascii"><delim>\n</delim><match><data>PHXQCnO = |"EHScyT","kkCV","Wr","6gP","vb","wWd1","XoaNm"|\n</data></match></read>
<read echo="ascii"><delim>\n</delim><match><data>9V3OvY = |"EHScyT","6gP","Wr","vb","dnDqQVMhPj"|\n</data></match></read>
<read echo="ascii"><delim>\n</delim><match><data>exxQI2 = |"BW09c8p","lo","n9eQVS","7cg3D","JHvp","yTm"|\n</data></match></read>
<read echo="ascii"><delim>\n</delim><match><data>zyPaZU = |"rbwvtA","C4rw","yq","dU5m3E","IfTyrX","8YH2t0","5jh4Ym","rC9XqXP","Y0mWxMa","IKy0oz"|\n</data></match></read>
<read echo="ascii"><delim>\n</delim><match><data>ZvRWX = |"5jh4Ym","rC9XqXP"|\n</data></match></read>
		<read echo="ascii"><delim> </delim><match><data>\x3E </data></match></read>
		<write echo="ascii"><data>.l\n</data></write>
	</replay>
</pov>
