<?xml version="1.0" standalone="no" ?>
<!DOCTYPE pov SYSTEM "/usr/share/cgc-docs/replay.dtd"><pov>
	<cbid>CROMU_00011</cbid>
	<replay>
		<read echo="ascii"><delim> </delim><match><data>\x3E </data></match></read>
		<write echo="ascii"><data>k9cYq = |"SVj"|~|"KnFv","B7Zb6","UAtam"|\n</data></write>
		<read echo="ascii"><delim> </delim><match><data>\x3E </data></match></read>
		<write echo="ascii"><data>DSByKz = |"G","FSD","bhl8","LD","PwE8Bds","WaTzr","k1IM8Jh"|+|"Rd","9K","qI9hinp","k1IM8Jh"|\n</data></write>
		<read echo="ascii"><delim> </delim><match><data>\x3E </data></match></read>
		<write echo="ascii"><data>rCpcpB = |"zq5VC"|+|"UL","kN1Y7j","rC13fYs","rGnIKWV"|\n</data></write>
		<read echo="ascii"><delim> </delim><match><data>\x3E </data></match></read>
		<write echo="ascii"><data>qCGjjPA = rCpcpB ~ DSByKz\n</data></write>
		<read echo="ascii"><delim> </delim><match><data>\x3E </data></match></read>
		<write echo="ascii"><data>vv3BJ = k9cYq - DSByKz\n</data></write>
		<read echo="ascii"><delim> </delim><match><data>\x3E </data></match></read>
		<write echo="ascii"><data>IU0HG9KR = DSByKz ^ DSByKz\n</data></write>
		<read echo="ascii"><delim> </delim><match><data>\x3E </data></match></read>
		<write echo="ascii"><data>OaEGOGGP = qCGjjPA ^ DSByKz\n</data></write>
		<read echo="ascii"><delim> </delim><match><data>\x3E </data></match></read>
		<write echo="ascii"><data>zngMO = |"ULOIG","iB","Bi","2","1","Z9pKnK"|+|"d78G5"|\n</data></write>
		<read echo="ascii"><delim> </delim><match><data>\x3E </data></match></read>
		<write echo="ascii"><data>qEkMTlDkY = k9cYq ^ zngMO\n</data></write>
		<read echo="ascii"><delim> </delim><match><data>\x3E </data></match></read>
		<write echo="ascii"><data>4ZMTpfo = |"Okiweh","P4lr0","2oKRy","6lb77","6oh7U"|^|"QVv","DaF","FY","6OPoOr","6lb77","2oKRy"|\n</data></write>
		<read echo="ascii"><delim> </delim><match><data>\x3E </data></match></read>
		<write echo="ascii"><data>v6er7 = |"T","DPZ5QX","486i2zU","JiUmb"|~|"ZwTNDa","xjZZR","uvVbQN","DPZ5QX","mV"|\n</data></write>
		<read echo="ascii"><delim> </delim><match><data>\x3E </data></match></read>
		<write echo="ascii"><data>M3igJe = rCpcpB ~ IU0HG9KR\n</data></write>
		<read echo="ascii"><delim> </delim><match><data>\x3E </data></match></read>
		<write echo="ascii"><data>IGWBXz = |"Lyus9D"|^|"CviNiwC","qccsE"|\n</data></write>
		<read echo="ascii"><delim> </delim><match><data>\x3E </data></match></read>
		<write echo="ascii"><data>.p\n</data></write>
<read echo="ascii"><delim>\n</delim><match><data>k9cYq = |"SVj","KnFv","B7Zb6","UAtam"|\n</data></match></read>
<read echo="ascii"><delim>\n</delim><match><data>DSByKz = |"G","FSD","bhl8","LD","PwE8Bds","WaTzr","k1IM8Jh","Rd","9K","qI9hinp"|\n</data></match></read>
<read echo="ascii"><delim>\n</delim><match><data>rCpcpB = |"zq5VC","UL","kN1Y7j","rC13fYs","rGnIKWV"|\n</data></match></read>
<read echo="ascii"><delim>\n</delim><match><data>qCGjjPA = |"zq5VC","UL","kN1Y7j","rC13fYs","rGnIKWV","G","FSD","bhl8","LD","PwE8Bds","WaTzr","k1IM8Jh","Rd","9K","qI9hinp"|\n</data></match></read>
<read echo="ascii"><delim>\n</delim><match><data>vv3BJ = |"SVj","KnFv","B7Zb6","UAtam"|\n</data></match></read>
<read echo="ascii"><delim>\n</delim><match><data>IU0HG9KR = |"G","FSD","bhl8","LD","PwE8Bds","WaTzr","k1IM8Jh","Rd","9K","qI9hinp"|\n</data></match></read>
<read echo="ascii"><delim>\n</delim><match><data>OaEGOGGP = |"G","FSD","bhl8","LD","PwE8Bds","WaTzr","k1IM8Jh","Rd","9K","qI9hinp"|\n</data></match></read>
<read echo="ascii"><delim>\n</delim><match><data>zngMO = |"ULOIG","iB","Bi","2","1","Z9pKnK","d78G5"|\n</data></match></read>
<read echo="ascii"><delim>\n</delim><match><data>qEkMTlDkY = ||\n</data></match></read>
<read echo="ascii"><delim>\n</delim><match><data>4ZMTpfo = |"2oKRy","6lb77"|\n</data></match></read>
<read echo="ascii"><delim>\n</delim><match><data>v6er7 = |"T","486i2zU","JiUmb","ZwTNDa","xjZZR","uvVbQN","mV"|\n</data></match></read>
<read echo="ascii"><delim>\n</delim><match><data>M3igJe = |"zq5VC","UL","kN1Y7j","rC13fYs","rGnIKWV","G","FSD","bhl8","LD","PwE8Bds","WaTzr","k1IM8Jh","Rd","9K","qI9hinp"|\n</data></match></read>
<read echo="ascii"><delim>\n</delim><match><data>IGWBXz = ||\n</data></match></read>
		<read echo="ascii"><delim> </delim><match><data>\x3E </data></match></read>
		<write echo="ascii"><data>.l\n</data></write>
	</replay>
</pov>
