<?xml version="1.0" standalone="no" ?>
<!DOCTYPE pov SYSTEM "/usr/share/cgc-docs/replay.dtd"><pov>
	<cbid>CROMU_00011</cbid>
	<replay>
		<read echo="ascii"><delim> </delim><match><data>\x3E </data></match></read>
		<write echo="ascii"><data>4vXsdep = |"49meE"|+|"ix","la","ld","8PrYEF"|\n</data></write>
		<read echo="ascii"><delim> </delim><match><data>\x3E </data></match></read>
		<write echo="ascii"><data>LugRmTR = 4vXsdep ^ 4vXsdep\n</data></write>
		<read echo="ascii"><delim> </delim><match><data>\x3E </data></match></read>
		<write echo="ascii"><data>UwHziT = |"eZ7cZi","lcx","VT","htjHx","8bHqqU","BTnkf","n12rwu","c5CD","oFC","hR3"|\n</data></write>
		<read echo="ascii"><delim> </delim><match><data>\x3E </data></match></read>
		<write echo="ascii"><data>5Flrtl = |"lcx","BTnkf","VT","c5CD","eZ7cZi","hR3","8bHqqU","n12rwu","htjHx","d22ihtBObJ"|\n</data></write>
		<read echo="ascii"><delim> </delim><match><data>\x3E </data></match></read>
		<write echo="ascii"><data>5Flrtl@UwHziT\n</data></write>
		<read echo="ascii"><delim>\n</delim><match><data>FALSE\n</data></match></read>
		<read echo="ascii"><delim> </delim><match><data>\x3E </data></match></read>
		<write echo="ascii"><data>aKxV7a9 = UwHziT ~ 4vXsdep\n</data></write>
		<read echo="ascii"><delim> </delim><match><data>\x3E </data></match></read>
		<write echo="ascii"><data>KuIYZQ = |"CZ3xWm","QDk7","9Bl8d","CDPki","PKzHC"|-|"o9qSrp","s","CDPki","p","F","vx3"|\n</data></write>
		<read echo="ascii"><delim> </delim><match><data>\x3E </data></match></read>
		<write echo="ascii"><data>sqQju = |"144EGc7","mjH","O5KK7","6jAul4l","DV1gZO","gycdYYY","JzmAa3","ezNBii"|\n</data></write>
		<read echo="ascii"><delim> </delim><match><data>\x3E </data></match></read>
		<write echo="ascii"><data>Bc6dBj = |"6jAul4l","mjH","144EGc7","NBOXwebvxB"|\n</data></write>
		<read echo="ascii"><delim> </delim><match><data>\x3E </data></match></read>
		<write echo="ascii"><data>Bc6dBj@sqQju\n</data></write>
		<read echo="ascii"><delim>\n</delim><match><data>FALSE\n</data></match></read>
		<read echo="ascii"><delim> </delim><match><data>\x3E </data></match></read>
		<write echo="ascii"><data>FB38T = |"kex","0","FHq","712z","k","PBVR","01we"|~|"FHq","tq7","QcnD3R","k","hS","8NN"|\n</data></write>
		<read echo="ascii"><delim> </delim><match><data>\x3E </data></match></read>
		<write echo="ascii"><data>nM2ich2 = |"FO","zIvQwHl","A75","L66Wnp","Sest","eT","CFgKBm"|\n</data></write>
		<read echo="ascii"><delim> </delim><match><data>\x3E </data></match></read>
		<write echo="ascii"><data>y37pE = |"Sest","CFgKBm","L66Wnp","A75","eT","zIvQwHl","Shy0pFdM0O"|\n</data></write>
		<read echo="ascii"><delim> </delim><match><data>\x3E </data></match></read>
		<write echo="ascii"><data>y37pE@nM2ich2\n</data></write>
		<read echo="ascii"><delim>\n</delim><match><data>FALSE\n</data></match></read>
		<read echo="ascii"><delim> </delim><match><data>\x3E </data></match></read>
		<write echo="ascii"><data>iDVAwX = |"IT5qF","0gQ","y0","veKK","5P","EDzL2ug"|~|"VZliXk"|\n</data></write>
		<read echo="ascii"><delim> </delim><match><data>\x3E </data></match></read>
		<write echo="ascii"><data>JSAkxuP = 4vXsdep ^ KuIYZQ\n</data></write>
		<read echo="ascii"><delim> </delim><match><data>\x3E </data></match></read>
		<write echo="ascii"><data>9IRNG = |"XU2y","hgTj","00N","CU0"|^|"Va","vP","Oz7","wQwXTrK","00N","Ir"|\n</data></write>
		<read echo="ascii"><delim> </delim><match><data>\x3E </data></match></read>
		<write echo="ascii"><data>.p\n</data></write>
<read echo="ascii"><delim>\n</delim><match><data>4vXsdep = |"49meE","ix","la","ld","8PrYEF"|\n</data></match></read>
<read echo="ascii"><delim>\n</delim><match><data>LugRmTR = |"49meE","ix","la","ld","8PrYEF"|\n</data></match></read>
<read echo="ascii"><delim>\n</delim><match><data>UwHziT = |"eZ7cZi","lcx","VT","htjHx","8bHqqU","BTnkf","n12rwu","c5CD","oFC","hR3"|\n</data></match></read>
<read echo="ascii"><delim>\n</delim><match><data>5Flrtl = |"lcx","BTnkf","VT","c5CD","eZ7cZi","hR3","8bHqqU","n12rwu","htjHx","d22ihtBObJ"|\n</data></match></read>
<read echo="ascii"><delim>\n</delim><match><data>aKxV7a9 = |"eZ7cZi","lcx","VT","htjHx","8bHqqU","BTnkf","n12rwu","c5CD","oFC","hR3","49meE","ix","la","ld","8PrYEF"|\n</data></match></read>
<read echo="ascii"><delim>\n</delim><match><data>KuIYZQ = |"CZ3xWm","QDk7","9Bl8d","PKzHC"|\n</data></match></read>
<read echo="ascii"><delim>\n</delim><match><data>sqQju = |"144EGc7","mjH","O5KK7","6jAul4l","DV1gZO","gycdYYY","JzmAa3","ezNBii"|\n</data></match></read>
<read echo="ascii"><delim>\n</delim><match><data>Bc6dBj = |"6jAul4l","mjH","144EGc7","NBOXwebvxB"|\n</data></match></read>
<read echo="ascii"><delim>\n</delim><match><data>FB38T = |"kex","0","712z","PBVR","01we","tq7","QcnD3R","hS","8NN"|\n</data></match></read>
<read echo="ascii"><delim>\n</delim><match><data>nM2ich2 = |"FO","zIvQwHl","A75","L66Wnp","Sest","eT","CFgKBm"|\n</data></match></read>
<read echo="ascii"><delim>\n</delim><match><data>y37pE = |"Sest","CFgKBm","L66Wnp","A75","eT","zIvQwHl","Shy0pFdM0O"|\n</data></match></read>
<read echo="ascii"><delim>\n</delim><match><data>iDVAwX = |"IT5qF","0gQ","y0","veKK","5P","EDzL2ug","VZliXk"|\n</data></match></read>
<read echo="ascii"><delim>\n</delim><match><data>JSAkxuP = ||\n</data></match></read>
<read echo="ascii"><delim>\n</delim><match><data>9IRNG = |"00N"|\n</data></match></read>
		<read echo="ascii"><delim> </delim><match><data>\x3E </data></match></read>
		<write echo="ascii"><data>.l\n</data></write>
	</replay>
</pov>
