<?xml version="1.0" standalone="no" ?>
<!DOCTYPE pov SYSTEM "/usr/share/cgc-docs/replay.dtd"><pov>
	<cbid>CROMU_00011</cbid>
	<replay>
		<read echo="ascii"><delim> </delim><match><data>\x3E </data></match></read>
		<write echo="ascii"><data>R4LBj3f = |"natFUuH","uzH4B","p2t00t1","jC8kG"|^|"fO"|\n</data></write>
		<read echo="ascii"><delim> </delim><match><data>\x3E </data></match></read>
		<write echo="ascii"><data>8AdpS1U = |"h9VLf","g0W4","J","o","VLz","r1dX41"|+|"FyDQ3x","8aqy","o","C","3i4OE5"|\n</data></write>
		<read echo="ascii"><delim> </delim><match><data>\x3E </data></match></read>
		<write echo="ascii"><data>W003TdY = 8AdpS1U + 8AdpS1U\n</data></write>
		<read echo="ascii"><delim> </delim><match><data>\x3E </data></match></read>
		<write echo="ascii"><data>OHBhu = |"TTS","FdIAFn","DHvHAe","SVA","RM","pJKVfHc","xEj","wRpbvvy","zzjQk9r"|\n</data></write>
		<read echo="ascii"><delim> </delim><match><data>\x3E </data></match></read>
		<write echo="ascii"><data>hqCIc = |"wRpbvvy","TTS"|\n</data></write>
		<read echo="ascii"><delim> </delim><match><data>\x3E </data></match></read>
		<write echo="ascii"><data>hqCIc@OHBhu\n</data></write>
		<read echo="ascii"><delim>\n</delim><match><data>TRUE\n</data></match></read>
		<read echo="ascii"><delim> </delim><match><data>\x3E </data></match></read>
		<write echo="ascii"><data>jOWggH = |"bnl2d9","Ae","yRDxacA","974","KnT"|+|"5O"|\n</data></write>
		<read echo="ascii"><delim> </delim><match><data>\x3E </data></match></read>
		<write echo="ascii"><data>kbMm41 = |"dY","jygmU","1IPtZ","eVLhjfW","Xm4L","77"|\n</data></write>
		<read echo="ascii"><delim> </delim><match><data>\x3E </data></match></read>
		<write echo="ascii"><data>oZwlL = |"eVLhjfW","Ni8Ny0QBmN"|\n</data></write>
		<read echo="ascii"><delim> </delim><match><data>\x3E </data></match></read>
		<write echo="ascii"><data>oZwlL@kbMm41\n</data></write>
		<read echo="ascii"><delim>\n</delim><match><data>FALSE\n</data></match></read>
		<read echo="ascii"><delim> </delim><match><data>\x3E </data></match></read>
		<write echo="ascii"><data>DIiur = |"CXa84v","ptAvluj","0Po"|~|"CXa84v"|\n</data></write>
		<read echo="ascii"><delim> </delim><match><data>\x3E </data></match></read>
		<write echo="ascii"><data>TECN9 = R4LBj3f ^ OHBhu\n</data></write>
		<read echo="ascii"><delim> </delim><match><data>\x3E </data></match></read>
		<write echo="ascii"><data>0PmxOg9 = TECN9 - kbMm41\n</data></write>
		<read echo="ascii"><delim> </delim><match><data>\x3E </data></match></read>
		<write echo="ascii"><data>mpNdU = |"J3XAR","avMz","bU9lI","zI","NpSo1F","25uPftm"|-|"25uPftm","Z9qy","cw","9x","Ja"|\n</data></write>
		<read echo="ascii"><delim> </delim><match><data>\x3E </data></match></read>
		<write echo="ascii"><data>.p\n</data></write>
<read echo="ascii"><delim>\n</delim><match><data>R4LBj3f = ||\n</data></match></read>
<read echo="ascii"><delim>\n</delim><match><data>8AdpS1U = |"h9VLf","g0W4","J","o","VLz","r1dX41","FyDQ3x","8aqy","C","3i4OE5"|\n</data></match></read>
<read echo="ascii"><delim>\n</delim><match><data>W003TdY = |"h9VLf","g0W4","J","o","VLz","r1dX41","FyDQ3x","8aqy","C","3i4OE5"|\n</data></match></read>
<read echo="ascii"><delim>\n</delim><match><data>OHBhu = |"TTS","FdIAFn","DHvHAe","SVA","RM","pJKVfHc","xEj","wRpbvvy","zzjQk9r"|\n</data></match></read>
<read echo="ascii"><delim>\n</delim><match><data>hqCIc = |"wRpbvvy","TTS"|\n</data></match></read>
<read echo="ascii"><delim>\n</delim><match><data>jOWggH = |"bnl2d9","Ae","yRDxacA","974","KnT","5O"|\n</data></match></read>
<read echo="ascii"><delim>\n</delim><match><data>kbMm41 = |"dY","jygmU","1IPtZ","eVLhjfW","Xm4L","77"|\n</data></match></read>
<read echo="ascii"><delim>\n</delim><match><data>oZwlL = |"eVLhjfW","Ni8Ny0QBmN"|\n</data></match></read>
<read echo="ascii"><delim>\n</delim><match><data>DIiur = |"ptAvluj","0Po"|\n</data></match></read>
<read echo="ascii"><delim>\n</delim><match><data>TECN9 = ||\n</data></match></read>
<read echo="ascii"><delim>\n</delim><match><data>0PmxOg9 = ||\n</data></match></read>
<read echo="ascii"><delim>\n</delim><match><data>mpNdU = |"J3XAR","avMz","bU9lI","zI","NpSo1F"|\n</data></match></read>
		<read echo="ascii"><delim> </delim><match><data>\x3E </data></match></read>
		<write echo="ascii"><data>.l\n</data></write>
	</replay>
</pov>
