<?xml version="1.0" standalone="no" ?>
<!DOCTYPE pov SYSTEM "/usr/share/cgc-docs/replay.dtd"><pov>
	<cbid>CROMU_00011</cbid>
	<replay>
		<read echo="ascii"><delim> </delim><match><data>\x3E </data></match></read>
		<write echo="ascii"><data>zsq6rYJ = |"bf","ktJ","GLhWmI","WaBcDI","ufs","puzQPO"|\n</data></write>
		<read echo="ascii"><delim> </delim><match><data>\x3E </data></match></read>
		<write echo="ascii"><data>zQSH45 = |"puzQPO","ktJ","GLhWmI","bf","WaBcDI"|\n</data></write>
		<read echo="ascii"><delim> </delim><match><data>\x3E </data></match></read>
		<write echo="ascii"><data>zQSH45@zsq6rYJ\n</data></write>
		<read echo="ascii"><delim>\n</delim><match><data>TRUE\n</data></match></read>
		<read echo="ascii"><delim> </delim><match><data>\x3E </data></match></read>
		<write echo="ascii"><data>aecD0 = |"BUqVxc","GfSE","kX3R2U","OG5"|~|"WhJe7dM","MWH","GfSE"|\n</data></write>
		<read echo="ascii"><delim> </delim><match><data>\x3E </data></match></read>
		<write echo="ascii"><data>RhAZQ = zQSH45 - zQSH45\n</data></write>
		<read echo="ascii"><delim> </delim><match><data>\x3E </data></match></read>
		<write echo="ascii"><data>5pAQ9Ku = |"qSN","mOo3","ypzeo9r","6dp5","vtxtz3y","b8vHm","oQxDnVp"|-|"pwoq","mOo3","CkyNi","i5wBHJI","K","ldIYzxd","oQxDnVp"|\n</data></write>
		<read echo="ascii"><delim> </delim><match><data>\x3E </data></match></read>
		<write echo="ascii"><data>0VWe8o = |"Em7CvJ2","HfydVTl","Kp6","NMr","1sLSwb","1jWK","0U"|\n</data></write>
		<read echo="ascii"><delim> </delim><match><data>\x3E </data></match></read>
		<write echo="ascii"><data>sckB1 = |"Kp6","1jWK","lD938Inpis"|\n</data></write>
		<read echo="ascii"><delim> </delim><match><data>\x3E </data></match></read>
		<write echo="ascii"><data>sckB1@0VWe8o\n</data></write>
		<read echo="ascii"><delim>\n</delim><match><data>FALSE\n</data></match></read>
		<read echo="ascii"><delim> </delim><match><data>\x3E </data></match></read>
		<write echo="ascii"><data>9O8Zch = |"cf"|~|"j","BrSPN","Q","c","mWG6oT"|\n</data></write>
		<read echo="ascii"><delim> </delim><match><data>\x3E </data></match></read>
		<write echo="ascii"><data>S7DqZ84 = |"d23S","W8omvY0","JTLG","8bmld","CML1","gTixwj","SeSl4","npr","gAz7zY"|\n</data></write>
		<read echo="ascii"><delim> </delim><match><data>\x3E </data></match></read>
		<write echo="ascii"><data>RJLcgG = |"W8omvY0"|\n</data></write>
		<read echo="ascii"><delim> </delim><match><data>\x3E </data></match></read>
		<write echo="ascii"><data>RJLcgG@S7DqZ84\n</data></write>
		<read echo="ascii"><delim>\n</delim><match><data>TRUE\n</data></match></read>
		<read echo="ascii"><delim> </delim><match><data>\x3E </data></match></read>
		<write echo="ascii"><data>1rSUe = RhAZQ + zsq6rYJ\n</data></write>
		<read echo="ascii"><delim> </delim><match><data>\x3E </data></match></read>
		<write echo="ascii"><data>xSk8V95C9 = aecD0 ^ S7DqZ84\n</data></write>
		<read echo="ascii"><delim> </delim><match><data>\x3E </data></match></read>
		<write echo="ascii"><data>rfrGD = |"62kPgVv","S0Y6f","WqH","w3eoP","DjWCNEJ","sJWbF","lJ6s"|\n</data></write>
		<read echo="ascii"><delim> </delim><match><data>\x3E </data></match></read>
		<write echo="ascii"><data>L8vbNw4 = |"lJ6s","WqH","w3eoP","62kPgVv","sJWbF","DjWCNEJ"|\n</data></write>
		<read echo="ascii"><delim> </delim><match><data>\x3E </data></match></read>
		<write echo="ascii"><data>L8vbNw4@rfrGD\n</data></write>
		<read echo="ascii"><delim>\n</delim><match><data>TRUE\n</data></match></read>
		<read echo="ascii"><delim> </delim><match><data>\x3E </data></match></read>
		<write echo="ascii"><data>fqoy89k = zsq6rYJ ~ RJLcgG\n</data></write>
		<read echo="ascii"><delim> </delim><match><data>\x3E </data></match></read>
		<write echo="ascii"><data>QuYo7L = 0VWe8o ^ 5pAQ9Ku\n</data></write>
		<read echo="ascii"><delim> </delim><match><data>\x3E </data></match></read>
		<write echo="ascii"><data>bNtbJq = |"E2","Yy94C2","Wa","CZLBzSQ"|-|"G7Pj0Mm","Wa","7XuRQq","D7u22","6n"|\n</data></write>
		<read echo="ascii"><delim> </delim><match><data>\x3E </data></match></read>
		<write echo="ascii"><data>q3zGMwSf = 5pAQ9Ku ^ aecD0\n</data></write>
		<read echo="ascii"><delim> </delim><match><data>\x3E </data></match></read>
		<write echo="ascii"><data>Zz8BOhR = |"yz7FWB"|^|"Csc5HAH"|\n</data></write>
		<read echo="ascii"><delim> </delim><match><data>\x3E </data></match></read>
		<write echo="ascii"><data>.p\n</data></write>
<read echo="ascii"><delim>\n</delim><match><data>zsq6rYJ = |"bf","ktJ","GLhWmI","WaBcDI","ufs","puzQPO"|\n</data></match></read>
<read echo="ascii"><delim>\n</delim><match><data>zQSH45 = |"puzQPO","ktJ","GLhWmI","bf","WaBcDI"|\n</data></match></read>
<read echo="ascii"><delim>\n</delim><match><data>aecD0 = |"BUqVxc","kX3R2U","OG5","WhJe7dM","MWH"|\n</data></match></read>
<read echo="ascii"><delim>\n</delim><match><data>RhAZQ = ||\n</data></match></read>
<read echo="ascii"><delim>\n</delim><match><data>5pAQ9Ku = |"qSN","ypzeo9r","6dp5","vtxtz3y","b8vHm"|\n</data></match></read>
<read echo="ascii"><delim>\n</delim><match><data>0VWe8o = |"Em7CvJ2","HfydVTl","Kp6","NMr","1sLSwb","1jWK","0U"|\n</data></match></read>
<read echo="ascii"><delim>\n</delim><match><data>sckB1 = |"Kp6","1jWK","lD938Inpis"|\n</data></match></read>
<read echo="ascii"><delim>\n</delim><match><data>9O8Zch = |"cf","j","BrSPN","Q","c","mWG6oT"|\n</data></match></read>
<read echo="ascii"><delim>\n</delim><match><data>S7DqZ84 = |"d23S","W8omvY0","JTLG","8bmld","CML1","gTixwj","SeSl4","npr","gAz7zY"|\n</data></match></read>
<read echo="ascii"><delim>\n</delim><match><data>RJLcgG = |"W8omvY0"|\n</data></match></read>
<read echo="ascii"><delim>\n</delim><match><data>1rSUe = |"bf","ktJ","GLhWmI","WaBcDI","ufs","puzQPO"|\n</data></match></read>
<read echo="ascii"><delim>\n</delim><match><data>xSk8V95C9 = ||\n</data></match></read>
<read echo="ascii"><delim>\n</delim><match><data>rfrGD = |"62kPgVv","S0Y6f","WqH","w3eoP","DjWCNEJ","sJWbF","lJ6s"|\n</data></match></read>
<read echo="ascii"><delim>\n</delim><match><data>L8vbNw4 = |"lJ6s","WqH","w3eoP","62kPgVv","sJWbF","DjWCNEJ"|\n</data></match></read>
<read echo="ascii"><delim>\n</delim><match><data>fqoy89k = |"bf","ktJ","GLhWmI","WaBcDI","ufs","puzQPO","W8omvY0"|\n</data></match></read>
<read echo="ascii"><delim>\n</delim><match><data>QuYo7L = ||\n</data></match></read>
<read echo="ascii"><delim>\n</delim><match><data>bNtbJq = |"E2","Yy94C2","CZLBzSQ"|\n</data></match></read>
<read echo="ascii"><delim>\n</delim><match><data>q3zGMwSf = ||\n</data></match></read>
<read echo="ascii"><delim>\n</delim><match><data>Zz8BOhR = ||\n</data></match></read>
		<read echo="ascii"><delim> </delim><match><data>\x3E </data></match></read>
		<write echo="ascii"><data>.l\n</data></write>
	</replay>
</pov>
