<?xml version="1.0" standalone="no" ?>
<!DOCTYPE pov SYSTEM "/usr/share/cgc-docs/replay.dtd"><pov>
	<cbid>CROMU_00011</cbid>
	<replay>
		<read echo="ascii"><delim> </delim><match><data>\x3E </data></match></read>
		<write echo="ascii"><data>Rc7nEj = |"qgy7Pq","28vIHtn"|^|"5oMdM"|\n</data></write>
		<read echo="ascii"><delim> </delim><match><data>\x3E </data></match></read>
		<write echo="ascii"><data>uuvBK = Rc7nEj + Rc7nEj\n</data></write>
		<read echo="ascii"><delim> </delim><match><data>\x3E </data></match></read>
		<write echo="ascii"><data>WbDkv = Rc7nEj - Rc7nEj\n</data></write>
		<read echo="ascii"><delim> </delim><match><data>\x3E </data></match></read>
		<write echo="ascii"><data>AYs1ag = uuvBK + Rc7nEj\n</data></write>
		<read echo="ascii"><delim> </delim><match><data>\x3E </data></match></read>
		<write echo="ascii"><data>XjX6K = WbDkv ^ uuvBK\n</data></write>
		<read echo="ascii"><delim> </delim><match><data>\x3E </data></match></read>
		<write echo="ascii"><data>VXXp5 = uuvBK ~ AYs1ag\n</data></write>
		<read echo="ascii"><delim> </delim><match><data>\x3E </data></match></read>
		<write echo="ascii"><data>tye5yS = VXXp5 ~ uuvBK\n</data></write>
		<read echo="ascii"><delim> </delim><match><data>\x3E </data></match></read>
		<write echo="ascii"><data>tsdg4J = tye5yS + XjX6K\n</data></write>
		<read echo="ascii"><delim> </delim><match><data>\x3E </data></match></read>
		<write echo="ascii"><data>C34kjS = |"esLcNwL","6X6c0US","ST4S1g","uRh"|^|"ikTZ","O99FD"|\n</data></write>
		<read echo="ascii"><delim> </delim><match><data>\x3E </data></match></read>
		<write echo="ascii"><data>sGOuM = |"UizS7","MToV","z6re","aQGXp","A0v"|^|"z6re","35"|\n</data></write>
		<read echo="ascii"><delim> </delim><match><data>\x3E </data></match></read>
		<write echo="ascii"><data>.p\n</data></write>
<read echo="ascii"><delim>\n</delim><match><data>Rc7nEj = ||\n</data></match></read>
<read echo="ascii"><delim>\n</delim><match><data>uuvBK = ||\n</data></match></read>
<read echo="ascii"><delim>\n</delim><match><data>WbDkv = ||\n</data></match></read>
<read echo="ascii"><delim>\n</delim><match><data>AYs1ag = ||\n</data></match></read>
<read echo="ascii"><delim>\n</delim><match><data>XjX6K = ||\n</data></match></read>
<read echo="ascii"><delim>\n</delim><match><data>VXXp5 = ||\n</data></match></read>
<read echo="ascii"><delim>\n</delim><match><data>tye5yS = ||\n</data></match></read>
<read echo="ascii"><delim>\n</delim><match><data>tsdg4J = ||\n</data></match></read>
<read echo="ascii"><delim>\n</delim><match><data>C34kjS = ||\n</data></match></read>
<read echo="ascii"><delim>\n</delim><match><data>sGOuM = |"z6re"|\n</data></match></read>
		<read echo="ascii"><delim> </delim><match><data>\x3E </data></match></read>
		<write echo="ascii"><data>.l\n</data></write>
	</replay>
</pov>
