<?xml version="1.0" standalone="no" ?>
<!DOCTYPE pov SYSTEM "/usr/share/cgc-docs/replay.dtd"><pov>
	<cbid>CROMU_00011</cbid>
	<replay>
		<read echo="ascii"><delim> </delim><match><data>\x3E </data></match></read>
		<write echo="ascii"><data>R0lB1 = |"JG","r","rcmx"|-|"sBdTkB7","JG","LXSF8","xi","X8sP","hBt1","tnZg65N"|\n</data></write>
		<read echo="ascii"><delim> </delim><match><data>\x3E </data></match></read>
		<write echo="ascii"><data>W79eSxv = R0lB1 - R0lB1\n</data></write>
		<read echo="ascii"><delim> </delim><match><data>\x3E </data></match></read>
		<write echo="ascii"><data>QbXQren = |"BOLsen3"|~|"bHm","rO","R5P9","NX","g0E","1i"|\n</data></write>
		<read echo="ascii"><delim> </delim><match><data>\x3E </data></match></read>
		<write echo="ascii"><data>oRjtS1 = |"G5cp7kN","Y83","14jS","tqdO","tD","YSvKZ","2x5OJ"|\n</data></write>
		<read echo="ascii"><delim> </delim><match><data>\x3E </data></match></read>
		<write echo="ascii"><data>Mq8g9 = |"tqdO","2x5OJ","YSvKZ","tD"|\n</data></write>
		<read echo="ascii"><delim> </delim><match><data>\x3E </data></match></read>
		<write echo="ascii"><data>Mq8g9@oRjtS1\n</data></write>
		<read echo="ascii"><delim>\n</delim><match><data>TRUE\n</data></match></read>
		<read echo="ascii"><delim> </delim><match><data>\x3E </data></match></read>
		<write echo="ascii"><data>R1vTtYmv = W79eSxv ^ oRjtS1\n</data></write>
		<read echo="ascii"><delim> </delim><match><data>\x3E </data></match></read>
		<write echo="ascii"><data>wdQhGR = |"EngGV9","qnL4","dny","ZvcHP","FK","B"|-|"D5PYHT","S4VNk","x","ZvcHP","FK","eh","zqZU"|\n</data></write>
		<read echo="ascii"><delim> </delim><match><data>\x3E </data></match></read>
		<write echo="ascii"><data>ForQD = Mq8g9 - R0lB1\n</data></write>
		<read echo="ascii"><delim> </delim><match><data>\x3E </data></match></read>
		<write echo="ascii"><data>Y1amiuW = W79eSxv - W79eSxv\n</data></write>
		<read echo="ascii"><delim> </delim><match><data>\x3E </data></match></read>
		<write echo="ascii"><data>MUEpi = |"rKBK1n","N35t9e","t","m"|~|"DtV3gI","R","cDqCdW","Le"|\n</data></write>
		<read echo="ascii"><delim> </delim><match><data>\x3E </data></match></read>
		<write echo="ascii"><data>ujV41 = |"GgzP","vU5","8dYqKYa","wP","PY","J3L7a","JuAlP","uEGRg9"|\n</data></write>
		<read echo="ascii"><delim> </delim><match><data>\x3E </data></match></read>
		<write echo="ascii"><data>d09kc = |"J3L7a","vU5","PY","8dYqKYa","Vxb7rPqVpN"|\n</data></write>
		<read echo="ascii"><delim> </delim><match><data>\x3E </data></match></read>
		<write echo="ascii"><data>d09kc@ujV41\n</data></write>
		<read echo="ascii"><delim>\n</delim><match><data>FALSE\n</data></match></read>
		<read echo="ascii"><delim> </delim><match><data>\x3E </data></match></read>
		<write echo="ascii"><data>zK5IPy = |"7Rz7F","dV6","fi0R"|-|"s","7Rz7F","xIbxA","X"|\n</data></write>
		<read echo="ascii"><delim> </delim><match><data>\x3E </data></match></read>
		<write echo="ascii"><data>rmmfR = QbXQren + d09kc\n</data></write>
		<read echo="ascii"><delim> </delim><match><data>\x3E </data></match></read>
		<write echo="ascii"><data>.p\n</data></write>
<read echo="ascii"><delim>\n</delim><match><data>R0lB1 = |"r","rcmx"|\n</data></match></read>
<read echo="ascii"><delim>\n</delim><match><data>W79eSxv = ||\n</data></match></read>
<read echo="ascii"><delim>\n</delim><match><data>QbXQren = |"BOLsen3","bHm","rO","R5P9","NX","g0E","1i"|\n</data></match></read>
<read echo="ascii"><delim>\n</delim><match><data>oRjtS1 = |"G5cp7kN","Y83","14jS","tqdO","tD","YSvKZ","2x5OJ"|\n</data></match></read>
<read echo="ascii"><delim>\n</delim><match><data>Mq8g9 = |"tqdO","2x5OJ","YSvKZ","tD"|\n</data></match></read>
<read echo="ascii"><delim>\n</delim><match><data>R1vTtYmv = ||\n</data></match></read>
<read echo="ascii"><delim>\n</delim><match><data>wdQhGR = |"EngGV9","qnL4","dny","B"|\n</data></match></read>
<read echo="ascii"><delim>\n</delim><match><data>ForQD = |"tqdO","2x5OJ","YSvKZ","tD"|\n</data></match></read>
<read echo="ascii"><delim>\n</delim><match><data>Y1amiuW = ||\n</data></match></read>
<read echo="ascii"><delim>\n</delim><match><data>MUEpi = |"rKBK1n","N35t9e","t","m","DtV3gI","R","cDqCdW","Le"|\n</data></match></read>
<read echo="ascii"><delim>\n</delim><match><data>ujV41 = |"GgzP","vU5","8dYqKYa","wP","PY","J3L7a","JuAlP","uEGRg9"|\n</data></match></read>
<read echo="ascii"><delim>\n</delim><match><data>d09kc = |"J3L7a","vU5","PY","8dYqKYa","Vxb7rPqVpN"|\n</data></match></read>
<read echo="ascii"><delim>\n</delim><match><data>zK5IPy = |"dV6","fi0R"|\n</data></match></read>
<read echo="ascii"><delim>\n</delim><match><data>rmmfR = |"BOLsen3","bHm","rO","R5P9","NX","g0E","1i","J3L7a","vU5","PY","8dYqKYa","Vxb7rPqVpN"|\n</data></match></read>
		<read echo="ascii"><delim> </delim><match><data>\x3E </data></match></read>
		<write echo="ascii"><data>.l\n</data></write>
	</replay>
</pov>
