<?xml version="1.0" standalone="no" ?>
<!DOCTYPE pov SYSTEM "/usr/share/cgc-docs/replay.dtd"><pov>
	<cbid>CROMU_00011</cbid>
	<replay>
		<read echo="ascii"><delim> </delim><match><data>\x3E </data></match></read>
		<write echo="ascii"><data>LQrjG = |"hnwWNAG","gG","nA","LB","8Syl","Y","vY"|~|"h1"|\n</data></write>
		<read echo="ascii"><delim> </delim><match><data>\x3E </data></match></read>
		<write echo="ascii"><data>6X7axlk = LQrjG + LQrjG\n</data></write>
		<read echo="ascii"><delim> </delim><match><data>\x3E </data></match></read>
		<write echo="ascii"><data>DIWHnF = |"yRwt5","XC","Hw0arSA","cT9s1","fDK0","fqKK2"|~|"9pXt","tThBNC","IG"|\n</data></write>
		<read echo="ascii"><delim> </delim><match><data>\x3E </data></match></read>
		<write echo="ascii"><data>9hQXdOd = |"HN","7AgMIR","nJ"|-|"N4bw8U","YNIF","O","3","W","h3","g"|\n</data></write>
		<read echo="ascii"><delim> </delim><match><data>\x3E </data></match></read>
		<write echo="ascii"><data>8j0mc = |"R2o","84BFd","AC","VZ8NWrm","fu","l9LDo","sOqXN","nHhr","sfBhuG","ECPSXR"|\n</data></write>
		<read echo="ascii"><delim> </delim><match><data>\x3E </data></match></read>
		<write echo="ascii"><data>CAuwBUP = |"l9LDo","Lr0eeOgvqF"|\n</data></write>
		<read echo="ascii"><delim> </delim><match><data>\x3E </data></match></read>
		<write echo="ascii"><data>CAuwBUP@8j0mc\n</data></write>
		<read echo="ascii"><delim>\n</delim><match><data>FALSE\n</data></match></read>
		<read echo="ascii"><delim> </delim><match><data>\x3E </data></match></read>
		<write echo="ascii"><data>3zuOJ = |"L","FMt"|+|"Xja47","Ez","L"|\n</data></write>
		<read echo="ascii"><delim> </delim><match><data>\x3E </data></match></read>
		<write echo="ascii"><data>wtVAKc = |"fnOWqE","qX","oH9m","W7D","BQ2","YKW8v","7"|~|"fnOWqE","aE","m","YKW8v"|\n</data></write>
		<read echo="ascii"><delim> </delim><match><data>\x3E </data></match></read>
		<write echo="ascii"><data>hhzrV = |"OzHZ4","SJ"|+|"1u4b","T","7","zwcnwNO","NCLg"|\n</data></write>
		<read echo="ascii"><delim> </delim><match><data>\x3E </data></match></read>
		<write echo="ascii"><data>4Whvrstf = 9hQXdOd ^ 9hQXdOd\n</data></write>
		<read echo="ascii"><delim> </delim><match><data>\x3E </data></match></read>
		<write echo="ascii"><data>EkhtKY = |"Rn","7y","3nXQpYO","lUIwY8k","a8lFR6","75QgD","H3A8xil","3zaSmQ"|\n</data></write>
		<read echo="ascii"><delim> </delim><match><data>\x3E </data></match></read>
		<write echo="ascii"><data>bou4SzV = |"75QgD","a8lFR6","lUIwY8k","Rn","3nXQpYO","3zaSmQ"|\n</data></write>
		<read echo="ascii"><delim> </delim><match><data>\x3E </data></match></read>
		<write echo="ascii"><data>bou4SzV@EkhtKY\n</data></write>
		<read echo="ascii"><delim>\n</delim><match><data>TRUE\n</data></match></read>
		<read echo="ascii"><delim> </delim><match><data>\x3E </data></match></read>
		<write echo="ascii"><data>BVyo1pe = LQrjG ^ bou4SzV\n</data></write>
		<read echo="ascii"><delim> </delim><match><data>\x3E </data></match></read>
		<write echo="ascii"><data>Lkk9c = |"tkq","f0tD","Vl","tlx","0r"|^|"OXPj"|\n</data></write>
		<read echo="ascii"><delim> </delim><match><data>\x3E </data></match></read>
		<write echo="ascii"><data>cvUxeIU = |"6z","0kLA","CQ","8","i","HWcI4"|+|"6z","25p","uTWUi"|\n</data></write>
		<read echo="ascii"><delim> </delim><match><data>\x3E </data></match></read>
		<write echo="ascii"><data>.p\n</data></write>
<read echo="ascii"><delim>\n</delim><match><data>LQrjG = |"hnwWNAG","gG","nA","LB","8Syl","Y","vY","h1"|\n</data></match></read>
<read echo="ascii"><delim>\n</delim><match><data>6X7axlk = |"hnwWNAG","gG","nA","LB","8Syl","Y","vY","h1"|\n</data></match></read>
<read echo="ascii"><delim>\n</delim><match><data>DIWHnF = |"yRwt5","XC","Hw0arSA","cT9s1","fDK0","fqKK2","9pXt","tThBNC","IG"|\n</data></match></read>
<read echo="ascii"><delim>\n</delim><match><data>9hQXdOd = |"HN","7AgMIR","nJ"|\n</data></match></read>
<read echo="ascii"><delim>\n</delim><match><data>8j0mc = |"R2o","84BFd","AC","VZ8NWrm","fu","l9LDo","sOqXN","nHhr","sfBhuG","ECPSXR"|\n</data></match></read>
<read echo="ascii"><delim>\n</delim><match><data>CAuwBUP = |"l9LDo","Lr0eeOgvqF"|\n</data></match></read>
<read echo="ascii"><delim>\n</delim><match><data>3zuOJ = |"L","FMt","Xja47","Ez"|\n</data></match></read>
<read echo="ascii"><delim>\n</delim><match><data>wtVAKc = |"qX","oH9m","W7D","BQ2","7","aE","m"|\n</data></match></read>
<read echo="ascii"><delim>\n</delim><match><data>hhzrV = |"OzHZ4","SJ","1u4b","T","7","zwcnwNO","NCLg"|\n</data></match></read>
<read echo="ascii"><delim>\n</delim><match><data>4Whvrstf = |"HN","7AgMIR","nJ"|\n</data></match></read>
<read echo="ascii"><delim>\n</delim><match><data>EkhtKY = |"Rn","7y","3nXQpYO","lUIwY8k","a8lFR6","75QgD","H3A8xil","3zaSmQ"|\n</data></match></read>
<read echo="ascii"><delim>\n</delim><match><data>bou4SzV = |"75QgD","a8lFR6","lUIwY8k","Rn","3nXQpYO","3zaSmQ"|\n</data></match></read>
<read echo="ascii"><delim>\n</delim><match><data>BVyo1pe = ||\n</data></match></read>
<read echo="ascii"><delim>\n</delim><match><data>Lkk9c = ||\n</data></match></read>
<read echo="ascii"><delim>\n</delim><match><data>cvUxeIU = |"6z","0kLA","CQ","8","i","HWcI4","25p","uTWUi"|\n</data></match></read>
		<read echo="ascii"><delim> </delim><match><data>\x3E </data></match></read>
		<write echo="ascii"><data>.l\n</data></write>
	</replay>
</pov>
