<?xml version="1.0" standalone="no" ?>
<!DOCTYPE pov SYSTEM "/usr/share/cgc-docs/replay.dtd"><pov>
	<cbid>CROMU_00011</cbid>
	<replay>
		<read echo="ascii"><delim> </delim><match><data>\x3E </data></match></read>
		<write echo="ascii"><data>kukrpeo = |"FgU","SGo","mKC","0n7P","svJa","tkFDHv","OkmFOSD"|^|"Xe6","zKbtN","svJa","HbED","kViEQK","Bg"|\n</data></write>
		<read echo="ascii"><delim> </delim><match><data>\x3E </data></match></read>
		<write echo="ascii"><data>E3OvH = kukrpeo ~ kukrpeo\n</data></write>
		<read echo="ascii"><delim> </delim><match><data>\x3E </data></match></read>
		<write echo="ascii"><data>Yn5LoiOxsK = E3OvH ^ kukrpeo\n</data></write>
		<read echo="ascii"><delim> </delim><match><data>\x3E </data></match></read>
		<write echo="ascii"><data>bmjKA = Yn5LoiOxsK + kukrpeo\n</data></write>
		<read echo="ascii"><delim> </delim><match><data>\x3E </data></match></read>
		<write echo="ascii"><data>hLLf5 = Yn5LoiOxsK - bmjKA\n</data></write>
		<read echo="ascii"><delim> </delim><match><data>\x3E </data></match></read>
		<write echo="ascii"><data>y2Owsna = |"5umKk","2hrd","xYBjyj","pbWKOr","b7L","twIEzkc","rusT","W8PZh","CqwB8tB"|\n</data></write>
		<read echo="ascii"><delim> </delim><match><data>\x3E </data></match></read>
		<write echo="ascii"><data>nX0jpce = |"2hrd","xYBjyj","b7L"|\n</data></write>
		<read echo="ascii"><delim> </delim><match><data>\x3E </data></match></read>
		<write echo="ascii"><data>nX0jpce@y2Owsna\n</data></write>
		<read echo="ascii"><delim>\n</delim><match><data>TRUE\n</data></match></read>
		<read echo="ascii"><delim> </delim><match><data>\x3E </data></match></read>
		<write echo="ascii"><data>MfvZn3F = |"ft8W","gvQL","uN67Ly","QmEJoL","IrlxX","7GUA","DHr4Vs","QuF"|\n</data></write>
		<read echo="ascii"><delim> </delim><match><data>\x3E </data></match></read>
		<write echo="ascii"><data>gp0ihH4 = |"uN67Ly","QmEJoL","QuF","2JwGaH2IJ0"|\n</data></write>
		<read echo="ascii"><delim> </delim><match><data>\x3E </data></match></read>
		<write echo="ascii"><data>gp0ihH4@MfvZn3F\n</data></write>
		<read echo="ascii"><delim>\n</delim><match><data>FALSE\n</data></match></read>
		<read echo="ascii"><delim> </delim><match><data>\x3E </data></match></read>
		<write echo="ascii"><data>zu4gMpi = y2Owsna - Yn5LoiOxsK\n</data></write>
		<read echo="ascii"><delim> </delim><match><data>\x3E </data></match></read>
		<write echo="ascii"><data>EYKl6 = |"vlID1","B5QWe0","3SxPoXn","ZD","xF","swlxV7","23lmCwj","PuX","zT"|\n</data></write>
		<read echo="ascii"><delim> </delim><match><data>\x3E </data></match></read>
		<write echo="ascii"><data>cwUrOQa = |"zT","swlxV7","B5QWe0","vlID1","3SxPoXn"|\n</data></write>
		<read echo="ascii"><delim> </delim><match><data>\x3E </data></match></read>
		<write echo="ascii"><data>cwUrOQa@EYKl6\n</data></write>
		<read echo="ascii"><delim>\n</delim><match><data>TRUE\n</data></match></read>
		<read echo="ascii"><delim> </delim><match><data>\x3E </data></match></read>
		<write echo="ascii"><data>mjItnDC = nX0jpce - kukrpeo\n</data></write>
		<read echo="ascii"><delim> </delim><match><data>\x3E </data></match></read>
		<write echo="ascii"><data>.p\n</data></write>
<read echo="ascii"><delim>\n</delim><match><data>kukrpeo = |"svJa"|\n</data></match></read>
<read echo="ascii"><delim>\n</delim><match><data>E3OvH = ||\n</data></match></read>
<read echo="ascii"><delim>\n</delim><match><data>Yn5LoiOxsK = ||\n</data></match></read>
<read echo="ascii"><delim>\n</delim><match><data>bmjKA = |"svJa"|\n</data></match></read>
<read echo="ascii"><delim>\n</delim><match><data>hLLf5 = ||\n</data></match></read>
<read echo="ascii"><delim>\n</delim><match><data>y2Owsna = |"5umKk","2hrd","xYBjyj","pbWKOr","b7L","twIEzkc","rusT","W8PZh","CqwB8tB"|\n</data></match></read>
<read echo="ascii"><delim>\n</delim><match><data>nX0jpce = |"2hrd","xYBjyj","b7L"|\n</data></match></read>
<read echo="ascii"><delim>\n</delim><match><data>MfvZn3F = |"ft8W","gvQL","uN67Ly","QmEJoL","IrlxX","7GUA","DHr4Vs","QuF"|\n</data></match></read>
<read echo="ascii"><delim>\n</delim><match><data>gp0ihH4 = |"uN67Ly","QmEJoL","QuF","2JwGaH2IJ0"|\n</data></match></read>
<read echo="ascii"><delim>\n</delim><match><data>zu4gMpi = |"5umKk","2hrd","xYBjyj","pbWKOr","b7L","twIEzkc","rusT","W8PZh","CqwB8tB"|\n</data></match></read>
<read echo="ascii"><delim>\n</delim><match><data>EYKl6 = |"vlID1","B5QWe0","3SxPoXn","ZD","xF","swlxV7","23lmCwj","PuX","zT"|\n</data></match></read>
<read echo="ascii"><delim>\n</delim><match><data>cwUrOQa = |"zT","swlxV7","B5QWe0","vlID1","3SxPoXn"|\n</data></match></read>
<read echo="ascii"><delim>\n</delim><match><data>mjItnDC = |"2hrd","xYBjyj","b7L"|\n</data></match></read>
		<read echo="ascii"><delim> </delim><match><data>\x3E </data></match></read>
		<write echo="ascii"><data>.l\n</data></write>
	</replay>
</pov>
