<?xml version="1.0" standalone="no" ?>
<!DOCTYPE pov SYSTEM "/usr/share/cgc-docs/replay.dtd"><pov>
	<cbid>CROMU_00011</cbid>
	<replay>
		<read echo="ascii"><delim> </delim><match><data>\x3E </data></match></read>
		<write echo="ascii"><data>aZmaYA = |"fR","MMlAW8B","zpYw","1Asa"|-|"Ylw2","MMlAW8B","G7dBWc","zpYw"|\n</data></write>
		<read echo="ascii"><delim> </delim><match><data>\x3E </data></match></read>
		<write echo="ascii"><data>FskE2xz = |"zmMg","m3N","LBc9F5i","ndv","P9","vry8Ry","Ec","LN","WT1","UM"|\n</data></write>
		<read echo="ascii"><delim> </delim><match><data>\x3E </data></match></read>
		<write echo="ascii"><data>dPiJs = |"WT1","vry8Ry","m3N","LN","UM","ndv","zmMg"|\n</data></write>
		<read echo="ascii"><delim> </delim><match><data>\x3E </data></match></read>
		<write echo="ascii"><data>dPiJs@FskE2xz\n</data></write>
		<read echo="ascii"><delim>\n</delim><match><data>TRUE\n</data></match></read>
		<read echo="ascii"><delim> </delim><match><data>\x3E </data></match></read>
		<write echo="ascii"><data>F1Z64p = |"c","dMxhR6b","dmqo","76F","8Cr3m","D"|-|"Y7l","I","kVy8","D","VT","dmqo"|\n</data></write>
		<read echo="ascii"><delim> </delim><match><data>\x3E </data></match></read>
		<write echo="ascii"><data>JD9VAw = |"amE","XyEdyc","Kuh","Lo","fC5WDb","gn"|\n</data></write>
		<read echo="ascii"><delim> </delim><match><data>\x3E </data></match></read>
		<write echo="ascii"><data>kA3yr = |"XyEdyc","GfhjAda6Vg"|\n</data></write>
		<read echo="ascii"><delim> </delim><match><data>\x3E </data></match></read>
		<write echo="ascii"><data>kA3yr@JD9VAw\n</data></write>
		<read echo="ascii"><delim>\n</delim><match><data>FALSE\n</data></match></read>
		<read echo="ascii"><delim> </delim><match><data>\x3E </data></match></read>
		<write echo="ascii"><data>QZpfA = dPiJs ~ aZmaYA\n</data></write>
		<read echo="ascii"><delim> </delim><match><data>\x3E </data></match></read>
		<write echo="ascii"><data>Aso2a = QZpfA - FskE2xz\n</data></write>
		<read echo="ascii"><delim> </delim><match><data>\x3E </data></match></read>
		<write echo="ascii"><data>ZlaOoex = |"sNDk","Z","ExQ","Y2","A","F2BAvao"|-|"H8hH","wD5FG","Mme","Uiw","A","H8boHLW"|\n</data></write>
		<read echo="ascii"><delim> </delim><match><data>\x3E </data></match></read>
		<write echo="ascii"><data>B02MmA = |"Fxm","M","39","nkScJH0"|+|"RRTQ","XqorR","k0E","Z","YJr"|\n</data></write>
		<read echo="ascii"><delim> </delim><match><data>\x3E </data></match></read>
		<write echo="ascii"><data>JcijK0 = |"ka"|+|"XS","JtP","w"|\n</data></write>
		<read echo="ascii"><delim> </delim><match><data>\x3E </data></match></read>
		<write echo="ascii"><data>YAfYz3f = aZmaYA ~ dPiJs\n</data></write>
		<read echo="ascii"><delim> </delim><match><data>\x3E </data></match></read>
		<write echo="ascii"><data>x2Kke = |"CXDUkz","jE3","3y","sSzlOj9","q6cp","oN9Ref3"|\n</data></write>
		<read echo="ascii"><delim> </delim><match><data>\x3E </data></match></read>
		<write echo="ascii"><data>8D8eF = |"q6cp","oN9Ref3","sSzlOj9","m1Sc03bOUI"|\n</data></write>
		<read echo="ascii"><delim> </delim><match><data>\x3E </data></match></read>
		<write echo="ascii"><data>8D8eF@x2Kke\n</data></write>
		<read echo="ascii"><delim>\n</delim><match><data>FALSE\n</data></match></read>
		<read echo="ascii"><delim> </delim><match><data>\x3E </data></match></read>
		<write echo="ascii"><data>.p\n</data></write>
<read echo="ascii"><delim>\n</delim><match><data>aZmaYA = |"fR","1Asa"|\n</data></match></read>
<read echo="ascii"><delim>\n</delim><match><data>FskE2xz = |"zmMg","m3N","LBc9F5i","ndv","P9","vry8Ry","Ec","LN","WT1","UM"|\n</data></match></read>
<read echo="ascii"><delim>\n</delim><match><data>dPiJs = |"WT1","vry8Ry","m3N","LN","UM","ndv","zmMg"|\n</data></match></read>
<read echo="ascii"><delim>\n</delim><match><data>F1Z64p = |"c","dMxhR6b","76F","8Cr3m"|\n</data></match></read>
<read echo="ascii"><delim>\n</delim><match><data>JD9VAw = |"amE","XyEdyc","Kuh","Lo","fC5WDb","gn"|\n</data></match></read>
<read echo="ascii"><delim>\n</delim><match><data>kA3yr = |"XyEdyc","GfhjAda6Vg"|\n</data></match></read>
<read echo="ascii"><delim>\n</delim><match><data>QZpfA = |"WT1","vry8Ry","m3N","LN","UM","ndv","zmMg","fR","1Asa"|\n</data></match></read>
<read echo="ascii"><delim>\n</delim><match><data>Aso2a = |"fR","1Asa"|\n</data></match></read>
<read echo="ascii"><delim>\n</delim><match><data>ZlaOoex = |"sNDk","Z","ExQ","Y2","F2BAvao"|\n</data></match></read>
<read echo="ascii"><delim>\n</delim><match><data>B02MmA = |"Fxm","M","39","nkScJH0","RRTQ","XqorR","k0E","Z","YJr"|\n</data></match></read>
<read echo="ascii"><delim>\n</delim><match><data>JcijK0 = |"ka","XS","JtP","w"|\n</data></match></read>
<read echo="ascii"><delim>\n</delim><match><data>YAfYz3f = |"fR","1Asa","WT1","vry8Ry","m3N","LN","UM","ndv","zmMg"|\n</data></match></read>
<read echo="ascii"><delim>\n</delim><match><data>x2Kke = |"CXDUkz","jE3","3y","sSzlOj9","q6cp","oN9Ref3"|\n</data></match></read>
<read echo="ascii"><delim>\n</delim><match><data>8D8eF = |"q6cp","oN9Ref3","sSzlOj9","m1Sc03bOUI"|\n</data></match></read>
		<read echo="ascii"><delim> </delim><match><data>\x3E </data></match></read>
		<write echo="ascii"><data>.l\n</data></write>
	</replay>
</pov>
