<?xml version="1.0" standalone="no" ?>
<!DOCTYPE pov SYSTEM "/usr/share/cgc-docs/replay.dtd"><pov>
	<cbid>CROMU_00011</cbid>
	<replay>
		<read echo="ascii"><delim> </delim><match><data>\x3E </data></match></read>
		<write echo="ascii"><data>AifOFlU = |"UI3","v3","qde1c","8PE","2QIQ"|^|"Yao4","6lr","v3","UI3","9hbt","H6Laag","5Kq"|\n</data></write>
		<read echo="ascii"><delim> </delim><match><data>\x3E </data></match></read>
		<write echo="ascii"><data>FE4uwz1 = AifOFlU - AifOFlU\n</data></write>
		<read echo="ascii"><delim> </delim><match><data>\x3E </data></match></read>
		<write echo="ascii"><data>X87FU = FE4uwz1 ~ AifOFlU\n</data></write>
		<read echo="ascii"><delim> </delim><match><data>\x3E </data></match></read>
		<write echo="ascii"><data>9lSN69 = |"mg","ueX","ISnN","G9","xccndDP","49K"|^|"124"|\n</data></write>
		<read echo="ascii"><delim> </delim><match><data>\x3E </data></match></read>
		<write echo="ascii"><data>O7pKM = |"isay6Pv","wUyxdoF","ksZT6A7","hDx","Z0A1","0qB1","8Z"|\n</data></write>
		<read echo="ascii"><delim> </delim><match><data>\x3E </data></match></read>
		<write echo="ascii"><data>HPWBu = |"8Z","Z0A1","ksZT6A7","0qB1","wUyxdoF"|\n</data></write>
		<read echo="ascii"><delim> </delim><match><data>\x3E </data></match></read>
		<write echo="ascii"><data>HPWBu@O7pKM\n</data></write>
		<read echo="ascii"><delim>\n</delim><match><data>TRUE\n</data></match></read>
		<read echo="ascii"><delim> </delim><match><data>\x3E </data></match></read>
		<write echo="ascii"><data>vm2GZ = |"idnoxAu","zIlAZmN","oN323c","BC"|+|"oN323c","b","idnoxAu","tUw","J"|\n</data></write>
		<read echo="ascii"><delim> </delim><match><data>\x3E </data></match></read>
		<write echo="ascii"><data>ZfY0QOh = vm2GZ - 9lSN69\n</data></write>
		<read echo="ascii"><delim> </delim><match><data>\x3E </data></match></read>
		<write echo="ascii"><data>IF9j7 = |"iyO","Ap8I5s","e0SG","0M","nCYr9Ed","mOk","ovE"|\n</data></write>
		<read echo="ascii"><delim> </delim><match><data>\x3E </data></match></read>
		<write echo="ascii"><data>LHAI6Ti = |"Ap8I5s","iyO","0M","e0SG","nCYr9Ed","0rs9eI55bW"|\n</data></write>
		<read echo="ascii"><delim> </delim><match><data>\x3E </data></match></read>
		<write echo="ascii"><data>LHAI6Ti@IF9j7\n</data></write>
		<read echo="ascii"><delim>\n</delim><match><data>FALSE\n</data></match></read>
		<read echo="ascii"><delim> </delim><match><data>\x3E </data></match></read>
		<write echo="ascii"><data>oSUt2 = |"e52z","sBcl","NkMFq","dqvW","k80","3","Ri7gP"|-|"5sF","B7","dqvW"|\n</data></write>
		<read echo="ascii"><delim> </delim><match><data>\x3E </data></match></read>
		<write echo="ascii"><data>tFvE2 = |"G1fHN"|^|"9mfM9"|\n</data></write>
		<read echo="ascii"><delim> </delim><match><data>\x3E </data></match></read>
		<write echo="ascii"><data>HF93otQ = |"nr","o4nIey","NcK3"|^|"FQlI","eLZwN6","B6N","3cWux","Cn","oQbL","L2F"|\n</data></write>
		<read echo="ascii"><delim> </delim><match><data>\x3E </data></match></read>
		<write echo="ascii"><data>FnKGOJgdTZ = tFvE2 ^ HPWBu\n</data></write>
		<read echo="ascii"><delim> </delim><match><data>\x3E </data></match></read>
		<write echo="ascii"><data>.p\n</data></write>
<read echo="ascii"><delim>\n</delim><match><data>AifOFlU = |"UI3","v3"|\n</data></match></read>
<read echo="ascii"><delim>\n</delim><match><data>FE4uwz1 = ||\n</data></match></read>
<read echo="ascii"><delim>\n</delim><match><data>X87FU = |"UI3","v3"|\n</data></match></read>
<read echo="ascii"><delim>\n</delim><match><data>9lSN69 = ||\n</data></match></read>
<read echo="ascii"><delim>\n</delim><match><data>O7pKM = |"isay6Pv","wUyxdoF","ksZT6A7","hDx","Z0A1","0qB1","8Z"|\n</data></match></read>
<read echo="ascii"><delim>\n</delim><match><data>HPWBu = |"8Z","Z0A1","ksZT6A7","0qB1","wUyxdoF"|\n</data></match></read>
<read echo="ascii"><delim>\n</delim><match><data>vm2GZ = |"idnoxAu","zIlAZmN","oN323c","BC","b","tUw","J"|\n</data></match></read>
<read echo="ascii"><delim>\n</delim><match><data>ZfY0QOh = |"idnoxAu","zIlAZmN","oN323c","BC","b","tUw","J"|\n</data></match></read>
<read echo="ascii"><delim>\n</delim><match><data>IF9j7 = |"iyO","Ap8I5s","e0SG","0M","nCYr9Ed","mOk","ovE"|\n</data></match></read>
<read echo="ascii"><delim>\n</delim><match><data>LHAI6Ti = |"Ap8I5s","iyO","0M","e0SG","nCYr9Ed","0rs9eI55bW"|\n</data></match></read>
<read echo="ascii"><delim>\n</delim><match><data>oSUt2 = |"e52z","sBcl","NkMFq","k80","3","Ri7gP"|\n</data></match></read>
<read echo="ascii"><delim>\n</delim><match><data>tFvE2 = ||\n</data></match></read>
<read echo="ascii"><delim>\n</delim><match><data>HF93otQ = ||\n</data></match></read>
<read echo="ascii"><delim>\n</delim><match><data>FnKGOJgdTZ = ||\n</data></match></read>
		<read echo="ascii"><delim> </delim><match><data>\x3E </data></match></read>
		<write echo="ascii"><data>.l\n</data></write>
	</replay>
</pov>
