<?xml version="1.0" standalone="no" ?>
<!DOCTYPE pov SYSTEM "/usr/share/cgc-docs/replay.dtd"><pov>
	<cbid>CROMU_00011</cbid>
	<replay>
		<read echo="ascii"><delim> </delim><match><data>\x3E </data></match></read>
		<write echo="ascii"><data>kkhWTvy = |"LysLcpu","zTDlJe","m07f80","1qcrf","Gs","toUi","WZr"|\n</data></write>
		<read echo="ascii"><delim> </delim><match><data>\x3E </data></match></read>
		<write echo="ascii"><data>t4Fei = |"Gs","LysLcpu","m07f80","1qcrf","zTDlJe","ojtBqHEqZz"|\n</data></write>
		<read echo="ascii"><delim> </delim><match><data>\x3E </data></match></read>
		<write echo="ascii"><data>t4Fei@kkhWTvy\n</data></write>
		<read echo="ascii"><delim>\n</delim><match><data>FALSE\n</data></match></read>
		<read echo="ascii"><delim> </delim><match><data>\x3E </data></match></read>
		<write echo="ascii"><data>nMXdnMs = |"2z","KYU","T5eZui","ERPmKU","mQ","zX7A","3r"|\n</data></write>
		<read echo="ascii"><delim> </delim><match><data>\x3E </data></match></read>
		<write echo="ascii"><data>Clkcg17 = |"KYU","ERPmKU","mQ","3r","zX7A"|\n</data></write>
		<read echo="ascii"><delim> </delim><match><data>\x3E </data></match></read>
		<write echo="ascii"><data>Clkcg17@nMXdnMs\n</data></write>
		<read echo="ascii"><delim>\n</delim><match><data>TRUE\n</data></match></read>
		<read echo="ascii"><delim> </delim><match><data>\x3E </data></match></read>
		<write echo="ascii"><data>njSxpo = kkhWTvy - nMXdnMs\n</data></write>
		<read echo="ascii"><delim> </delim><match><data>\x3E </data></match></read>
		<write echo="ascii"><data>cocrRI = Clkcg17 ~ nMXdnMs\n</data></write>
		<read echo="ascii"><delim> </delim><match><data>\x3E </data></match></read>
		<write echo="ascii"><data>lxFea4 = kkhWTvy + t4Fei\n</data></write>
		<read echo="ascii"><delim> </delim><match><data>\x3E </data></match></read>
		<write echo="ascii"><data>L63O07 = |"S","dD","mVWm8B","XCZ12S"|-|"Kbac","UnNeYRl","QN9mTr1","dbZW"|\n</data></write>
		<read echo="ascii"><delim> </delim><match><data>\x3E </data></match></read>
		<write echo="ascii"><data>wnW365 = |"G8iKm","GxKSS","mJ3","2936b5H","e8K","YrMnt","4O1p","hYZ8e","w4ut4","St5z1Y5"|\n</data></write>
		<read echo="ascii"><delim> </delim><match><data>\x3E </data></match></read>
		<write echo="ascii"><data>XitGp5 = |"e8K","St5z1Y5","YrMnt","hYZ8e","mJ3","GxKSS","w4ut4","G8iKm"|\n</data></write>
		<read echo="ascii"><delim> </delim><match><data>\x3E </data></match></read>
		<write echo="ascii"><data>XitGp5@wnW365\n</data></write>
		<read echo="ascii"><delim>\n</delim><match><data>TRUE\n</data></match></read>
		<read echo="ascii"><delim> </delim><match><data>\x3E </data></match></read>
		<write echo="ascii"><data>AXuyRNi = |"Mv","f38H7O","RWQFPC1","GkP6QT4","lOUC34","csiDD","UrBI","cnm"|\n</data></write>
		<read echo="ascii"><delim> </delim><match><data>\x3E </data></match></read>
		<write echo="ascii"><data>b6DZME = |"lOUC34","csiDD","UrBI","RWQFPC1","f38H7O"|\n</data></write>
		<read echo="ascii"><delim> </delim><match><data>\x3E </data></match></read>
		<write echo="ascii"><data>b6DZME@AXuyRNi\n</data></write>
		<read echo="ascii"><delim>\n</delim><match><data>TRUE\n</data></match></read>
		<read echo="ascii"><delim> </delim><match><data>\x3E </data></match></read>
		<write echo="ascii"><data>r1egj = |"xpLTW","qEXFm","0YGyfG"|~|"omc4","wAJOoSo","Es","WzpWQkH","moaj"|\n</data></write>
		<read echo="ascii"><delim> </delim><match><data>\x3E </data></match></read>
		<write echo="ascii"><data>1uIDTK = |"Cln","msipB","s5L","K"|~|"O","kC","K","lQ3xvFs","yx","Q","psD"|\n</data></write>
		<read echo="ascii"><delim> </delim><match><data>\x3E </data></match></read>
		<write echo="ascii"><data>HX5dO = njSxpo ~ cocrRI\n</data></write>
		<read echo="ascii"><delim> </delim><match><data>\x3E </data></match></read>
		<write echo="ascii"><data>6Rm4Y = |"dmRGc","1UH3Gwm","GApF","179Bi","4Go8vV","TgCg3S","oxi2"|~|"Pf","j","4Go8vV"|\n</data></write>
		<read echo="ascii"><delim> </delim><match><data>\x3E </data></match></read>
		<write echo="ascii"><data>JYQonL = |"0KfYMf","gnPF","3Gy","UZHg","33Ym","93","me2gbM4","KgC","Hlm7b","S3"|\n</data></write>
		<read echo="ascii"><delim> </delim><match><data>\x3E </data></match></read>
		<write echo="ascii"><data>2RCfLwc = |"3Gy","UZHg"|\n</data></write>
		<read echo="ascii"><delim> </delim><match><data>\x3E </data></match></read>
		<write echo="ascii"><data>2RCfLwc@JYQonL\n</data></write>
		<read echo="ascii"><delim>\n</delim><match><data>TRUE\n</data></match></read>
		<read echo="ascii"><delim> </delim><match><data>\x3E </data></match></read>
		<write echo="ascii"><data>mYFonag = |"qpjQ"|+|"IpCHfb","49f8","wmPKx","akGMUlA","c","qpjQ","KdD"|\n</data></write>
		<read echo="ascii"><delim> </delim><match><data>\x3E </data></match></read>
		<write echo="ascii"><data>87Fcv = cocrRI + lxFea4\n</data></write>
		<read echo="ascii"><delim> </delim><match><data>\x3E </data></match></read>
		<write echo="ascii"><data>.p\n</data></write>
<read echo="ascii"><delim>\n</delim><match><data>kkhWTvy = |"LysLcpu","zTDlJe","m07f80","1qcrf","Gs","toUi","WZr"|\n</data></match></read>
<read echo="ascii"><delim>\n</delim><match><data>t4Fei = |"Gs","LysLcpu","m07f80","1qcrf","zTDlJe","ojtBqHEqZz"|\n</data></match></read>
<read echo="ascii"><delim>\n</delim><match><data>nMXdnMs = |"2z","KYU","T5eZui","ERPmKU","mQ","zX7A","3r"|\n</data></match></read>
<read echo="ascii"><delim>\n</delim><match><data>Clkcg17 = |"KYU","ERPmKU","mQ","3r","zX7A"|\n</data></match></read>
<read echo="ascii"><delim>\n</delim><match><data>njSxpo = |"LysLcpu","zTDlJe","m07f80","1qcrf","Gs","toUi","WZr"|\n</data></match></read>
<read echo="ascii"><delim>\n</delim><match><data>cocrRI = |"2z","T5eZui"|\n</data></match></read>
<read echo="ascii"><delim>\n</delim><match><data>lxFea4 = |"LysLcpu","zTDlJe","m07f80","1qcrf","Gs","toUi","WZr","ojtBqHEqZz"|\n</data></match></read>
<read echo="ascii"><delim>\n</delim><match><data>L63O07 = |"S","dD","mVWm8B","XCZ12S"|\n</data></match></read>
<read echo="ascii"><delim>\n</delim><match><data>wnW365 = |"G8iKm","GxKSS","mJ3","2936b5H","e8K","YrMnt","4O1p","hYZ8e","w4ut4","St5z1Y5"|\n</data></match></read>
<read echo="ascii"><delim>\n</delim><match><data>XitGp5 = |"e8K","St5z1Y5","YrMnt","hYZ8e","mJ3","GxKSS","w4ut4","G8iKm"|\n</data></match></read>
<read echo="ascii"><delim>\n</delim><match><data>AXuyRNi = |"Mv","f38H7O","RWQFPC1","GkP6QT4","lOUC34","csiDD","UrBI","cnm"|\n</data></match></read>
<read echo="ascii"><delim>\n</delim><match><data>b6DZME = |"lOUC34","csiDD","UrBI","RWQFPC1","f38H7O"|\n</data></match></read>
<read echo="ascii"><delim>\n</delim><match><data>r1egj = |"xpLTW","qEXFm","0YGyfG","omc4","wAJOoSo","Es","WzpWQkH","moaj"|\n</data></match></read>
<read echo="ascii"><delim>\n</delim><match><data>1uIDTK = |"Cln","msipB","s5L","O","kC","lQ3xvFs","yx","Q","psD"|\n</data></match></read>
<read echo="ascii"><delim>\n</delim><match><data>HX5dO = |"LysLcpu","zTDlJe","m07f80","1qcrf","Gs","toUi","WZr","2z","T5eZui"|\n</data></match></read>
<read echo="ascii"><delim>\n</delim><match><data>6Rm4Y = |"dmRGc","1UH3Gwm","GApF","179Bi","TgCg3S","oxi2","Pf","j"|\n</data></match></read>
<read echo="ascii"><delim>\n</delim><match><data>JYQonL = |"0KfYMf","gnPF","3Gy","UZHg","33Ym","93","me2gbM4","KgC","Hlm7b","S3"|\n</data></match></read>
<read echo="ascii"><delim>\n</delim><match><data>2RCfLwc = |"3Gy","UZHg"|\n</data></match></read>
<read echo="ascii"><delim>\n</delim><match><data>mYFonag = |"qpjQ","IpCHfb","49f8","wmPKx","akGMUlA","c","KdD"|\n</data></match></read>
<read echo="ascii"><delim>\n</delim><match><data>87Fcv = |"2z","T5eZui","LysLcpu","zTDlJe","m07f80","1qcrf","Gs","toUi","WZr","ojtBqHEqZz"|\n</data></match></read>
		<read echo="ascii"><delim> </delim><match><data>\x3E </data></match></read>
		<write echo="ascii"><data>.l\n</data></write>
	</replay>
</pov>
