<?xml version="1.0" standalone="no" ?>
<!DOCTYPE pov SYSTEM "/usr/share/cgc-docs/replay.dtd"><pov>
	<cbid>CROMU_00011</cbid>
	<replay>
		<read echo="ascii"><delim> </delim><match><data>\x3E </data></match></read>
		<write echo="ascii"><data>ydGQjfn = |"kEES","p4aPh","kfklt4j"|^|"idwz","QcOb9g"|\n</data></write>
		<read echo="ascii"><delim> </delim><match><data>\x3E </data></match></read>
		<write echo="ascii"><data>FMHhj = ydGQjfn + ydGQjfn\n</data></write>
		<read echo="ascii"><delim> </delim><match><data>\x3E </data></match></read>
		<write echo="ascii"><data>0yExyoh = |"SI9iF","8knc","W0T","bRtF6","uY","9gBsOpT","lkJ5dXR","ck1"|\n</data></write>
		<read echo="ascii"><delim> </delim><match><data>\x3E </data></match></read>
		<write echo="ascii"><data>DJOeu = |"bRtF6","9gBsOpT","SI9iF"|\n</data></write>
		<read echo="ascii"><delim> </delim><match><data>\x3E </data></match></read>
		<write echo="ascii"><data>DJOeu@0yExyoh\n</data></write>
		<read echo="ascii"><delim>\n</delim><match><data>TRUE\n</data></match></read>
		<read echo="ascii"><delim> </delim><match><data>\x3E </data></match></read>
		<write echo="ascii"><data>cEDTx = |"20Z7","Q2a","kwwtng","6XjB0SB","jkrKxX","HrwycnW","DQRnvJ"|^|"jkrKxX"|\n</data></write>
		<read echo="ascii"><delim> </delim><match><data>\x3E </data></match></read>
		<write echo="ascii"><data>6TuXqb = |"C6Td4fB","T2Eld","gUBfX","lC","MYHhxp","p394Zd","YY4Vlk","5Q4"|\n</data></write>
		<read echo="ascii"><delim> </delim><match><data>\x3E </data></match></read>
		<write echo="ascii"><data>xiZr37J = |"p394Zd","YY4Vlk","gUBfX","MYHhxp","5Q4","C6Td4fB","eg4Xk40e54"|\n</data></write>
		<read echo="ascii"><delim> </delim><match><data>\x3E </data></match></read>
		<write echo="ascii"><data>xiZr37J@6TuXqb\n</data></write>
		<read echo="ascii"><delim>\n</delim><match><data>FALSE\n</data></match></read>
		<read echo="ascii"><delim> </delim><match><data>\x3E </data></match></read>
		<write echo="ascii"><data>X9kcqa4 = DJOeu ^ xiZr37J\n</data></write>
		<read echo="ascii"><delim> </delim><match><data>\x3E </data></match></read>
		<write echo="ascii"><data>4oNGcW = |"Uh5","CjjTL","d6O","e48MPho","3L","z9YrEI3"|\n</data></write>
		<read echo="ascii"><delim> </delim><match><data>\x3E </data></match></read>
		<write echo="ascii"><data>gkGOJC = |"Uh5","d6O","CjjTL","e48MPho"|\n</data></write>
		<read echo="ascii"><delim> </delim><match><data>\x3E </data></match></read>
		<write echo="ascii"><data>gkGOJC@4oNGcW\n</data></write>
		<read echo="ascii"><delim>\n</delim><match><data>TRUE\n</data></match></read>
		<read echo="ascii"><delim> </delim><match><data>\x3E </data></match></read>
		<write echo="ascii"><data>hBIH4J = xiZr37J - xiZr37J\n</data></write>
		<read echo="ascii"><delim> </delim><match><data>\x3E </data></match></read>
		<write echo="ascii"><data>9LyGG2u = X9kcqa4 ^ 4oNGcW\n</data></write>
		<read echo="ascii"><delim> </delim><match><data>\x3E </data></match></read>
		<write echo="ascii"><data>EnQ0Jq3 = 9LyGG2u + 6TuXqb\n</data></write>
		<read echo="ascii"><delim> </delim><match><data>\x3E </data></match></read>
		<write echo="ascii"><data>ddWIZrxJ = 4oNGcW ^ 9LyGG2u\n</data></write>
		<read echo="ascii"><delim> </delim><match><data>\x3E </data></match></read>
		<write echo="ascii"><data>e7AE8I = |"7v5PQEV","ExTQfby","ReLl","Ck6e","aSJsI","eo","Hilqash","Yni","6gQS","Voh"|\n</data></write>
		<read echo="ascii"><delim> </delim><match><data>\x3E </data></match></read>
		<write echo="ascii"><data>rAt0iz = |"aSJsI","ExTQfby","6gQS"|\n</data></write>
		<read echo="ascii"><delim> </delim><match><data>\x3E </data></match></read>
		<write echo="ascii"><data>rAt0iz@e7AE8I\n</data></write>
		<read echo="ascii"><delim>\n</delim><match><data>TRUE\n</data></match></read>
		<read echo="ascii"><delim> </delim><match><data>\x3E </data></match></read>
		<write echo="ascii"><data>.p\n</data></write>
<read echo="ascii"><delim>\n</delim><match><data>ydGQjfn = ||\n</data></match></read>
<read echo="ascii"><delim>\n</delim><match><data>FMHhj = ||\n</data></match></read>
<read echo="ascii"><delim>\n</delim><match><data>0yExyoh = |"SI9iF","8knc","W0T","bRtF6","uY","9gBsOpT","lkJ5dXR","ck1"|\n</data></match></read>
<read echo="ascii"><delim>\n</delim><match><data>DJOeu = |"bRtF6","9gBsOpT","SI9iF"|\n</data></match></read>
<read echo="ascii"><delim>\n</delim><match><data>cEDTx = |"jkrKxX"|\n</data></match></read>
<read echo="ascii"><delim>\n</delim><match><data>6TuXqb = |"C6Td4fB","T2Eld","gUBfX","lC","MYHhxp","p394Zd","YY4Vlk","5Q4"|\n</data></match></read>
<read echo="ascii"><delim>\n</delim><match><data>xiZr37J = |"p394Zd","YY4Vlk","gUBfX","MYHhxp","5Q4","C6Td4fB","eg4Xk40e54"|\n</data></match></read>
<read echo="ascii"><delim>\n</delim><match><data>X9kcqa4 = ||\n</data></match></read>
<read echo="ascii"><delim>\n</delim><match><data>4oNGcW = |"Uh5","CjjTL","d6O","e48MPho","3L","z9YrEI3"|\n</data></match></read>
<read echo="ascii"><delim>\n</delim><match><data>gkGOJC = |"Uh5","d6O","CjjTL","e48MPho"|\n</data></match></read>
<read echo="ascii"><delim>\n</delim><match><data>hBIH4J = ||\n</data></match></read>
<read echo="ascii"><delim>\n</delim><match><data>9LyGG2u = ||\n</data></match></read>
<read echo="ascii"><delim>\n</delim><match><data>EnQ0Jq3 = |"C6Td4fB","T2Eld","gUBfX","lC","MYHhxp","p394Zd","YY4Vlk","5Q4"|\n</data></match></read>
<read echo="ascii"><delim>\n</delim><match><data>ddWIZrxJ = ||\n</data></match></read>
<read echo="ascii"><delim>\n</delim><match><data>e7AE8I = |"7v5PQEV","ExTQfby","ReLl","Ck6e","aSJsI","eo","Hilqash","Yni","6gQS","Voh"|\n</data></match></read>
<read echo="ascii"><delim>\n</delim><match><data>rAt0iz = |"aSJsI","ExTQfby","6gQS"|\n</data></match></read>
		<read echo="ascii"><delim> </delim><match><data>\x3E </data></match></read>
		<write echo="ascii"><data>.l\n</data></write>
	</replay>
</pov>
