<?xml version="1.0" standalone="no" ?>
<!DOCTYPE pov SYSTEM "/usr/share/cgc-docs/replay.dtd"><pov>
	<cbid>CROMU_00011</cbid>
	<replay>
		<read echo="ascii"><delim> </delim><match><data>\x3E </data></match></read>
		<write echo="ascii"><data>3Eu2jX = |"mcVXAa4","b","lsG","TZy"|-|"McuLLm","8Mjn","R"|\n</data></write>
		<read echo="ascii"><delim> </delim><match><data>\x3E </data></match></read>
		<write echo="ascii"><data>fZ0WCm = |"Bkr","M4","tF","apOET0j","nbGtq","Pvo3C","Y6K"|\n</data></write>
		<read echo="ascii"><delim> </delim><match><data>\x3E </data></match></read>
		<write echo="ascii"><data>N2cZlL = |"apOET0j","Bkr","tF","nbGtq","Pvo3C","Y6K","BGfHwfbIdx"|\n</data></write>
		<read echo="ascii"><delim> </delim><match><data>\x3E </data></match></read>
		<write echo="ascii"><data>N2cZlL@fZ0WCm\n</data></write>
		<read echo="ascii"><delim>\n</delim><match><data>FALSE\n</data></match></read>
		<read echo="ascii"><delim> </delim><match><data>\x3E </data></match></read>
		<write echo="ascii"><data>Sr38T = |"d6Gb7R","i","T","GE","o","Lf"|+|"wOCBmH","n6PEDG","Wh","f","3"|\n</data></write>
		<read echo="ascii"><delim> </delim><match><data>\x3E </data></match></read>
		<write echo="ascii"><data>6BAhSD = N2cZlL - N2cZlL\n</data></write>
		<read echo="ascii"><delim> </delim><match><data>\x3E </data></match></read>
		<write echo="ascii"><data>I6VfD6 = 3Eu2jX + fZ0WCm\n</data></write>
		<read echo="ascii"><delim> </delim><match><data>\x3E </data></match></read>
		<write echo="ascii"><data>CZRuBMR = N2cZlL ~ N2cZlL\n</data></write>
		<read echo="ascii"><delim> </delim><match><data>\x3E </data></match></read>
		<write echo="ascii"><data>xUOQRj2 = I6VfD6 ^ fZ0WCm\n</data></write>
		<read echo="ascii"><delim> </delim><match><data>\x3E </data></match></read>
		<write echo="ascii"><data>VT3u0Q = N2cZlL - 6BAhSD\n</data></write>
		<read echo="ascii"><delim> </delim><match><data>\x3E </data></match></read>
		<write echo="ascii"><data>pBwfGN = |"K","ltmpu","fJ","nPhl5I"|-|"OY5eq0L","yWCYGO0","wa1","urmtF5","fJ"|\n</data></write>
		<read echo="ascii"><delim> </delim><match><data>\x3E </data></match></read>
		<write echo="ascii"><data>Ts3Qa = |"lHjjn","NhKd3D"|^|"upmcw","s0","xVy","HKM2"|\n</data></write>
		<read echo="ascii"><delim> </delim><match><data>\x3E </data></match></read>
		<write echo="ascii"><data>.p\n</data></write>
<read echo="ascii"><delim>\n</delim><match><data>3Eu2jX = |"mcVXAa4","b","lsG","TZy"|\n</data></match></read>
<read echo="ascii"><delim>\n</delim><match><data>fZ0WCm = |"Bkr","M4","tF","apOET0j","nbGtq","Pvo3C","Y6K"|\n</data></match></read>
<read echo="ascii"><delim>\n</delim><match><data>N2cZlL = |"apOET0j","Bkr","tF","nbGtq","Pvo3C","Y6K","BGfHwfbIdx"|\n</data></match></read>
<read echo="ascii"><delim>\n</delim><match><data>Sr38T = |"d6Gb7R","i","T","GE","o","Lf","wOCBmH","n6PEDG","Wh","f","3"|\n</data></match></read>
<read echo="ascii"><delim>\n</delim><match><data>6BAhSD = ||\n</data></match></read>
<read echo="ascii"><delim>\n</delim><match><data>I6VfD6 = |"mcVXAa4","b","lsG","TZy","Bkr","M4","tF","apOET0j","nbGtq","Pvo3C","Y6K"|\n</data></match></read>
<read echo="ascii"><delim>\n</delim><match><data>CZRuBMR = ||\n</data></match></read>
<read echo="ascii"><delim>\n</delim><match><data>xUOQRj2 = |"Bkr","M4","tF","apOET0j","nbGtq","Pvo3C","Y6K"|\n</data></match></read>
<read echo="ascii"><delim>\n</delim><match><data>VT3u0Q = |"apOET0j","Bkr","tF","nbGtq","Pvo3C","Y6K","BGfHwfbIdx"|\n</data></match></read>
<read echo="ascii"><delim>\n</delim><match><data>pBwfGN = |"K","ltmpu","nPhl5I"|\n</data></match></read>
<read echo="ascii"><delim>\n</delim><match><data>Ts3Qa = ||\n</data></match></read>
		<read echo="ascii"><delim> </delim><match><data>\x3E </data></match></read>
		<write echo="ascii"><data>.l\n</data></write>
	</replay>
</pov>
