<?xml version="1.0" standalone="no" ?>
<!DOCTYPE pov SYSTEM "/usr/share/cgc-docs/replay.dtd"><pov>
	<cbid>CROMU_00011</cbid>
	<replay>
		<read echo="ascii"><delim> </delim><match><data>\x3E </data></match></read>
		<write echo="ascii"><data>P8xDxu = |"vsgQQ6n","2b","Yr","79","wxej"|-|"ePwm","18koNU","Tt4AA","o"|\n</data></write>
		<read echo="ascii"><delim> </delim><match><data>\x3E </data></match></read>
		<write echo="ascii"><data>6NuCEj = |"5op"|+|"k","b5V1Zr","Pjkjp6","1IBF0","XT"|\n</data></write>
		<read echo="ascii"><delim> </delim><match><data>\x3E </data></match></read>
		<write echo="ascii"><data>wGK10u = 6NuCEj - P8xDxu\n</data></write>
		<read echo="ascii"><delim> </delim><match><data>\x3E </data></match></read>
		<write echo="ascii"><data>N4JN8A9 = 6NuCEj ^ P8xDxu\n</data></write>
		<read echo="ascii"><delim> </delim><match><data>\x3E </data></match></read>
		<write echo="ascii"><data>gCnUuJKWQ = wGK10u ^ N4JN8A9\n</data></write>
		<read echo="ascii"><delim> </delim><match><data>\x3E </data></match></read>
		<write echo="ascii"><data>UnBLlWd = |"8IRG0","ucd","gPFnyjP","AD38F","j"|+|"vMgQv4x","YwasWkE","KNXk","AdPz7KY","gPFnyjP","ra"|\n</data></write>
		<read echo="ascii"><delim> </delim><match><data>\x3E </data></match></read>
		<write echo="ascii"><data>QqsvM = gCnUuJKWQ + 6NuCEj\n</data></write>
		<read echo="ascii"><delim> </delim><match><data>\x3E </data></match></read>
		<write echo="ascii"><data>lJZUX4 = N4JN8A9 + 6NuCEj\n</data></write>
		<read echo="ascii"><delim> </delim><match><data>\x3E </data></match></read>
		<write echo="ascii"><data>zCPrBEc = QqsvM + 6NuCEj\n</data></write>
		<read echo="ascii"><delim> </delim><match><data>\x3E </data></match></read>
		<write echo="ascii"><data>.p\n</data></write>
<read echo="ascii"><delim>\n</delim><match><data>P8xDxu = |"vsgQQ6n","2b","Yr","79","wxej"|\n</data></match></read>
<read echo="ascii"><delim>\n</delim><match><data>6NuCEj = |"5op","k","b5V1Zr","Pjkjp6","1IBF0","XT"|\n</data></match></read>
<read echo="ascii"><delim>\n</delim><match><data>wGK10u = |"5op","k","b5V1Zr","Pjkjp6","1IBF0","XT"|\n</data></match></read>
<read echo="ascii"><delim>\n</delim><match><data>N4JN8A9 = ||\n</data></match></read>
<read echo="ascii"><delim>\n</delim><match><data>gCnUuJKWQ = ||\n</data></match></read>
<read echo="ascii"><delim>\n</delim><match><data>UnBLlWd = |"8IRG0","ucd","gPFnyjP","AD38F","j","vMgQv4x","YwasWkE","KNXk","AdPz7KY","ra"|\n</data></match></read>
<read echo="ascii"><delim>\n</delim><match><data>QqsvM = |"5op","k","b5V1Zr","Pjkjp6","1IBF0","XT"|\n</data></match></read>
<read echo="ascii"><delim>\n</delim><match><data>lJZUX4 = |"5op","k","b5V1Zr","Pjkjp6","1IBF0","XT"|\n</data></match></read>
<read echo="ascii"><delim>\n</delim><match><data>zCPrBEc = |"5op","k","b5V1Zr","Pjkjp6","1IBF0","XT"|\n</data></match></read>
		<read echo="ascii"><delim> </delim><match><data>\x3E </data></match></read>
		<write echo="ascii"><data>.l\n</data></write>
	</replay>
</pov>
