<?xml version="1.0" standalone="no" ?>
<!DOCTYPE pov SYSTEM "/usr/share/cgc-docs/replay.dtd"><pov>
	<cbid>CROMU_00011</cbid>
	<replay>
		<read echo="ascii"><delim> </delim><match><data>\x3E </data></match></read>
		<write echo="ascii"><data>jPftbg = |"2s2cu","Twycm4","Ea2zX","Uh","JU","TBtZwS"|+|"2s2cu","3wH25J","bQ","eLMv","2","3"|\n</data></write>
		<read echo="ascii"><delim> </delim><match><data>\x3E </data></match></read>
		<write echo="ascii"><data>PygTe = jPftbg ^ jPftbg\n</data></write>
		<read echo="ascii"><delim> </delim><match><data>\x3E </data></match></read>
		<write echo="ascii"><data>SdV4rWwb9 = PygTe ^ PygTe\n</data></write>
		<read echo="ascii"><delim> </delim><match><data>\x3E </data></match></read>
		<write echo="ascii"><data>7quUql = |"n","jR4LF","Pw","N","99jLr","VKr"|-|"Wi7rR","JUPg6u4","tCpuXZi","Xvv0fvr","zAExNR","N"|\n</data></write>
		<read echo="ascii"><delim> </delim><match><data>\x3E </data></match></read>
		<write echo="ascii"><data>wv5DVTa = SdV4rWwb9 ~ PygTe\n</data></write>
		<read echo="ascii"><delim> </delim><match><data>\x3E </data></match></read>
		<write echo="ascii"><data>IJag0Qa = |"Nhi","Gsi","CpwWao","00Fbo2","943KDX","1pf","eY7h7C","eUY"|\n</data></write>
		<read echo="ascii"><delim> </delim><match><data>\x3E </data></match></read>
		<write echo="ascii"><data>hverIZ = |"943KDX"|\n</data></write>
		<read echo="ascii"><delim> </delim><match><data>\x3E </data></match></read>
		<write echo="ascii"><data>hverIZ@IJag0Qa\n</data></write>
		<read echo="ascii"><delim>\n</delim><match><data>TRUE\n</data></match></read>
		<read echo="ascii"><delim> </delim><match><data>\x3E </data></match></read>
		<write echo="ascii"><data>4Sptwu = hverIZ ^ PygTe\n</data></write>
		<read echo="ascii"><delim> </delim><match><data>\x3E </data></match></read>
		<write echo="ascii"><data>eQnwUP = 7quUql + IJag0Qa\n</data></write>
		<read echo="ascii"><delim> </delim><match><data>\x3E </data></match></read>
		<write echo="ascii"><data>iLa11 = |"TPumB0n"|+|"cV","WJiQgH0","MG6omQ"|\n</data></write>
		<read echo="ascii"><delim> </delim><match><data>\x3E </data></match></read>
		<write echo="ascii"><data>UjC5opV = hverIZ ~ PygTe\n</data></write>
		<read echo="ascii"><delim> </delim><match><data>\x3E </data></match></read>
		<write echo="ascii"><data>.p\n</data></write>
<read echo="ascii"><delim>\n</delim><match><data>jPftbg = |"2s2cu","Twycm4","Ea2zX","Uh","JU","TBtZwS","3wH25J","bQ","eLMv","2","3"|\n</data></match></read>
<read echo="ascii"><delim>\n</delim><match><data>PygTe = |"2s2cu","Twycm4","Ea2zX","Uh","JU","TBtZwS","3wH25J","bQ","eLMv","2","3"|\n</data></match></read>
<read echo="ascii"><delim>\n</delim><match><data>SdV4rWwb9 = |"2s2cu","Twycm4","Ea2zX","Uh","JU","TBtZwS","3wH25J","bQ","eLMv","2","3"|\n</data></match></read>
<read echo="ascii"><delim>\n</delim><match><data>7quUql = |"n","jR4LF","Pw","99jLr","VKr"|\n</data></match></read>
<read echo="ascii"><delim>\n</delim><match><data>wv5DVTa = ||\n</data></match></read>
<read echo="ascii"><delim>\n</delim><match><data>IJag0Qa = |"Nhi","Gsi","CpwWao","00Fbo2","943KDX","1pf","eY7h7C","eUY"|\n</data></match></read>
<read echo="ascii"><delim>\n</delim><match><data>hverIZ = |"943KDX"|\n</data></match></read>
<read echo="ascii"><delim>\n</delim><match><data>4Sptwu = ||\n</data></match></read>
<read echo="ascii"><delim>\n</delim><match><data>eQnwUP = |"n","jR4LF","Pw","99jLr","VKr","Nhi","Gsi","CpwWao","00Fbo2","943KDX","1pf","eY7h7C","eUY"|\n</data></match></read>
<read echo="ascii"><delim>\n</delim><match><data>iLa11 = |"TPumB0n","cV","WJiQgH0","MG6omQ"|\n</data></match></read>
<read echo="ascii"><delim>\n</delim><match><data>UjC5opV = |"943KDX","2s2cu","Twycm4","Ea2zX","Uh","JU","TBtZwS","3wH25J","bQ","eLMv","2","3"|\n</data></match></read>
		<read echo="ascii"><delim> </delim><match><data>\x3E </data></match></read>
		<write echo="ascii"><data>.l\n</data></write>
	</replay>
</pov>
