<?xml version="1.0" standalone="no" ?>
<!DOCTYPE pov SYSTEM "/usr/share/cgc-docs/replay.dtd"><pov>
	<cbid>CROMU_00011</cbid>
	<replay>
		<read echo="ascii"><delim> </delim><match><data>\x3E </data></match></read>
		<write echo="ascii"><data>anRurep = |"oe","62fbpih","4ke","ITGFboO"|-|"ds","62fbpih","4ke","b","3L9"|\n</data></write>
		<read echo="ascii"><delim> </delim><match><data>\x3E </data></match></read>
		<write echo="ascii"><data>wzYuB1k = |"mTBPp","lCgm7d","omMYh","ews905","uiiy","Djcq"|-|"omMYh","oq1iR","lC"|\n</data></write>
		<read echo="ascii"><delim> </delim><match><data>\x3E </data></match></read>
		<write echo="ascii"><data>bZ07e = |"YUj1R33","ps","Ok9Fwl","ub1rew","yw"|~|"1aXvPy","S0p","TZSOEAe"|\n</data></write>
		<read echo="ascii"><delim> </delim><match><data>\x3E </data></match></read>
		<write echo="ascii"><data>Pe393G = |"RduWg","SOygTzB","kTxmfy8","3BqhWih","UvSfxr","v"|-|"bpdt6","hgAOMH","KawN6","kTxmfy8","zcghi","8GQE","JhX69"|\n</data></write>
		<read echo="ascii"><delim> </delim><match><data>\x3E </data></match></read>
		<write echo="ascii"><data>0ZRhaXS = |"YK7","xL92s","AM","1sJpbET","9RZZinT"|-|"Md","uQ","1sJpbET"|\n</data></write>
		<read echo="ascii"><delim> </delim><match><data>\x3E </data></match></read>
		<write echo="ascii"><data>3WXFkV = |"adRe4","IJJY"|^|"jFF","CE","uB3vyw"|\n</data></write>
		<read echo="ascii"><delim> </delim><match><data>\x3E </data></match></read>
		<write echo="ascii"><data>eNOcU8 = |"cYPfnOd","TP3je","voVYdw","R83i","kdi7","O5zK"|+|"R83i"|\n</data></write>
		<read echo="ascii"><delim> </delim><match><data>\x3E </data></match></read>
		<write echo="ascii"><data>Ivak1iK = eNOcU8 ~ 0ZRhaXS\n</data></write>
		<read echo="ascii"><delim> </delim><match><data>\x3E </data></match></read>
		<write echo="ascii"><data>cGZ9Nm = |"zjG","NvUYol"|~|"KsJR5","Y","o3XHX26","EmGI","uLVb"|\n</data></write>
		<read echo="ascii"><delim> </delim><match><data>\x3E </data></match></read>
		<write echo="ascii"><data>c3ffp71 = Pe393G - anRurep\n</data></write>
		<read echo="ascii"><delim> </delim><match><data>\x3E </data></match></read>
		<write echo="ascii"><data>PgRsk = |"je","0","JR57oC","f4","nTKS","zp"|-|"hcS","tPtJ","WxZ0bIH","p1LVd","nTKS","ajrmzGW","zp"|\n</data></write>
		<read echo="ascii"><delim> </delim><match><data>\x3E </data></match></read>
		<write echo="ascii"><data>VtX6xc = bZ07e + cGZ9Nm\n</data></write>
		<read echo="ascii"><delim> </delim><match><data>\x3E </data></match></read>
		<write echo="ascii"><data>QwimO = eNOcU8 + cGZ9Nm\n</data></write>
		<read echo="ascii"><delim> </delim><match><data>\x3E </data></match></read>
		<write echo="ascii"><data>.p\n</data></write>
<read echo="ascii"><delim>\n</delim><match><data>anRurep = |"oe","ITGFboO"|\n</data></match></read>
<read echo="ascii"><delim>\n</delim><match><data>wzYuB1k = |"mTBPp","lCgm7d","ews905","uiiy","Djcq"|\n</data></match></read>
<read echo="ascii"><delim>\n</delim><match><data>bZ07e = |"YUj1R33","ps","Ok9Fwl","ub1rew","yw","1aXvPy","S0p","TZSOEAe"|\n</data></match></read>
<read echo="ascii"><delim>\n</delim><match><data>Pe393G = |"RduWg","SOygTzB","3BqhWih","UvSfxr","v"|\n</data></match></read>
<read echo="ascii"><delim>\n</delim><match><data>0ZRhaXS = |"YK7","xL92s","AM","9RZZinT"|\n</data></match></read>
<read echo="ascii"><delim>\n</delim><match><data>3WXFkV = ||\n</data></match></read>
<read echo="ascii"><delim>\n</delim><match><data>eNOcU8 = |"cYPfnOd","TP3je","voVYdw","R83i","kdi7","O5zK"|\n</data></match></read>
<read echo="ascii"><delim>\n</delim><match><data>Ivak1iK = |"cYPfnOd","TP3je","voVYdw","R83i","kdi7","O5zK","YK7","xL92s","AM","9RZZinT"|\n</data></match></read>
<read echo="ascii"><delim>\n</delim><match><data>cGZ9Nm = |"zjG","NvUYol","KsJR5","Y","o3XHX26","EmGI","uLVb"|\n</data></match></read>
<read echo="ascii"><delim>\n</delim><match><data>c3ffp71 = |"RduWg","SOygTzB","3BqhWih","UvSfxr","v"|\n</data></match></read>
<read echo="ascii"><delim>\n</delim><match><data>PgRsk = |"je","0","JR57oC","f4"|\n</data></match></read>
<read echo="ascii"><delim>\n</delim><match><data>VtX6xc = |"YUj1R33","ps","Ok9Fwl","ub1rew","yw","1aXvPy","S0p","TZSOEAe","zjG","NvUYol","KsJR5","Y","o3XHX26","EmGI","uLVb"|\n</data></match></read>
<read echo="ascii"><delim>\n</delim><match><data>QwimO = |"cYPfnOd","TP3je","voVYdw","R83i","kdi7","O5zK","zjG","NvUYol","KsJR5","Y","o3XHX26","EmGI","uLVb"|\n</data></match></read>
		<read echo="ascii"><delim> </delim><match><data>\x3E </data></match></read>
		<write echo="ascii"><data>.l\n</data></write>
	</replay>
</pov>
