<?xml version="1.0" standalone="no" ?>
<!DOCTYPE pov SYSTEM "/usr/share/cgc-docs/replay.dtd"><pov>
	<cbid>CROMU_00011</cbid>
	<replay>
		<read echo="ascii"><delim> </delim><match><data>\x3E </data></match></read>
		<write echo="ascii"><data>C5h6sFA = |"WZ"|^|"GJAKkJ","pc","Gxla6Av"|\n</data></write>
		<read echo="ascii"><delim> </delim><match><data>\x3E </data></match></read>
		<write echo="ascii"><data>gTam4R6 = |"1arPjA","miG","csUX"|+|"MPJp","Cx"|\n</data></write>
		<read echo="ascii"><delim> </delim><match><data>\x3E </data></match></read>
		<write echo="ascii"><data>ngThBDJ = C5h6sFA ^ C5h6sFA\n</data></write>
		<read echo="ascii"><delim> </delim><match><data>\x3E </data></match></read>
		<write echo="ascii"><data>WJMBU = |"5d47MFc","88ralDa","O38MZQ","V3k5rxd","JoCz","HYHHB"|+|"HYHHB","V3k5rxd","3YywdE","2","C","2O","OJZ"|\n</data></write>
		<read echo="ascii"><delim> </delim><match><data>\x3E </data></match></read>
		<write echo="ascii"><data>onHgs = |"C3IsN5","3ehLR8","h0m","SN","E4LmOhP","un","wu9nURA","fawro9T","t8k","KLTKVm"|\n</data></write>
		<read echo="ascii"><delim> </delim><match><data>\x3E </data></match></read>
		<write echo="ascii"><data>COqE79 = |"t8k","un","wu9nURA","SN","C3IsN5","E4LmOhP","fawro9T","h0m","KLTKVm","TVh1CK48KQ"|\n</data></write>
		<read echo="ascii"><delim> </delim><match><data>\x3E </data></match></read>
		<write echo="ascii"><data>COqE79@onHgs\n</data></write>
		<read echo="ascii"><delim>\n</delim><match><data>FALSE\n</data></match></read>
		<read echo="ascii"><delim> </delim><match><data>\x3E </data></match></read>
		<write echo="ascii"><data>NidvI = |"gZKj","W2UvnG","BEXe0","B1HG","SfMjK","MM7qUR1","04oyU","ZTvRk"|\n</data></write>
		<read echo="ascii"><delim> </delim><match><data>\x3E </data></match></read>
		<write echo="ascii"><data>QI7iE = |"B1HG","BEXe0","ZTvRk","MM7qUR1"|\n</data></write>
		<read echo="ascii"><delim> </delim><match><data>\x3E </data></match></read>
		<write echo="ascii"><data>QI7iE@NidvI\n</data></write>
		<read echo="ascii"><delim>\n</delim><match><data>TRUE\n</data></match></read>
		<read echo="ascii"><delim> </delim><match><data>\x3E </data></match></read>
		<write echo="ascii"><data>loOoCq = |"yuq","v","SncHEjV","fGSMwM","2ydv7o","8Z"|-|"zSf","2ybyR","tI7B4Ej","L"|\n</data></write>
		<read echo="ascii"><delim> </delim><match><data>\x3E </data></match></read>
		<write echo="ascii"><data>8PNXP = |"QZ"|~|"JXM","x2F3A7","oGsBxx","AUxb","QZ","M8h1h","0kjv2K4"|\n</data></write>
		<read echo="ascii"><delim> </delim><match><data>\x3E </data></match></read>
		<write echo="ascii"><data>3TgU8l = C5h6sFA ~ gTam4R6\n</data></write>
		<read echo="ascii"><delim> </delim><match><data>\x3E </data></match></read>
		<write echo="ascii"><data>auYT7f = |"QVxzg","SCSY4nh","eBL","OZsb","TJHg4","szK","4W9B9R","NHdpio","s87D","mHpqZ4"|\n</data></write>
		<read echo="ascii"><delim> </delim><match><data>\x3E </data></match></read>
		<write echo="ascii"><data>Q2w9uNc = |"SCSY4nh","NHdpio","i6FxcDmjSd"|\n</data></write>
		<read echo="ascii"><delim> </delim><match><data>\x3E </data></match></read>
		<write echo="ascii"><data>Q2w9uNc@auYT7f\n</data></write>
		<read echo="ascii"><delim>\n</delim><match><data>FALSE\n</data></match></read>
		<read echo="ascii"><delim> </delim><match><data>\x3E </data></match></read>
		<write echo="ascii"><data>.p\n</data></write>
<read echo="ascii"><delim>\n</delim><match><data>C5h6sFA = ||\n</data></match></read>
<read echo="ascii"><delim>\n</delim><match><data>gTam4R6 = |"1arPjA","miG","csUX","MPJp","Cx"|\n</data></match></read>
<read echo="ascii"><delim>\n</delim><match><data>ngThBDJ = ||\n</data></match></read>
<read echo="ascii"><delim>\n</delim><match><data>WJMBU = |"5d47MFc","88ralDa","O38MZQ","V3k5rxd","JoCz","HYHHB","3YywdE","2","C","2O","OJZ"|\n</data></match></read>
<read echo="ascii"><delim>\n</delim><match><data>onHgs = |"C3IsN5","3ehLR8","h0m","SN","E4LmOhP","un","wu9nURA","fawro9T","t8k","KLTKVm"|\n</data></match></read>
<read echo="ascii"><delim>\n</delim><match><data>COqE79 = |"t8k","un","wu9nURA","SN","C3IsN5","E4LmOhP","fawro9T","h0m","KLTKVm","TVh1CK48KQ"|\n</data></match></read>
<read echo="ascii"><delim>\n</delim><match><data>NidvI = |"gZKj","W2UvnG","BEXe0","B1HG","SfMjK","MM7qUR1","04oyU","ZTvRk"|\n</data></match></read>
<read echo="ascii"><delim>\n</delim><match><data>QI7iE = |"B1HG","BEXe0","ZTvRk","MM7qUR1"|\n</data></match></read>
<read echo="ascii"><delim>\n</delim><match><data>loOoCq = |"yuq","v","SncHEjV","fGSMwM","2ydv7o","8Z"|\n</data></match></read>
<read echo="ascii"><delim>\n</delim><match><data>8PNXP = |"JXM","x2F3A7","oGsBxx","AUxb","M8h1h","0kjv2K4"|\n</data></match></read>
<read echo="ascii"><delim>\n</delim><match><data>3TgU8l = |"1arPjA","miG","csUX","MPJp","Cx"|\n</data></match></read>
<read echo="ascii"><delim>\n</delim><match><data>auYT7f = |"QVxzg","SCSY4nh","eBL","OZsb","TJHg4","szK","4W9B9R","NHdpio","s87D","mHpqZ4"|\n</data></match></read>
<read echo="ascii"><delim>\n</delim><match><data>Q2w9uNc = |"SCSY4nh","NHdpio","i6FxcDmjSd"|\n</data></match></read>
		<read echo="ascii"><delim> </delim><match><data>\x3E </data></match></read>
		<write echo="ascii"><data>.l\n</data></write>
	</replay>
</pov>
