<?xml version="1.0" standalone="no" ?>
<!DOCTYPE pov SYSTEM "/usr/share/cgc-docs/replay.dtd"><pov>
	<cbid>CROMU_00011</cbid>
	<replay>
		<read echo="ascii"><delim> </delim><match><data>\x3E </data></match></read>
		<write echo="ascii"><data>sqX5No = |"GQ7","oWgXTH","Hs7TXD","nVs"|~|"uEaQF9"|\n</data></write>
		<read echo="ascii"><delim> </delim><match><data>\x3E </data></match></read>
		<write echo="ascii"><data>LjDUC = |"Jin6C","kf","xq7M4L7","Oe","znQ3KL","dJ","Wa"|\n</data></write>
		<read echo="ascii"><delim> </delim><match><data>\x3E </data></match></read>
		<write echo="ascii"><data>vJHtTio = |"Oe","znQ3KL","dJ","kf","xq7M4L7","Wa","VgweKPPgL8"|\n</data></write>
		<read echo="ascii"><delim> </delim><match><data>\x3E </data></match></read>
		<write echo="ascii"><data>vJHtTio@LjDUC\n</data></write>
		<read echo="ascii"><delim>\n</delim><match><data>FALSE\n</data></match></read>
		<read echo="ascii"><delim> </delim><match><data>\x3E </data></match></read>
		<write echo="ascii"><data>PJ7OL = vJHtTio + LjDUC\n</data></write>
		<read echo="ascii"><delim> </delim><match><data>\x3E </data></match></read>
		<write echo="ascii"><data>OUIVK1l = |"Xks30","mHZIVQ","ZVsWja"|~|"Xks30","jsDM","zjsIwn","f9LMHh"|\n</data></write>
		<read echo="ascii"><delim> </delim><match><data>\x3E </data></match></read>
		<write echo="ascii"><data>UPRiMt = |"Hv","Z3N","2mL","MN"|~|"iuW"|\n</data></write>
		<read echo="ascii"><delim> </delim><match><data>\x3E </data></match></read>
		<write echo="ascii"><data>Bm4UYOEOb = OUIVK1l ^ sqX5No\n</data></write>
		<read echo="ascii"><delim> </delim><match><data>\x3E </data></match></read>
		<write echo="ascii"><data>01SrLn = |"Zcc81si","Kv","9kX","C7C","td","U9W90MF","MzYoq","nC097","JfPBhU"|\n</data></write>
		<read echo="ascii"><delim> </delim><match><data>\x3E </data></match></read>
		<write echo="ascii"><data>elGZSh = |"C7C","MzYoq","9kX","nC097","U9W90MF"|\n</data></write>
		<read echo="ascii"><delim> </delim><match><data>\x3E </data></match></read>
		<write echo="ascii"><data>elGZSh@01SrLn\n</data></write>
		<read echo="ascii"><delim>\n</delim><match><data>TRUE\n</data></match></read>
		<read echo="ascii"><delim> </delim><match><data>\x3E </data></match></read>
		<write echo="ascii"><data>clBs9 = |"kF","VW3HaUP","gdVKtC","yLICm","PuGNY","ZAkHDq","3"|+|"yLICm","L"|\n</data></write>
		<read echo="ascii"><delim> </delim><match><data>\x3E </data></match></read>
		<write echo="ascii"><data>r1zex = |"TBvf5","mdfu","JSrM","nls","v5cxtJ"|^|"XD","7DTdLzV","mdfu","xO","v5cxtJ","N4"|\n</data></write>
		<read echo="ascii"><delim> </delim><match><data>\x3E </data></match></read>
		<write echo="ascii"><data>Vig78Jz = |"76Q","s","oh","Llh4","WuE7Qy","IhTDeZ5"|+|"VSFp5","IhTDeZ5"|\n</data></write>
		<read echo="ascii"><delim> </delim><match><data>\x3E </data></match></read>
		<write echo="ascii"><data>EsPsbpA = |"Hbnw3d","lq","MI","g2fsEO","drH"|~|"Mj2FCV0","ByCdCn","Hbnw3d"|\n</data></write>
		<read echo="ascii"><delim> </delim><match><data>\x3E </data></match></read>
		<write echo="ascii"><data>.p\n</data></write>
<read echo="ascii"><delim>\n</delim><match><data>sqX5No = |"GQ7","oWgXTH","Hs7TXD","nVs","uEaQF9"|\n</data></match></read>
<read echo="ascii"><delim>\n</delim><match><data>LjDUC = |"Jin6C","kf","xq7M4L7","Oe","znQ3KL","dJ","Wa"|\n</data></match></read>
<read echo="ascii"><delim>\n</delim><match><data>vJHtTio = |"Oe","znQ3KL","dJ","kf","xq7M4L7","Wa","VgweKPPgL8"|\n</data></match></read>
<read echo="ascii"><delim>\n</delim><match><data>PJ7OL = |"Oe","znQ3KL","dJ","kf","xq7M4L7","Wa","VgweKPPgL8","Jin6C"|\n</data></match></read>
<read echo="ascii"><delim>\n</delim><match><data>OUIVK1l = |"mHZIVQ","ZVsWja","jsDM","zjsIwn","f9LMHh"|\n</data></match></read>
<read echo="ascii"><delim>\n</delim><match><data>UPRiMt = |"Hv","Z3N","2mL","MN","iuW"|\n</data></match></read>
<read echo="ascii"><delim>\n</delim><match><data>Bm4UYOEOb = ||\n</data></match></read>
<read echo="ascii"><delim>\n</delim><match><data>01SrLn = |"Zcc81si","Kv","9kX","C7C","td","U9W90MF","MzYoq","nC097","JfPBhU"|\n</data></match></read>
<read echo="ascii"><delim>\n</delim><match><data>elGZSh = |"C7C","MzYoq","9kX","nC097","U9W90MF"|\n</data></match></read>
<read echo="ascii"><delim>\n</delim><match><data>clBs9 = |"kF","VW3HaUP","gdVKtC","yLICm","PuGNY","ZAkHDq","3","L"|\n</data></match></read>
<read echo="ascii"><delim>\n</delim><match><data>r1zex = |"mdfu","v5cxtJ"|\n</data></match></read>
<read echo="ascii"><delim>\n</delim><match><data>Vig78Jz = |"76Q","s","oh","Llh4","WuE7Qy","IhTDeZ5","VSFp5"|\n</data></match></read>
<read echo="ascii"><delim>\n</delim><match><data>EsPsbpA = |"lq","MI","g2fsEO","drH","Mj2FCV0","ByCdCn"|\n</data></match></read>
		<read echo="ascii"><delim> </delim><match><data>\x3E </data></match></read>
		<write echo="ascii"><data>.l\n</data></write>
	</replay>
</pov>
