<?xml version="1.0" standalone="no" ?>
<!DOCTYPE pov SYSTEM "/usr/share/cgc-docs/replay.dtd"><pov>
	<cbid>CROMU_00011</cbid>
	<replay>
		<read echo="ascii"><delim> </delim><match><data>\x3E </data></match></read>
		<write echo="ascii"><data>HJpgLy = |"Vh9c1","pB7usg","W5S9","ii","owKzd","Vj","Lqw"|^|"Kj4mN","Lqw","owKzd","4DeB"|\n</data></write>
		<read echo="ascii"><delim> </delim><match><data>\x3E </data></match></read>
		<write echo="ascii"><data>KgW1r3 = |"ymHcCdV","qE","lpQl","0k6V24"|^|"nvEgS","uvr57","lpQl"|\n</data></write>
		<read echo="ascii"><delim> </delim><match><data>\x3E </data></match></read>
		<write echo="ascii"><data>883fH9 = HJpgLy ^ HJpgLy\n</data></write>
		<read echo="ascii"><delim> </delim><match><data>\x3E </data></match></read>
		<write echo="ascii"><data>Se9C9 = KgW1r3 ~ HJpgLy\n</data></write>
		<read echo="ascii"><delim> </delim><match><data>\x3E </data></match></read>
		<write echo="ascii"><data>ocFf8w = |"mc3","t1L","FzEJqk","Ii","pf","0Jil"|-|"1","t1L","F1","d8cU","C","JMp"|\n</data></write>
		<read echo="ascii"><delim> </delim><match><data>\x3E </data></match></read>
		<write echo="ascii"><data>PFL5eo4 = |"asbs","w3","gwzvVI"|+|"m5hhpY","asbs","LY92","Lm","piz","TA2d","tqDfFNL"|\n</data></write>
		<read echo="ascii"><delim> </delim><match><data>\x3E </data></match></read>
		<write echo="ascii"><data>7iEbYy = |"ZSCRMg","jmWje","ogOv1Y","sIIZ4","F1c0n","rUZ1rD","tkFX"|^|"wH","6hie","QnPGOE","HI4Wa","tkFX","rUZ1rD"|\n</data></write>
		<read echo="ascii"><delim> </delim><match><data>\x3E </data></match></read>
		<write echo="ascii"><data>cbNXfMi = |"eInY","sU","jungAVU","tOk58aC","r0G8z","0SKiI"|+|"r0G8z","eInY","jungAVU","E","d4"|\n</data></write>
		<read echo="ascii"><delim> </delim><match><data>\x3E </data></match></read>
		<write echo="ascii"><data>iuWCQh1 = |"B6","P8cw"|^|"7YHX","OUUxwm","fWUXZU","himLP"|\n</data></write>
		<read echo="ascii"><delim> </delim><match><data>\x3E </data></match></read>
		<write echo="ascii"><data>INFDfU0 = 883fH9 ~ KgW1r3\n</data></write>
		<read echo="ascii"><delim> </delim><match><data>\x3E </data></match></read>
		<write echo="ascii"><data>PMBGB = |"52OQz","sEsUs","fPkMW","lMpS2p","1rPaUJ","fYU","E2wR"|-|"E2wR","fPkMW","8n","tBt9"|\n</data></write>
		<read echo="ascii"><delim> </delim><match><data>\x3E </data></match></read>
		<write echo="ascii"><data>liffR = |"leP"|~|"kMV","tad87z","uD8aQ0"|\n</data></write>
		<read echo="ascii"><delim> </delim><match><data>\x3E </data></match></read>
		<write echo="ascii"><data>iNUZJ = PFL5eo4 - liffR\n</data></write>
		<read echo="ascii"><delim> </delim><match><data>\x3E </data></match></read>
		<write echo="ascii"><data>lXIgnfm = INFDfU0 + iNUZJ\n</data></write>
		<read echo="ascii"><delim> </delim><match><data>\x3E </data></match></read>
		<write echo="ascii"><data>bDZHiG = |"Hj","p5H","u6QCr","eFi","ZYT","MhD5"|\n</data></write>
		<read echo="ascii"><delim> </delim><match><data>\x3E </data></match></read>
		<write echo="ascii"><data>Z4adMt = |"Hj"|\n</data></write>
		<read echo="ascii"><delim> </delim><match><data>\x3E </data></match></read>
		<write echo="ascii"><data>Z4adMt@bDZHiG\n</data></write>
		<read echo="ascii"><delim>\n</delim><match><data>TRUE\n</data></match></read>
		<read echo="ascii"><delim> </delim><match><data>\x3E </data></match></read>
		<write echo="ascii"><data>.p\n</data></write>
<read echo="ascii"><delim>\n</delim><match><data>HJpgLy = |"owKzd","Lqw"|\n</data></match></read>
<read echo="ascii"><delim>\n</delim><match><data>KgW1r3 = |"lpQl"|\n</data></match></read>
<read echo="ascii"><delim>\n</delim><match><data>883fH9 = |"owKzd","Lqw"|\n</data></match></read>
<read echo="ascii"><delim>\n</delim><match><data>Se9C9 = |"lpQl","owKzd","Lqw"|\n</data></match></read>
<read echo="ascii"><delim>\n</delim><match><data>ocFf8w = |"mc3","FzEJqk","Ii","pf","0Jil"|\n</data></match></read>
<read echo="ascii"><delim>\n</delim><match><data>PFL5eo4 = |"asbs","w3","gwzvVI","m5hhpY","LY92","Lm","piz","TA2d","tqDfFNL"|\n</data></match></read>
<read echo="ascii"><delim>\n</delim><match><data>7iEbYy = |"rUZ1rD","tkFX"|\n</data></match></read>
<read echo="ascii"><delim>\n</delim><match><data>cbNXfMi = |"eInY","sU","jungAVU","tOk58aC","r0G8z","0SKiI","E","d4"|\n</data></match></read>
<read echo="ascii"><delim>\n</delim><match><data>iuWCQh1 = ||\n</data></match></read>
<read echo="ascii"><delim>\n</delim><match><data>INFDfU0 = |"owKzd","Lqw","lpQl"|\n</data></match></read>
<read echo="ascii"><delim>\n</delim><match><data>PMBGB = |"52OQz","sEsUs","lMpS2p","1rPaUJ","fYU"|\n</data></match></read>
<read echo="ascii"><delim>\n</delim><match><data>liffR = |"leP","kMV","tad87z","uD8aQ0"|\n</data></match></read>
<read echo="ascii"><delim>\n</delim><match><data>iNUZJ = |"asbs","w3","gwzvVI","m5hhpY","LY92","Lm","piz","TA2d","tqDfFNL"|\n</data></match></read>
<read echo="ascii"><delim>\n</delim><match><data>lXIgnfm = |"owKzd","Lqw","lpQl","asbs","w3","gwzvVI","m5hhpY","LY92","Lm","piz","TA2d","tqDfFNL"|\n</data></match></read>
<read echo="ascii"><delim>\n</delim><match><data>bDZHiG = |"Hj","p5H","u6QCr","eFi","ZYT","MhD5"|\n</data></match></read>
<read echo="ascii"><delim>\n</delim><match><data>Z4adMt = |"Hj"|\n</data></match></read>
		<read echo="ascii"><delim> </delim><match><data>\x3E </data></match></read>
		<write echo="ascii"><data>.l\n</data></write>
	</replay>
</pov>
