<?xml version="1.0" standalone="no" ?>
<!DOCTYPE pov SYSTEM "/usr/share/cgc-docs/replay.dtd"><pov>
	<cbid>CROMU_00011</cbid>
	<replay>
		<read echo="ascii"><delim> </delim><match><data>\x3E </data></match></read>
		<write echo="ascii"><data>5JixC9I = |"WvamVF","mVw6j38","m"|-|"Rav6","YFq","iiM","HjC","m","w"|\n</data></write>
		<read echo="ascii"><delim> </delim><match><data>\x3E </data></match></read>
		<write echo="ascii"><data>azXmm = |"y","nztS","4od","SMO7G","4P"|-|"aHemyc","yF","gDV5PWJ","yyAK"|\n</data></write>
		<read echo="ascii"><delim> </delim><match><data>\x3E </data></match></read>
		<write echo="ascii"><data>QX0bqTo = |"1Gx4t","47y","pF4gA"|~|"pF4gA","GvcmykJ","abjbZBE","k2z5ml","fO"|\n</data></write>
		<read echo="ascii"><delim> </delim><match><data>\x3E </data></match></read>
		<write echo="ascii"><data>xPDNrV = |"Xl62","bJibn","QhGyz","ar","lZPmUp","XO","aBq","AUkmh6h","rC4m"|\n</data></write>
		<read echo="ascii"><delim> </delim><match><data>\x3E </data></match></read>
		<write echo="ascii"><data>ZDGMh = |"bJibn","QhGyz","XO","ar","rC4m","AUkmh6h","lZPmUp","Xl62"|\n</data></write>
		<read echo="ascii"><delim> </delim><match><data>\x3E </data></match></read>
		<write echo="ascii"><data>ZDGMh@xPDNrV\n</data></write>
		<read echo="ascii"><delim>\n</delim><match><data>TRUE\n</data></match></read>
		<read echo="ascii"><delim> </delim><match><data>\x3E </data></match></read>
		<write echo="ascii"><data>aIPma = |"yikI","8t","0TNFQ","1DZ4cDB"|-|"Pn","1DZ4cDB","M2TB","8t","g","p2VfUdE","Rh"|\n</data></write>
		<read echo="ascii"><delim> </delim><match><data>\x3E </data></match></read>
		<write echo="ascii"><data>3Lh4L = azXmm ~ xPDNrV\n</data></write>
		<read echo="ascii"><delim> </delim><match><data>\x3E </data></match></read>
		<write echo="ascii"><data>xxLU7 = |"EzEgZ","jLoB","BJFFWp4","idEZ8g7","EG","HcuZ"|\n</data></write>
		<read echo="ascii"><delim> </delim><match><data>\x3E </data></match></read>
		<write echo="ascii"><data>NdPEr = |"EzEgZ","EG","HcuZ","TAINoV0uRa"|\n</data></write>
		<read echo="ascii"><delim> </delim><match><data>\x3E </data></match></read>
		<write echo="ascii"><data>NdPEr@xxLU7\n</data></write>
		<read echo="ascii"><delim>\n</delim><match><data>FALSE\n</data></match></read>
		<read echo="ascii"><delim> </delim><match><data>\x3E </data></match></read>
		<write echo="ascii"><data>LTKry = xxLU7 ~ NdPEr\n</data></write>
		<read echo="ascii"><delim> </delim><match><data>\x3E </data></match></read>
		<write echo="ascii"><data>THszG7 = QX0bqTo ^ 5JixC9I\n</data></write>
		<read echo="ascii"><delim> </delim><match><data>\x3E </data></match></read>
		<write echo="ascii"><data>2p1bfV = |"OZU3C","3K1","tMk1","8VKV7r","zxcP0","XS5lPV","nbb","LJ","8dy2Vjk","skL0YCb"|\n</data></write>
		<read echo="ascii"><delim> </delim><match><data>\x3E </data></match></read>
		<write echo="ascii"><data>gcEyypp = |"3K1","8dy2Vjk","skL0YCb","YOLUlk5PHV"|\n</data></write>
		<read echo="ascii"><delim> </delim><match><data>\x3E </data></match></read>
		<write echo="ascii"><data>gcEyypp@2p1bfV\n</data></write>
		<read echo="ascii"><delim>\n</delim><match><data>FALSE\n</data></match></read>
		<read echo="ascii"><delim> </delim><match><data>\x3E </data></match></read>
		<write echo="ascii"><data>.p\n</data></write>
<read echo="ascii"><delim>\n</delim><match><data>5JixC9I = |"WvamVF","mVw6j38"|\n</data></match></read>
<read echo="ascii"><delim>\n</delim><match><data>azXmm = |"y","nztS","4od","SMO7G","4P"|\n</data></match></read>
<read echo="ascii"><delim>\n</delim><match><data>QX0bqTo = |"1Gx4t","47y","GvcmykJ","abjbZBE","k2z5ml","fO"|\n</data></match></read>
<read echo="ascii"><delim>\n</delim><match><data>xPDNrV = |"Xl62","bJibn","QhGyz","ar","lZPmUp","XO","aBq","AUkmh6h","rC4m"|\n</data></match></read>
<read echo="ascii"><delim>\n</delim><match><data>ZDGMh = |"bJibn","QhGyz","XO","ar","rC4m","AUkmh6h","lZPmUp","Xl62"|\n</data></match></read>
<read echo="ascii"><delim>\n</delim><match><data>aIPma = |"yikI","0TNFQ"|\n</data></match></read>
<read echo="ascii"><delim>\n</delim><match><data>3Lh4L = |"y","nztS","4od","SMO7G","4P","Xl62","bJibn","QhGyz","ar","lZPmUp","XO","aBq","AUkmh6h","rC4m"|\n</data></match></read>
<read echo="ascii"><delim>\n</delim><match><data>xxLU7 = |"EzEgZ","jLoB","BJFFWp4","idEZ8g7","EG","HcuZ"|\n</data></match></read>
<read echo="ascii"><delim>\n</delim><match><data>NdPEr = |"EzEgZ","EG","HcuZ","TAINoV0uRa"|\n</data></match></read>
<read echo="ascii"><delim>\n</delim><match><data>LTKry = |"jLoB","BJFFWp4","idEZ8g7","TAINoV0uRa"|\n</data></match></read>
<read echo="ascii"><delim>\n</delim><match><data>THszG7 = ||\n</data></match></read>
<read echo="ascii"><delim>\n</delim><match><data>2p1bfV = |"OZU3C","3K1","tMk1","8VKV7r","zxcP0","XS5lPV","nbb","LJ","8dy2Vjk","skL0YCb"|\n</data></match></read>
<read echo="ascii"><delim>\n</delim><match><data>gcEyypp = |"3K1","8dy2Vjk","skL0YCb","YOLUlk5PHV"|\n</data></match></read>
		<read echo="ascii"><delim> </delim><match><data>\x3E </data></match></read>
		<write echo="ascii"><data>.l\n</data></write>
	</replay>
</pov>
