<?xml version="1.0" standalone="no" ?>
<!DOCTYPE pov SYSTEM "/usr/share/cgc-docs/replay.dtd"><pov>
	<cbid>CROMU_00011</cbid>
	<replay>
		<read echo="ascii"><delim> </delim><match><data>\x3E </data></match></read>
		<write echo="ascii"><data>kj9rYY = |"Ck9UK7","qsJwa8f"|^|"GZyWRD","JSCoGn","25TGPU","lUMoK3u","xU","xz","gAZpCB"|\n</data></write>
		<read echo="ascii"><delim> </delim><match><data>\x3E </data></match></read>
		<write echo="ascii"><data>WK0Ug = kj9rYY + kj9rYY\n</data></write>
		<read echo="ascii"><delim> </delim><match><data>\x3E </data></match></read>
		<write echo="ascii"><data>TuUqWM7 = WK0Ug + kj9rYY\n</data></write>
		<read echo="ascii"><delim> </delim><match><data>\x3E </data></match></read>
		<write echo="ascii"><data>Kjjrbm = kj9rYY - WK0Ug\n</data></write>
		<read echo="ascii"><delim> </delim><match><data>\x3E </data></match></read>
		<write echo="ascii"><data>0MiZZSH = |"vVF1XSr","nZ","rdV0B","0zB","z","kl8xoN8","OLFG2"|-|"IZlsixE","rdV0B","yrNnf","kl8xoN8","D","aynvly","tU4I"|\n</data></write>
		<read echo="ascii"><delim> </delim><match><data>\x3E </data></match></read>
		<write echo="ascii"><data>dX9jms = TuUqWM7 + WK0Ug\n</data></write>
		<read echo="ascii"><delim> </delim><match><data>\x3E </data></match></read>
		<write echo="ascii"><data>BVMHNM = |"U9y607","svZ","Xo5ZOaO"|^|"rsLL8z","E6bIc","FuRzZnt","DWR2NK5","idUUhd"|\n</data></write>
		<read echo="ascii"><delim> </delim><match><data>\x3E </data></match></read>
		<write echo="ascii"><data>eYoVIhtcbg = Kjjrbm ^ TuUqWM7\n</data></write>
		<read echo="ascii"><delim> </delim><match><data>\x3E </data></match></read>
		<write echo="ascii"><data>G7tLxiv = kj9rYY - 0MiZZSH\n</data></write>
		<read echo="ascii"><delim> </delim><match><data>\x3E </data></match></read>
		<write echo="ascii"><data>5IzkY = |"EF3","K09","nYIf","y7zB9","VtEuZ0","xg2Uh","02RD5I"|-|"8bmDO6n","eUD1A","s","nYIf","UD9"|\n</data></write>
		<read echo="ascii"><delim> </delim><match><data>\x3E </data></match></read>
		<write echo="ascii"><data>5Xcoca3St = TuUqWM7 ^ WK0Ug\n</data></write>
		<read echo="ascii"><delim> </delim><match><data>\x3E </data></match></read>
		<write echo="ascii"><data>vxNdWG = eYoVIhtcbg ~ dX9jms\n</data></write>
		<read echo="ascii"><delim> </delim><match><data>\x3E </data></match></read>
		<write echo="ascii"><data>eJCQhY = vxNdWG ~ 0MiZZSH\n</data></write>
		<read echo="ascii"><delim> </delim><match><data>\x3E </data></match></read>
		<write echo="ascii"><data>gkabGpI = |"G","U","QzxN0Y","UeOe6K"|~|"JBjXJ","uRlD","EI","G","t","u","wgA"|\n</data></write>
		<read echo="ascii"><delim> </delim><match><data>\x3E </data></match></read>
		<write echo="ascii"><data>.p\n</data></write>
<read echo="ascii"><delim>\n</delim><match><data>kj9rYY = ||\n</data></match></read>
<read echo="ascii"><delim>\n</delim><match><data>WK0Ug = ||\n</data></match></read>
<read echo="ascii"><delim>\n</delim><match><data>TuUqWM7 = ||\n</data></match></read>
<read echo="ascii"><delim>\n</delim><match><data>Kjjrbm = ||\n</data></match></read>
<read echo="ascii"><delim>\n</delim><match><data>0MiZZSH = |"vVF1XSr","nZ","0zB","z","OLFG2"|\n</data></match></read>
<read echo="ascii"><delim>\n</delim><match><data>dX9jms = ||\n</data></match></read>
<read echo="ascii"><delim>\n</delim><match><data>BVMHNM = ||\n</data></match></read>
<read echo="ascii"><delim>\n</delim><match><data>eYoVIhtcbg = ||\n</data></match></read>
<read echo="ascii"><delim>\n</delim><match><data>G7tLxiv = ||\n</data></match></read>
<read echo="ascii"><delim>\n</delim><match><data>5IzkY = |"EF3","K09","y7zB9","VtEuZ0","xg2Uh","02RD5I"|\n</data></match></read>
<read echo="ascii"><delim>\n</delim><match><data>5Xcoca3St = ||\n</data></match></read>
<read echo="ascii"><delim>\n</delim><match><data>vxNdWG = ||\n</data></match></read>
<read echo="ascii"><delim>\n</delim><match><data>eJCQhY = |"vVF1XSr","nZ","0zB","z","OLFG2"|\n</data></match></read>
<read echo="ascii"><delim>\n</delim><match><data>gkabGpI = |"U","QzxN0Y","UeOe6K","JBjXJ","uRlD","EI","t","u","wgA"|\n</data></match></read>
		<read echo="ascii"><delim> </delim><match><data>\x3E </data></match></read>
		<write echo="ascii"><data>.l\n</data></write>
	</replay>
</pov>
