<?xml version="1.0" standalone="no" ?>
<!DOCTYPE pov SYSTEM "/usr/share/cgc-docs/replay.dtd"><pov>
	<cbid>CROMU_00011</cbid>
	<replay>
		<read echo="ascii"><delim> </delim><match><data>\x3E </data></match></read>
		<write echo="ascii"><data>uivRS = |"fmgSqef","PH","2U","3zJ2","c0l","Qis"|^|"Pre","ZWfIg"|\n</data></write>
		<read echo="ascii"><delim> </delim><match><data>\x3E </data></match></read>
		<write echo="ascii"><data>VdkWI = |"b","lw"|+|"WOB4y","gO02","b","Pe","uQOVy"|\n</data></write>
		<read echo="ascii"><delim> </delim><match><data>\x3E </data></match></read>
		<write echo="ascii"><data>D8XgVR = |"QmZ","BMyTm","cX7J"|-|"fl","cX7J","BMyTm"|\n</data></write>
		<read echo="ascii"><delim> </delim><match><data>\x3E </data></match></read>
		<write echo="ascii"><data>VEVNa = |"oIeRRNb","OT","W4B","0WwS","pz0Zka1"|+|"W4B","0WwS","A5Tr","0c"|\n</data></write>
		<read echo="ascii"><delim> </delim><match><data>\x3E </data></match></read>
		<write echo="ascii"><data>ApsnfQ = |"UKbBX0o"|~|"GmJc","y","UKbBX0o","jvIAs","R","HEhK"|\n</data></write>
		<read echo="ascii"><delim> </delim><match><data>\x3E </data></match></read>
		<write echo="ascii"><data>NiZ4G = VEVNa - uivRS\n</data></write>
		<read echo="ascii"><delim> </delim><match><data>\x3E </data></match></read>
		<write echo="ascii"><data>L6lPm = |"FHzu"|+|"K","mm","Yg2LJ","Ks","MUfQVL","hEE"|\n</data></write>
		<read echo="ascii"><delim> </delim><match><data>\x3E </data></match></read>
		<write echo="ascii"><data>0uv6lgz5E = VEVNa ^ VEVNa\n</data></write>
		<read echo="ascii"><delim> </delim><match><data>\x3E </data></match></read>
		<write echo="ascii"><data>m2Bd8FL = |"oJH","99P","hvsTvu","bpL2sVR","zXbSB7G","K8kinMt","2hCVW","Cg","QvsT0DF"|\n</data></write>
		<read echo="ascii"><delim> </delim><match><data>\x3E </data></match></read>
		<write echo="ascii"><data>pIPbq = |"2hCVW","bpL2sVR","LRHfKAOSk7"|\n</data></write>
		<read echo="ascii"><delim> </delim><match><data>\x3E </data></match></read>
		<write echo="ascii"><data>pIPbq@m2Bd8FL\n</data></write>
		<read echo="ascii"><delim>\n</delim><match><data>FALSE\n</data></match></read>
		<read echo="ascii"><delim> </delim><match><data>\x3E </data></match></read>
		<write echo="ascii"><data>ic3Culs = |"vjAc","De","A2y","jE","pqCw","ZL","hs"|^|"zTd","2O5wpQ","65ZSt","VOPim","U97bvK"|\n</data></write>
		<read echo="ascii"><delim> </delim><match><data>\x3E </data></match></read>
		<write echo="ascii"><data>iraXh = NiZ4G + VdkWI\n</data></write>
		<read echo="ascii"><delim> </delim><match><data>\x3E </data></match></read>
		<write echo="ascii"><data>bBsM1P9 = L6lPm - L6lPm\n</data></write>
		<read echo="ascii"><delim> </delim><match><data>\x3E </data></match></read>
		<write echo="ascii"><data>sW177lu = |"dWa","y7Rzm","vrm","v","h6l1U","aqQ8Pg1"|+|"ASrkXb","dWa"|\n</data></write>
		<read echo="ascii"><delim> </delim><match><data>\x3E </data></match></read>
		<write echo="ascii"><data>gmO4RvG = |"DlG3","qZ","1pf46","P3FvF","5nb","lB","Vyjly2"|-|"oLcksy","w0soK","8U","BlPMwBV","1pf46","DlG3"|\n</data></write>
		<read echo="ascii"><delim> </delim><match><data>\x3E </data></match></read>
		<write echo="ascii"><data>.p\n</data></write>
<read echo="ascii"><delim>\n</delim><match><data>uivRS = ||\n</data></match></read>
<read echo="ascii"><delim>\n</delim><match><data>VdkWI = |"b","lw","WOB4y","gO02","Pe","uQOVy"|\n</data></match></read>
<read echo="ascii"><delim>\n</delim><match><data>D8XgVR = |"QmZ"|\n</data></match></read>
<read echo="ascii"><delim>\n</delim><match><data>VEVNa = |"oIeRRNb","OT","W4B","0WwS","pz0Zka1","A5Tr","0c"|\n</data></match></read>
<read echo="ascii"><delim>\n</delim><match><data>ApsnfQ = |"GmJc","y","jvIAs","R","HEhK"|\n</data></match></read>
<read echo="ascii"><delim>\n</delim><match><data>NiZ4G = |"oIeRRNb","OT","W4B","0WwS","pz0Zka1","A5Tr","0c"|\n</data></match></read>
<read echo="ascii"><delim>\n</delim><match><data>L6lPm = |"FHzu","K","mm","Yg2LJ","Ks","MUfQVL","hEE"|\n</data></match></read>
<read echo="ascii"><delim>\n</delim><match><data>0uv6lgz5E = |"oIeRRNb","OT","W4B","0WwS","pz0Zka1","A5Tr","0c"|\n</data></match></read>
<read echo="ascii"><delim>\n</delim><match><data>m2Bd8FL = |"oJH","99P","hvsTvu","bpL2sVR","zXbSB7G","K8kinMt","2hCVW","Cg","QvsT0DF"|\n</data></match></read>
<read echo="ascii"><delim>\n</delim><match><data>pIPbq = |"2hCVW","bpL2sVR","LRHfKAOSk7"|\n</data></match></read>
<read echo="ascii"><delim>\n</delim><match><data>ic3Culs = ||\n</data></match></read>
<read echo="ascii"><delim>\n</delim><match><data>iraXh = |"oIeRRNb","OT","W4B","0WwS","pz0Zka1","A5Tr","0c","b","lw","WOB4y","gO02","Pe","uQOVy"|\n</data></match></read>
<read echo="ascii"><delim>\n</delim><match><data>bBsM1P9 = ||\n</data></match></read>
<read echo="ascii"><delim>\n</delim><match><data>sW177lu = |"dWa","y7Rzm","vrm","v","h6l1U","aqQ8Pg1","ASrkXb"|\n</data></match></read>
<read echo="ascii"><delim>\n</delim><match><data>gmO4RvG = |"qZ","P3FvF","5nb","lB","Vyjly2"|\n</data></match></read>
		<read echo="ascii"><delim> </delim><match><data>\x3E </data></match></read>
		<write echo="ascii"><data>.l\n</data></write>
	</replay>
</pov>
