<?xml version="1.0" standalone="no" ?>
<!DOCTYPE pov SYSTEM "/usr/share/cgc-docs/replay.dtd"><pov>
	<cbid>CROMU_00011</cbid>
	<replay>
		<read echo="ascii"><delim> </delim><match><data>\x3E </data></match></read>
		<write echo="ascii"><data>DoZCf = |"UvHqg3y","4J5ULX"|+|"laq","UvHqg3y"|\n</data></write>
		<read echo="ascii"><delim> </delim><match><data>\x3E </data></match></read>
		<write echo="ascii"><data>rA9Li4 = |"qEX","p","NMcxhXK","Yil","jfccPU"|-|"Mm0M3","NMcxhXK","nF32GSa"|\n</data></write>
		<read echo="ascii"><delim> </delim><match><data>\x3E </data></match></read>
		<write echo="ascii"><data>J1XFai = |"53LkJ8","Oz","fBjj","XBgEW","jZL9L7","yquyoqI","VlW","o5tdO"|\n</data></write>
		<read echo="ascii"><delim> </delim><match><data>\x3E </data></match></read>
		<write echo="ascii"><data>9RsRJpd = |"Oz","o5tdO","XBgEW","53LkJ8","jZL9L7","fBjj","yquyoqI"|\n</data></write>
		<read echo="ascii"><delim> </delim><match><data>\x3E </data></match></read>
		<write echo="ascii"><data>9RsRJpd@J1XFai\n</data></write>
		<read echo="ascii"><delim>\n</delim><match><data>TRUE\n</data></match></read>
		<read echo="ascii"><delim> </delim><match><data>\x3E </data></match></read>
		<write echo="ascii"><data>YIOGD8 = rA9Li4 + rA9Li4\n</data></write>
		<read echo="ascii"><delim> </delim><match><data>\x3E </data></match></read>
		<write echo="ascii"><data>SZWIb = |"KZ12ss","tg","04yM","iB"|-|"e7hJr6","iB","NzZmI","s","4R","tg","04yM"|\n</data></write>
		<read echo="ascii"><delim> </delim><match><data>\x3E </data></match></read>
		<write echo="ascii"><data>AFrLZSt = rA9Li4 ~ J1XFai\n</data></write>
		<read echo="ascii"><delim> </delim><match><data>\x3E </data></match></read>
		<write echo="ascii"><data>Y8VLtTEou = AFrLZSt ^ YIOGD8\n</data></write>
		<read echo="ascii"><delim> </delim><match><data>\x3E </data></match></read>
		<write echo="ascii"><data>ZZMy9n = YIOGD8 ~ J1XFai\n</data></write>
		<read echo="ascii"><delim> </delim><match><data>\x3E </data></match></read>
		<write echo="ascii"><data>hDPRs = |"cjlyh","8dDDSv","R"|+|"y"|\n</data></write>
		<read echo="ascii"><delim> </delim><match><data>\x3E </data></match></read>
		<write echo="ascii"><data>hdQABAG = hDPRs - SZWIb\n</data></write>
		<read echo="ascii"><delim> </delim><match><data>\x3E </data></match></read>
		<write echo="ascii"><data>.p\n</data></write>
<read echo="ascii"><delim>\n</delim><match><data>DoZCf = |"UvHqg3y","4J5ULX","laq"|\n</data></match></read>
<read echo="ascii"><delim>\n</delim><match><data>rA9Li4 = |"qEX","p","Yil","jfccPU"|\n</data></match></read>
<read echo="ascii"><delim>\n</delim><match><data>J1XFai = |"53LkJ8","Oz","fBjj","XBgEW","jZL9L7","yquyoqI","VlW","o5tdO"|\n</data></match></read>
<read echo="ascii"><delim>\n</delim><match><data>9RsRJpd = |"Oz","o5tdO","XBgEW","53LkJ8","jZL9L7","fBjj","yquyoqI"|\n</data></match></read>
<read echo="ascii"><delim>\n</delim><match><data>YIOGD8 = |"qEX","p","Yil","jfccPU"|\n</data></match></read>
<read echo="ascii"><delim>\n</delim><match><data>SZWIb = |"KZ12ss"|\n</data></match></read>
<read echo="ascii"><delim>\n</delim><match><data>AFrLZSt = |"qEX","p","Yil","jfccPU","53LkJ8","Oz","fBjj","XBgEW","jZL9L7","yquyoqI","VlW","o5tdO"|\n</data></match></read>
<read echo="ascii"><delim>\n</delim><match><data>Y8VLtTEou = |"qEX","p","Yil","jfccPU"|\n</data></match></read>
<read echo="ascii"><delim>\n</delim><match><data>ZZMy9n = |"qEX","p","Yil","jfccPU","53LkJ8","Oz","fBjj","XBgEW","jZL9L7","yquyoqI","VlW","o5tdO"|\n</data></match></read>
<read echo="ascii"><delim>\n</delim><match><data>hDPRs = |"cjlyh","8dDDSv","R","y"|\n</data></match></read>
<read echo="ascii"><delim>\n</delim><match><data>hdQABAG = |"cjlyh","8dDDSv","R","y"|\n</data></match></read>
		<read echo="ascii"><delim> </delim><match><data>\x3E </data></match></read>
		<write echo="ascii"><data>.l\n</data></write>
	</replay>
</pov>
