<?xml version="1.0" standalone="no" ?>
<!DOCTYPE pov SYSTEM "/usr/share/cgc-docs/replay.dtd"><pov>
	<cbid>CROMU_00011</cbid>
	<replay>
		<read echo="ascii"><delim> </delim><match><data>\x3E </data></match></read>
		<write echo="ascii"><data>SixXS86 = |"uLXips","wM","42SdBxT","Bp","l0TuwX","lnCDFW","DSroXtA","X0m","KDoH97"|\n</data></write>
		<read echo="ascii"><delim> </delim><match><data>\x3E </data></match></read>
		<write echo="ascii"><data>JRTlSex = |"X0m","Bp","dDEAYtvGN9"|\n</data></write>
		<read echo="ascii"><delim> </delim><match><data>\x3E </data></match></read>
		<write echo="ascii"><data>JRTlSex@SixXS86\n</data></write>
		<read echo="ascii"><delim>\n</delim><match><data>FALSE\n</data></match></read>
		<read echo="ascii"><delim> </delim><match><data>\x3E </data></match></read>
		<write echo="ascii"><data>NTvlGY = SixXS86 ~ SixXS86\n</data></write>
		<read echo="ascii"><delim> </delim><match><data>\x3E </data></match></read>
		<write echo="ascii"><data>Na4uUg = |"xDR7","XIXyc","La84g"|~|"La84g","HRBjR","8W1k8e","XhVY","xDR7","C9LW6"|\n</data></write>
		<read echo="ascii"><delim> </delim><match><data>\x3E </data></match></read>
		<write echo="ascii"><data>6NdDVf = |"J8w","bDrP","VSpHhk8","o0kfGO","nNL","YoKi","Fo","Ro9P","bjh"|\n</data></write>
		<read echo="ascii"><delim> </delim><match><data>\x3E </data></match></read>
		<write echo="ascii"><data>NTZUIJk = |"Fo","VSpHhk8","Ro9P","o0kfGO","nNL","J8w"|\n</data></write>
		<read echo="ascii"><delim> </delim><match><data>\x3E </data></match></read>
		<write echo="ascii"><data>NTZUIJk@6NdDVf\n</data></write>
		<read echo="ascii"><delim>\n</delim><match><data>TRUE\n</data></match></read>
		<read echo="ascii"><delim> </delim><match><data>\x3E </data></match></read>
		<write echo="ascii"><data>eJbRr = Na4uUg - Na4uUg\n</data></write>
		<read echo="ascii"><delim> </delim><match><data>\x3E </data></match></read>
		<write echo="ascii"><data>L03Mvsq = |"ga","QQ","7V","rC","bx"|~|"9GWbW7","Fene","5","DoBknss","T1urx"|\n</data></write>
		<read echo="ascii"><delim> </delim><match><data>\x3E </data></match></read>
		<write echo="ascii"><data>PZjU58a = |"ic","SE","fQAOFqS","un","cu","qkaRZ","Dra1","qMnyQq7","LE","gv1UW"|\n</data></write>
		<read echo="ascii"><delim> </delim><match><data>\x3E </data></match></read>
		<write echo="ascii"><data>QE0yN6 = |"fQAOFqS","un","j5i6n385D6"|\n</data></write>
		<read echo="ascii"><delim> </delim><match><data>\x3E </data></match></read>
		<write echo="ascii"><data>QE0yN6@PZjU58a\n</data></write>
		<read echo="ascii"><delim>\n</delim><match><data>FALSE\n</data></match></read>
		<read echo="ascii"><delim> </delim><match><data>\x3E </data></match></read>
		<write echo="ascii"><data>OuxeW = |"AZtUZjM","0BrT","cLLWix","iS9","hd2EMF","JF","gbT"|-|"WksTlDF","F","gbT","Voc"|\n</data></write>
		<read echo="ascii"><delim> </delim><match><data>\x3E </data></match></read>
		<write echo="ascii"><data>7fAThSb = |"ew71lLT","ZPY83d","VN6cOh","bJPyqe","dbh0s","ZSHw1kf"|^|"VN6cOh","ew71lLT"|\n</data></write>
		<read echo="ascii"><delim> </delim><match><data>\x3E </data></match></read>
		<write echo="ascii"><data>SE5Gaf = |"PpTCX","p165e7"|^|"piyCM","VcoO","tP","PpTCX","j0aplW"|\n</data></write>
		<read echo="ascii"><delim> </delim><match><data>\x3E </data></match></read>
		<write echo="ascii"><data>xCes1V = |"qd0kzsx","jSgt27F","jyf","csT","vHbbd","1BLfIS","S49mhA"|+|"vWCb"|\n</data></write>
		<read echo="ascii"><delim> </delim><match><data>\x3E </data></match></read>
		<write echo="ascii"><data>.p\n</data></write>
<read echo="ascii"><delim>\n</delim><match><data>SixXS86 = |"uLXips","wM","42SdBxT","Bp","l0TuwX","lnCDFW","DSroXtA","X0m","KDoH97"|\n</data></match></read>
<read echo="ascii"><delim>\n</delim><match><data>JRTlSex = |"X0m","Bp","dDEAYtvGN9"|\n</data></match></read>
<read echo="ascii"><delim>\n</delim><match><data>NTvlGY = ||\n</data></match></read>
<read echo="ascii"><delim>\n</delim><match><data>Na4uUg = |"XIXyc","HRBjR","8W1k8e","XhVY","C9LW6"|\n</data></match></read>
<read echo="ascii"><delim>\n</delim><match><data>6NdDVf = |"J8w","bDrP","VSpHhk8","o0kfGO","nNL","YoKi","Fo","Ro9P","bjh"|\n</data></match></read>
<read echo="ascii"><delim>\n</delim><match><data>NTZUIJk = |"Fo","VSpHhk8","Ro9P","o0kfGO","nNL","J8w"|\n</data></match></read>
<read echo="ascii"><delim>\n</delim><match><data>eJbRr = ||\n</data></match></read>
<read echo="ascii"><delim>\n</delim><match><data>L03Mvsq = |"ga","QQ","7V","rC","bx","9GWbW7","Fene","5","DoBknss","T1urx"|\n</data></match></read>
<read echo="ascii"><delim>\n</delim><match><data>PZjU58a = |"ic","SE","fQAOFqS","un","cu","qkaRZ","Dra1","qMnyQq7","LE","gv1UW"|\n</data></match></read>
<read echo="ascii"><delim>\n</delim><match><data>QE0yN6 = |"fQAOFqS","un","j5i6n385D6"|\n</data></match></read>
<read echo="ascii"><delim>\n</delim><match><data>OuxeW = |"AZtUZjM","0BrT","cLLWix","iS9","hd2EMF","JF"|\n</data></match></read>
<read echo="ascii"><delim>\n</delim><match><data>7fAThSb = |"ew71lLT","VN6cOh"|\n</data></match></read>
<read echo="ascii"><delim>\n</delim><match><data>SE5Gaf = |"PpTCX"|\n</data></match></read>
<read echo="ascii"><delim>\n</delim><match><data>xCes1V = |"qd0kzsx","jSgt27F","jyf","csT","vHbbd","1BLfIS","S49mhA","vWCb"|\n</data></match></read>
		<read echo="ascii"><delim> </delim><match><data>\x3E </data></match></read>
		<write echo="ascii"><data>.l\n</data></write>
	</replay>
</pov>
