<?xml version="1.0" standalone="no" ?>
<!DOCTYPE pov SYSTEM "/usr/share/cgc-docs/replay.dtd"><pov>
	<cbid>CROMU_00011</cbid>
	<replay>
		<read echo="ascii"><delim> </delim><match><data>\x3E </data></match></read>
		<write echo="ascii"><data>sKlzWNL = |"sFXuFw","qj8","l8"|-|"WyT396","X0s","r","NGVQ34"|\n</data></write>
		<read echo="ascii"><delim> </delim><match><data>\x3E </data></match></read>
		<write echo="ascii"><data>k2jg60K = |"P","EObYuM","9x","IRHkxj2","hJQZ","Z9Io1s"|~|"v","R33"|\n</data></write>
		<read echo="ascii"><delim> </delim><match><data>\x3E </data></match></read>
		<write echo="ascii"><data>tHtaT5X = sKlzWNL - k2jg60K\n</data></write>
		<read echo="ascii"><delim> </delim><match><data>\x3E </data></match></read>
		<write echo="ascii"><data>0ZWnC = |"AgSVm","x1nU","Ek9y0Sw","QG","p5"|-|"R","oVVxvo","Qbf9c","l7","QG","p5"|\n</data></write>
		<read echo="ascii"><delim> </delim><match><data>\x3E </data></match></read>
		<write echo="ascii"><data>oAOGYoKZ = 0ZWnC ^ k2jg60K\n</data></write>
		<read echo="ascii"><delim> </delim><match><data>\x3E </data></match></read>
		<write echo="ascii"><data>pPfglzZ = |"8PKSy","W2Mdcc","LS","s","CmWs","CtfsC","PuDS"|+|"D"|\n</data></write>
		<read echo="ascii"><delim> </delim><match><data>\x3E </data></match></read>
		<write echo="ascii"><data>3BAI3 = |"5Rh","m2LzB","63BZ","UudC","LUSpsZ","t5m8Qt4"|\n</data></write>
		<read echo="ascii"><delim> </delim><match><data>\x3E </data></match></read>
		<write echo="ascii"><data>CbIHeT3 = |"m2LzB","LUSpsZ"|\n</data></write>
		<read echo="ascii"><delim> </delim><match><data>\x3E </data></match></read>
		<write echo="ascii"><data>CbIHeT3@3BAI3\n</data></write>
		<read echo="ascii"><delim>\n</delim><match><data>TRUE\n</data></match></read>
		<read echo="ascii"><delim> </delim><match><data>\x3E </data></match></read>
		<write echo="ascii"><data>xTczug6w = k2jg60K ^ oAOGYoKZ\n</data></write>
		<read echo="ascii"><delim> </delim><match><data>\x3E </data></match></read>
		<write echo="ascii"><data>ubmKzS = |"lh5fNk","v0LN"|~|"Eazi","Qf6vQ12","YVS3","Y2BlE","v0LN","uf9wd"|\n</data></write>
		<read echo="ascii"><delim> </delim><match><data>\x3E </data></match></read>
		<write echo="ascii"><data>50tz1mo = oAOGYoKZ - pPfglzZ\n</data></write>
		<read echo="ascii"><delim> </delim><match><data>\x3E </data></match></read>
		<write echo="ascii"><data>0hkZY = |"s","BiIO","yu"|+|"C","THb","Kdk","uP7X4k","gFy4u","s","aez9"|\n</data></write>
		<read echo="ascii"><delim> </delim><match><data>\x3E </data></match></read>
		<write echo="ascii"><data>YDM7K2cy = sKlzWNL ^ oAOGYoKZ\n</data></write>
		<read echo="ascii"><delim> </delim><match><data>\x3E </data></match></read>
		<write echo="ascii"><data>.p\n</data></write>
<read echo="ascii"><delim>\n</delim><match><data>sKlzWNL = |"sFXuFw","qj8","l8"|\n</data></match></read>
<read echo="ascii"><delim>\n</delim><match><data>k2jg60K = |"P","EObYuM","9x","IRHkxj2","hJQZ","Z9Io1s","v","R33"|\n</data></match></read>
<read echo="ascii"><delim>\n</delim><match><data>tHtaT5X = |"sFXuFw","qj8","l8"|\n</data></match></read>
<read echo="ascii"><delim>\n</delim><match><data>0ZWnC = |"AgSVm","x1nU","Ek9y0Sw"|\n</data></match></read>
<read echo="ascii"><delim>\n</delim><match><data>oAOGYoKZ = ||\n</data></match></read>
<read echo="ascii"><delim>\n</delim><match><data>pPfglzZ = |"8PKSy","W2Mdcc","LS","s","CmWs","CtfsC","PuDS","D"|\n</data></match></read>
<read echo="ascii"><delim>\n</delim><match><data>3BAI3 = |"5Rh","m2LzB","63BZ","UudC","LUSpsZ","t5m8Qt4"|\n</data></match></read>
<read echo="ascii"><delim>\n</delim><match><data>CbIHeT3 = |"m2LzB","LUSpsZ"|\n</data></match></read>
<read echo="ascii"><delim>\n</delim><match><data>xTczug6w = ||\n</data></match></read>
<read echo="ascii"><delim>\n</delim><match><data>ubmKzS = |"lh5fNk","Eazi","Qf6vQ12","YVS3","Y2BlE","uf9wd"|\n</data></match></read>
<read echo="ascii"><delim>\n</delim><match><data>50tz1mo = ||\n</data></match></read>
<read echo="ascii"><delim>\n</delim><match><data>0hkZY = |"s","BiIO","yu","C","THb","Kdk","uP7X4k","gFy4u","aez9"|\n</data></match></read>
<read echo="ascii"><delim>\n</delim><match><data>YDM7K2cy = ||\n</data></match></read>
		<read echo="ascii"><delim> </delim><match><data>\x3E </data></match></read>
		<write echo="ascii"><data>.l\n</data></write>
	</replay>
</pov>
