<?xml version="1.0" standalone="no" ?>
<!DOCTYPE pov SYSTEM "/usr/share/cgc-docs/replay.dtd"><pov>
	<cbid>CROMU_00011</cbid>
	<replay>
		<read echo="ascii"><delim> </delim><match><data>\x3E </data></match></read>
		<write echo="ascii"><data>SirKXDP = |"wQJ","iCvJPB","Ss","vLxMWa","3Cy3","EZC","sWe"|^|"5u9XJSL","bR","SlIF","maReHL1","3Cy3"|\n</data></write>
		<read echo="ascii"><delim> </delim><match><data>\x3E </data></match></read>
		<write echo="ascii"><data>9Bjsv9 = SirKXDP + SirKXDP\n</data></write>
		<read echo="ascii"><delim> </delim><match><data>\x3E </data></match></read>
		<write echo="ascii"><data>nvi2E = SirKXDP ~ 9Bjsv9\n</data></write>
		<read echo="ascii"><delim> </delim><match><data>\x3E </data></match></read>
		<write echo="ascii"><data>uBrry = |"0P","JRkG","iKtrHF3","7kwOyrQ","ENC","jTIvd","gH6"|^|"g3Ew","JRkG","gH6","BkkCIFA","67k","EIbPG1N","iKtrHF3"|\n</data></write>
		<read echo="ascii"><delim> </delim><match><data>\x3E </data></match></read>
		<write echo="ascii"><data>TENycJ = uBrry - SirKXDP\n</data></write>
		<read echo="ascii"><delim> </delim><match><data>\x3E </data></match></read>
		<write echo="ascii"><data>SduiQi = 9Bjsv9 ~ nvi2E\n</data></write>
		<read echo="ascii"><delim> </delim><match><data>\x3E </data></match></read>
		<write echo="ascii"><data>7KpRic = SirKXDP ~ uBrry\n</data></write>
		<read echo="ascii"><delim> </delim><match><data>\x3E </data></match></read>
		<write echo="ascii"><data>TYMy75R = |"6tm","V","V2PXq0","R","o","72Iu"|+|"DiPLV","o","72Iu","aZzUPF","blaI"|\n</data></write>
		<read echo="ascii"><delim> </delim><match><data>\x3E </data></match></read>
		<write echo="ascii"><data>pL7gnq = |"z4Z","3QIm"|+|"dap2FGu","Kv","MqA"|\n</data></write>
		<read echo="ascii"><delim> </delim><match><data>\x3E </data></match></read>
		<write echo="ascii"><data>kUte4 = |"6aE","Z","Mfl","t","Y352Cwi","U9wMBUH","6M6VjYk"|-|"6aE","k6ZC3","PeDOK"|\n</data></write>
		<read echo="ascii"><delim> </delim><match><data>\x3E </data></match></read>
		<write echo="ascii"><data>q7ZUrMX = 9Bjsv9 ^ kUte4\n</data></write>
		<read echo="ascii"><delim> </delim><match><data>\x3E </data></match></read>
		<write echo="ascii"><data>LlN16Y = |"rac","MpBE7j","0b1G3pg","i4bpN","4fXA7","ZBR6y"|^|"FVMK","i4bpN"|\n</data></write>
		<read echo="ascii"><delim> </delim><match><data>\x3E </data></match></read>
		<write echo="ascii"><data>.p\n</data></write>
<read echo="ascii"><delim>\n</delim><match><data>SirKXDP = |"3Cy3"|\n</data></match></read>
<read echo="ascii"><delim>\n</delim><match><data>9Bjsv9 = |"3Cy3"|\n</data></match></read>
<read echo="ascii"><delim>\n</delim><match><data>nvi2E = ||\n</data></match></read>
<read echo="ascii"><delim>\n</delim><match><data>uBrry = |"JRkG","iKtrHF3","gH6"|\n</data></match></read>
<read echo="ascii"><delim>\n</delim><match><data>TENycJ = |"JRkG","iKtrHF3","gH6"|\n</data></match></read>
<read echo="ascii"><delim>\n</delim><match><data>SduiQi = |"3Cy3"|\n</data></match></read>
<read echo="ascii"><delim>\n</delim><match><data>7KpRic = |"3Cy3","JRkG","iKtrHF3","gH6"|\n</data></match></read>
<read echo="ascii"><delim>\n</delim><match><data>TYMy75R = |"6tm","V","V2PXq0","R","o","72Iu","DiPLV","aZzUPF","blaI"|\n</data></match></read>
<read echo="ascii"><delim>\n</delim><match><data>pL7gnq = |"z4Z","3QIm","dap2FGu","Kv","MqA"|\n</data></match></read>
<read echo="ascii"><delim>\n</delim><match><data>kUte4 = |"Z","Mfl","t","Y352Cwi","U9wMBUH","6M6VjYk"|\n</data></match></read>
<read echo="ascii"><delim>\n</delim><match><data>q7ZUrMX = ||\n</data></match></read>
<read echo="ascii"><delim>\n</delim><match><data>LlN16Y = |"i4bpN"|\n</data></match></read>
		<read echo="ascii"><delim> </delim><match><data>\x3E </data></match></read>
		<write echo="ascii"><data>.l\n</data></write>
	</replay>
</pov>
