<?xml version="1.0" standalone="no" ?>
<!DOCTYPE pov SYSTEM "/usr/share/cgc-docs/replay.dtd"><pov>
	<cbid>CROMU_00011</cbid>
	<replay>
		<read echo="ascii"><delim> </delim><match><data>\x3E </data></match></read>
		<write echo="ascii"><data>hnIsfMe = |"ABxEFO","q4TdN","X1","xMfU6N","H8","FnYLOq"|+|"bKN","m3"|\n</data></write>
		<read echo="ascii"><delim> </delim><match><data>\x3E </data></match></read>
		<write echo="ascii"><data>wDdkW = |"dE80","cb6u","tL","AA","tCSqeH8","Qhv","uwhJO","3N6pQ","z4vuEDK"|\n</data></write>
		<read echo="ascii"><delim> </delim><match><data>\x3E </data></match></read>
		<write echo="ascii"><data>TiHUjCe = |"cb6u","z4vuEDK","dE80","AA","tCSqeH8","Qhv","uwhJO","lQ8tCug4DF"|\n</data></write>
		<read echo="ascii"><delim> </delim><match><data>\x3E </data></match></read>
		<write echo="ascii"><data>TiHUjCe@wDdkW\n</data></write>
		<read echo="ascii"><delim>\n</delim><match><data>FALSE\n</data></match></read>
		<read echo="ascii"><delim> </delim><match><data>\x3E </data></match></read>
		<write echo="ascii"><data>KTy53J = wDdkW ~ wDdkW\n</data></write>
		<read echo="ascii"><delim> </delim><match><data>\x3E </data></match></read>
		<write echo="ascii"><data>KPUqL9u = KTy53J - TiHUjCe\n</data></write>
		<read echo="ascii"><delim> </delim><match><data>\x3E </data></match></read>
		<write echo="ascii"><data>HNgidt = KPUqL9u + KTy53J\n</data></write>
		<read echo="ascii"><delim> </delim><match><data>\x3E </data></match></read>
		<write echo="ascii"><data>01EHyYk = |"h9XR","a","LdJ1","H"|-|"lb3xG","h9XR","9vQx0W","LdJ1"|\n</data></write>
		<read echo="ascii"><delim> </delim><match><data>\x3E </data></match></read>
		<write echo="ascii"><data>nLhlkHz = |"Qm","Se","yuBkwd","2","I","v58P"|~|"6iINTH","nd7N8ny","I"|\n</data></write>
		<read echo="ascii"><delim> </delim><match><data>\x3E </data></match></read>
		<write echo="ascii"><data>uy3qDv = HNgidt - nLhlkHz\n</data></write>
		<read echo="ascii"><delim> </delim><match><data>\x3E </data></match></read>
		<write echo="ascii"><data>PXUfZ = KPUqL9u ~ 01EHyYk\n</data></write>
		<read echo="ascii"><delim> </delim><match><data>\x3E </data></match></read>
		<write echo="ascii"><data>EI5hCea = |"AM29l","an","l0","fco","3mu","wSq2aK1","EVm","sl","RO6","go7kcuB"|\n</data></write>
		<read echo="ascii"><delim> </delim><match><data>\x3E </data></match></read>
		<write echo="ascii"><data>XGlQJ0y = |"an","go7kcuB","3mu","wSq2aK1","AM29l","sl","fco","RO6","EVm","d2QEej1QNz"|\n</data></write>
		<read echo="ascii"><delim> </delim><match><data>\x3E </data></match></read>
		<write echo="ascii"><data>XGlQJ0y@EI5hCea\n</data></write>
		<read echo="ascii"><delim>\n</delim><match><data>FALSE\n</data></match></read>
		<read echo="ascii"><delim> </delim><match><data>\x3E </data></match></read>
		<write echo="ascii"><data>.p\n</data></write>
<read echo="ascii"><delim>\n</delim><match><data>hnIsfMe = |"ABxEFO","q4TdN","X1","xMfU6N","H8","FnYLOq","bKN","m3"|\n</data></match></read>
<read echo="ascii"><delim>\n</delim><match><data>wDdkW = |"dE80","cb6u","tL","AA","tCSqeH8","Qhv","uwhJO","3N6pQ","z4vuEDK"|\n</data></match></read>
<read echo="ascii"><delim>\n</delim><match><data>TiHUjCe = |"cb6u","z4vuEDK","dE80","AA","tCSqeH8","Qhv","uwhJO","lQ8tCug4DF"|\n</data></match></read>
<read echo="ascii"><delim>\n</delim><match><data>KTy53J = ||\n</data></match></read>
<read echo="ascii"><delim>\n</delim><match><data>KPUqL9u = ||\n</data></match></read>
<read echo="ascii"><delim>\n</delim><match><data>HNgidt = ||\n</data></match></read>
<read echo="ascii"><delim>\n</delim><match><data>01EHyYk = |"a","H"|\n</data></match></read>
<read echo="ascii"><delim>\n</delim><match><data>nLhlkHz = |"Qm","Se","yuBkwd","2","v58P","6iINTH","nd7N8ny"|\n</data></match></read>
<read echo="ascii"><delim>\n</delim><match><data>uy3qDv = ||\n</data></match></read>
<read echo="ascii"><delim>\n</delim><match><data>PXUfZ = |"a","H"|\n</data></match></read>
<read echo="ascii"><delim>\n</delim><match><data>EI5hCea = |"AM29l","an","l0","fco","3mu","wSq2aK1","EVm","sl","RO6","go7kcuB"|\n</data></match></read>
<read echo="ascii"><delim>\n</delim><match><data>XGlQJ0y = |"an","go7kcuB","3mu","wSq2aK1","AM29l","sl","fco","RO6","EVm","d2QEej1QNz"|\n</data></match></read>
		<read echo="ascii"><delim> </delim><match><data>\x3E </data></match></read>
		<write echo="ascii"><data>.l\n</data></write>
	</replay>
</pov>
