<?xml version="1.0" standalone="no" ?>
<!DOCTYPE pov SYSTEM "/usr/share/cgc-docs/replay.dtd"><pov>
	<cbid>CROMU_00011</cbid>
	<replay>
		<read echo="ascii"><delim> </delim><match><data>\x3E </data></match></read>
		<write echo="ascii"><data>tDyhbq = |"EI","ADD","AN","ATZOa6","6YRc7","8tX","2iw0iw","XXdO","OJWbt7G"|\n</data></write>
		<read echo="ascii"><delim> </delim><match><data>\x3E </data></match></read>
		<write echo="ascii"><data>ndvqRcV = |"6YRc7","EGJn9dMfZn"|\n</data></write>
		<read echo="ascii"><delim> </delim><match><data>\x3E </data></match></read>
		<write echo="ascii"><data>ndvqRcV@tDyhbq\n</data></write>
		<read echo="ascii"><delim>\n</delim><match><data>FALSE\n</data></match></read>
		<read echo="ascii"><delim> </delim><match><data>\x3E </data></match></read>
		<write echo="ascii"><data>nDkfrh = tDyhbq ~ tDyhbq\n</data></write>
		<read echo="ascii"><delim> </delim><match><data>\x3E </data></match></read>
		<write echo="ascii"><data>osnZ1Wc = nDkfrh + ndvqRcV\n</data></write>
		<read echo="ascii"><delim> </delim><match><data>\x3E </data></match></read>
		<write echo="ascii"><data>9XxOwJ = |"3v","yC","ogTBm","YO9wl20","NB","Mv1p","weJ"|^|"NB","cXo","Yxufp","GI9lNk8"|\n</data></write>
		<read echo="ascii"><delim> </delim><match><data>\x3E </data></match></read>
		<write echo="ascii"><data>QgXzAxVRjg = 9XxOwJ ^ nDkfrh\n</data></write>
		<read echo="ascii"><delim> </delim><match><data>\x3E </data></match></read>
		<write echo="ascii"><data>T5GLE = 9XxOwJ ~ osnZ1Wc\n</data></write>
		<read echo="ascii"><delim> </delim><match><data>\x3E </data></match></read>
		<write echo="ascii"><data>NTGX4Td = tDyhbq ^ QgXzAxVRjg\n</data></write>
		<read echo="ascii"><delim> </delim><match><data>\x3E </data></match></read>
		<write echo="ascii"><data>79p5P = |"sm","hfI","hfYd9T","dB","0KJr6","k"|+|"hfYd9T","cN9My","dB","abCOdFq"|\n</data></write>
		<read echo="ascii"><delim> </delim><match><data>\x3E </data></match></read>
		<write echo="ascii"><data>Wlj7O = nDkfrh + 79p5P\n</data></write>
		<read echo="ascii"><delim> </delim><match><data>\x3E </data></match></read>
		<write echo="ascii"><data>V2TmUAx = |"7JE","VU6HrVa","Tm5Ty","cWP","dc","x7mujK","VOL4kc","k1Tot","YtwDmk","uFJG2"|\n</data></write>
		<read echo="ascii"><delim> </delim><match><data>\x3E </data></match></read>
		<write echo="ascii"><data>WppB5 = |"x7mujK","k1Tot","dc","YtwDmk","Tm5Ty","VU6HrVa","uFJG2","VOL4kc","7JE","vkcouDKnq6"|\n</data></write>
		<read echo="ascii"><delim> </delim><match><data>\x3E </data></match></read>
		<write echo="ascii"><data>WppB5@V2TmUAx\n</data></write>
		<read echo="ascii"><delim>\n</delim><match><data>FALSE\n</data></match></read>
		<read echo="ascii"><delim> </delim><match><data>\x3E </data></match></read>
		<write echo="ascii"><data>QxiTn = |"6XXBT","sxEHEC","1u","JTqV"|~|"vvePz","l7Fhi2E","1u","uX"|\n</data></write>
		<read echo="ascii"><delim> </delim><match><data>\x3E </data></match></read>
		<write echo="ascii"><data>Jb8Td = NTGX4Td ~ 9XxOwJ\n</data></write>
		<read echo="ascii"><delim> </delim><match><data>\x3E </data></match></read>
		<write echo="ascii"><data>.p\n</data></write>
<read echo="ascii"><delim>\n</delim><match><data>tDyhbq = |"EI","ADD","AN","ATZOa6","6YRc7","8tX","2iw0iw","XXdO","OJWbt7G"|\n</data></match></read>
<read echo="ascii"><delim>\n</delim><match><data>ndvqRcV = |"6YRc7","EGJn9dMfZn"|\n</data></match></read>
<read echo="ascii"><delim>\n</delim><match><data>nDkfrh = ||\n</data></match></read>
<read echo="ascii"><delim>\n</delim><match><data>osnZ1Wc = |"6YRc7","EGJn9dMfZn"|\n</data></match></read>
<read echo="ascii"><delim>\n</delim><match><data>9XxOwJ = |"NB"|\n</data></match></read>
<read echo="ascii"><delim>\n</delim><match><data>QgXzAxVRjg = ||\n</data></match></read>
<read echo="ascii"><delim>\n</delim><match><data>T5GLE = |"NB","6YRc7","EGJn9dMfZn"|\n</data></match></read>
<read echo="ascii"><delim>\n</delim><match><data>NTGX4Td = ||\n</data></match></read>
<read echo="ascii"><delim>\n</delim><match><data>79p5P = |"sm","hfI","hfYd9T","dB","0KJr6","k","cN9My","abCOdFq"|\n</data></match></read>
<read echo="ascii"><delim>\n</delim><match><data>Wlj7O = |"sm","hfI","hfYd9T","dB","0KJr6","k","cN9My","abCOdFq"|\n</data></match></read>
<read echo="ascii"><delim>\n</delim><match><data>V2TmUAx = |"7JE","VU6HrVa","Tm5Ty","cWP","dc","x7mujK","VOL4kc","k1Tot","YtwDmk","uFJG2"|\n</data></match></read>
<read echo="ascii"><delim>\n</delim><match><data>WppB5 = |"x7mujK","k1Tot","dc","YtwDmk","Tm5Ty","VU6HrVa","uFJG2","VOL4kc","7JE","vkcouDKnq6"|\n</data></match></read>
<read echo="ascii"><delim>\n</delim><match><data>QxiTn = |"6XXBT","sxEHEC","JTqV","vvePz","l7Fhi2E","uX"|\n</data></match></read>
<read echo="ascii"><delim>\n</delim><match><data>Jb8Td = |"NB"|\n</data></match></read>
		<read echo="ascii"><delim> </delim><match><data>\x3E </data></match></read>
		<write echo="ascii"><data>.l\n</data></write>
	</replay>
</pov>
