<?xml version="1.0" standalone="no" ?>
<!DOCTYPE pov SYSTEM "/usr/share/cgc-docs/replay.dtd"><pov>
	<cbid>CROMU_00011</cbid>
	<replay>
		<read echo="ascii"><delim> </delim><match><data>\x3E </data></match></read>
		<write echo="ascii"><data>Q5jpnU = |"q","3fNxI","bQCUK","mVqmb9","fADAhlK"|~|"Y","Zp"|\n</data></write>
		<read echo="ascii"><delim> </delim><match><data>\x3E </data></match></read>
		<write echo="ascii"><data>jzIrG2 = Q5jpnU ~ Q5jpnU\n</data></write>
		<read echo="ascii"><delim> </delim><match><data>\x3E </data></match></read>
		<write echo="ascii"><data>K2ECD = |"9iw","tmLvdH","PE","bBoQ8","VELKk","JOjrs"|\n</data></write>
		<read echo="ascii"><delim> </delim><match><data>\x3E </data></match></read>
		<write echo="ascii"><data>Gh9mke = |"9iw","tmLvdH"|\n</data></write>
		<read echo="ascii"><delim> </delim><match><data>\x3E </data></match></read>
		<write echo="ascii"><data>Gh9mke@K2ECD\n</data></write>
		<read echo="ascii"><delim>\n</delim><match><data>TRUE\n</data></match></read>
		<read echo="ascii"><delim> </delim><match><data>\x3E </data></match></read>
		<write echo="ascii"><data>KqcOcx = Gh9mke + K2ECD\n</data></write>
		<read echo="ascii"><delim> </delim><match><data>\x3E </data></match></read>
		<write echo="ascii"><data>DAa5cB = |"E","NcY8Lc","YcbG7ki","TUPs2","FgR","yD2Q","rK"|~|"xod"|\n</data></write>
		<read echo="ascii"><delim> </delim><match><data>\x3E </data></match></read>
		<write echo="ascii"><data>FZJQN = K2ECD ~ KqcOcx\n</data></write>
		<read echo="ascii"><delim> </delim><match><data>\x3E </data></match></read>
		<write echo="ascii"><data>RXZMIXP = |"g","C2c6zE","F"|~|"A5Nz2","5i","GnSqL","uYBYW","PhP","8i7pF0z","C2c6zE"|\n</data></write>
		<read echo="ascii"><delim> </delim><match><data>\x3E </data></match></read>
		<write echo="ascii"><data>ExW3zy6fiS = Gh9mke ^ RXZMIXP\n</data></write>
		<read echo="ascii"><delim> </delim><match><data>\x3E </data></match></read>
		<write echo="ascii"><data>2AgYslC = |"e","AUBZG2O","1NQbdYp","RY","drl","J7cOL","uA"|-|"drl","XkxqjNS","Oi0YF"|\n</data></write>
		<read echo="ascii"><delim> </delim><match><data>\x3E </data></match></read>
		<write echo="ascii"><data>VJBPv = |"0sPdX","XNvGAj","YHb","GCqVU","1fVq","89M0Z6"|^|"aKqn","iNXSKBs","6ojrU","Om9Kq","xB2QcS","YHb","cLnNUJ"|\n</data></write>
		<read echo="ascii"><delim> </delim><match><data>\x3E </data></match></read>
		<write echo="ascii"><data>ueel7 = |"pRiih","z2T","YLTIYTw","WGmJR","IW","I6F"|\n</data></write>
		<read echo="ascii"><delim> </delim><match><data>\x3E </data></match></read>
		<write echo="ascii"><data>vwMqDS = |"WGmJR","pRiih"|\n</data></write>
		<read echo="ascii"><delim> </delim><match><data>\x3E </data></match></read>
		<write echo="ascii"><data>vwMqDS@ueel7\n</data></write>
		<read echo="ascii"><delim>\n</delim><match><data>TRUE\n</data></match></read>
		<read echo="ascii"><delim> </delim><match><data>\x3E </data></match></read>
		<write echo="ascii"><data>nNTmNe = ueel7 + vwMqDS\n</data></write>
		<read echo="ascii"><delim> </delim><match><data>\x3E </data></match></read>
		<write echo="ascii"><data>.p\n</data></write>
<read echo="ascii"><delim>\n</delim><match><data>Q5jpnU = |"q","3fNxI","bQCUK","mVqmb9","fADAhlK","Y","Zp"|\n</data></match></read>
<read echo="ascii"><delim>\n</delim><match><data>jzIrG2 = ||\n</data></match></read>
<read echo="ascii"><delim>\n</delim><match><data>K2ECD = |"9iw","tmLvdH","PE","bBoQ8","VELKk","JOjrs"|\n</data></match></read>
<read echo="ascii"><delim>\n</delim><match><data>Gh9mke = |"9iw","tmLvdH"|\n</data></match></read>
<read echo="ascii"><delim>\n</delim><match><data>KqcOcx = |"9iw","tmLvdH","PE","bBoQ8","VELKk","JOjrs"|\n</data></match></read>
<read echo="ascii"><delim>\n</delim><match><data>DAa5cB = |"E","NcY8Lc","YcbG7ki","TUPs2","FgR","yD2Q","rK","xod"|\n</data></match></read>
<read echo="ascii"><delim>\n</delim><match><data>FZJQN = ||\n</data></match></read>
<read echo="ascii"><delim>\n</delim><match><data>RXZMIXP = |"g","F","A5Nz2","5i","GnSqL","uYBYW","PhP","8i7pF0z"|\n</data></match></read>
<read echo="ascii"><delim>\n</delim><match><data>ExW3zy6fiS = ||\n</data></match></read>
<read echo="ascii"><delim>\n</delim><match><data>2AgYslC = |"e","AUBZG2O","1NQbdYp","RY","J7cOL","uA"|\n</data></match></read>
<read echo="ascii"><delim>\n</delim><match><data>VJBPv = |"YHb"|\n</data></match></read>
<read echo="ascii"><delim>\n</delim><match><data>ueel7 = |"pRiih","z2T","YLTIYTw","WGmJR","IW","I6F"|\n</data></match></read>
<read echo="ascii"><delim>\n</delim><match><data>vwMqDS = |"WGmJR","pRiih"|\n</data></match></read>
<read echo="ascii"><delim>\n</delim><match><data>nNTmNe = |"pRiih","z2T","YLTIYTw","WGmJR","IW","I6F"|\n</data></match></read>
		<read echo="ascii"><delim> </delim><match><data>\x3E </data></match></read>
		<write echo="ascii"><data>.l\n</data></write>
	</replay>
</pov>
