<?xml version="1.0" standalone="no" ?>
<!DOCTYPE pov SYSTEM "/usr/share/cgc-docs/replay.dtd"><pov>
	<cbid>CROMU_00011</cbid>
	<replay>
		<read echo="ascii"><delim> </delim><match><data>\x3E </data></match></read>
		<write echo="ascii"><data>bsnKgR6 = |"CJ4","dy452c","dF0r","wOt","7v1rs","UaNZJ"|\n</data></write>
		<read echo="ascii"><delim> </delim><match><data>\x3E </data></match></read>
		<write echo="ascii"><data>C0szUwD = |"UaNZJ"|\n</data></write>
		<read echo="ascii"><delim> </delim><match><data>\x3E </data></match></read>
		<write echo="ascii"><data>C0szUwD@bsnKgR6\n</data></write>
		<read echo="ascii"><delim>\n</delim><match><data>TRUE\n</data></match></read>
		<read echo="ascii"><delim> </delim><match><data>\x3E </data></match></read>
		<write echo="ascii"><data>69yMGk = bsnKgR6 - bsnKgR6\n</data></write>
		<read echo="ascii"><delim> </delim><match><data>\x3E </data></match></read>
		<write echo="ascii"><data>M02CO = |"ZO9d","nIwJUt0","8R6KL","mu7n","PiIxefg","NcxE8zT"|^|"tE4dOKf","eyRgLH"|\n</data></write>
		<read echo="ascii"><delim> </delim><match><data>\x3E </data></match></read>
		<write echo="ascii"><data>iBvwon = |"G","6I9"|+|"Eo","oC","tLS","cbyMyX","LRMophO"|\n</data></write>
		<read echo="ascii"><delim> </delim><match><data>\x3E </data></match></read>
		<write echo="ascii"><data>8XQkpA = C0szUwD - 69yMGk\n</data></write>
		<read echo="ascii"><delim> </delim><match><data>\x3E </data></match></read>
		<write echo="ascii"><data>rWgVr = |"0KbQt4A","jA1jI","ud","hzPImIw","idF6kR","6RnSPJ","8GqykF"|^|"TMUai7c"|\n</data></write>
		<read echo="ascii"><delim> </delim><match><data>\x3E </data></match></read>
		<write echo="ascii"><data>ip3Xer = 8XQkpA ~ M02CO\n</data></write>
		<read echo="ascii"><delim> </delim><match><data>\x3E </data></match></read>
		<write echo="ascii"><data>n1LdZC = |"QFQAz"|+|"Yqab6fx","IY"|\n</data></write>
		<read echo="ascii"><delim> </delim><match><data>\x3E </data></match></read>
		<write echo="ascii"><data>8hrdMsJ = 8XQkpA + 69yMGk\n</data></write>
		<read echo="ascii"><delim> </delim><match><data>\x3E </data></match></read>
		<write echo="ascii"><data>l8TWOU = |"Ho7tcr","t9PD","z","xM","syumOZ"|~|"le59","z"|\n</data></write>
		<read echo="ascii"><delim> </delim><match><data>\x3E </data></match></read>
		<write echo="ascii"><data>.p\n</data></write>
<read echo="ascii"><delim>\n</delim><match><data>bsnKgR6 = |"CJ4","dy452c","dF0r","wOt","7v1rs","UaNZJ"|\n</data></match></read>
<read echo="ascii"><delim>\n</delim><match><data>C0szUwD = |"UaNZJ"|\n</data></match></read>
<read echo="ascii"><delim>\n</delim><match><data>69yMGk = ||\n</data></match></read>
<read echo="ascii"><delim>\n</delim><match><data>M02CO = ||\n</data></match></read>
<read echo="ascii"><delim>\n</delim><match><data>iBvwon = |"G","6I9","Eo","oC","tLS","cbyMyX","LRMophO"|\n</data></match></read>
<read echo="ascii"><delim>\n</delim><match><data>8XQkpA = |"UaNZJ"|\n</data></match></read>
<read echo="ascii"><delim>\n</delim><match><data>rWgVr = ||\n</data></match></read>
<read echo="ascii"><delim>\n</delim><match><data>ip3Xer = |"UaNZJ"|\n</data></match></read>
<read echo="ascii"><delim>\n</delim><match><data>n1LdZC = |"QFQAz","Yqab6fx","IY"|\n</data></match></read>
<read echo="ascii"><delim>\n</delim><match><data>8hrdMsJ = |"UaNZJ"|\n</data></match></read>
<read echo="ascii"><delim>\n</delim><match><data>l8TWOU = |"Ho7tcr","t9PD","xM","syumOZ","le59"|\n</data></match></read>
		<read echo="ascii"><delim> </delim><match><data>\x3E </data></match></read>
		<write echo="ascii"><data>.l\n</data></write>
	</replay>
</pov>
