<?xml version="1.0" standalone="no" ?>
<!DOCTYPE pov SYSTEM "/usr/share/cgc-docs/replay.dtd"><pov>
	<cbid>CROMU_00011</cbid>
	<replay>
		<read echo="ascii"><delim> </delim><match><data>\x3E </data></match></read>
		<write echo="ascii"><data>JkYI5 = |"fxOWZ","drt9DX","4ZDaL","xO","SqeY","ae8g"|~|"Wrw5X3","4ZDaL","SqeY","hvP0ok2","8bo"|\n</data></write>
		<read echo="ascii"><delim> </delim><match><data>\x3E </data></match></read>
		<write echo="ascii"><data>vH7SZi3 = |"iJ","Sh","tYMGB","qs","rVWE7QM"|~|"A"|\n</data></write>
		<read echo="ascii"><delim> </delim><match><data>\x3E </data></match></read>
		<write echo="ascii"><data>tRVnPC8 = |"wuN5","d"|~|"RY","tHW","7Zxh"|\n</data></write>
		<read echo="ascii"><delim> </delim><match><data>\x3E </data></match></read>
		<write echo="ascii"><data>uNYJJ = |"l2AEFJm","i8N7","6","S2O1tOV"|+|"bkXzg","49ojih5","8","DpD","Z6w4Y","4URND"|\n</data></write>
		<read echo="ascii"><delim> </delim><match><data>\x3E </data></match></read>
		<write echo="ascii"><data>E94WY0 = uNYJJ + uNYJJ\n</data></write>
		<read echo="ascii"><delim> </delim><match><data>\x3E </data></match></read>
		<write echo="ascii"><data>Y9xqwjZ = |"FIeybZ"|^|"POpLd7J","Y7HdTK","vab","PCE1H","U2PSz","y1"|\n</data></write>
		<read echo="ascii"><delim> </delim><match><data>\x3E </data></match></read>
		<write echo="ascii"><data>JrslXK = |"cxmlV","PHDe6","99iXDUc","zLjET","udR","A5e0t","B4E","7PBbfw"|\n</data></write>
		<read echo="ascii"><delim> </delim><match><data>\x3E </data></match></read>
		<write echo="ascii"><data>TIwXPMg = |"B4E","udR","A5e0t","PHDe6","zLjET","7PBbfw","99iXDUc","PRW7dpOMtr"|\n</data></write>
		<read echo="ascii"><delim> </delim><match><data>\x3E </data></match></read>
		<write echo="ascii"><data>TIwXPMg@JrslXK\n</data></write>
		<read echo="ascii"><delim>\n</delim><match><data>FALSE\n</data></match></read>
		<read echo="ascii"><delim> </delim><match><data>\x3E </data></match></read>
		<write echo="ascii"><data>FprFPr = |"Hs7XjC","2PD6"|~|"Ey3tx","9RQkh"|\n</data></write>
		<read echo="ascii"><delim> </delim><match><data>\x3E </data></match></read>
		<write echo="ascii"><data>ktorO = JkYI5 - TIwXPMg\n</data></write>
		<read echo="ascii"><delim> </delim><match><data>\x3E </data></match></read>
		<write echo="ascii"><data>.p\n</data></write>
<read echo="ascii"><delim>\n</delim><match><data>JkYI5 = |"fxOWZ","drt9DX","xO","ae8g","Wrw5X3","hvP0ok2","8bo"|\n</data></match></read>
<read echo="ascii"><delim>\n</delim><match><data>vH7SZi3 = |"iJ","Sh","tYMGB","qs","rVWE7QM","A"|\n</data></match></read>
<read echo="ascii"><delim>\n</delim><match><data>tRVnPC8 = |"wuN5","d","RY","tHW","7Zxh"|\n</data></match></read>
<read echo="ascii"><delim>\n</delim><match><data>uNYJJ = |"l2AEFJm","i8N7","6","S2O1tOV","bkXzg","49ojih5","8","DpD","Z6w4Y","4URND"|\n</data></match></read>
<read echo="ascii"><delim>\n</delim><match><data>E94WY0 = |"l2AEFJm","i8N7","6","S2O1tOV","bkXzg","49ojih5","8","DpD","Z6w4Y","4URND"|\n</data></match></read>
<read echo="ascii"><delim>\n</delim><match><data>Y9xqwjZ = ||\n</data></match></read>
<read echo="ascii"><delim>\n</delim><match><data>JrslXK = |"cxmlV","PHDe6","99iXDUc","zLjET","udR","A5e0t","B4E","7PBbfw"|\n</data></match></read>
<read echo="ascii"><delim>\n</delim><match><data>TIwXPMg = |"B4E","udR","A5e0t","PHDe6","zLjET","7PBbfw","99iXDUc","PRW7dpOMtr"|\n</data></match></read>
<read echo="ascii"><delim>\n</delim><match><data>FprFPr = |"Hs7XjC","2PD6","Ey3tx","9RQkh"|\n</data></match></read>
<read echo="ascii"><delim>\n</delim><match><data>ktorO = |"fxOWZ","drt9DX","xO","ae8g","Wrw5X3","hvP0ok2","8bo"|\n</data></match></read>
		<read echo="ascii"><delim> </delim><match><data>\x3E </data></match></read>
		<write echo="ascii"><data>.l\n</data></write>
	</replay>
</pov>
