<?xml version="1.0" standalone="no" ?>
<!DOCTYPE pov SYSTEM "/usr/share/cgc-docs/replay.dtd"><pov>
	<cbid>CROMU_00011</cbid>
	<replay>
		<read echo="ascii"><delim> </delim><match><data>\x3E </data></match></read>
		<write echo="ascii"><data>QpzfMm = |"CT","xx5Azwy","SFmZ","pj08aYq","LMH","iK","y4NK"|^|"HlezTR","qKzMTms","xx5Azwy"|\n</data></write>
		<read echo="ascii"><delim> </delim><match><data>\x3E </data></match></read>
		<write echo="ascii"><data>pq36rsI = |"9UiVUF"|+|"r6"|\n</data></write>
		<read echo="ascii"><delim> </delim><match><data>\x3E </data></match></read>
		<write echo="ascii"><data>vPfSU = QpzfMm + pq36rsI\n</data></write>
		<read echo="ascii"><delim> </delim><match><data>\x3E </data></match></read>
		<write echo="ascii"><data>xpFMo = vPfSU - vPfSU\n</data></write>
		<read echo="ascii"><delim> </delim><match><data>\x3E </data></match></read>
		<write echo="ascii"><data>FANsn90 = |"uTx","GkKFmhF","Zdm","GXJ4taM","UK4r0","yfj","beU2ZD"|\n</data></write>
		<read echo="ascii"><delim> </delim><match><data>\x3E </data></match></read>
		<write echo="ascii"><data>A2XbO = |"Zdm","GkKFmhF","beU2ZD","UK4r0","GXJ4taM","uTx","xN4qEeu9um"|\n</data></write>
		<read echo="ascii"><delim> </delim><match><data>\x3E </data></match></read>
		<write echo="ascii"><data>A2XbO@FANsn90\n</data></write>
		<read echo="ascii"><delim>\n</delim><match><data>FALSE\n</data></match></read>
		<read echo="ascii"><delim> </delim><match><data>\x3E </data></match></read>
		<write echo="ascii"><data>MQcg7an = |"kVSb","WpMqNwf","jaZ","Ge4CK2","nc0","hFYv5"|\n</data></write>
		<read echo="ascii"><delim> </delim><match><data>\x3E </data></match></read>
		<write echo="ascii"><data>WbNZr = |"Ge4CK2"|\n</data></write>
		<read echo="ascii"><delim> </delim><match><data>\x3E </data></match></read>
		<write echo="ascii"><data>WbNZr@MQcg7an\n</data></write>
		<read echo="ascii"><delim>\n</delim><match><data>TRUE\n</data></match></read>
		<read echo="ascii"><delim> </delim><match><data>\x3E </data></match></read>
		<write echo="ascii"><data>JCsRyKg = |"k62","hd2WvDt","22"|^|"j1Hp","qtmdgL","hd2WvDt","Wxe7GEj","zIPp","FT","t7Mfc"|\n</data></write>
		<read echo="ascii"><delim> </delim><match><data>\x3E </data></match></read>
		<write echo="ascii"><data>3IcCh = |"AZd","2","f2MxbH","vyW5g5K","bC","cdP"|-|"bC","K9D","2","y7","AZd","WbrsvQ","Y"|\n</data></write>
		<read echo="ascii"><delim> </delim><match><data>\x3E </data></match></read>
		<write echo="ascii"><data>pFfQ3y0 = pq36rsI ~ vPfSU\n</data></write>
		<read echo="ascii"><delim> </delim><match><data>\x3E </data></match></read>
		<write echo="ascii"><data>s6HwZT1 = WbNZr ~ vPfSU\n</data></write>
		<read echo="ascii"><delim> </delim><match><data>\x3E </data></match></read>
		<write echo="ascii"><data>rNUgL9e = 3IcCh ~ vPfSU\n</data></write>
		<read echo="ascii"><delim> </delim><match><data>\x3E </data></match></read>
		<write echo="ascii"><data>znccDk = |"vlDn","dKHtaL","pieMvNk","BBaI","96","sGslk","2iI","k9TrK"|\n</data></write>
		<read echo="ascii"><delim> </delim><match><data>\x3E </data></match></read>
		<write echo="ascii"><data>wDwYd = |"pieMvNk","2iI","vlDn","nr1dwdkuEq"|\n</data></write>
		<read echo="ascii"><delim> </delim><match><data>\x3E </data></match></read>
		<write echo="ascii"><data>wDwYd@znccDk\n</data></write>
		<read echo="ascii"><delim>\n</delim><match><data>FALSE\n</data></match></read>
		<read echo="ascii"><delim> </delim><match><data>\x3E </data></match></read>
		<write echo="ascii"><data>YjtWX = |"Iq","Zg27","XETFBP","YESXEj","p2s","89NoxG","gJ","eP","KvuMKRF"|\n</data></write>
		<read echo="ascii"><delim> </delim><match><data>\x3E </data></match></read>
		<write echo="ascii"><data>C1JCV = |"eP","Iq","89NoxG","Zg27","KvuMKRF","s6We1aVcDq"|\n</data></write>
		<read echo="ascii"><delim> </delim><match><data>\x3E </data></match></read>
		<write echo="ascii"><data>C1JCV@YjtWX\n</data></write>
		<read echo="ascii"><delim>\n</delim><match><data>FALSE\n</data></match></read>
		<read echo="ascii"><delim> </delim><match><data>\x3E </data></match></read>
		<write echo="ascii"><data>.p\n</data></write>
<read echo="ascii"><delim>\n</delim><match><data>QpzfMm = |"xx5Azwy"|\n</data></match></read>
<read echo="ascii"><delim>\n</delim><match><data>pq36rsI = |"9UiVUF","r6"|\n</data></match></read>
<read echo="ascii"><delim>\n</delim><match><data>vPfSU = |"xx5Azwy","9UiVUF","r6"|\n</data></match></read>
<read echo="ascii"><delim>\n</delim><match><data>xpFMo = ||\n</data></match></read>
<read echo="ascii"><delim>\n</delim><match><data>FANsn90 = |"uTx","GkKFmhF","Zdm","GXJ4taM","UK4r0","yfj","beU2ZD"|\n</data></match></read>
<read echo="ascii"><delim>\n</delim><match><data>A2XbO = |"Zdm","GkKFmhF","beU2ZD","UK4r0","GXJ4taM","uTx","xN4qEeu9um"|\n</data></match></read>
<read echo="ascii"><delim>\n</delim><match><data>MQcg7an = |"kVSb","WpMqNwf","jaZ","Ge4CK2","nc0","hFYv5"|\n</data></match></read>
<read echo="ascii"><delim>\n</delim><match><data>WbNZr = |"Ge4CK2"|\n</data></match></read>
<read echo="ascii"><delim>\n</delim><match><data>JCsRyKg = |"hd2WvDt"|\n</data></match></read>
<read echo="ascii"><delim>\n</delim><match><data>3IcCh = |"f2MxbH","vyW5g5K","cdP"|\n</data></match></read>
<read echo="ascii"><delim>\n</delim><match><data>pFfQ3y0 = |"xx5Azwy"|\n</data></match></read>
<read echo="ascii"><delim>\n</delim><match><data>s6HwZT1 = |"Ge4CK2","xx5Azwy","9UiVUF","r6"|\n</data></match></read>
<read echo="ascii"><delim>\n</delim><match><data>rNUgL9e = |"f2MxbH","vyW5g5K","cdP","xx5Azwy","9UiVUF","r6"|\n</data></match></read>
<read echo="ascii"><delim>\n</delim><match><data>znccDk = |"vlDn","dKHtaL","pieMvNk","BBaI","96","sGslk","2iI","k9TrK"|\n</data></match></read>
<read echo="ascii"><delim>\n</delim><match><data>wDwYd = |"pieMvNk","2iI","vlDn","nr1dwdkuEq"|\n</data></match></read>
<read echo="ascii"><delim>\n</delim><match><data>YjtWX = |"Iq","Zg27","XETFBP","YESXEj","p2s","89NoxG","gJ","eP","KvuMKRF"|\n</data></match></read>
<read echo="ascii"><delim>\n</delim><match><data>C1JCV = |"eP","Iq","89NoxG","Zg27","KvuMKRF","s6We1aVcDq"|\n</data></match></read>
		<read echo="ascii"><delim> </delim><match><data>\x3E </data></match></read>
		<write echo="ascii"><data>.l\n</data></write>
	</replay>
</pov>
