<?xml version="1.0" standalone="no" ?>
<!DOCTYPE pov SYSTEM "/usr/share/cgc-docs/replay.dtd"><pov>
	<cbid>CROMU_00011</cbid>
	<replay>
		<read echo="ascii"><delim> </delim><match><data>\x3E </data></match></read>
		<write echo="ascii"><data>MgvqyRJ = |"7jgUcBP","Kq","mpgah","mcr6"|^|"rD1Tu","FIk","vBgB","kvgZyC","kcVgJ0g","B7","5sRih"|\n</data></write>
		<read echo="ascii"><delim> </delim><match><data>\x3E </data></match></read>
		<write echo="ascii"><data>bkbJy = |"7fwpMec","vuu9","PSABe","9lg"|~|"9lg","E","vuu9","HE8"|\n</data></write>
		<read echo="ascii"><delim> </delim><match><data>\x3E </data></match></read>
		<write echo="ascii"><data>MdssQ = |"ktztG2","PciJb3"|^|"8B87xa","PciJb3"|\n</data></write>
		<read echo="ascii"><delim> </delim><match><data>\x3E </data></match></read>
		<write echo="ascii"><data>QawEHLc = MgvqyRJ ~ MgvqyRJ\n</data></write>
		<read echo="ascii"><delim> </delim><match><data>\x3E </data></match></read>
		<write echo="ascii"><data>fXx5os = |"1x5","cMby9p","8aN3","1","sYlhnv","03ENqz","6dlAq7s"|~|"MSyrVj2","5zW","14PF3","H1XeBE","8aN3","9DD3Izx","RRXXIY"|\n</data></write>
		<read echo="ascii"><delim> </delim><match><data>\x3E </data></match></read>
		<write echo="ascii"><data>yjPYr4D = QawEHLc + MgvqyRJ\n</data></write>
		<read echo="ascii"><delim> </delim><match><data>\x3E </data></match></read>
		<write echo="ascii"><data>Q30sI = |"iD80PBK","qC","f62og7L","Df","5HPcjg","TYaEBuk"|\n</data></write>
		<read echo="ascii"><delim> </delim><match><data>\x3E </data></match></read>
		<write echo="ascii"><data>kE0og = |"iD80PBK","Df","OV6vZL2leO"|\n</data></write>
		<read echo="ascii"><delim> </delim><match><data>\x3E </data></match></read>
		<write echo="ascii"><data>kE0og@Q30sI\n</data></write>
		<read echo="ascii"><delim>\n</delim><match><data>FALSE\n</data></match></read>
		<read echo="ascii"><delim> </delim><match><data>\x3E </data></match></read>
		<write echo="ascii"><data>uQb3ng = |"0"|~|"R8NVD"|\n</data></write>
		<read echo="ascii"><delim> </delim><match><data>\x3E </data></match></read>
		<write echo="ascii"><data>5ShkxG = |"YaQoBy","EWC","Dj","Jba0WnI","Be4"|-|"V4rj","DnCf7","qoQzsDA"|\n</data></write>
		<read echo="ascii"><delim> </delim><match><data>\x3E </data></match></read>
		<write echo="ascii"><data>7DEE322 = |"uoJY3GE","7OpoQmP","9CEwlJv"|~|"W","dSrbuD"|\n</data></write>
		<read echo="ascii"><delim> </delim><match><data>\x3E </data></match></read>
		<write echo="ascii"><data>MkpXtuM = uQb3ng ~ 7DEE322\n</data></write>
		<read echo="ascii"><delim> </delim><match><data>\x3E </data></match></read>
		<write echo="ascii"><data>oVqN9 = yjPYr4D ~ MgvqyRJ\n</data></write>
		<read echo="ascii"><delim> </delim><match><data>\x3E </data></match></read>
		<write echo="ascii"><data>.p\n</data></write>
<read echo="ascii"><delim>\n</delim><match><data>MgvqyRJ = ||\n</data></match></read>
<read echo="ascii"><delim>\n</delim><match><data>bkbJy = |"7fwpMec","PSABe","E","HE8"|\n</data></match></read>
<read echo="ascii"><delim>\n</delim><match><data>MdssQ = |"PciJb3"|\n</data></match></read>
<read echo="ascii"><delim>\n</delim><match><data>QawEHLc = ||\n</data></match></read>
<read echo="ascii"><delim>\n</delim><match><data>fXx5os = |"1x5","cMby9p","1","sYlhnv","03ENqz","6dlAq7s","MSyrVj2","5zW","14PF3","H1XeBE","9DD3Izx","RRXXIY"|\n</data></match></read>
<read echo="ascii"><delim>\n</delim><match><data>yjPYr4D = ||\n</data></match></read>
<read echo="ascii"><delim>\n</delim><match><data>Q30sI = |"iD80PBK","qC","f62og7L","Df","5HPcjg","TYaEBuk"|\n</data></match></read>
<read echo="ascii"><delim>\n</delim><match><data>kE0og = |"iD80PBK","Df","OV6vZL2leO"|\n</data></match></read>
<read echo="ascii"><delim>\n</delim><match><data>uQb3ng = |"0","R8NVD"|\n</data></match></read>
<read echo="ascii"><delim>\n</delim><match><data>5ShkxG = |"YaQoBy","EWC","Dj","Jba0WnI","Be4"|\n</data></match></read>
<read echo="ascii"><delim>\n</delim><match><data>7DEE322 = |"uoJY3GE","7OpoQmP","9CEwlJv","W","dSrbuD"|\n</data></match></read>
<read echo="ascii"><delim>\n</delim><match><data>MkpXtuM = |"0","R8NVD","uoJY3GE","7OpoQmP","9CEwlJv","W","dSrbuD"|\n</data></match></read>
<read echo="ascii"><delim>\n</delim><match><data>oVqN9 = ||\n</data></match></read>
		<read echo="ascii"><delim> </delim><match><data>\x3E </data></match></read>
		<write echo="ascii"><data>.l\n</data></write>
	</replay>
</pov>
