<?xml version="1.0" standalone="no" ?>
<!DOCTYPE pov SYSTEM "/usr/share/cgc-docs/replay.dtd"><pov>
	<cbid>CROMU_00011</cbid>
	<replay>
		<read echo="ascii"><delim> </delim><match><data>\x3E </data></match></read>
		<write echo="ascii"><data>1JtIu = |"zCOQYO0","m2ZIffS","Hl5","8gJL","a1iIl","HHmO","z1pQJA"|\n</data></write>
		<read echo="ascii"><delim> </delim><match><data>\x3E </data></match></read>
		<write echo="ascii"><data>0a8nm = |"z1pQJA","zCOQYO0","f77nIKUuu8"|\n</data></write>
		<read echo="ascii"><delim> </delim><match><data>\x3E </data></match></read>
		<write echo="ascii"><data>0a8nm@1JtIu\n</data></write>
		<read echo="ascii"><delim>\n</delim><match><data>FALSE\n</data></match></read>
		<read echo="ascii"><delim> </delim><match><data>\x3E </data></match></read>
		<write echo="ascii"><data>Uq4pEZ5 = |"TB","h9XFcY","hmdHTZa","D4"|~|"R6uEP","TB","cVNQ2N"|\n</data></write>
		<read echo="ascii"><delim> </delim><match><data>\x3E </data></match></read>
		<write echo="ascii"><data>LJgdekO = |"KAle","Dz","CtFhS","RxX","DBvTmC4","JQc","7O6v"|\n</data></write>
		<read echo="ascii"><delim> </delim><match><data>\x3E </data></match></read>
		<write echo="ascii"><data>wWTdeb = |"Dz","iEx5yjlLGn"|\n</data></write>
		<read echo="ascii"><delim> </delim><match><data>\x3E </data></match></read>
		<write echo="ascii"><data>wWTdeb@LJgdekO\n</data></write>
		<read echo="ascii"><delim>\n</delim><match><data>FALSE\n</data></match></read>
		<read echo="ascii"><delim> </delim><match><data>\x3E </data></match></read>
		<write echo="ascii"><data>9xbAwq = 0a8nm + wWTdeb\n</data></write>
		<read echo="ascii"><delim> </delim><match><data>\x3E </data></match></read>
		<write echo="ascii"><data>hTEKjWv = |"p","bzYP"|~|"dZbo","QDF2fr"|\n</data></write>
		<read echo="ascii"><delim> </delim><match><data>\x3E </data></match></read>
		<write echo="ascii"><data>sAGhX = hTEKjWv - 0a8nm\n</data></write>
		<read echo="ascii"><delim> </delim><match><data>\x3E </data></match></read>
		<write echo="ascii"><data>mihokPl = |"c8iBjAP","DLyvMuP","AFr","l2fvUm","TPzEx","Nrd","3f7Y"|+|"3f7Y"|\n</data></write>
		<read echo="ascii"><delim> </delim><match><data>\x3E </data></match></read>
		<write echo="ascii"><data>SdVOxAC = |"N","hSir5","34q7J","Ofj","sv","O8"|-|"NhWnT","9VlYK","N"|\n</data></write>
		<read echo="ascii"><delim> </delim><match><data>\x3E </data></match></read>
		<write echo="ascii"><data>UoDyCcY4Vg = 1JtIu ^ 0a8nm\n</data></write>
		<read echo="ascii"><delim> </delim><match><data>\x3E </data></match></read>
		<write echo="ascii"><data>rhK65 = 9xbAwq + UoDyCcY4Vg\n</data></write>
		<read echo="ascii"><delim> </delim><match><data>\x3E </data></match></read>
		<write echo="ascii"><data>FxSGQM = |"AVNn3","sJBJu","O4F5cu9","FqYm1","RRcHhow","J0RU6z","DQVrQ2","Tdp"|\n</data></write>
		<read echo="ascii"><delim> </delim><match><data>\x3E </data></match></read>
		<write echo="ascii"><data>HDfx5u = |"sJBJu","DQVrQ2","O4F5cu9","VPh0rU3yfg"|\n</data></write>
		<read echo="ascii"><delim> </delim><match><data>\x3E </data></match></read>
		<write echo="ascii"><data>HDfx5u@FxSGQM\n</data></write>
		<read echo="ascii"><delim>\n</delim><match><data>FALSE\n</data></match></read>
		<read echo="ascii"><delim> </delim><match><data>\x3E </data></match></read>
		<write echo="ascii"><data>NXmFs7 = |"Ykbxb"|~|"4","Td","b61U3bJ","D0C","cK2zbm","guRteB"|\n</data></write>
		<read echo="ascii"><delim> </delim><match><data>\x3E </data></match></read>
		<write echo="ascii"><data>CiIMqQv = |"1eGG1","P2"|^|"Cs0tKz"|\n</data></write>
		<read echo="ascii"><delim> </delim><match><data>\x3E </data></match></read>
		<write echo="ascii"><data>.p\n</data></write>
<read echo="ascii"><delim>\n</delim><match><data>1JtIu = |"zCOQYO0","m2ZIffS","Hl5","8gJL","a1iIl","HHmO","z1pQJA"|\n</data></match></read>
<read echo="ascii"><delim>\n</delim><match><data>0a8nm = |"z1pQJA","zCOQYO0","f77nIKUuu8"|\n</data></match></read>
<read echo="ascii"><delim>\n</delim><match><data>Uq4pEZ5 = |"h9XFcY","hmdHTZa","D4","R6uEP","cVNQ2N"|\n</data></match></read>
<read echo="ascii"><delim>\n</delim><match><data>LJgdekO = |"KAle","Dz","CtFhS","RxX","DBvTmC4","JQc","7O6v"|\n</data></match></read>
<read echo="ascii"><delim>\n</delim><match><data>wWTdeb = |"Dz","iEx5yjlLGn"|\n</data></match></read>
<read echo="ascii"><delim>\n</delim><match><data>9xbAwq = |"z1pQJA","zCOQYO0","f77nIKUuu8","Dz","iEx5yjlLGn"|\n</data></match></read>
<read echo="ascii"><delim>\n</delim><match><data>hTEKjWv = |"p","bzYP","dZbo","QDF2fr"|\n</data></match></read>
<read echo="ascii"><delim>\n</delim><match><data>sAGhX = |"p","bzYP","dZbo","QDF2fr"|\n</data></match></read>
<read echo="ascii"><delim>\n</delim><match><data>mihokPl = |"c8iBjAP","DLyvMuP","AFr","l2fvUm","TPzEx","Nrd","3f7Y"|\n</data></match></read>
<read echo="ascii"><delim>\n</delim><match><data>SdVOxAC = |"hSir5","34q7J","Ofj","sv","O8"|\n</data></match></read>
<read echo="ascii"><delim>\n</delim><match><data>UoDyCcY4Vg = |"zCOQYO0","z1pQJA"|\n</data></match></read>
<read echo="ascii"><delim>\n</delim><match><data>rhK65 = |"z1pQJA","zCOQYO0","f77nIKUuu8","Dz","iEx5yjlLGn"|\n</data></match></read>
<read echo="ascii"><delim>\n</delim><match><data>FxSGQM = |"AVNn3","sJBJu","O4F5cu9","FqYm1","RRcHhow","J0RU6z","DQVrQ2","Tdp"|\n</data></match></read>
<read echo="ascii"><delim>\n</delim><match><data>HDfx5u = |"sJBJu","DQVrQ2","O4F5cu9","VPh0rU3yfg"|\n</data></match></read>
<read echo="ascii"><delim>\n</delim><match><data>NXmFs7 = |"Ykbxb","4","Td","b61U3bJ","D0C","cK2zbm","guRteB"|\n</data></match></read>
<read echo="ascii"><delim>\n</delim><match><data>CiIMqQv = ||\n</data></match></read>
		<read echo="ascii"><delim> </delim><match><data>\x3E </data></match></read>
		<write echo="ascii"><data>.l\n</data></write>
	</replay>
</pov>
