<?xml version="1.0" standalone="no" ?>
<!DOCTYPE pov SYSTEM "/usr/share/cgc-docs/replay.dtd"><pov>
	<cbid>CROMU_00011</cbid>
	<replay>
		<read echo="ascii"><delim> </delim><match><data>\x3E </data></match></read>
		<write echo="ascii"><data>N7urZ = |"MrvDyRK","nGCW","34lq","JieVtF3","332y1ve","SrMfcn4","7tZtN","gtX"|\n</data></write>
		<read echo="ascii"><delim> </delim><match><data>\x3E </data></match></read>
		<write echo="ascii"><data>w0SLx = |"gtX","MrvDyRK","332y1ve","34lq","SrMfcn4","nGCW","7tZtN"|\n</data></write>
		<read echo="ascii"><delim> </delim><match><data>\x3E </data></match></read>
		<write echo="ascii"><data>w0SLx@N7urZ\n</data></write>
		<read echo="ascii"><delim>\n</delim><match><data>TRUE\n</data></match></read>
		<read echo="ascii"><delim> </delim><match><data>\x3E </data></match></read>
		<write echo="ascii"><data>gHksKgp = N7urZ ^ w0SLx\n</data></write>
		<read echo="ascii"><delim> </delim><match><data>\x3E </data></match></read>
		<write echo="ascii"><data>51TvQts = |"TD8X","rZLOk","U7e4","JT2r","UwibOH","oFwG","jtmO1"|~|"oFwG","U7e4","Wraw1Xd","o","EIHejx3","tx2Ulh","bPdfdhs"|\n</data></write>
		<read echo="ascii"><delim> </delim><match><data>\x3E </data></match></read>
		<write echo="ascii"><data>HbNla = gHksKgp - w0SLx\n</data></write>
		<read echo="ascii"><delim> </delim><match><data>\x3E </data></match></read>
		<write echo="ascii"><data>fAkJD = |"iB","Rn3"|^|"O8kl","iB","TofGmh","AGZDqQ5"|\n</data></write>
		<read echo="ascii"><delim> </delim><match><data>\x3E </data></match></read>
		<write echo="ascii"><data>SPhFC = |"7G5F","Qg1Z5","nO"|+|"CiBJh","nO"|\n</data></write>
		<read echo="ascii"><delim> </delim><match><data>\x3E </data></match></read>
		<write echo="ascii"><data>PFHZb = SPhFC ~ SPhFC\n</data></write>
		<read echo="ascii"><delim> </delim><match><data>\x3E </data></match></read>
		<write echo="ascii"><data>tDygu6J = |"JMVn6"|~|"geijYD","kZ","nlXIK","8OT5CJ","8DDEr"|\n</data></write>
		<read echo="ascii"><delim> </delim><match><data>\x3E </data></match></read>
		<write echo="ascii"><data>lbH07 = w0SLx ^ w0SLx\n</data></write>
		<read echo="ascii"><delim> </delim><match><data>\x3E </data></match></read>
		<write echo="ascii"><data>.p\n</data></write>
<read echo="ascii"><delim>\n</delim><match><data>N7urZ = |"MrvDyRK","nGCW","34lq","JieVtF3","332y1ve","SrMfcn4","7tZtN","gtX"|\n</data></match></read>
<read echo="ascii"><delim>\n</delim><match><data>w0SLx = |"gtX","MrvDyRK","332y1ve","34lq","SrMfcn4","nGCW","7tZtN"|\n</data></match></read>
<read echo="ascii"><delim>\n</delim><match><data>gHksKgp = |"MrvDyRK","nGCW","34lq","332y1ve","SrMfcn4","7tZtN","gtX"|\n</data></match></read>
<read echo="ascii"><delim>\n</delim><match><data>51TvQts = |"TD8X","rZLOk","JT2r","UwibOH","jtmO1","Wraw1Xd","o","EIHejx3","tx2Ulh","bPdfdhs"|\n</data></match></read>
<read echo="ascii"><delim>\n</delim><match><data>HbNla = ||\n</data></match></read>
<read echo="ascii"><delim>\n</delim><match><data>fAkJD = |"iB"|\n</data></match></read>
<read echo="ascii"><delim>\n</delim><match><data>SPhFC = |"7G5F","Qg1Z5","nO","CiBJh"|\n</data></match></read>
<read echo="ascii"><delim>\n</delim><match><data>PFHZb = ||\n</data></match></read>
<read echo="ascii"><delim>\n</delim><match><data>tDygu6J = |"JMVn6","geijYD","kZ","nlXIK","8OT5CJ","8DDEr"|\n</data></match></read>
<read echo="ascii"><delim>\n</delim><match><data>lbH07 = |"gtX","MrvDyRK","332y1ve","34lq","SrMfcn4","nGCW","7tZtN"|\n</data></match></read>
		<read echo="ascii"><delim> </delim><match><data>\x3E </data></match></read>
		<write echo="ascii"><data>.l\n</data></write>
	</replay>
</pov>
