<?xml version="1.0" standalone="no" ?>
<!DOCTYPE pov SYSTEM "/usr/share/cgc-docs/replay.dtd"><pov>
	<cbid>CROMU_00011</cbid>
	<replay>
		<read echo="ascii"><delim> </delim><match><data>\x3E </data></match></read>
		<write echo="ascii"><data>cqgNNN = |"7rnVeT4","N37a","zbws0","rgvTJe2","Ty","Ga"|-|"uz","zbws0","iC8"|\n</data></write>
		<read echo="ascii"><delim> </delim><match><data>\x3E </data></match></read>
		<write echo="ascii"><data>N3dwv2A = |"r2vZ3","2","CB"|~|"r2vZ3","9cTCf","dwQrR","2","l5A1f"|\n</data></write>
		<read echo="ascii"><delim> </delim><match><data>\x3E </data></match></read>
		<write echo="ascii"><data>J0FM3h = N3dwv2A + cqgNNN\n</data></write>
		<read echo="ascii"><delim> </delim><match><data>\x3E </data></match></read>
		<write echo="ascii"><data>ATiLqA = |"y","Ax","SGUHj","U","79Nypk","sT1UATr","FSkscn"|-|"4C","FSkscn","yET4","sT1UATr","CVRc"|\n</data></write>
		<read echo="ascii"><delim> </delim><match><data>\x3E </data></match></read>
		<write echo="ascii"><data>vUHuZkV = N3dwv2A + N3dwv2A\n</data></write>
		<read echo="ascii"><delim> </delim><match><data>\x3E </data></match></read>
		<write echo="ascii"><data>zbTedZ = |"U11rR","iwf5cN","MP","W3","BL"|+|"lN0","jEc7","AM","iwf5cN","BL","j28oOV"|\n</data></write>
		<read echo="ascii"><delim> </delim><match><data>\x3E </data></match></read>
		<write echo="ascii"><data>eYiL3TX = |"weRC","4j","zUDoO","rpumUI","CM"|~|"d","UZFJ","Q8rp7Fo"|\n</data></write>
		<read echo="ascii"><delim> </delim><match><data>\x3E </data></match></read>
		<write echo="ascii"><data>Qp8DG = ATiLqA + eYiL3TX\n</data></write>
		<read echo="ascii"><delim> </delim><match><data>\x3E </data></match></read>
		<write echo="ascii"><data>NWxPyR = N3dwv2A + vUHuZkV\n</data></write>
		<read echo="ascii"><delim> </delim><match><data>\x3E </data></match></read>
		<write echo="ascii"><data>ovrQ9 = Qp8DG + eYiL3TX\n</data></write>
		<read echo="ascii"><delim> </delim><match><data>\x3E </data></match></read>
		<write echo="ascii"><data>5gxPnZ = |"3"|+|"1rN","S4LHjY","M0","EPJF"|\n</data></write>
		<read echo="ascii"><delim> </delim><match><data>\x3E </data></match></read>
		<write echo="ascii"><data>HHc1y = |"yRXIcY","xzeaFm2","gQunV0","XpCaeh","1tV"|^|"ad3Y","LpmG7L1","gQunV0"|\n</data></write>
		<read echo="ascii"><delim> </delim><match><data>\x3E </data></match></read>
		<write echo="ascii"><data>2NbtO4K = |"q9mha","dLsFry","Y","gn3f","In"|+|"od6X","RW","Le","In","cN08","L","c"|\n</data></write>
		<read echo="ascii"><delim> </delim><match><data>\x3E </data></match></read>
		<write echo="ascii"><data>oc6vibi = |"HMql","SFQR","SGQD"|-|"vkJo","w7jcNT","zW","3DOVG5","lF"|\n</data></write>
		<read echo="ascii"><delim> </delim><match><data>\x3E </data></match></read>
		<write echo="ascii"><data>.p\n</data></write>
<read echo="ascii"><delim>\n</delim><match><data>cqgNNN = |"7rnVeT4","N37a","rgvTJe2","Ty","Ga"|\n</data></match></read>
<read echo="ascii"><delim>\n</delim><match><data>N3dwv2A = |"CB","9cTCf","dwQrR","l5A1f"|\n</data></match></read>
<read echo="ascii"><delim>\n</delim><match><data>J0FM3h = |"CB","9cTCf","dwQrR","l5A1f","7rnVeT4","N37a","rgvTJe2","Ty","Ga"|\n</data></match></read>
<read echo="ascii"><delim>\n</delim><match><data>ATiLqA = |"y","Ax","SGUHj","U","79Nypk"|\n</data></match></read>
<read echo="ascii"><delim>\n</delim><match><data>vUHuZkV = |"CB","9cTCf","dwQrR","l5A1f"|\n</data></match></read>
<read echo="ascii"><delim>\n</delim><match><data>zbTedZ = |"U11rR","iwf5cN","MP","W3","BL","lN0","jEc7","AM","j28oOV"|\n</data></match></read>
<read echo="ascii"><delim>\n</delim><match><data>eYiL3TX = |"weRC","4j","zUDoO","rpumUI","CM","d","UZFJ","Q8rp7Fo"|\n</data></match></read>
<read echo="ascii"><delim>\n</delim><match><data>Qp8DG = |"y","Ax","SGUHj","U","79Nypk","weRC","4j","zUDoO","rpumUI","CM","d","UZFJ","Q8rp7Fo"|\n</data></match></read>
<read echo="ascii"><delim>\n</delim><match><data>NWxPyR = |"CB","9cTCf","dwQrR","l5A1f"|\n</data></match></read>
<read echo="ascii"><delim>\n</delim><match><data>ovrQ9 = |"y","Ax","SGUHj","U","79Nypk","weRC","4j","zUDoO","rpumUI","CM","d","UZFJ","Q8rp7Fo"|\n</data></match></read>
<read echo="ascii"><delim>\n</delim><match><data>5gxPnZ = |"3","1rN","S4LHjY","M0","EPJF"|\n</data></match></read>
<read echo="ascii"><delim>\n</delim><match><data>HHc1y = |"gQunV0"|\n</data></match></read>
<read echo="ascii"><delim>\n</delim><match><data>2NbtO4K = |"q9mha","dLsFry","Y","gn3f","In","od6X","RW","Le","cN08","L","c"|\n</data></match></read>
<read echo="ascii"><delim>\n</delim><match><data>oc6vibi = |"HMql","SFQR","SGQD"|\n</data></match></read>
		<read echo="ascii"><delim> </delim><match><data>\x3E </data></match></read>
		<write echo="ascii"><data>.l\n</data></write>
	</replay>
</pov>
