<?xml version="1.0" standalone="no" ?>
<!DOCTYPE pov SYSTEM "/usr/share/cgc-docs/replay.dtd"><pov>
	<cbid>CROMU_00011</cbid>
	<replay>
		<read echo="ascii"><delim> </delim><match><data>\x3E </data></match></read>
		<write echo="ascii"><data>RGMbz4T = |"K","lRyiMOJ","AO8xw13","f9QP","n4C"|~|"G6BzhqT","oSK","uj","QRuSUV0","ht0A","25"|\n</data></write>
		<read echo="ascii"><delim> </delim><match><data>\x3E </data></match></read>
		<write echo="ascii"><data>91V87 = RGMbz4T ^ RGMbz4T\n</data></write>
		<read echo="ascii"><delim> </delim><match><data>\x3E </data></match></read>
		<write echo="ascii"><data>Qv0aZ = |"VrI4gW","O4","8SQ","ib","kiy","B3MV","HvdOZaV","7w9hAL","nEnp","dC"|\n</data></write>
		<read echo="ascii"><delim> </delim><match><data>\x3E </data></match></read>
		<write echo="ascii"><data>MfEIXpM = |"8SQ","O4","VrI4gW","kiy","LNHunw6Vqh"|\n</data></write>
		<read echo="ascii"><delim> </delim><match><data>\x3E </data></match></read>
		<write echo="ascii"><data>MfEIXpM@Qv0aZ\n</data></write>
		<read echo="ascii"><delim>\n</delim><match><data>FALSE\n</data></match></read>
		<read echo="ascii"><delim> </delim><match><data>\x3E </data></match></read>
		<write echo="ascii"><data>CCxVeO = |"mioh2qu","Tnqkf","FTlE","NIDmUC","ZLeYBis","qOahwsV","jZCVou"|-|"mioh2qu","ZLeYBis","UD","Vwz","9","FTlE","qOahwsV"|\n</data></write>
		<read echo="ascii"><delim> </delim><match><data>\x3E </data></match></read>
		<write echo="ascii"><data>6VCM7 = Qv0aZ - RGMbz4T\n</data></write>
		<read echo="ascii"><delim> </delim><match><data>\x3E </data></match></read>
		<write echo="ascii"><data>YiSxOx = |"8y6JNG"|+|"dZ"|\n</data></write>
		<read echo="ascii"><delim> </delim><match><data>\x3E </data></match></read>
		<write echo="ascii"><data>CMKmHQG = |"jpcp","juo","1X","k9","XJNJXT","PN","VhNMFk"|^|"CjfT","k9","zdFpMY","ze4","j47lw"|\n</data></write>
		<read echo="ascii"><delim> </delim><match><data>\x3E </data></match></read>
		<write echo="ascii"><data>A0Tfn = |"Em","QraZni","jqp","wuTZgQB","Gh","ABIiqxj","8sZVyf","Gwlbaj"|\n</data></write>
		<read echo="ascii"><delim> </delim><match><data>\x3E </data></match></read>
		<write echo="ascii"><data>shwL8s = |"jqp","ABIiqxj","Gwlbaj","wuTZgQB","Gh","QraZni","8sZVyf"|\n</data></write>
		<read echo="ascii"><delim> </delim><match><data>\x3E </data></match></read>
		<write echo="ascii"><data>shwL8s@A0Tfn\n</data></write>
		<read echo="ascii"><delim>\n</delim><match><data>TRUE\n</data></match></read>
		<read echo="ascii"><delim> </delim><match><data>\x3E </data></match></read>
		<write echo="ascii"><data>mataPs = |"J33p8H8","kKOp"|^|"LMbCDK"|\n</data></write>
		<read echo="ascii"><delim> </delim><match><data>\x3E </data></match></read>
		<write echo="ascii"><data>LMxDhrS = |"NWOdzv","d","ho"|+|"S9hYlb","smup","pwCK","LGG8Kj","7CkDN","v","NWOdzv"|\n</data></write>
		<read echo="ascii"><delim> </delim><match><data>\x3E </data></match></read>
		<write echo="ascii"><data>vLd1O9x = 91V87 ^ A0Tfn\n</data></write>
		<read echo="ascii"><delim> </delim><match><data>\x3E </data></match></read>
		<write echo="ascii"><data>.p\n</data></write>
<read echo="ascii"><delim>\n</delim><match><data>RGMbz4T = |"K","lRyiMOJ","AO8xw13","f9QP","n4C","G6BzhqT","oSK","uj","QRuSUV0","ht0A","25"|\n</data></match></read>
<read echo="ascii"><delim>\n</delim><match><data>91V87 = |"K","lRyiMOJ","AO8xw13","f9QP","n4C","G6BzhqT","oSK","uj","QRuSUV0","ht0A","25"|\n</data></match></read>
<read echo="ascii"><delim>\n</delim><match><data>Qv0aZ = |"VrI4gW","O4","8SQ","ib","kiy","B3MV","HvdOZaV","7w9hAL","nEnp","dC"|\n</data></match></read>
<read echo="ascii"><delim>\n</delim><match><data>MfEIXpM = |"8SQ","O4","VrI4gW","kiy","LNHunw6Vqh"|\n</data></match></read>
<read echo="ascii"><delim>\n</delim><match><data>CCxVeO = |"Tnqkf","NIDmUC","jZCVou"|\n</data></match></read>
<read echo="ascii"><delim>\n</delim><match><data>6VCM7 = |"VrI4gW","O4","8SQ","ib","kiy","B3MV","HvdOZaV","7w9hAL","nEnp","dC"|\n</data></match></read>
<read echo="ascii"><delim>\n</delim><match><data>YiSxOx = |"8y6JNG","dZ"|\n</data></match></read>
<read echo="ascii"><delim>\n</delim><match><data>CMKmHQG = |"k9"|\n</data></match></read>
<read echo="ascii"><delim>\n</delim><match><data>A0Tfn = |"Em","QraZni","jqp","wuTZgQB","Gh","ABIiqxj","8sZVyf","Gwlbaj"|\n</data></match></read>
<read echo="ascii"><delim>\n</delim><match><data>shwL8s = |"jqp","ABIiqxj","Gwlbaj","wuTZgQB","Gh","QraZni","8sZVyf"|\n</data></match></read>
<read echo="ascii"><delim>\n</delim><match><data>mataPs = ||\n</data></match></read>
<read echo="ascii"><delim>\n</delim><match><data>LMxDhrS = |"NWOdzv","d","ho","S9hYlb","smup","pwCK","LGG8Kj","7CkDN","v"|\n</data></match></read>
<read echo="ascii"><delim>\n</delim><match><data>vLd1O9x = ||\n</data></match></read>
		<read echo="ascii"><delim> </delim><match><data>\x3E </data></match></read>
		<write echo="ascii"><data>.l\n</data></write>
	</replay>
</pov>
