<?xml version="1.0" standalone="no" ?>
<!DOCTYPE pov SYSTEM "/usr/share/cgc-docs/replay.dtd"><pov>
	<cbid>CROMU_00011</cbid>
	<replay>
		<read echo="ascii"><delim> </delim><match><data>\x3E </data></match></read>
		<write echo="ascii"><data>x68yd = |"Hkf4W","sjNS6sB","NA","kGHrv1","oSQx","miD0IRi"|~|"NA","9","l9qPpU","kGHrv1","7xk"|\n</data></write>
		<read echo="ascii"><delim> </delim><match><data>\x3E </data></match></read>
		<write echo="ascii"><data>QeW48 = |"YFGa","R3","VH"|+|"H","5Ud","W4ipl","c6s","e0FZinE","V"|\n</data></write>
		<read echo="ascii"><delim> </delim><match><data>\x3E </data></match></read>
		<write echo="ascii"><data>NwI45ei = |"fngJS"|~|"fngJS","m76iBu","PK2","nHC","iPAVA"|\n</data></write>
		<read echo="ascii"><delim> </delim><match><data>\x3E </data></match></read>
		<write echo="ascii"><data>7bO2Z = |"n","E","qHj0Nw","HhYo","qihIU"|+|"ZmTqE9c","HhYo","Yan","R","Cl6YTV","M2lcbGB"|\n</data></write>
		<read echo="ascii"><delim> </delim><match><data>\x3E </data></match></read>
		<write echo="ascii"><data>FV6E4LI = |"c0sNf","HZ","DLbD","YysL","4MYu","rjy","pscASd","0UgwWB"|\n</data></write>
		<read echo="ascii"><delim> </delim><match><data>\x3E </data></match></read>
		<write echo="ascii"><data>mc56Ob = |"0UgwWB","YysL","DLbD","pscASd","c0sNf","4MYu"|\n</data></write>
		<read echo="ascii"><delim> </delim><match><data>\x3E </data></match></read>
		<write echo="ascii"><data>mc56Ob@FV6E4LI\n</data></write>
		<read echo="ascii"><delim>\n</delim><match><data>TRUE\n</data></match></read>
		<read echo="ascii"><delim> </delim><match><data>\x3E </data></match></read>
		<write echo="ascii"><data>H4xqp = |"dbGMWnS","nWhP","T4","GKPWW","sz","od5"|-|"uFMKU7","Y7Z2S6y","sz","nWhP"|\n</data></write>
		<read echo="ascii"><delim> </delim><match><data>\x3E </data></match></read>
		<write echo="ascii"><data>4DAwtW = |"3Fa"|^|"a4x","rf5","j8","dVvG","Os4"|\n</data></write>
		<read echo="ascii"><delim> </delim><match><data>\x3E </data></match></read>
		<write echo="ascii"><data>Cn0uj = |"rfHT","kBSE","rDA0y8L","hGQAU","xLC","GQv","1ivmvt","hoWPfG"|\n</data></write>
		<read echo="ascii"><delim> </delim><match><data>\x3E </data></match></read>
		<write echo="ascii"><data>hCMEh = |"hGQAU"|\n</data></write>
		<read echo="ascii"><delim> </delim><match><data>\x3E </data></match></read>
		<write echo="ascii"><data>hCMEh@Cn0uj\n</data></write>
		<read echo="ascii"><delim>\n</delim><match><data>TRUE\n</data></match></read>
		<read echo="ascii"><delim> </delim><match><data>\x3E </data></match></read>
		<write echo="ascii"><data>.p\n</data></write>
<read echo="ascii"><delim>\n</delim><match><data>x68yd = |"Hkf4W","sjNS6sB","oSQx","miD0IRi","9","l9qPpU","7xk"|\n</data></match></read>
<read echo="ascii"><delim>\n</delim><match><data>QeW48 = |"YFGa","R3","VH","H","5Ud","W4ipl","c6s","e0FZinE","V"|\n</data></match></read>
<read echo="ascii"><delim>\n</delim><match><data>NwI45ei = |"m76iBu","PK2","nHC","iPAVA"|\n</data></match></read>
<read echo="ascii"><delim>\n</delim><match><data>7bO2Z = |"n","E","qHj0Nw","HhYo","qihIU","ZmTqE9c","Yan","R","Cl6YTV","M2lcbGB"|\n</data></match></read>
<read echo="ascii"><delim>\n</delim><match><data>FV6E4LI = |"c0sNf","HZ","DLbD","YysL","4MYu","rjy","pscASd","0UgwWB"|\n</data></match></read>
<read echo="ascii"><delim>\n</delim><match><data>mc56Ob = |"0UgwWB","YysL","DLbD","pscASd","c0sNf","4MYu"|\n</data></match></read>
<read echo="ascii"><delim>\n</delim><match><data>H4xqp = |"dbGMWnS","T4","GKPWW","od5"|\n</data></match></read>
<read echo="ascii"><delim>\n</delim><match><data>4DAwtW = ||\n</data></match></read>
<read echo="ascii"><delim>\n</delim><match><data>Cn0uj = |"rfHT","kBSE","rDA0y8L","hGQAU","xLC","GQv","1ivmvt","hoWPfG"|\n</data></match></read>
<read echo="ascii"><delim>\n</delim><match><data>hCMEh = |"hGQAU"|\n</data></match></read>
		<read echo="ascii"><delim> </delim><match><data>\x3E </data></match></read>
		<write echo="ascii"><data>.l\n</data></write>
	</replay>
</pov>
