<?xml version="1.0" standalone="no" ?>
<!DOCTYPE pov SYSTEM "/usr/share/cgc-docs/replay.dtd"><pov>
	<cbid>CROMU_00011</cbid>
	<replay>
		<read echo="ascii"><delim> </delim><match><data>\x3E </data></match></read>
		<write echo="ascii"><data>X5iNYLv = |"p7GFz","5RZg","1g","8qwQ6a1","1blQbi","lge9aXm"|+|"p7GFz","lge9aXm","QbcIQiG","TBh61","gb6"|\n</data></write>
		<read echo="ascii"><delim> </delim><match><data>\x3E </data></match></read>
		<write echo="ascii"><data>66Pat = |"Nk","l7d0vU","Dx","01K6zl"|-|"y","48abCW","xxGlw6X"|\n</data></write>
		<read echo="ascii"><delim> </delim><match><data>\x3E </data></match></read>
		<write echo="ascii"><data>byb17F5 = 66Pat ~ 66Pat\n</data></write>
		<read echo="ascii"><delim> </delim><match><data>\x3E </data></match></read>
		<write echo="ascii"><data>K7O40 = |"G8l","1RDzG","1q7bv","OpyPE","LM","hKHNM","m"|-|"hKHNM","eLQz1B","LM","s","nQSLPIG","YnzSII3"|\n</data></write>
		<read echo="ascii"><delim> </delim><match><data>\x3E </data></match></read>
		<write echo="ascii"><data>zwxbGu5 = byb17F5 + K7O40\n</data></write>
		<read echo="ascii"><delim> </delim><match><data>\x3E </data></match></read>
		<write echo="ascii"><data>u7E3YV = X5iNYLv ^ byb17F5\n</data></write>
		<read echo="ascii"><delim> </delim><match><data>\x3E </data></match></read>
		<write echo="ascii"><data>rtqM9 = |"HS","hA93hH","7B"|-|"HS","H4wx","OK7IOT","7Ve","B4D24","N2yRDo"|\n</data></write>
		<read echo="ascii"><delim> </delim><match><data>\x3E </data></match></read>
		<write echo="ascii"><data>QU73izDb18 = 66Pat ^ K7O40\n</data></write>
		<read echo="ascii"><delim> </delim><match><data>\x3E </data></match></read>
		<write echo="ascii"><data>r4NNl5N = |"wdo","aji","Zm","mrRkZ6b","9vEjk","8C","CJvuPq"|\n</data></write>
		<read echo="ascii"><delim> </delim><match><data>\x3E </data></match></read>
		<write echo="ascii"><data>X8uAW = |"mrRkZ6b","Zm","aji","FgW0xQQG5T"|\n</data></write>
		<read echo="ascii"><delim> </delim><match><data>\x3E </data></match></read>
		<write echo="ascii"><data>X8uAW@r4NNl5N\n</data></write>
		<read echo="ascii"><delim>\n</delim><match><data>FALSE\n</data></match></read>
		<read echo="ascii"><delim> </delim><match><data>\x3E </data></match></read>
		<write echo="ascii"><data>Q4GXox7 = |"p","xWGL","OjvyeIJ","T","GLSkL","3KtX","Toq"|-|"0EpWgS6","hD","A"|\n</data></write>
		<read echo="ascii"><delim> </delim><match><data>\x3E </data></match></read>
		<write echo="ascii"><data>l3d5qJ = |"Chk","4x3PSPs","DX7dqyU","AaEb4kO","i8R"|-|"RLsfg","4x3PSPs","Jm1o","j","BQC0j","rRAvu","cqe"|\n</data></write>
		<read echo="ascii"><delim> </delim><match><data>\x3E </data></match></read>
		<write echo="ascii"><data>fbpTd = |"SmeTW","Bn2p","oxLKrs","VmJlb","WjJMRWp","0pYxuU","CLrsp1G"|\n</data></write>
		<read echo="ascii"><delim> </delim><match><data>\x3E </data></match></read>
		<write echo="ascii"><data>xoGrH = |"SmeTW"|\n</data></write>
		<read echo="ascii"><delim> </delim><match><data>\x3E </data></match></read>
		<write echo="ascii"><data>xoGrH@fbpTd\n</data></write>
		<read echo="ascii"><delim>\n</delim><match><data>TRUE\n</data></match></read>
		<read echo="ascii"><delim> </delim><match><data>\x3E </data></match></read>
		<write echo="ascii"><data>4YAR3 = K7O40 - u7E3YV\n</data></write>
		<read echo="ascii"><delim> </delim><match><data>\x3E </data></match></read>
		<write echo="ascii"><data>.p\n</data></write>
<read echo="ascii"><delim>\n</delim><match><data>X5iNYLv = |"p7GFz","5RZg","1g","8qwQ6a1","1blQbi","lge9aXm","QbcIQiG","TBh61","gb6"|\n</data></match></read>
<read echo="ascii"><delim>\n</delim><match><data>66Pat = |"Nk","l7d0vU","Dx","01K6zl"|\n</data></match></read>
<read echo="ascii"><delim>\n</delim><match><data>byb17F5 = ||\n</data></match></read>
<read echo="ascii"><delim>\n</delim><match><data>K7O40 = |"G8l","1RDzG","1q7bv","OpyPE","m"|\n</data></match></read>
<read echo="ascii"><delim>\n</delim><match><data>zwxbGu5 = |"G8l","1RDzG","1q7bv","OpyPE","m"|\n</data></match></read>
<read echo="ascii"><delim>\n</delim><match><data>u7E3YV = ||\n</data></match></read>
<read echo="ascii"><delim>\n</delim><match><data>rtqM9 = |"hA93hH","7B"|\n</data></match></read>
<read echo="ascii"><delim>\n</delim><match><data>QU73izDb18 = ||\n</data></match></read>
<read echo="ascii"><delim>\n</delim><match><data>r4NNl5N = |"wdo","aji","Zm","mrRkZ6b","9vEjk","8C","CJvuPq"|\n</data></match></read>
<read echo="ascii"><delim>\n</delim><match><data>X8uAW = |"mrRkZ6b","Zm","aji","FgW0xQQG5T"|\n</data></match></read>
<read echo="ascii"><delim>\n</delim><match><data>Q4GXox7 = |"p","xWGL","OjvyeIJ","T","GLSkL","3KtX","Toq"|\n</data></match></read>
<read echo="ascii"><delim>\n</delim><match><data>l3d5qJ = |"Chk","DX7dqyU","AaEb4kO","i8R"|\n</data></match></read>
<read echo="ascii"><delim>\n</delim><match><data>fbpTd = |"SmeTW","Bn2p","oxLKrs","VmJlb","WjJMRWp","0pYxuU","CLrsp1G"|\n</data></match></read>
<read echo="ascii"><delim>\n</delim><match><data>xoGrH = |"SmeTW"|\n</data></match></read>
<read echo="ascii"><delim>\n</delim><match><data>4YAR3 = |"G8l","1RDzG","1q7bv","OpyPE","m"|\n</data></match></read>
		<read echo="ascii"><delim> </delim><match><data>\x3E </data></match></read>
		<write echo="ascii"><data>.l\n</data></write>
	</replay>
</pov>
