<?xml version="1.0" standalone="no" ?>
<!DOCTYPE pov SYSTEM "/usr/share/cgc-docs/replay.dtd"><pov>
	<cbid>CROMU_00011</cbid>
	<replay>
		<read echo="ascii"><delim> </delim><match><data>\x3E </data></match></read>
		<write echo="ascii"><data>EWgHJFA = |"oTET"|~|"1","hbkxUx","qcq","s","dX","ga53os"|\n</data></write>
		<read echo="ascii"><delim> </delim><match><data>\x3E </data></match></read>
		<write echo="ascii"><data>6Jy382p = |"a8PF","t","yV","3","uXMEXY"|-|"Gc","pk","vGg","thH"|\n</data></write>
		<read echo="ascii"><delim> </delim><match><data>\x3E </data></match></read>
		<write echo="ascii"><data>6LkfV = |"g9aAmv","huI","kQRuW","qrn","wLUs3O","VETZ","CiY"|^|"qrn","bV","CQ","huI","x2","hg","AE65"|\n</data></write>
		<read echo="ascii"><delim> </delim><match><data>\x3E </data></match></read>
		<write echo="ascii"><data>LFpIu = |"tZU4","iYF","G1wM","hCNtt1","V2DWH","VV5Vyb"|+|"zo8edE","7ux","MIu0aU","VV5Vyb","bv","n"|\n</data></write>
		<read echo="ascii"><delim> </delim><match><data>\x3E </data></match></read>
		<write echo="ascii"><data>HdTmg = |"v5inv","T","ft4rj5V","nilTqX","e1yxn1","Apt"|-|"Ximyli","4TNoc","ft4rj5V","XV","GBDYc","oyyP2"|\n</data></write>
		<read echo="ascii"><delim> </delim><match><data>\x3E </data></match></read>
		<write echo="ascii"><data>xcY5H = |"JWI","yRwUvP","pRzz9AD","RmOt","PtgD","ktko","IbY","3R","jhem277"|\n</data></write>
		<read echo="ascii"><delim> </delim><match><data>\x3E </data></match></read>
		<write echo="ascii"><data>5jng8X = |"IbY","PtgD","3R"|\n</data></write>
		<read echo="ascii"><delim> </delim><match><data>\x3E </data></match></read>
		<write echo="ascii"><data>5jng8X@xcY5H\n</data></write>
		<read echo="ascii"><delim>\n</delim><match><data>TRUE\n</data></match></read>
		<read echo="ascii"><delim> </delim><match><data>\x3E </data></match></read>
		<write echo="ascii"><data>b455UR = |"LTQ","6ir","wpfI","ldM","UFzo1"|^|"fU","NS","UJ0tfn"|\n</data></write>
		<read echo="ascii"><delim> </delim><match><data>\x3E </data></match></read>
		<write echo="ascii"><data>HPY0i = b455UR - xcY5H\n</data></write>
		<read echo="ascii"><delim> </delim><match><data>\x3E </data></match></read>
		<write echo="ascii"><data>U48aNc = 6LkfV - LFpIu\n</data></write>
		<read echo="ascii"><delim> </delim><match><data>\x3E </data></match></read>
		<write echo="ascii"><data>jwH9dv = |"N2M","QwCgiQ","KxAqX","nM3xU2","iBfCcEb","7y","TRw2"|^|"dx2"|\n</data></write>
		<read echo="ascii"><delim> </delim><match><data>\x3E </data></match></read>
		<write echo="ascii"><data>sFjleo = |"Zs","KxvO","DeEg","nd03","syvx","5Jp","Cdw","21"|\n</data></write>
		<read echo="ascii"><delim> </delim><match><data>\x3E </data></match></read>
		<write echo="ascii"><data>MWLRN = |"KxvO","Zs","Cdw","nd03","5Jp","21","DeEg","WtzdAPiubO"|\n</data></write>
		<read echo="ascii"><delim> </delim><match><data>\x3E </data></match></read>
		<write echo="ascii"><data>MWLRN@sFjleo\n</data></write>
		<read echo="ascii"><delim>\n</delim><match><data>FALSE\n</data></match></read>
		<read echo="ascii"><delim> </delim><match><data>\x3E </data></match></read>
		<write echo="ascii"><data>2Cmsqy9 = |"W9brD","5DEd","cELGuOs","WP","cMV","Pjab"|~|"u656Y","5DEd","JPaB6di","s8XGXO"|\n</data></write>
		<read echo="ascii"><delim> </delim><match><data>\x3E </data></match></read>
		<write echo="ascii"><data>8WrMA = |"a2qu","DvgqJo"|^|"4iIE8t"|\n</data></write>
		<read echo="ascii"><delim> </delim><match><data>\x3E </data></match></read>
		<write echo="ascii"><data>crrxy = |"vu","Ndq8Y58","ElX0JS","p6JagQ2","Jqh"|~|"KIy3AE","ElX0JS","Jqh"|\n</data></write>
		<read echo="ascii"><delim> </delim><match><data>\x3E </data></match></read>
		<write echo="ascii"><data>.p\n</data></write>
<read echo="ascii"><delim>\n</delim><match><data>EWgHJFA = |"oTET","1","hbkxUx","qcq","s","dX","ga53os"|\n</data></match></read>
<read echo="ascii"><delim>\n</delim><match><data>6Jy382p = |"a8PF","t","yV","3","uXMEXY"|\n</data></match></read>
<read echo="ascii"><delim>\n</delim><match><data>6LkfV = |"huI","qrn"|\n</data></match></read>
<read echo="ascii"><delim>\n</delim><match><data>LFpIu = |"tZU4","iYF","G1wM","hCNtt1","V2DWH","VV5Vyb","zo8edE","7ux","MIu0aU","bv","n"|\n</data></match></read>
<read echo="ascii"><delim>\n</delim><match><data>HdTmg = |"v5inv","T","nilTqX","e1yxn1","Apt"|\n</data></match></read>
<read echo="ascii"><delim>\n</delim><match><data>xcY5H = |"JWI","yRwUvP","pRzz9AD","RmOt","PtgD","ktko","IbY","3R","jhem277"|\n</data></match></read>
<read echo="ascii"><delim>\n</delim><match><data>5jng8X = |"IbY","PtgD","3R"|\n</data></match></read>
<read echo="ascii"><delim>\n</delim><match><data>b455UR = ||\n</data></match></read>
<read echo="ascii"><delim>\n</delim><match><data>HPY0i = ||\n</data></match></read>
<read echo="ascii"><delim>\n</delim><match><data>U48aNc = |"huI","qrn"|\n</data></match></read>
<read echo="ascii"><delim>\n</delim><match><data>jwH9dv = ||\n</data></match></read>
<read echo="ascii"><delim>\n</delim><match><data>sFjleo = |"Zs","KxvO","DeEg","nd03","syvx","5Jp","Cdw","21"|\n</data></match></read>
<read echo="ascii"><delim>\n</delim><match><data>MWLRN = |"KxvO","Zs","Cdw","nd03","5Jp","21","DeEg","WtzdAPiubO"|\n</data></match></read>
<read echo="ascii"><delim>\n</delim><match><data>2Cmsqy9 = |"W9brD","cELGuOs","WP","cMV","Pjab","u656Y","JPaB6di","s8XGXO"|\n</data></match></read>
<read echo="ascii"><delim>\n</delim><match><data>8WrMA = ||\n</data></match></read>
<read echo="ascii"><delim>\n</delim><match><data>crrxy = |"vu","Ndq8Y58","p6JagQ2","KIy3AE"|\n</data></match></read>
		<read echo="ascii"><delim> </delim><match><data>\x3E </data></match></read>
		<write echo="ascii"><data>.l\n</data></write>
	</replay>
</pov>
