<?xml version="1.0" standalone="no" ?>
<!DOCTYPE pov SYSTEM "/usr/share/cgc-docs/replay.dtd"><pov>
	<cbid>CROMU_00011</cbid>
	<replay>
		<read echo="ascii"><delim> </delim><match><data>\x3E </data></match></read>
		<write echo="ascii"><data>f2FpEU = |"m5cT8b7","1YUI3","v7Wr"|+|"utEgk1N","bOND7ip"|\n</data></write>
		<read echo="ascii"><delim> </delim><match><data>\x3E </data></match></read>
		<write echo="ascii"><data>HDqEO8 = f2FpEU - f2FpEU\n</data></write>
		<read echo="ascii"><delim> </delim><match><data>\x3E </data></match></read>
		<write echo="ascii"><data>Ozdwv9 = |"Yw","rk","5K","4I4uL8Z"|-|"YC","61","Sg","Q28QF","OVz1zl"|\n</data></write>
		<read echo="ascii"><delim> </delim><match><data>\x3E </data></match></read>
		<write echo="ascii"><data>fFvJq2rIgi = f2FpEU ^ f2FpEU\n</data></write>
		<read echo="ascii"><delim> </delim><match><data>\x3E </data></match></read>
		<write echo="ascii"><data>8fW223 = fFvJq2rIgi ~ HDqEO8\n</data></write>
		<read echo="ascii"><delim> </delim><match><data>\x3E </data></match></read>
		<write echo="ascii"><data>fKZHv = |"q2F","c9","43U1M","Px","gen0g","1ipgddP","XzrH0"|~|"L0","GLE4","2bF","bHKBXa"|\n</data></write>
		<read echo="ascii"><delim> </delim><match><data>\x3E </data></match></read>
		<write echo="ascii"><data>JMd3msj = |"F2Ad","Sr","ckY0","1P","63Nr","yXo45yQ","Bbzo5","Ocu","4h","L36"|\n</data></write>
		<read echo="ascii"><delim> </delim><match><data>\x3E </data></match></read>
		<write echo="ascii"><data>zd6Bg = |"F2Ad","63Nr","1P","kB9rhRwg5k"|\n</data></write>
		<read echo="ascii"><delim> </delim><match><data>\x3E </data></match></read>
		<write echo="ascii"><data>zd6Bg@JMd3msj\n</data></write>
		<read echo="ascii"><delim>\n</delim><match><data>FALSE\n</data></match></read>
		<read echo="ascii"><delim> </delim><match><data>\x3E </data></match></read>
		<write echo="ascii"><data>9RsbFKt = JMd3msj ~ HDqEO8\n</data></write>
		<read echo="ascii"><delim> </delim><match><data>\x3E </data></match></read>
		<write echo="ascii"><data>PTVdO = |"7vUo8t","w3c8Klc","ZY9MVR3","x1KFR","xDZ4sc","G","2sB"|+|"IyqH"|\n</data></write>
		<read echo="ascii"><delim> </delim><match><data>\x3E </data></match></read>
		<write echo="ascii"><data>iGcEQb = 8fW223 + zd6Bg\n</data></write>
		<read echo="ascii"><delim> </delim><match><data>\x3E </data></match></read>
		<write echo="ascii"><data>gFHm18 = 8fW223 ~ PTVdO\n</data></write>
		<read echo="ascii"><delim> </delim><match><data>\x3E </data></match></read>
		<write echo="ascii"><data>.p\n</data></write>
<read echo="ascii"><delim>\n</delim><match><data>f2FpEU = |"m5cT8b7","1YUI3","v7Wr","utEgk1N","bOND7ip"|\n</data></match></read>
<read echo="ascii"><delim>\n</delim><match><data>HDqEO8 = ||\n</data></match></read>
<read echo="ascii"><delim>\n</delim><match><data>Ozdwv9 = |"Yw","rk","5K","4I4uL8Z"|\n</data></match></read>
<read echo="ascii"><delim>\n</delim><match><data>fFvJq2rIgi = |"m5cT8b7","1YUI3","v7Wr","utEgk1N","bOND7ip"|\n</data></match></read>
<read echo="ascii"><delim>\n</delim><match><data>8fW223 = |"m5cT8b7","1YUI3","v7Wr","utEgk1N","bOND7ip"|\n</data></match></read>
<read echo="ascii"><delim>\n</delim><match><data>fKZHv = |"q2F","c9","43U1M","Px","gen0g","1ipgddP","XzrH0","L0","GLE4","2bF","bHKBXa"|\n</data></match></read>
<read echo="ascii"><delim>\n</delim><match><data>JMd3msj = |"F2Ad","Sr","ckY0","1P","63Nr","yXo45yQ","Bbzo5","Ocu","4h","L36"|\n</data></match></read>
<read echo="ascii"><delim>\n</delim><match><data>zd6Bg = |"F2Ad","63Nr","1P","kB9rhRwg5k"|\n</data></match></read>
<read echo="ascii"><delim>\n</delim><match><data>9RsbFKt = |"F2Ad","Sr","ckY0","1P","63Nr","yXo45yQ","Bbzo5","Ocu","4h","L36"|\n</data></match></read>
<read echo="ascii"><delim>\n</delim><match><data>PTVdO = |"7vUo8t","w3c8Klc","ZY9MVR3","x1KFR","xDZ4sc","G","2sB","IyqH"|\n</data></match></read>
<read echo="ascii"><delim>\n</delim><match><data>iGcEQb = |"m5cT8b7","1YUI3","v7Wr","utEgk1N","bOND7ip","F2Ad","63Nr","1P","kB9rhRwg5k"|\n</data></match></read>
<read echo="ascii"><delim>\n</delim><match><data>gFHm18 = |"m5cT8b7","1YUI3","v7Wr","utEgk1N","bOND7ip","7vUo8t","w3c8Klc","ZY9MVR3","x1KFR","xDZ4sc","G","2sB","IyqH"|\n</data></match></read>
		<read echo="ascii"><delim> </delim><match><data>\x3E </data></match></read>
		<write echo="ascii"><data>.l\n</data></write>
	</replay>
</pov>
