<?xml version="1.0" standalone="no" ?>
<!DOCTYPE pov SYSTEM "/usr/share/cgc-docs/replay.dtd"><pov>
	<cbid>CROMU_00011</cbid>
	<replay>
		<read echo="ascii"><delim> </delim><match><data>\x3E </data></match></read>
		<write echo="ascii"><data>QfCf8 = |"eRIvaT","4MP06b","kLS","eJy","ap","q44"|\n</data></write>
		<read echo="ascii"><delim> </delim><match><data>\x3E </data></match></read>
		<write echo="ascii"><data>zkUJ0h = |"ap","eJy","kLS","kfx20HkDxv"|\n</data></write>
		<read echo="ascii"><delim> </delim><match><data>\x3E </data></match></read>
		<write echo="ascii"><data>zkUJ0h@QfCf8\n</data></write>
		<read echo="ascii"><delim>\n</delim><match><data>FALSE\n</data></match></read>
		<read echo="ascii"><delim> </delim><match><data>\x3E </data></match></read>
		<write echo="ascii"><data>iWRhYJt = |"GWzjJ","if"|^|"rT9q4E","frt6EZQ","Cvhed7","wUoQ6E0","GWzjJ","FBc"|\n</data></write>
		<read echo="ascii"><delim> </delim><match><data>\x3E </data></match></read>
		<write echo="ascii"><data>QZMGP = zkUJ0h ~ iWRhYJt\n</data></write>
		<read echo="ascii"><delim> </delim><match><data>\x3E </data></match></read>
		<write echo="ascii"><data>QoyrQP = zkUJ0h ^ iWRhYJt\n</data></write>
		<read echo="ascii"><delim> </delim><match><data>\x3E </data></match></read>
		<write echo="ascii"><data>ktTN6j = |"mzJuMH","uqF","1f","UX9L","aihVtYq"|-|"4","lHBY","5dEa4pt","t","abQkQbY"|\n</data></write>
		<read echo="ascii"><delim> </delim><match><data>\x3E </data></match></read>
		<write echo="ascii"><data>kcLzun = |"joqXZ","IvO","lsIyqCU","DPrx"|-|"4HrS4Gy","B7afnX","fY","Bj","uShq","g9dN"|\n</data></write>
		<read echo="ascii"><delim> </delim><match><data>\x3E </data></match></read>
		<write echo="ascii"><data>yla6nRU = QZMGP ~ QZMGP\n</data></write>
		<read echo="ascii"><delim> </delim><match><data>\x3E </data></match></read>
		<write echo="ascii"><data>QaQCiPw = |"YCHxi"|+|"ttL2","2i","I","SH1LkRC","XP0wGT"|\n</data></write>
		<read echo="ascii"><delim> </delim><match><data>\x3E </data></match></read>
		<write echo="ascii"><data>ixbbgY1 = QfCf8 - yla6nRU\n</data></write>
		<read echo="ascii"><delim> </delim><match><data>\x3E </data></match></read>
		<write echo="ascii"><data>N1PeS = ixbbgY1 + QoyrQP\n</data></write>
		<read echo="ascii"><delim> </delim><match><data>\x3E </data></match></read>
		<write echo="ascii"><data>g7Li39g = |"42PS5O","aW6ifB","xWt","I","eZx"|~|"42PS5O","I"|\n</data></write>
		<read echo="ascii"><delim> </delim><match><data>\x3E </data></match></read>
		<write echo="ascii"><data>igOZYz = |"Cx5uoV","XStl5"|+|"d","Cx5uoV","ZZymmZF","PSaYc","nG","r5SfBNO","Kkqg5RK"|\n</data></write>
		<read echo="ascii"><delim> </delim><match><data>\x3E </data></match></read>
		<write echo="ascii"><data>FPJoe = yla6nRU ~ QfCf8\n</data></write>
		<read echo="ascii"><delim> </delim><match><data>\x3E </data></match></read>
		<write echo="ascii"><data>1tSXuNt = kcLzun ^ ktTN6j\n</data></write>
		<read echo="ascii"><delim> </delim><match><data>\x3E </data></match></read>
		<write echo="ascii"><data>RkDBbId = QfCf8 + QaQCiPw\n</data></write>
		<read echo="ascii"><delim> </delim><match><data>\x3E </data></match></read>
		<write echo="ascii"><data>.p\n</data></write>
<read echo="ascii"><delim>\n</delim><match><data>QfCf8 = |"eRIvaT","4MP06b","kLS","eJy","ap","q44"|\n</data></match></read>
<read echo="ascii"><delim>\n</delim><match><data>zkUJ0h = |"ap","eJy","kLS","kfx20HkDxv"|\n</data></match></read>
<read echo="ascii"><delim>\n</delim><match><data>iWRhYJt = |"GWzjJ"|\n</data></match></read>
<read echo="ascii"><delim>\n</delim><match><data>QZMGP = |"ap","eJy","kLS","kfx20HkDxv","GWzjJ"|\n</data></match></read>
<read echo="ascii"><delim>\n</delim><match><data>QoyrQP = ||\n</data></match></read>
<read echo="ascii"><delim>\n</delim><match><data>ktTN6j = |"mzJuMH","uqF","1f","UX9L","aihVtYq"|\n</data></match></read>
<read echo="ascii"><delim>\n</delim><match><data>kcLzun = |"joqXZ","IvO","lsIyqCU","DPrx"|\n</data></match></read>
<read echo="ascii"><delim>\n</delim><match><data>yla6nRU = ||\n</data></match></read>
<read echo="ascii"><delim>\n</delim><match><data>QaQCiPw = |"YCHxi","ttL2","2i","I","SH1LkRC","XP0wGT"|\n</data></match></read>
<read echo="ascii"><delim>\n</delim><match><data>ixbbgY1 = |"eRIvaT","4MP06b","kLS","eJy","ap","q44"|\n</data></match></read>
<read echo="ascii"><delim>\n</delim><match><data>N1PeS = |"eRIvaT","4MP06b","kLS","eJy","ap","q44"|\n</data></match></read>
<read echo="ascii"><delim>\n</delim><match><data>g7Li39g = |"aW6ifB","xWt","eZx"|\n</data></match></read>
<read echo="ascii"><delim>\n</delim><match><data>igOZYz = |"Cx5uoV","XStl5","d","ZZymmZF","PSaYc","nG","r5SfBNO","Kkqg5RK"|\n</data></match></read>
<read echo="ascii"><delim>\n</delim><match><data>FPJoe = |"eRIvaT","4MP06b","kLS","eJy","ap","q44"|\n</data></match></read>
<read echo="ascii"><delim>\n</delim><match><data>1tSXuNt = ||\n</data></match></read>
<read echo="ascii"><delim>\n</delim><match><data>RkDBbId = |"eRIvaT","4MP06b","kLS","eJy","ap","q44","YCHxi","ttL2","2i","I","SH1LkRC","XP0wGT"|\n</data></match></read>
		<read echo="ascii"><delim> </delim><match><data>\x3E </data></match></read>
		<write echo="ascii"><data>.l\n</data></write>
	</replay>
</pov>
