<?xml version="1.0" standalone="no" ?>
<!DOCTYPE pov SYSTEM "/usr/share/cgc-docs/replay.dtd"><pov>
	<cbid>CROMU_00011</cbid>
	<replay>
		<read echo="ascii"><delim> </delim><match><data>\x3E </data></match></read>
		<write echo="ascii"><data>irwqXqH = |"be1c6j","o7D5ZJ","o5xf","a"|~|"o5xf","X","o7D5ZJ"|\n</data></write>
		<read echo="ascii"><delim> </delim><match><data>\x3E </data></match></read>
		<write echo="ascii"><data>tLMnva3 = irwqXqH ~ irwqXqH\n</data></write>
		<read echo="ascii"><delim> </delim><match><data>\x3E </data></match></read>
		<write echo="ascii"><data>P5iPC = |"GFiW4","wM"|^|"SzNXKda","dy"|\n</data></write>
		<read echo="ascii"><delim> </delim><match><data>\x3E </data></match></read>
		<write echo="ascii"><data>FUPYO3j = |"QJ9M"|~|"R","QJ9M","wvvGWqL","j"|\n</data></write>
		<read echo="ascii"><delim> </delim><match><data>\x3E </data></match></read>
		<write echo="ascii"><data>NGHRo = |"eXilc","9Wy","YkB","B3tJ","V8mKS0z"|-|"eXilc","kCLX","9","9Wy"|\n</data></write>
		<read echo="ascii"><delim> </delim><match><data>\x3E </data></match></read>
		<write echo="ascii"><data>LYnXDpy = NGHRo + FUPYO3j\n</data></write>
		<read echo="ascii"><delim> </delim><match><data>\x3E </data></match></read>
		<write echo="ascii"><data>DtsFLcH = |"1Du28","u","Wi8O","xGL","OVYK"|~|"m","a090b"|\n</data></write>
		<read echo="ascii"><delim> </delim><match><data>\x3E </data></match></read>
		<write echo="ascii"><data>Ungtd = |"Ld4PBQZ","K50q","Ewy1","z2YmH6P","qT","VHV","XdI2"|^|"V65","gIoQhy","Ld4PBQZ","VHV","Up","nXN"|\n</data></write>
		<read echo="ascii"><delim> </delim><match><data>\x3E </data></match></read>
		<write echo="ascii"><data>mUxcoal = P5iPC - LYnXDpy\n</data></write>
		<read echo="ascii"><delim> </delim><match><data>\x3E </data></match></read>
		<write echo="ascii"><data>PG63Jq = NGHRo ~ FUPYO3j\n</data></write>
		<read echo="ascii"><delim> </delim><match><data>\x3E </data></match></read>
		<write echo="ascii"><data>cCynH = FUPYO3j - P5iPC\n</data></write>
		<read echo="ascii"><delim> </delim><match><data>\x3E </data></match></read>
		<write echo="ascii"><data>.p\n</data></write>
<read echo="ascii"><delim>\n</delim><match><data>irwqXqH = |"be1c6j","a","X"|\n</data></match></read>
<read echo="ascii"><delim>\n</delim><match><data>tLMnva3 = ||\n</data></match></read>
<read echo="ascii"><delim>\n</delim><match><data>P5iPC = ||\n</data></match></read>
<read echo="ascii"><delim>\n</delim><match><data>FUPYO3j = |"R","wvvGWqL","j"|\n</data></match></read>
<read echo="ascii"><delim>\n</delim><match><data>NGHRo = |"YkB","B3tJ","V8mKS0z"|\n</data></match></read>
<read echo="ascii"><delim>\n</delim><match><data>LYnXDpy = |"YkB","B3tJ","V8mKS0z","R","wvvGWqL","j"|\n</data></match></read>
<read echo="ascii"><delim>\n</delim><match><data>DtsFLcH = |"1Du28","u","Wi8O","xGL","OVYK","m","a090b"|\n</data></match></read>
<read echo="ascii"><delim>\n</delim><match><data>Ungtd = |"Ld4PBQZ","VHV"|\n</data></match></read>
<read echo="ascii"><delim>\n</delim><match><data>mUxcoal = ||\n</data></match></read>
<read echo="ascii"><delim>\n</delim><match><data>PG63Jq = |"YkB","B3tJ","V8mKS0z","R","wvvGWqL","j"|\n</data></match></read>
<read echo="ascii"><delim>\n</delim><match><data>cCynH = |"R","wvvGWqL","j"|\n</data></match></read>
		<read echo="ascii"><delim> </delim><match><data>\x3E </data></match></read>
		<write echo="ascii"><data>.l\n</data></write>
	</replay>
</pov>
