<?xml version="1.0" standalone="no" ?>
<!DOCTYPE pov SYSTEM "/usr/share/cgc-docs/replay.dtd"><pov>
	<cbid>CROMU_00011</cbid>
	<replay>
		<read echo="ascii"><delim> </delim><match><data>\x3E </data></match></read>
		<write echo="ascii"><data>e8x3Duy = |"v","VcjU","OEth"|-|"Z228","jQ","Y5","3","Jh"|\n</data></write>
		<read echo="ascii"><delim> </delim><match><data>\x3E </data></match></read>
		<write echo="ascii"><data>HPS5U = e8x3Duy ~ e8x3Duy\n</data></write>
		<read echo="ascii"><delim> </delim><match><data>\x3E </data></match></read>
		<write echo="ascii"><data>U2ceJ0U = |"azG","DScOJf","99","9WXVutw","auq","Sq"|\n</data></write>
		<read echo="ascii"><delim> </delim><match><data>\x3E </data></match></read>
		<write echo="ascii"><data>cQLcm = |"99","9WXVutw","auq","Sq"|\n</data></write>
		<read echo="ascii"><delim> </delim><match><data>\x3E </data></match></read>
		<write echo="ascii"><data>cQLcm@U2ceJ0U\n</data></write>
		<read echo="ascii"><delim>\n</delim><match><data>TRUE\n</data></match></read>
		<read echo="ascii"><delim> </delim><match><data>\x3E </data></match></read>
		<write echo="ascii"><data>k13nWy6 = |"3LQc","MgNE","Jr5","9k4m8","gabwsL"|-|"y53kkmD","0y","3LQc"|\n</data></write>
		<read echo="ascii"><delim> </delim><match><data>\x3E </data></match></read>
		<write echo="ascii"><data>wrUHabw = |"T4MIF","dd"|+|"x"|\n</data></write>
		<read echo="ascii"><delim> </delim><match><data>\x3E </data></match></read>
		<write echo="ascii"><data>hI8eNJl = e8x3Duy ~ k13nWy6\n</data></write>
		<read echo="ascii"><delim> </delim><match><data>\x3E </data></match></read>
		<write echo="ascii"><data>HD7NV00 = cQLcm - k13nWy6\n</data></write>
		<read echo="ascii"><delim> </delim><match><data>\x3E </data></match></read>
		<write echo="ascii"><data>R7Yzb = k13nWy6 + k13nWy6\n</data></write>
		<read echo="ascii"><delim> </delim><match><data>\x3E </data></match></read>
		<write echo="ascii"><data>.p\n</data></write>
<read echo="ascii"><delim>\n</delim><match><data>e8x3Duy = |"v","VcjU","OEth"|\n</data></match></read>
<read echo="ascii"><delim>\n</delim><match><data>HPS5U = ||\n</data></match></read>
<read echo="ascii"><delim>\n</delim><match><data>U2ceJ0U = |"azG","DScOJf","99","9WXVutw","auq","Sq"|\n</data></match></read>
<read echo="ascii"><delim>\n</delim><match><data>cQLcm = |"99","9WXVutw","auq","Sq"|\n</data></match></read>
<read echo="ascii"><delim>\n</delim><match><data>k13nWy6 = |"MgNE","Jr5","9k4m8","gabwsL"|\n</data></match></read>
<read echo="ascii"><delim>\n</delim><match><data>wrUHabw = |"T4MIF","dd","x"|\n</data></match></read>
<read echo="ascii"><delim>\n</delim><match><data>hI8eNJl = |"v","VcjU","OEth","MgNE","Jr5","9k4m8","gabwsL"|\n</data></match></read>
<read echo="ascii"><delim>\n</delim><match><data>HD7NV00 = |"99","9WXVutw","auq","Sq"|\n</data></match></read>
<read echo="ascii"><delim>\n</delim><match><data>R7Yzb = |"MgNE","Jr5","9k4m8","gabwsL"|\n</data></match></read>
		<read echo="ascii"><delim> </delim><match><data>\x3E </data></match></read>
		<write echo="ascii"><data>.l\n</data></write>
	</replay>
</pov>
