<?xml version="1.0" standalone="no" ?>
<!DOCTYPE pov SYSTEM "/usr/share/cgc-docs/replay.dtd"><pov>
	<cbid>CROMU_00011</cbid>
	<replay>
		<read echo="ascii"><delim> </delim><match><data>\x3E </data></match></read>
		<write echo="ascii"><data>jWHPuw = |"D","7x","PT"|+|"7x","IziQ8z","eu"|\n</data></write>
		<read echo="ascii"><delim> </delim><match><data>\x3E </data></match></read>
		<write echo="ascii"><data>TjFSus = |"eQ4","gw","KO","AevrF","JjIKKG7"|^|"jlQsxvs","qL","g8E","0j","54ji2"|\n</data></write>
		<read echo="ascii"><delim> </delim><match><data>\x3E </data></match></read>
		<write echo="ascii"><data>fSOGvW = jWHPuw + jWHPuw\n</data></write>
		<read echo="ascii"><delim> </delim><match><data>\x3E </data></match></read>
		<write echo="ascii"><data>w0BbR53 = |"XiA5ksk","PcytGqX","4J5S","nHLuE","yiAP","pe9jX","79","X0g6bbD","siI"|\n</data></write>
		<read echo="ascii"><delim> </delim><match><data>\x3E </data></match></read>
		<write echo="ascii"><data>Jty08ST = |"PcytGqX","XiA5ksk","4J5S"|\n</data></write>
		<read echo="ascii"><delim> </delim><match><data>\x3E </data></match></read>
		<write echo="ascii"><data>Jty08ST@w0BbR53\n</data></write>
		<read echo="ascii"><delim>\n</delim><match><data>TRUE\n</data></match></read>
		<read echo="ascii"><delim> </delim><match><data>\x3E </data></match></read>
		<write echo="ascii"><data>u1kvbk = |"rliA","lgQ2FY","0OZ3","Jd","X01OD","be","HioHXA","hJIu","Fu"|\n</data></write>
		<read echo="ascii"><delim> </delim><match><data>\x3E </data></match></read>
		<write echo="ascii"><data>Clnam = |"rliA","Jd","X01OD","0OZ3","Fu","HioHXA","be","EK2msJJnXJ"|\n</data></write>
		<read echo="ascii"><delim> </delim><match><data>\x3E </data></match></read>
		<write echo="ascii"><data>Clnam@u1kvbk\n</data></write>
		<read echo="ascii"><delim>\n</delim><match><data>FALSE\n</data></match></read>
		<read echo="ascii"><delim> </delim><match><data>\x3E </data></match></read>
		<write echo="ascii"><data>diUdf3 = |"Zr8d","4s","M3","GY4wf","oV4"|^|"cIED9W","oV4"|\n</data></write>
		<read echo="ascii"><delim> </delim><match><data>\x3E </data></match></read>
		<write echo="ascii"><data>FzPq5 = |"2H12K","s2aNcl","cSUU","iL177","UQD"|-|"2H12K","iL177","c"|\n</data></write>
		<read echo="ascii"><delim> </delim><match><data>\x3E </data></match></read>
		<write echo="ascii"><data>9jtoY7l = |"zR","qLo","oknW5"|^|"3M3","e8","3G","0f","MZ7OTw","yrW","8p"|\n</data></write>
		<read echo="ascii"><delim> </delim><match><data>\x3E </data></match></read>
		<write echo="ascii"><data>Rq3uKnX = w0BbR53 - TjFSus\n</data></write>
		<read echo="ascii"><delim> </delim><match><data>\x3E </data></match></read>
		<write echo="ascii"><data>kwgatYZ = w0BbR53 ^ Rq3uKnX\n</data></write>
		<read echo="ascii"><delim> </delim><match><data>\x3E </data></match></read>
		<write echo="ascii"><data>Nl2VOC = |"dkL","Ts","fmp"|-|"AGEebG","Yh","W7"|\n</data></write>
		<read echo="ascii"><delim> </delim><match><data>\x3E </data></match></read>
		<write echo="ascii"><data>aL4jsj = |"gjTO","9A6","MYKyi"|^|"fBm","X70vG","KB","9I8s","18n88t4","MYKyi","8wmSyl3"|\n</data></write>
		<read echo="ascii"><delim> </delim><match><data>\x3E </data></match></read>
		<write echo="ascii"><data>XCFQeX = |"Jrx","OI9MDJv","Rj","DVQ","fO"|-|"MIkM","Xqp","fO","9c","Jrx","DVQ"|\n</data></write>
		<read echo="ascii"><delim> </delim><match><data>\x3E </data></match></read>
		<write echo="ascii"><data>.p\n</data></write>
<read echo="ascii"><delim>\n</delim><match><data>jWHPuw = |"D","7x","PT","IziQ8z","eu"|\n</data></match></read>
<read echo="ascii"><delim>\n</delim><match><data>TjFSus = ||\n</data></match></read>
<read echo="ascii"><delim>\n</delim><match><data>fSOGvW = |"D","7x","PT","IziQ8z","eu"|\n</data></match></read>
<read echo="ascii"><delim>\n</delim><match><data>w0BbR53 = |"XiA5ksk","PcytGqX","4J5S","nHLuE","yiAP","pe9jX","79","X0g6bbD","siI"|\n</data></match></read>
<read echo="ascii"><delim>\n</delim><match><data>Jty08ST = |"PcytGqX","XiA5ksk","4J5S"|\n</data></match></read>
<read echo="ascii"><delim>\n</delim><match><data>u1kvbk = |"rliA","lgQ2FY","0OZ3","Jd","X01OD","be","HioHXA","hJIu","Fu"|\n</data></match></read>
<read echo="ascii"><delim>\n</delim><match><data>Clnam = |"rliA","Jd","X01OD","0OZ3","Fu","HioHXA","be","EK2msJJnXJ"|\n</data></match></read>
<read echo="ascii"><delim>\n</delim><match><data>diUdf3 = |"oV4"|\n</data></match></read>
<read echo="ascii"><delim>\n</delim><match><data>FzPq5 = |"s2aNcl","cSUU","UQD"|\n</data></match></read>
<read echo="ascii"><delim>\n</delim><match><data>9jtoY7l = ||\n</data></match></read>
<read echo="ascii"><delim>\n</delim><match><data>Rq3uKnX = |"XiA5ksk","PcytGqX","4J5S","nHLuE","yiAP","pe9jX","79","X0g6bbD","siI"|\n</data></match></read>
<read echo="ascii"><delim>\n</delim><match><data>kwgatYZ = |"XiA5ksk","PcytGqX","4J5S","nHLuE","yiAP","pe9jX","79","X0g6bbD","siI"|\n</data></match></read>
<read echo="ascii"><delim>\n</delim><match><data>Nl2VOC = |"dkL","Ts","fmp"|\n</data></match></read>
<read echo="ascii"><delim>\n</delim><match><data>aL4jsj = |"MYKyi"|\n</data></match></read>
<read echo="ascii"><delim>\n</delim><match><data>XCFQeX = |"OI9MDJv","Rj"|\n</data></match></read>
		<read echo="ascii"><delim> </delim><match><data>\x3E </data></match></read>
		<write echo="ascii"><data>.l\n</data></write>
	</replay>
</pov>
