<?xml version="1.0" standalone="no" ?>
<!DOCTYPE pov SYSTEM "/usr/share/cgc-docs/replay.dtd"><pov>
	<cbid>CROMU_00011</cbid>
	<replay>
		<read echo="ascii"><delim> </delim><match><data>\x3E </data></match></read>
		<write echo="ascii"><data>0l0o9 = |"sHTVCo"|+|"G6"|\n</data></write>
		<read echo="ascii"><delim> </delim><match><data>\x3E </data></match></read>
		<write echo="ascii"><data>kJCUf5 = |"Qf619R","K4","kZPD"|-|"bPt","K4","Qf619R"|\n</data></write>
		<read echo="ascii"><delim> </delim><match><data>\x3E </data></match></read>
		<write echo="ascii"><data>O83bBuS = |"Jewm","3lQm1","j","S7","2"|~|"BNcz","GhirPEp","Unz","Um8sJV","c","Hi"|\n</data></write>
		<read echo="ascii"><delim> </delim><match><data>\x3E </data></match></read>
		<write echo="ascii"><data>bw84Mf = O83bBuS ~ O83bBuS\n</data></write>
		<read echo="ascii"><delim> </delim><match><data>\x3E </data></match></read>
		<write echo="ascii"><data>leOGT = |"eVPwU","wZ8JD","55","RB","h6AOk0","EhW","2628rg","jrPQ","TJS"|\n</data></write>
		<read echo="ascii"><delim> </delim><match><data>\x3E </data></match></read>
		<write echo="ascii"><data>6pDneP0 = |"wZ8JD","55","jrPQ","TJS","eVPwU","2628rg","EhW"|\n</data></write>
		<read echo="ascii"><delim> </delim><match><data>\x3E </data></match></read>
		<write echo="ascii"><data>6pDneP0@leOGT\n</data></write>
		<read echo="ascii"><delim>\n</delim><match><data>TRUE\n</data></match></read>
		<read echo="ascii"><delim> </delim><match><data>\x3E </data></match></read>
		<write echo="ascii"><data>1FGSIx = kJCUf5 - 0l0o9\n</data></write>
		<read echo="ascii"><delim> </delim><match><data>\x3E </data></match></read>
		<write echo="ascii"><data>Y9cY17J = |"ESnbIf","x","K","RzBT6M","Fjae"|-|"g8","dZkHW","q4","ZBMoEtq","h3","x"|\n</data></write>
		<read echo="ascii"><delim> </delim><match><data>\x3E </data></match></read>
		<write echo="ascii"><data>zCvMwc = leOGT - 0l0o9\n</data></write>
		<read echo="ascii"><delim> </delim><match><data>\x3E </data></match></read>
		<write echo="ascii"><data>qq6Sm = |"K","HFcU4PO"|+|"K","HFcU4PO"|\n</data></write>
		<read echo="ascii"><delim> </delim><match><data>\x3E </data></match></read>
		<write echo="ascii"><data>OYIeh = kJCUf5 ~ 0l0o9\n</data></write>
		<read echo="ascii"><delim> </delim><match><data>\x3E </data></match></read>
		<write echo="ascii"><data>.p\n</data></write>
<read echo="ascii"><delim>\n</delim><match><data>0l0o9 = |"sHTVCo","G6"|\n</data></match></read>
<read echo="ascii"><delim>\n</delim><match><data>kJCUf5 = |"kZPD"|\n</data></match></read>
<read echo="ascii"><delim>\n</delim><match><data>O83bBuS = |"Jewm","3lQm1","j","S7","2","BNcz","GhirPEp","Unz","Um8sJV","c","Hi"|\n</data></match></read>
<read echo="ascii"><delim>\n</delim><match><data>bw84Mf = ||\n</data></match></read>
<read echo="ascii"><delim>\n</delim><match><data>leOGT = |"eVPwU","wZ8JD","55","RB","h6AOk0","EhW","2628rg","jrPQ","TJS"|\n</data></match></read>
<read echo="ascii"><delim>\n</delim><match><data>6pDneP0 = |"wZ8JD","55","jrPQ","TJS","eVPwU","2628rg","EhW"|\n</data></match></read>
<read echo="ascii"><delim>\n</delim><match><data>1FGSIx = |"kZPD"|\n</data></match></read>
<read echo="ascii"><delim>\n</delim><match><data>Y9cY17J = |"ESnbIf","K","RzBT6M","Fjae"|\n</data></match></read>
<read echo="ascii"><delim>\n</delim><match><data>zCvMwc = |"eVPwU","wZ8JD","55","RB","h6AOk0","EhW","2628rg","jrPQ","TJS"|\n</data></match></read>
<read echo="ascii"><delim>\n</delim><match><data>qq6Sm = |"K","HFcU4PO"|\n</data></match></read>
<read echo="ascii"><delim>\n</delim><match><data>OYIeh = |"kZPD","sHTVCo","G6"|\n</data></match></read>
		<read echo="ascii"><delim> </delim><match><data>\x3E </data></match></read>
		<write echo="ascii"><data>.l\n</data></write>
	</replay>
</pov>
