<?xml version="1.0" standalone="no" ?>
<!DOCTYPE pov SYSTEM "/usr/share/cgc-docs/replay.dtd"><pov>
	<cbid>CROMU_00011</cbid>
	<replay>
		<read echo="ascii"><delim> </delim><match><data>\x3E </data></match></read>
		<write echo="ascii"><data>8eDYul = |"iKLrwmx","GYspT","r5bCy9b","b","oD1Z","IkKzzX","fP"|+|"r5bCy9b","7","h87","sWYER","ct35iD2","A"|\n</data></write>
		<read echo="ascii"><delim> </delim><match><data>\x3E </data></match></read>
		<write echo="ascii"><data>JEdhH3d = |"5goZFt","H13rJ","I12ZqN","cWHtt","YzuG","O3BxXnz","gb","3BGv","vL","ti1T"|\n</data></write>
		<read echo="ascii"><delim> </delim><match><data>\x3E </data></match></read>
		<write echo="ascii"><data>r98obz = |"5goZFt","vL"|\n</data></write>
		<read echo="ascii"><delim> </delim><match><data>\x3E </data></match></read>
		<write echo="ascii"><data>r98obz@JEdhH3d\n</data></write>
		<read echo="ascii"><delim>\n</delim><match><data>TRUE\n</data></match></read>
		<read echo="ascii"><delim> </delim><match><data>\x3E </data></match></read>
		<write echo="ascii"><data>Mp9PQ7f = r98obz ~ JEdhH3d\n</data></write>
		<read echo="ascii"><delim> </delim><match><data>\x3E </data></match></read>
		<write echo="ascii"><data>ZQrrU3t = r98obz ^ JEdhH3d\n</data></write>
		<read echo="ascii"><delim> </delim><match><data>\x3E </data></match></read>
		<write echo="ascii"><data>6Pysmu = |"COPq2","au","I"|-|"y2VP312","I","au","PDxxxZz","02"|\n</data></write>
		<read echo="ascii"><delim> </delim><match><data>\x3E </data></match></read>
		<write echo="ascii"><data>2U9hfzH = |"NRtaS0","OzMtGX","G82wh","Ay33gi","f","5dILqN"|-|"Ay33gi","Z","EPA4v"|\n</data></write>
		<read echo="ascii"><delim> </delim><match><data>\x3E </data></match></read>
		<write echo="ascii"><data>uDJw29W = |"cgDN09D","dt","WFiryxc","5leJOMi","nlYd7z","HM","QTy"|+|"ZuMmF4","rnPeH","WFiryxc","Aq","ZX7p"|\n</data></write>
		<read echo="ascii"><delim> </delim><match><data>\x3E </data></match></read>
		<write echo="ascii"><data>4qzaGw = ZQrrU3t + ZQrrU3t\n</data></write>
		<read echo="ascii"><delim> </delim><match><data>\x3E </data></match></read>
		<write echo="ascii"><data>gsKkl = |"ri08d2","P2Ku","EbnWk","T","hf","iaL0Ho"|+|"hf","ri08d2","T","Ms","dnSguZz","l","iaL0Ho"|\n</data></write>
		<read echo="ascii"><delim> </delim><match><data>\x3E </data></match></read>
		<write echo="ascii"><data>KQRNx2 = 6Pysmu - ZQrrU3t\n</data></write>
		<read echo="ascii"><delim> </delim><match><data>\x3E </data></match></read>
		<write echo="ascii"><data>YV2yJoo = |"bfEX5","y","9KCfEO","WnEj"|-|"G6V","y","oC1S"|\n</data></write>
		<read echo="ascii"><delim> </delim><match><data>\x3E </data></match></read>
		<write echo="ascii"><data>ReovF = KQRNx2 + 4qzaGw\n</data></write>
		<read echo="ascii"><delim> </delim><match><data>\x3E </data></match></read>
		<write echo="ascii"><data>BiEhO7u = ReovF - Mp9PQ7f\n</data></write>
		<read echo="ascii"><delim> </delim><match><data>\x3E </data></match></read>
		<write echo="ascii"><data>.p\n</data></write>
<read echo="ascii"><delim>\n</delim><match><data>8eDYul = |"iKLrwmx","GYspT","r5bCy9b","b","oD1Z","IkKzzX","fP","7","h87","sWYER","ct35iD2","A"|\n</data></match></read>
<read echo="ascii"><delim>\n</delim><match><data>JEdhH3d = |"5goZFt","H13rJ","I12ZqN","cWHtt","YzuG","O3BxXnz","gb","3BGv","vL","ti1T"|\n</data></match></read>
<read echo="ascii"><delim>\n</delim><match><data>r98obz = |"5goZFt","vL"|\n</data></match></read>
<read echo="ascii"><delim>\n</delim><match><data>Mp9PQ7f = |"H13rJ","I12ZqN","cWHtt","YzuG","O3BxXnz","gb","3BGv","ti1T"|\n</data></match></read>
<read echo="ascii"><delim>\n</delim><match><data>ZQrrU3t = |"5goZFt","vL"|\n</data></match></read>
<read echo="ascii"><delim>\n</delim><match><data>6Pysmu = |"COPq2"|\n</data></match></read>
<read echo="ascii"><delim>\n</delim><match><data>2U9hfzH = |"NRtaS0","OzMtGX","G82wh","f","5dILqN"|\n</data></match></read>
<read echo="ascii"><delim>\n</delim><match><data>uDJw29W = |"cgDN09D","dt","WFiryxc","5leJOMi","nlYd7z","HM","QTy","ZuMmF4","rnPeH","Aq","ZX7p"|\n</data></match></read>
<read echo="ascii"><delim>\n</delim><match><data>4qzaGw = |"5goZFt","vL"|\n</data></match></read>
<read echo="ascii"><delim>\n</delim><match><data>gsKkl = |"ri08d2","P2Ku","EbnWk","T","hf","iaL0Ho","Ms","dnSguZz","l"|\n</data></match></read>
<read echo="ascii"><delim>\n</delim><match><data>KQRNx2 = |"COPq2"|\n</data></match></read>
<read echo="ascii"><delim>\n</delim><match><data>YV2yJoo = |"bfEX5","9KCfEO","WnEj"|\n</data></match></read>
<read echo="ascii"><delim>\n</delim><match><data>ReovF = |"COPq2","5goZFt","vL"|\n</data></match></read>
<read echo="ascii"><delim>\n</delim><match><data>BiEhO7u = |"COPq2","5goZFt","vL"|\n</data></match></read>
		<read echo="ascii"><delim> </delim><match><data>\x3E </data></match></read>
		<write echo="ascii"><data>.l\n</data></write>
	</replay>
</pov>
