<?xml version="1.0" standalone="no" ?>
<!DOCTYPE pov SYSTEM "/usr/share/cgc-docs/replay.dtd"><pov>
	<cbid>CROMU_00011</cbid>
	<replay>
		<read echo="ascii"><delim> </delim><match><data>\x3E </data></match></read>
		<write echo="ascii"><data>XhoqrXr = |"qN","i2jITK","d9vS","03U9DU","o6DOUXn","p6HheP"|\n</data></write>
		<read echo="ascii"><delim> </delim><match><data>\x3E </data></match></read>
		<write echo="ascii"><data>YGWLx = |"03U9DU"|\n</data></write>
		<read echo="ascii"><delim> </delim><match><data>\x3E </data></match></read>
		<write echo="ascii"><data>YGWLx@XhoqrXr\n</data></write>
		<read echo="ascii"><delim>\n</delim><match><data>TRUE\n</data></match></read>
		<read echo="ascii"><delim> </delim><match><data>\x3E </data></match></read>
		<write echo="ascii"><data>Wyg8Na = |"cNCfK","ad","1AEq","uau1Cj","1Ks0F8","ZD","rG","dhwm","oWKgC","J3"|\n</data></write>
		<read echo="ascii"><delim> </delim><match><data>\x3E </data></match></read>
		<write echo="ascii"><data>vSrvrbi = |"cNCfK","1AEq","rG","ZD","oWKgC","ad","J3","uau1Cj"|\n</data></write>
		<read echo="ascii"><delim> </delim><match><data>\x3E </data></match></read>
		<write echo="ascii"><data>vSrvrbi@Wyg8Na\n</data></write>
		<read echo="ascii"><delim>\n</delim><match><data>TRUE\n</data></match></read>
		<read echo="ascii"><delim> </delim><match><data>\x3E </data></match></read>
		<write echo="ascii"><data>zKkr0 = vSrvrbi + YGWLx\n</data></write>
		<read echo="ascii"><delim> </delim><match><data>\x3E </data></match></read>
		<write echo="ascii"><data>Fh3Od = XhoqrXr ^ XhoqrXr\n</data></write>
		<read echo="ascii"><delim> </delim><match><data>\x3E </data></match></read>
		<write echo="ascii"><data>dpuLHp = Fh3Od - Fh3Od\n</data></write>
		<read echo="ascii"><delim> </delim><match><data>\x3E </data></match></read>
		<write echo="ascii"><data>odcyPI = |"Ok3"|+|"6m","U48","X8"|\n</data></write>
		<read echo="ascii"><delim> </delim><match><data>\x3E </data></match></read>
		<write echo="ascii"><data>43IXyQW = |"1y","npO","rQMeQ","PXb","Y3","UCFLq","9UqPt","wqW5","Mn78Cz","dSEs"|\n</data></write>
		<read echo="ascii"><delim> </delim><match><data>\x3E </data></match></read>
		<write echo="ascii"><data>SymS1Yi = |"PXb","Y3","UCFLq","npO"|\n</data></write>
		<read echo="ascii"><delim> </delim><match><data>\x3E </data></match></read>
		<write echo="ascii"><data>SymS1Yi@43IXyQW\n</data></write>
		<read echo="ascii"><delim>\n</delim><match><data>TRUE\n</data></match></read>
		<read echo="ascii"><delim> </delim><match><data>\x3E </data></match></read>
		<write echo="ascii"><data>cYb2Sk = |"zJLvS","0sFf","8FW0Ac","it4Rhh4","U6fUD","e8Jsu","ZZ","VXqYB0U","kd"|\n</data></write>
		<read echo="ascii"><delim> </delim><match><data>\x3E </data></match></read>
		<write echo="ascii"><data>ixe8L2 = |"VXqYB0U","U6fUD","ZZ","e8Jsu","kd","it4Rhh4","0sFf","8FW0Ac"|\n</data></write>
		<read echo="ascii"><delim> </delim><match><data>\x3E </data></match></read>
		<write echo="ascii"><data>ixe8L2@cYb2Sk\n</data></write>
		<read echo="ascii"><delim>\n</delim><match><data>TRUE\n</data></match></read>
		<read echo="ascii"><delim> </delim><match><data>\x3E </data></match></read>
		<write echo="ascii"><data>.p\n</data></write>
<read echo="ascii"><delim>\n</delim><match><data>XhoqrXr = |"qN","i2jITK","d9vS","03U9DU","o6DOUXn","p6HheP"|\n</data></match></read>
<read echo="ascii"><delim>\n</delim><match><data>YGWLx = |"03U9DU"|\n</data></match></read>
<read echo="ascii"><delim>\n</delim><match><data>Wyg8Na = |"cNCfK","ad","1AEq","uau1Cj","1Ks0F8","ZD","rG","dhwm","oWKgC","J3"|\n</data></match></read>
<read echo="ascii"><delim>\n</delim><match><data>vSrvrbi = |"cNCfK","1AEq","rG","ZD","oWKgC","ad","J3","uau1Cj"|\n</data></match></read>
<read echo="ascii"><delim>\n</delim><match><data>zKkr0 = |"cNCfK","1AEq","rG","ZD","oWKgC","ad","J3","uau1Cj","03U9DU"|\n</data></match></read>
<read echo="ascii"><delim>\n</delim><match><data>Fh3Od = |"qN","i2jITK","d9vS","03U9DU","o6DOUXn","p6HheP"|\n</data></match></read>
<read echo="ascii"><delim>\n</delim><match><data>dpuLHp = ||\n</data></match></read>
<read echo="ascii"><delim>\n</delim><match><data>odcyPI = |"Ok3","6m","U48","X8"|\n</data></match></read>
<read echo="ascii"><delim>\n</delim><match><data>43IXyQW = |"1y","npO","rQMeQ","PXb","Y3","UCFLq","9UqPt","wqW5","Mn78Cz","dSEs"|\n</data></match></read>
<read echo="ascii"><delim>\n</delim><match><data>SymS1Yi = |"PXb","Y3","UCFLq","npO"|\n</data></match></read>
<read echo="ascii"><delim>\n</delim><match><data>cYb2Sk = |"zJLvS","0sFf","8FW0Ac","it4Rhh4","U6fUD","e8Jsu","ZZ","VXqYB0U","kd"|\n</data></match></read>
<read echo="ascii"><delim>\n</delim><match><data>ixe8L2 = |"VXqYB0U","U6fUD","ZZ","e8Jsu","kd","it4Rhh4","0sFf","8FW0Ac"|\n</data></match></read>
		<read echo="ascii"><delim> </delim><match><data>\x3E </data></match></read>
		<write echo="ascii"><data>.l\n</data></write>
	</replay>
</pov>
