<?xml version="1.0" standalone="no" ?>
<!DOCTYPE pov SYSTEM "/usr/share/cgc-docs/replay.dtd"><pov>
	<cbid>CROMU_00011</cbid>
	<replay>
		<read echo="ascii"><delim> </delim><match><data>\x3E </data></match></read>
		<write echo="ascii"><data>LTM1q = |"T3vejA","vytC","hxO","e"|+|"pP5","3DfzX","Nxh"|\n</data></write>
		<read echo="ascii"><delim> </delim><match><data>\x3E </data></match></read>
		<write echo="ascii"><data>yZ38ygS = |"oH","C8U86y","IRgS8sF","3Fg","zMmvvt","yFl5jaE","8KJawd3"|~|"VuyDv1v","B","yj86Q","4","dzx"|\n</data></write>
		<read echo="ascii"><delim> </delim><match><data>\x3E </data></match></read>
		<write echo="ascii"><data>MiMXTX = yZ38ygS ^ yZ38ygS\n</data></write>
		<read echo="ascii"><delim> </delim><match><data>\x3E </data></match></read>
		<write echo="ascii"><data>69hznE = |"dRfU","Vymly","F","U78l","M","w","XBD"|+|"dBuRo","mkxPa1","Ply2vJw","loP","M","ZJ7hY4d","U78l"|\n</data></write>
		<read echo="ascii"><delim> </delim><match><data>\x3E </data></match></read>
		<write echo="ascii"><data>S7SPlf = 69hznE - yZ38ygS\n</data></write>
		<read echo="ascii"><delim> </delim><match><data>\x3E </data></match></read>
		<write echo="ascii"><data>Kx1UrS8 = 69hznE + S7SPlf\n</data></write>
		<read echo="ascii"><delim> </delim><match><data>\x3E </data></match></read>
		<write echo="ascii"><data>RkG9c = |"M7eW","wc6rV","rPuP","NWh5k"|~|"cr2f2N","rPuP","NWh5k","suH"|\n</data></write>
		<read echo="ascii"><delim> </delim><match><data>\x3E </data></match></read>
		<write echo="ascii"><data>qlkjL = |"xLYFIv","sJC9","3mFH","03I","yjVF","Bt","m7ttiY","EovGf","ZB"|\n</data></write>
		<read echo="ascii"><delim> </delim><match><data>\x3E </data></match></read>
		<write echo="ascii"><data>tk8l0om = |"yjVF","djboBhO5bR"|\n</data></write>
		<read echo="ascii"><delim> </delim><match><data>\x3E </data></match></read>
		<write echo="ascii"><data>tk8l0om@qlkjL\n</data></write>
		<read echo="ascii"><delim>\n</delim><match><data>FALSE\n</data></match></read>
		<read echo="ascii"><delim> </delim><match><data>\x3E </data></match></read>
		<write echo="ascii"><data>xtzTi3 = |"81k"|^|"81k","LK6ru9","2Zn","3Qhc8xo","BRrrLn"|\n</data></write>
		<read echo="ascii"><delim> </delim><match><data>\x3E </data></match></read>
		<write echo="ascii"><data>DNFol = |"l5cO"|^|"Vz9qS","0UHLu","XIi"|\n</data></write>
		<read echo="ascii"><delim> </delim><match><data>\x3E </data></match></read>
		<write echo="ascii"><data>Ydn2x = qlkjL - RkG9c\n</data></write>
		<read echo="ascii"><delim> </delim><match><data>\x3E </data></match></read>
		<write echo="ascii"><data>cas32ZP = |"zjKw","R","P","2hkSHV","8QKNqXN"|-|"Uz3A","MqK3OF","BiI"|\n</data></write>
		<read echo="ascii"><delim> </delim><match><data>\x3E </data></match></read>
		<write echo="ascii"><data>MZ6mugI = RkG9c ~ LTM1q\n</data></write>
		<read echo="ascii"><delim> </delim><match><data>\x3E </data></match></read>
		<write echo="ascii"><data>GUCyJr = |"p7","b"|+|"ZizEFpz","2mJN","p7"|\n</data></write>
		<read echo="ascii"><delim> </delim><match><data>\x3E </data></match></read>
		<write echo="ascii"><data>kDKjP4b = |"Ci2","aXS","PO","b7UM"|~|"5e87","dkAlS","b7UM","jjVoo"|\n</data></write>
		<read echo="ascii"><delim> </delim><match><data>\x3E </data></match></read>
		<write echo="ascii"><data>.p\n</data></write>
<read echo="ascii"><delim>\n</delim><match><data>LTM1q = |"T3vejA","vytC","hxO","e","pP5","3DfzX","Nxh"|\n</data></match></read>
<read echo="ascii"><delim>\n</delim><match><data>yZ38ygS = |"oH","C8U86y","IRgS8sF","3Fg","zMmvvt","yFl5jaE","8KJawd3","VuyDv1v","B","yj86Q","4","dzx"|\n</data></match></read>
<read echo="ascii"><delim>\n</delim><match><data>MiMXTX = |"oH","C8U86y","IRgS8sF","3Fg","zMmvvt","yFl5jaE","8KJawd3","VuyDv1v","B","yj86Q","4","dzx"|\n</data></match></read>
<read echo="ascii"><delim>\n</delim><match><data>69hznE = |"dRfU","Vymly","F","U78l","M","w","XBD","dBuRo","mkxPa1","Ply2vJw","loP","ZJ7hY4d"|\n</data></match></read>
<read echo="ascii"><delim>\n</delim><match><data>S7SPlf = |"dRfU","Vymly","F","U78l","M","w","XBD","dBuRo","mkxPa1","Ply2vJw","loP","ZJ7hY4d"|\n</data></match></read>
<read echo="ascii"><delim>\n</delim><match><data>Kx1UrS8 = |"dRfU","Vymly","F","U78l","M","w","XBD","dBuRo","mkxPa1","Ply2vJw","loP","ZJ7hY4d"|\n</data></match></read>
<read echo="ascii"><delim>\n</delim><match><data>RkG9c = |"M7eW","wc6rV","cr2f2N","suH"|\n</data></match></read>
<read echo="ascii"><delim>\n</delim><match><data>qlkjL = |"xLYFIv","sJC9","3mFH","03I","yjVF","Bt","m7ttiY","EovGf","ZB"|\n</data></match></read>
<read echo="ascii"><delim>\n</delim><match><data>tk8l0om = |"yjVF","djboBhO5bR"|\n</data></match></read>
<read echo="ascii"><delim>\n</delim><match><data>xtzTi3 = |"81k"|\n</data></match></read>
<read echo="ascii"><delim>\n</delim><match><data>DNFol = ||\n</data></match></read>
<read echo="ascii"><delim>\n</delim><match><data>Ydn2x = |"xLYFIv","sJC9","3mFH","03I","yjVF","Bt","m7ttiY","EovGf","ZB"|\n</data></match></read>
<read echo="ascii"><delim>\n</delim><match><data>cas32ZP = |"zjKw","R","P","2hkSHV","8QKNqXN"|\n</data></match></read>
<read echo="ascii"><delim>\n</delim><match><data>MZ6mugI = |"M7eW","wc6rV","cr2f2N","suH","T3vejA","vytC","hxO","e","pP5","3DfzX","Nxh"|\n</data></match></read>
<read echo="ascii"><delim>\n</delim><match><data>GUCyJr = |"p7","b","ZizEFpz","2mJN"|\n</data></match></read>
<read echo="ascii"><delim>\n</delim><match><data>kDKjP4b = |"Ci2","aXS","PO","5e87","dkAlS","jjVoo"|\n</data></match></read>
		<read echo="ascii"><delim> </delim><match><data>\x3E </data></match></read>
		<write echo="ascii"><data>.l\n</data></write>
	</replay>
</pov>
