<?xml version="1.0" standalone="no" ?>
<!DOCTYPE pov SYSTEM "/usr/share/cgc-docs/replay.dtd"><pov>
	<cbid>CROMU_00011</cbid>
	<replay>
		<read echo="ascii"><delim> </delim><match><data>\x3E </data></match></read>
		<write echo="ascii"><data>2FOxIn = |"X","wEJ","k6nHb7","9unE1","ES"|~|"CdZ9","k6nHb7","wEJ"|\n</data></write>
		<read echo="ascii"><delim> </delim><match><data>\x3E </data></match></read>
		<write echo="ascii"><data>XKbbSqc = |"moN3Dzm","Sg4JAb","tQ","03vP","pbfJpN","1Atvu","J5g9IY"|\n</data></write>
		<read echo="ascii"><delim> </delim><match><data>\x3E </data></match></read>
		<write echo="ascii"><data>mXZZvP = |"pbfJpN","J5g9IY","Sg4JAb","moN3Dzm","tQ"|\n</data></write>
		<read echo="ascii"><delim> </delim><match><data>\x3E </data></match></read>
		<write echo="ascii"><data>mXZZvP@XKbbSqc\n</data></write>
		<read echo="ascii"><delim>\n</delim><match><data>TRUE\n</data></match></read>
		<read echo="ascii"><delim> </delim><match><data>\x3E </data></match></read>
		<write echo="ascii"><data>9VMtkYLi = mXZZvP ^ 2FOxIn\n</data></write>
		<read echo="ascii"><delim> </delim><match><data>\x3E </data></match></read>
		<write echo="ascii"><data>XX0EF7Q = |"7kjQ1","8Y","t","d7u"|-|"7kjQ1","WdNb","F3","atRCOaJ","ofo","rUlDq0R"|\n</data></write>
		<read echo="ascii"><delim> </delim><match><data>\x3E </data></match></read>
		<write echo="ascii"><data>1dgYta = |"GdP","utPE","wy","Qw","RqH4KkS","In","yKdSjl4","F2FVp","Mt8"|\n</data></write>
		<read echo="ascii"><delim> </delim><match><data>\x3E </data></match></read>
		<write echo="ascii"><data>hBFDShY = |"Qw","kfgIuGPaZS"|\n</data></write>
		<read echo="ascii"><delim> </delim><match><data>\x3E </data></match></read>
		<write echo="ascii"><data>hBFDShY@1dgYta\n</data></write>
		<read echo="ascii"><delim>\n</delim><match><data>FALSE\n</data></match></read>
		<read echo="ascii"><delim> </delim><match><data>\x3E </data></match></read>
		<write echo="ascii"><data>jojE1 = |"Q0s9R","SYRI","0LEZ","0XdbSY","fuX","EgfeGdL"|\n</data></write>
		<read echo="ascii"><delim> </delim><match><data>\x3E </data></match></read>
		<write echo="ascii"><data>9CRBj = |"EgfeGdL","SYRI","NunR6iSaPY"|\n</data></write>
		<read echo="ascii"><delim> </delim><match><data>\x3E </data></match></read>
		<write echo="ascii"><data>9CRBj@jojE1\n</data></write>
		<read echo="ascii"><delim>\n</delim><match><data>FALSE\n</data></match></read>
		<read echo="ascii"><delim> </delim><match><data>\x3E </data></match></read>
		<write echo="ascii"><data>urvsz9A = |"Af23Gs"|~|"JKVvu","1tN6c"|\n</data></write>
		<read echo="ascii"><delim> </delim><match><data>\x3E </data></match></read>
		<write echo="ascii"><data>pJdIxQn = jojE1 ^ hBFDShY\n</data></write>
		<read echo="ascii"><delim> </delim><match><data>\x3E </data></match></read>
		<write echo="ascii"><data>jAR0wW = |"Fs8dA","DeYEF2"|+|"4xcPtX"|\n</data></write>
		<read echo="ascii"><delim> </delim><match><data>\x3E </data></match></read>
		<write echo="ascii"><data>nShnEDM = |"XcSNp"|+|"TL","h0Pv"|\n</data></write>
		<read echo="ascii"><delim> </delim><match><data>\x3E </data></match></read>
		<write echo="ascii"><data>I64a4q5Bzp = XX0EF7Q ^ urvsz9A\n</data></write>
		<read echo="ascii"><delim> </delim><match><data>\x3E </data></match></read>
		<write echo="ascii"><data>vErQiXXM = 9VMtkYLi ^ 9CRBj\n</data></write>
		<read echo="ascii"><delim> </delim><match><data>\x3E </data></match></read>
		<write echo="ascii"><data>0mBpWt = |"A7","gcWOHLI","xbAZVlz","x7i5h21","qRoWu"|^|"FWHc","gcWOHLI","ZhG","7wIeJy","x7i5h21"|\n</data></write>
		<read echo="ascii"><delim> </delim><match><data>\x3E </data></match></read>
		<write echo="ascii"><data>ovDxF = XKbbSqc + 9CRBj\n</data></write>
		<read echo="ascii"><delim> </delim><match><data>\x3E </data></match></read>
		<write echo="ascii"><data>.p\n</data></write>
<read echo="ascii"><delim>\n</delim><match><data>2FOxIn = |"X","9unE1","ES","CdZ9"|\n</data></match></read>
<read echo="ascii"><delim>\n</delim><match><data>XKbbSqc = |"moN3Dzm","Sg4JAb","tQ","03vP","pbfJpN","1Atvu","J5g9IY"|\n</data></match></read>
<read echo="ascii"><delim>\n</delim><match><data>mXZZvP = |"pbfJpN","J5g9IY","Sg4JAb","moN3Dzm","tQ"|\n</data></match></read>
<read echo="ascii"><delim>\n</delim><match><data>9VMtkYLi = ||\n</data></match></read>
<read echo="ascii"><delim>\n</delim><match><data>XX0EF7Q = |"8Y","t","d7u"|\n</data></match></read>
<read echo="ascii"><delim>\n</delim><match><data>1dgYta = |"GdP","utPE","wy","Qw","RqH4KkS","In","yKdSjl4","F2FVp","Mt8"|\n</data></match></read>
<read echo="ascii"><delim>\n</delim><match><data>hBFDShY = |"Qw","kfgIuGPaZS"|\n</data></match></read>
<read echo="ascii"><delim>\n</delim><match><data>jojE1 = |"Q0s9R","SYRI","0LEZ","0XdbSY","fuX","EgfeGdL"|\n</data></match></read>
<read echo="ascii"><delim>\n</delim><match><data>9CRBj = |"EgfeGdL","SYRI","NunR6iSaPY"|\n</data></match></read>
<read echo="ascii"><delim>\n</delim><match><data>urvsz9A = |"Af23Gs","JKVvu","1tN6c"|\n</data></match></read>
<read echo="ascii"><delim>\n</delim><match><data>pJdIxQn = ||\n</data></match></read>
<read echo="ascii"><delim>\n</delim><match><data>jAR0wW = |"Fs8dA","DeYEF2","4xcPtX"|\n</data></match></read>
<read echo="ascii"><delim>\n</delim><match><data>nShnEDM = |"XcSNp","TL","h0Pv"|\n</data></match></read>
<read echo="ascii"><delim>\n</delim><match><data>I64a4q5Bzp = ||\n</data></match></read>
<read echo="ascii"><delim>\n</delim><match><data>vErQiXXM = ||\n</data></match></read>
<read echo="ascii"><delim>\n</delim><match><data>0mBpWt = |"gcWOHLI","x7i5h21"|\n</data></match></read>
<read echo="ascii"><delim>\n</delim><match><data>ovDxF = |"moN3Dzm","Sg4JAb","tQ","03vP","pbfJpN","1Atvu","J5g9IY","EgfeGdL","SYRI","NunR6iSaPY"|\n</data></match></read>
		<read echo="ascii"><delim> </delim><match><data>\x3E </data></match></read>
		<write echo="ascii"><data>.l\n</data></write>
	</replay>
</pov>
