<?xml version="1.0" standalone="no" ?>
<!DOCTYPE pov SYSTEM "/usr/share/cgc-docs/replay.dtd"><pov>
	<cbid>CROMU_00011</cbid>
	<replay>
		<read echo="ascii"><delim> </delim><match><data>\x3E </data></match></read>
		<write echo="ascii"><data>NkRibOE = |"s","nAs1","MYnqocU"|~|"UzXFyl4","5","nAs1","stNIK","s","YA","b8dl"|\n</data></write>
		<read echo="ascii"><delim> </delim><match><data>\x3E </data></match></read>
		<write echo="ascii"><data>kKWSuJ = NkRibOE ~ NkRibOE\n</data></write>
		<read echo="ascii"><delim> </delim><match><data>\x3E </data></match></read>
		<write echo="ascii"><data>mhCnvz = |"aTQxad","fgDR","lhRQYR","3","Ad"|~|"N7om","ThZ0v","O","lhRQYR","Ad","hE6UNsc","CumqIs"|\n</data></write>
		<read echo="ascii"><delim> </delim><match><data>\x3E </data></match></read>
		<write echo="ascii"><data>6UL63 = |"Pi","5","By","8w"|~|"Ji","qtRV","t2VFU","EKFkp"|\n</data></write>
		<read echo="ascii"><delim> </delim><match><data>\x3E </data></match></read>
		<write echo="ascii"><data>STSjcHF = |"8yB","c83","5LTWR"|^|"XS","45","5NWC5q0","8yB","6Kh4U1"|\n</data></write>
		<read echo="ascii"><delim> </delim><match><data>\x3E </data></match></read>
		<write echo="ascii"><data>VPCng9 = |"Oo","GJL"|+|"NjShcQ","Oo","Qk","jU","lArkXtN","amXl3I"|\n</data></write>
		<read echo="ascii"><delim> </delim><match><data>\x3E </data></match></read>
		<write echo="ascii"><data>R3mP96 = |"Fx","SFOG","qZ","0","cF"|-|"Fx","h","SFOG"|\n</data></write>
		<read echo="ascii"><delim> </delim><match><data>\x3E </data></match></read>
		<write echo="ascii"><data>0mXkKKS = |"Jog7R","AxZT","2g","d","J","x","72yFvS"|+|"wU","2g"|\n</data></write>
		<read echo="ascii"><delim> </delim><match><data>\x3E </data></match></read>
		<write echo="ascii"><data>J8R3mN = kKWSuJ ^ kKWSuJ\n</data></write>
		<read echo="ascii"><delim> </delim><match><data>\x3E </data></match></read>
		<write echo="ascii"><data>qiwtq = |"nzzNpa","D","O52"|-|"SKLgqYh","N","xT","nzzNpa","D"|\n</data></write>
		<read echo="ascii"><delim> </delim><match><data>\x3E </data></match></read>
		<write echo="ascii"><data>lscPAQS = 0mXkKKS ^ J8R3mN\n</data></write>
		<read echo="ascii"><delim> </delim><match><data>\x3E </data></match></read>
		<write echo="ascii"><data>MQjoG2h = R3mP96 ~ kKWSuJ\n</data></write>
		<read echo="ascii"><delim> </delim><match><data>\x3E </data></match></read>
		<write echo="ascii"><data>tXeIhO = |"8XRZwK","JRv","SGJpRu","SdlO9","Q","B0pt"|-|"y","SGJpRu","xpUFWhy"|\n</data></write>
		<read echo="ascii"><delim> </delim><match><data>\x3E </data></match></read>
		<write echo="ascii"><data>hd6mj1 = |"JQPPHd"|^|"JQPPHd","pY2RrP","AS2R","rb"|\n</data></write>
		<read echo="ascii"><delim> </delim><match><data>\x3E </data></match></read>
		<write echo="ascii"><data>ZbYxyv = |"ZPVO1C2","FZOx7","84","gTvWY1","zCN93D","PGlw9JJ","bC2piU7"|\n</data></write>
		<read echo="ascii"><delim> </delim><match><data>\x3E </data></match></read>
		<write echo="ascii"><data>vrMkTE = |"bC2piU7","84","YYgzeoOshj"|\n</data></write>
		<read echo="ascii"><delim> </delim><match><data>\x3E </data></match></read>
		<write echo="ascii"><data>vrMkTE@ZbYxyv\n</data></write>
		<read echo="ascii"><delim>\n</delim><match><data>FALSE\n</data></match></read>
		<read echo="ascii"><delim> </delim><match><data>\x3E </data></match></read>
		<write echo="ascii"><data>.p\n</data></write>
<read echo="ascii"><delim>\n</delim><match><data>NkRibOE = |"MYnqocU","UzXFyl4","5","stNIK","YA","b8dl"|\n</data></match></read>
<read echo="ascii"><delim>\n</delim><match><data>kKWSuJ = ||\n</data></match></read>
<read echo="ascii"><delim>\n</delim><match><data>mhCnvz = |"aTQxad","fgDR","3","N7om","ThZ0v","O","hE6UNsc","CumqIs"|\n</data></match></read>
<read echo="ascii"><delim>\n</delim><match><data>6UL63 = |"Pi","5","By","8w","Ji","qtRV","t2VFU","EKFkp"|\n</data></match></read>
<read echo="ascii"><delim>\n</delim><match><data>STSjcHF = |"8yB"|\n</data></match></read>
<read echo="ascii"><delim>\n</delim><match><data>VPCng9 = |"Oo","GJL","NjShcQ","Qk","jU","lArkXtN","amXl3I"|\n</data></match></read>
<read echo="ascii"><delim>\n</delim><match><data>R3mP96 = |"qZ","0","cF"|\n</data></match></read>
<read echo="ascii"><delim>\n</delim><match><data>0mXkKKS = |"Jog7R","AxZT","2g","d","J","x","72yFvS","wU"|\n</data></match></read>
<read echo="ascii"><delim>\n</delim><match><data>J8R3mN = ||\n</data></match></read>
<read echo="ascii"><delim>\n</delim><match><data>qiwtq = |"O52"|\n</data></match></read>
<read echo="ascii"><delim>\n</delim><match><data>lscPAQS = ||\n</data></match></read>
<read echo="ascii"><delim>\n</delim><match><data>MQjoG2h = |"qZ","0","cF"|\n</data></match></read>
<read echo="ascii"><delim>\n</delim><match><data>tXeIhO = |"8XRZwK","JRv","SdlO9","Q","B0pt"|\n</data></match></read>
<read echo="ascii"><delim>\n</delim><match><data>hd6mj1 = |"JQPPHd"|\n</data></match></read>
<read echo="ascii"><delim>\n</delim><match><data>ZbYxyv = |"ZPVO1C2","FZOx7","84","gTvWY1","zCN93D","PGlw9JJ","bC2piU7"|\n</data></match></read>
<read echo="ascii"><delim>\n</delim><match><data>vrMkTE = |"bC2piU7","84","YYgzeoOshj"|\n</data></match></read>
		<read echo="ascii"><delim> </delim><match><data>\x3E </data></match></read>
		<write echo="ascii"><data>.l\n</data></write>
	</replay>
</pov>
