<?xml version="1.0" standalone="no" ?>
<!DOCTYPE pov SYSTEM "/usr/share/cgc-docs/replay.dtd"><pov>
	<cbid>CROMU_00011</cbid>
	<replay>
		<read echo="ascii"><delim> </delim><match><data>\x3E </data></match></read>
		<write echo="ascii"><data>HIT53Ji = |"XNjYhoc","H","nCazVP","UzVdzui"|-|"XNjYhoc","QT0sMBp","WK8","H","Ywo","OzNUwZ7","ao2"|\n</data></write>
		<read echo="ascii"><delim> </delim><match><data>\x3E </data></match></read>
		<write echo="ascii"><data>J5MHAyO = HIT53Ji - HIT53Ji\n</data></write>
		<read echo="ascii"><delim> </delim><match><data>\x3E </data></match></read>
		<write echo="ascii"><data>Q1G75xT = HIT53Ji ^ HIT53Ji\n</data></write>
		<read echo="ascii"><delim> </delim><match><data>\x3E </data></match></read>
		<write echo="ascii"><data>DzXELn = Q1G75xT ~ Q1G75xT\n</data></write>
		<read echo="ascii"><delim> </delim><match><data>\x3E </data></match></read>
		<write echo="ascii"><data>GQHZl4w = |"ZvRF","4J","qExl"|+|"ZvRF","YTh","n46ydCU","qExl","I"|\n</data></write>
		<read echo="ascii"><delim> </delim><match><data>\x3E </data></match></read>
		<write echo="ascii"><data>3CZMu = GQHZl4w - HIT53Ji\n</data></write>
		<read echo="ascii"><delim> </delim><match><data>\x3E </data></match></read>
		<write echo="ascii"><data>eZ73BY8YQ = GQHZl4w ^ HIT53Ji\n</data></write>
		<read echo="ascii"><delim> </delim><match><data>\x3E </data></match></read>
		<write echo="ascii"><data>nDuh9 = |"Qp9Y","ZXrNmqD","kolS1X","v4XZ"|^|"ZXsLVlG","xEVBw7","8xm","vEtNZCx","SnN6QQu","eS92rWb","FS"|\n</data></write>
		<read echo="ascii"><delim> </delim><match><data>\x3E </data></match></read>
		<write echo="ascii"><data>MOiny561k = nDuh9 ^ HIT53Ji\n</data></write>
		<read echo="ascii"><delim> </delim><match><data>\x3E </data></match></read>
		<write echo="ascii"><data>s6ou2 = |"9Fhh","UhuQLm"|+|"so1ji","6Uc","aMmrH"|\n</data></write>
		<read echo="ascii"><delim> </delim><match><data>\x3E </data></match></read>
		<write echo="ascii"><data>.p\n</data></write>
<read echo="ascii"><delim>\n</delim><match><data>HIT53Ji = |"nCazVP","UzVdzui"|\n</data></match></read>
<read echo="ascii"><delim>\n</delim><match><data>J5MHAyO = ||\n</data></match></read>
<read echo="ascii"><delim>\n</delim><match><data>Q1G75xT = |"nCazVP","UzVdzui"|\n</data></match></read>
<read echo="ascii"><delim>\n</delim><match><data>DzXELn = ||\n</data></match></read>
<read echo="ascii"><delim>\n</delim><match><data>GQHZl4w = |"ZvRF","4J","qExl","YTh","n46ydCU","I"|\n</data></match></read>
<read echo="ascii"><delim>\n</delim><match><data>3CZMu = |"ZvRF","4J","qExl","YTh","n46ydCU","I"|\n</data></match></read>
<read echo="ascii"><delim>\n</delim><match><data>eZ73BY8YQ = ||\n</data></match></read>
<read echo="ascii"><delim>\n</delim><match><data>nDuh9 = ||\n</data></match></read>
<read echo="ascii"><delim>\n</delim><match><data>MOiny561k = ||\n</data></match></read>
<read echo="ascii"><delim>\n</delim><match><data>s6ou2 = |"9Fhh","UhuQLm","so1ji","6Uc","aMmrH"|\n</data></match></read>
		<read echo="ascii"><delim> </delim><match><data>\x3E </data></match></read>
		<write echo="ascii"><data>.l\n</data></write>
	</replay>
</pov>
