<?xml version="1.0" standalone="no" ?>
<!DOCTYPE pov SYSTEM "/usr/share/cgc-docs/replay.dtd"><pov>
	<cbid>CROMU_00011</cbid>
	<replay>
		<read echo="ascii"><delim> </delim><match><data>\x3E </data></match></read>
		<write echo="ascii"><data>MRKGzj = |"fX1","YlW","e7vYl","A","c6","NmU4M","m2T"|~|"fX1","cbcC3R"|\n</data></write>
		<read echo="ascii"><delim> </delim><match><data>\x3E </data></match></read>
		<write echo="ascii"><data>NUWft = |"Iv5","DF","dvEPA","LOQKn","R91l"|^|"cxbaT","Iv5","be2GvbU","WoB0C0","SOuzsh7","BFn"|\n</data></write>
		<read echo="ascii"><delim> </delim><match><data>\x3E </data></match></read>
		<write echo="ascii"><data>0wD45 = MRKGzj - MRKGzj\n</data></write>
		<read echo="ascii"><delim> </delim><match><data>\x3E </data></match></read>
		<write echo="ascii"><data>yP4kPy = |"rV","QzWxCb","cJRkcI","G5c","WYEX","Raaxrr"|^|"WYEX","NsY2","tnboOI"|\n</data></write>
		<read echo="ascii"><delim> </delim><match><data>\x3E </data></match></read>
		<write echo="ascii"><data>rJOOTB = yP4kPy + yP4kPy\n</data></write>
		<read echo="ascii"><delim> </delim><match><data>\x3E </data></match></read>
		<write echo="ascii"><data>OiNeb19 = NUWft - yP4kPy\n</data></write>
		<read echo="ascii"><delim> </delim><match><data>\x3E </data></match></read>
		<write echo="ascii"><data>Nyfwyhq = yP4kPy + NUWft\n</data></write>
		<read echo="ascii"><delim> </delim><match><data>\x3E </data></match></read>
		<write echo="ascii"><data>UFTXZI = |"veT","NMZB"|~|"SKOqq4","YiOI","aW83ik"|\n</data></write>
		<read echo="ascii"><delim> </delim><match><data>\x3E </data></match></read>
		<write echo="ascii"><data>Ko1vCT = yP4kPy + yP4kPy\n</data></write>
		<read echo="ascii"><delim> </delim><match><data>\x3E </data></match></read>
		<write echo="ascii"><data>rnsvBFZ = Ko1vCT - Nyfwyhq\n</data></write>
		<read echo="ascii"><delim> </delim><match><data>\x3E </data></match></read>
		<write echo="ascii"><data>cl0Zn = UFTXZI + yP4kPy\n</data></write>
		<read echo="ascii"><delim> </delim><match><data>\x3E </data></match></read>
		<write echo="ascii"><data>OgC74sEc = Ko1vCT ^ OiNeb19\n</data></write>
		<read echo="ascii"><delim> </delim><match><data>\x3E </data></match></read>
		<write echo="ascii"><data>QJzq2C = |"ApMXtg","Ti","QMuH"|-|"E3d","Qsu","yU4"|\n</data></write>
		<read echo="ascii"><delim> </delim><match><data>\x3E </data></match></read>
		<write echo="ascii"><data>.p\n</data></write>
<read echo="ascii"><delim>\n</delim><match><data>MRKGzj = |"YlW","e7vYl","A","c6","NmU4M","m2T","cbcC3R"|\n</data></match></read>
<read echo="ascii"><delim>\n</delim><match><data>NUWft = |"Iv5"|\n</data></match></read>
<read echo="ascii"><delim>\n</delim><match><data>0wD45 = ||\n</data></match></read>
<read echo="ascii"><delim>\n</delim><match><data>yP4kPy = |"WYEX"|\n</data></match></read>
<read echo="ascii"><delim>\n</delim><match><data>rJOOTB = |"WYEX"|\n</data></match></read>
<read echo="ascii"><delim>\n</delim><match><data>OiNeb19 = |"Iv5"|\n</data></match></read>
<read echo="ascii"><delim>\n</delim><match><data>Nyfwyhq = |"WYEX","Iv5"|\n</data></match></read>
<read echo="ascii"><delim>\n</delim><match><data>UFTXZI = |"veT","NMZB","SKOqq4","YiOI","aW83ik"|\n</data></match></read>
<read echo="ascii"><delim>\n</delim><match><data>Ko1vCT = |"WYEX"|\n</data></match></read>
<read echo="ascii"><delim>\n</delim><match><data>rnsvBFZ = ||\n</data></match></read>
<read echo="ascii"><delim>\n</delim><match><data>cl0Zn = |"veT","NMZB","SKOqq4","YiOI","aW83ik","WYEX"|\n</data></match></read>
<read echo="ascii"><delim>\n</delim><match><data>OgC74sEc = ||\n</data></match></read>
<read echo="ascii"><delim>\n</delim><match><data>QJzq2C = |"ApMXtg","Ti","QMuH"|\n</data></match></read>
		<read echo="ascii"><delim> </delim><match><data>\x3E </data></match></read>
		<write echo="ascii"><data>.l\n</data></write>
	</replay>
</pov>
