<?xml version="1.0" standalone="no" ?>
<!DOCTYPE pov SYSTEM "/usr/share/cgc-docs/replay.dtd"><pov>
	<cbid>CROMU_00011</cbid>
	<replay>
		<read echo="ascii"><delim> </delim><match><data>\x3E </data></match></read>
		<write echo="ascii"><data>JBb5G = |"G9HZ0cs","5E","jRkq6"|+|"LgXuc","rLU7iY","kELcwZA","vBgJgGp","W2mh","7f3"|\n</data></write>
		<read echo="ascii"><delim> </delim><match><data>\x3E </data></match></read>
		<write echo="ascii"><data>AaJsU = |"SeHRgCF","I5","G6dYdfd","88LR","jUooP4Q","vTC","NgZi"|\n</data></write>
		<read echo="ascii"><delim> </delim><match><data>\x3E </data></match></read>
		<write echo="ascii"><data>edRMPMx = |"NgZi","vTC","88LR","SeHRgCF","jUooP4Q"|\n</data></write>
		<read echo="ascii"><delim> </delim><match><data>\x3E </data></match></read>
		<write echo="ascii"><data>edRMPMx@AaJsU\n</data></write>
		<read echo="ascii"><delim>\n</delim><match><data>TRUE\n</data></match></read>
		<read echo="ascii"><delim> </delim><match><data>\x3E </data></match></read>
		<write echo="ascii"><data>VdU4eL = |"865Y","TP","T0hyBOE"|-|"3visDb","dS17dEe","TP"|\n</data></write>
		<read echo="ascii"><delim> </delim><match><data>\x3E </data></match></read>
		<write echo="ascii"><data>StxjS = |"iVor"|^|"XdA3CCT","CzKP1E"|\n</data></write>
		<read echo="ascii"><delim> </delim><match><data>\x3E </data></match></read>
		<write echo="ascii"><data>wNbX4T = edRMPMx + JBb5G\n</data></write>
		<read echo="ascii"><delim> </delim><match><data>\x3E </data></match></read>
		<write echo="ascii"><data>zzWRFG = AaJsU ^ edRMPMx\n</data></write>
		<read echo="ascii"><delim> </delim><match><data>\x3E </data></match></read>
		<write echo="ascii"><data>Notwfk = |"qMCYD"|+|"gAgujwj","4X","d","3"|\n</data></write>
		<read echo="ascii"><delim> </delim><match><data>\x3E </data></match></read>
		<write echo="ascii"><data>q3WqgRfj = zzWRFG ^ zzWRFG\n</data></write>
		<read echo="ascii"><delim> </delim><match><data>\x3E </data></match></read>
		<write echo="ascii"><data>fWMKHLp = q3WqgRfj + zzWRFG\n</data></write>
		<read echo="ascii"><delim> </delim><match><data>\x3E </data></match></read>
		<write echo="ascii"><data>0EDeLE = |"74CRDz","iBrn847","HoGihcb","rfidbo","itdLk","MRIBrao"|\n</data></write>
		<read echo="ascii"><delim> </delim><match><data>\x3E </data></match></read>
		<write echo="ascii"><data>8IHQqs = |"HoGihcb","iBrn847","MRIBrao","74CRDz"|\n</data></write>
		<read echo="ascii"><delim> </delim><match><data>\x3E </data></match></read>
		<write echo="ascii"><data>8IHQqs@0EDeLE\n</data></write>
		<read echo="ascii"><delim>\n</delim><match><data>TRUE\n</data></match></read>
		<read echo="ascii"><delim> </delim><match><data>\x3E </data></match></read>
		<write echo="ascii"><data>YrxKv = |"yC4xmM","mvj8","xEmWX1","06","zM2jRN","INEpJU8"|\n</data></write>
		<read echo="ascii"><delim> </delim><match><data>\x3E </data></match></read>
		<write echo="ascii"><data>Mpuik = |"xEmWX1","lAAG9MuMra"|\n</data></write>
		<read echo="ascii"><delim> </delim><match><data>\x3E </data></match></read>
		<write echo="ascii"><data>Mpuik@YrxKv\n</data></write>
		<read echo="ascii"><delim>\n</delim><match><data>FALSE\n</data></match></read>
		<read echo="ascii"><delim> </delim><match><data>\x3E </data></match></read>
		<write echo="ascii"><data>WV25eXye = fWMKHLp ^ Notwfk\n</data></write>
		<read echo="ascii"><delim> </delim><match><data>\x3E </data></match></read>
		<write echo="ascii"><data>84s9v3X = Mpuik ^ StxjS\n</data></write>
		<read echo="ascii"><delim> </delim><match><data>\x3E </data></match></read>
		<write echo="ascii"><data>.p\n</data></write>
<read echo="ascii"><delim>\n</delim><match><data>JBb5G = |"G9HZ0cs","5E","jRkq6","LgXuc","rLU7iY","kELcwZA","vBgJgGp","W2mh","7f3"|\n</data></match></read>
<read echo="ascii"><delim>\n</delim><match><data>AaJsU = |"SeHRgCF","I5","G6dYdfd","88LR","jUooP4Q","vTC","NgZi"|\n</data></match></read>
<read echo="ascii"><delim>\n</delim><match><data>edRMPMx = |"NgZi","vTC","88LR","SeHRgCF","jUooP4Q"|\n</data></match></read>
<read echo="ascii"><delim>\n</delim><match><data>VdU4eL = |"865Y","T0hyBOE"|\n</data></match></read>
<read echo="ascii"><delim>\n</delim><match><data>StxjS = ||\n</data></match></read>
<read echo="ascii"><delim>\n</delim><match><data>wNbX4T = |"NgZi","vTC","88LR","SeHRgCF","jUooP4Q","G9HZ0cs","5E","jRkq6","LgXuc","rLU7iY","kELcwZA","vBgJgGp","W2mh","7f3"|\n</data></match></read>
<read echo="ascii"><delim>\n</delim><match><data>zzWRFG = |"SeHRgCF","88LR","jUooP4Q","vTC","NgZi"|\n</data></match></read>
<read echo="ascii"><delim>\n</delim><match><data>Notwfk = |"qMCYD","gAgujwj","4X","d","3"|\n</data></match></read>
<read echo="ascii"><delim>\n</delim><match><data>q3WqgRfj = |"SeHRgCF","88LR","jUooP4Q","vTC","NgZi"|\n</data></match></read>
<read echo="ascii"><delim>\n</delim><match><data>fWMKHLp = |"SeHRgCF","88LR","jUooP4Q","vTC","NgZi"|\n</data></match></read>
<read echo="ascii"><delim>\n</delim><match><data>0EDeLE = |"74CRDz","iBrn847","HoGihcb","rfidbo","itdLk","MRIBrao"|\n</data></match></read>
<read echo="ascii"><delim>\n</delim><match><data>8IHQqs = |"HoGihcb","iBrn847","MRIBrao","74CRDz"|\n</data></match></read>
<read echo="ascii"><delim>\n</delim><match><data>YrxKv = |"yC4xmM","mvj8","xEmWX1","06","zM2jRN","INEpJU8"|\n</data></match></read>
<read echo="ascii"><delim>\n</delim><match><data>Mpuik = |"xEmWX1","lAAG9MuMra"|\n</data></match></read>
<read echo="ascii"><delim>\n</delim><match><data>WV25eXye = ||\n</data></match></read>
<read echo="ascii"><delim>\n</delim><match><data>84s9v3X = ||\n</data></match></read>
		<read echo="ascii"><delim> </delim><match><data>\x3E </data></match></read>
		<write echo="ascii"><data>.l\n</data></write>
	</replay>
</pov>
