<?xml version="1.0" standalone="no" ?>
<!DOCTYPE pov SYSTEM "/usr/share/cgc-docs/replay.dtd"><pov>
	<cbid>CROMU_00011</cbid>
	<replay>
		<read echo="ascii"><delim> </delim><match><data>\x3E </data></match></read>
		<write echo="ascii"><data>yempZ = |"l7e2qoO","FqkMZ","5x5subM","eH4BVX","eFlvA8Y"|^|"m7ktcUR","P0jA","eH4BVX","kH","otofW6X","FqkMZ"|\n</data></write>
		<read echo="ascii"><delim> </delim><match><data>\x3E </data></match></read>
		<write echo="ascii"><data>4PxuPi = |"t4F","x1rIqMh","RYnIa","XONDjN","8K3rZKB"|^|"kVm","Tdz3","x1rIqMh","y6FhvHM","Cr"|\n</data></write>
		<read echo="ascii"><delim> </delim><match><data>\x3E </data></match></read>
		<write echo="ascii"><data>aDNqSxE = |"LZi9","af3","SegJ","1JLGT2","E460qA","177106"|\n</data></write>
		<read echo="ascii"><delim> </delim><match><data>\x3E </data></match></read>
		<write echo="ascii"><data>AbYDnLn = |"177106","af3","E460qA","LZi9","I8hFlzJNHi"|\n</data></write>
		<read echo="ascii"><delim> </delim><match><data>\x3E </data></match></read>
		<write echo="ascii"><data>AbYDnLn@aDNqSxE\n</data></write>
		<read echo="ascii"><delim>\n</delim><match><data>FALSE\n</data></match></read>
		<read echo="ascii"><delim> </delim><match><data>\x3E </data></match></read>
		<write echo="ascii"><data>ocUvQ = |"GWwCy0p","DiBV","MeuB"|^|"BKmR","Q42oGKf","NhJouth"|\n</data></write>
		<read echo="ascii"><delim> </delim><match><data>\x3E </data></match></read>
		<write echo="ascii"><data>PstaL = |"akd","b1UHfu","70c","Nul"|+|"uRhBOh"|\n</data></write>
		<read echo="ascii"><delim> </delim><match><data>\x3E </data></match></read>
		<write echo="ascii"><data>5GFAR = ocUvQ + PstaL\n</data></write>
		<read echo="ascii"><delim> </delim><match><data>\x3E </data></match></read>
		<write echo="ascii"><data>X8Hixa = |"hz","FB","w"|-|"z","Z","9","x"|\n</data></write>
		<read echo="ascii"><delim> </delim><match><data>\x3E </data></match></read>
		<write echo="ascii"><data>yP7PlfN = |"att","DU75s","bcGVyM","4LT"|^|"HMRcGs","f4w","fUSaDDG","GjNeA","KQL"|\n</data></write>
		<read echo="ascii"><delim> </delim><match><data>\x3E </data></match></read>
		<write echo="ascii"><data>KrsxA = 5GFAR + yP7PlfN\n</data></write>
		<read echo="ascii"><delim> </delim><match><data>\x3E </data></match></read>
		<write echo="ascii"><data>Db93P = 5GFAR + yempZ\n</data></write>
		<read echo="ascii"><delim> </delim><match><data>\x3E </data></match></read>
		<write echo="ascii"><data>sqVrA = ocUvQ + PstaL\n</data></write>
		<read echo="ascii"><delim> </delim><match><data>\x3E </data></match></read>
		<write echo="ascii"><data>Jj5atQv = |"miL","z8Mw","oK","M53Lbv","kab9H"|~|"v","05MkWU","RC4M63","5","OqY5","miL","Xc28bB"|\n</data></write>
		<read echo="ascii"><delim> </delim><match><data>\x3E </data></match></read>
		<write echo="ascii"><data>aR6Fm2w = |"D","4M8RQA"|~|"G3AAc6J","Ht","p57eacR","xd","qzoWm"|\n</data></write>
		<read echo="ascii"><delim> </delim><match><data>\x3E </data></match></read>
		<write echo="ascii"><data>aU3FA2V = |"T","2aMy","MAF","WJ"|+|"pqhVUyJ","yo1LpSp"|\n</data></write>
		<read echo="ascii"><delim> </delim><match><data>\x3E </data></match></read>
		<write echo="ascii"><data>.p\n</data></write>
<read echo="ascii"><delim>\n</delim><match><data>yempZ = |"FqkMZ","eH4BVX"|\n</data></match></read>
<read echo="ascii"><delim>\n</delim><match><data>4PxuPi = |"x1rIqMh"|\n</data></match></read>
<read echo="ascii"><delim>\n</delim><match><data>aDNqSxE = |"LZi9","af3","SegJ","1JLGT2","E460qA","177106"|\n</data></match></read>
<read echo="ascii"><delim>\n</delim><match><data>AbYDnLn = |"177106","af3","E460qA","LZi9","I8hFlzJNHi"|\n</data></match></read>
<read echo="ascii"><delim>\n</delim><match><data>ocUvQ = ||\n</data></match></read>
<read echo="ascii"><delim>\n</delim><match><data>PstaL = |"akd","b1UHfu","70c","Nul","uRhBOh"|\n</data></match></read>
<read echo="ascii"><delim>\n</delim><match><data>5GFAR = |"akd","b1UHfu","70c","Nul","uRhBOh"|\n</data></match></read>
<read echo="ascii"><delim>\n</delim><match><data>X8Hixa = |"hz","FB","w"|\n</data></match></read>
<read echo="ascii"><delim>\n</delim><match><data>yP7PlfN = ||\n</data></match></read>
<read echo="ascii"><delim>\n</delim><match><data>KrsxA = |"akd","b1UHfu","70c","Nul","uRhBOh"|\n</data></match></read>
<read echo="ascii"><delim>\n</delim><match><data>Db93P = |"akd","b1UHfu","70c","Nul","uRhBOh","FqkMZ","eH4BVX"|\n</data></match></read>
<read echo="ascii"><delim>\n</delim><match><data>sqVrA = |"akd","b1UHfu","70c","Nul","uRhBOh"|\n</data></match></read>
<read echo="ascii"><delim>\n</delim><match><data>Jj5atQv = |"z8Mw","oK","M53Lbv","kab9H","v","05MkWU","RC4M63","5","OqY5","Xc28bB"|\n</data></match></read>
<read echo="ascii"><delim>\n</delim><match><data>aR6Fm2w = |"D","4M8RQA","G3AAc6J","Ht","p57eacR","xd","qzoWm"|\n</data></match></read>
<read echo="ascii"><delim>\n</delim><match><data>aU3FA2V = |"T","2aMy","MAF","WJ","pqhVUyJ","yo1LpSp"|\n</data></match></read>
		<read echo="ascii"><delim> </delim><match><data>\x3E </data></match></read>
		<write echo="ascii"><data>.l\n</data></write>
	</replay>
</pov>
