<?xml version="1.0" standalone="no" ?>
<!DOCTYPE pov SYSTEM "/usr/share/cgc-docs/replay.dtd"><pov>
	<cbid>CROMU_00011</cbid>
	<replay>
		<read echo="ascii"><delim> </delim><match><data>\x3E </data></match></read>
		<write echo="ascii"><data>zuiDv = |"9Eqv2"|^|"dJA","XqKP18E","jwro","PYn9W","5a8Koq"|\n</data></write>
		<read echo="ascii"><delim> </delim><match><data>\x3E </data></match></read>
		<write echo="ascii"><data>OU1fmT = zuiDv ~ zuiDv\n</data></write>
		<read echo="ascii"><delim> </delim><match><data>\x3E </data></match></read>
		<write echo="ascii"><data>ndn7Y = |"Oh","4","LQS6te8","W3q7yIZ","xH4yC"|-|"OfK","QbxKom","W3q7yIZ","esLfL","LQS6te8"|\n</data></write>
		<read echo="ascii"><delim> </delim><match><data>\x3E </data></match></read>
		<write echo="ascii"><data>bw74S = |"ztKt","L"|~|"i81JnU","L","4fO","zvaiLF"|\n</data></write>
		<read echo="ascii"><delim> </delim><match><data>\x3E </data></match></read>
		<write echo="ascii"><data>M6CmcS = |"kGhn","OAm6O","TtQFr","AZcIy","pit","DSN1","2Uof"|^|"pit","85eBak","9jS","DSN1","AZcIy","Jikeu2s"|\n</data></write>
		<read echo="ascii"><delim> </delim><match><data>\x3E </data></match></read>
		<write echo="ascii"><data>c7LoM9 = |"ZaE","RT","p2OVU7v","fX7f","de5uRVO"|^|"kNB","TBiE1L9","xy8boR"|\n</data></write>
		<read echo="ascii"><delim> </delim><match><data>\x3E </data></match></read>
		<write echo="ascii"><data>aRJS2 = |"s6","pSOlR7"|+|"eSF","e8nD","n8KUIS","sJdcyf3","pSOlR7","zDJ9V1","rVHSYg"|\n</data></write>
		<read echo="ascii"><delim> </delim><match><data>\x3E </data></match></read>
		<write echo="ascii"><data>k4iYfC = |"1Jl","KA2qej","6nCk7x","Bl","33orp","5fA","Xbh6H48","G7Xwyxo"|\n</data></write>
		<read echo="ascii"><delim> </delim><match><data>\x3E </data></match></read>
		<write echo="ascii"><data>U0qjK = |"1Jl","6nCk7x","KA2qej","5fA","33orp","Xbh6H48","3z9VBSOUpT"|\n</data></write>
		<read echo="ascii"><delim> </delim><match><data>\x3E </data></match></read>
		<write echo="ascii"><data>U0qjK@k4iYfC\n</data></write>
		<read echo="ascii"><delim>\n</delim><match><data>FALSE\n</data></match></read>
		<read echo="ascii"><delim> </delim><match><data>\x3E </data></match></read>
		<write echo="ascii"><data>c7XLRP = bw74S - aRJS2\n</data></write>
		<read echo="ascii"><delim> </delim><match><data>\x3E </data></match></read>
		<write echo="ascii"><data>kQSrF6w = |"YXqJyh","oxW","sA1h"|+|"YXqJyh","sA1h","rM","olTXJY","NtAJpmq","IqJ","GIuqY"|\n</data></write>
		<read echo="ascii"><delim> </delim><match><data>\x3E </data></match></read>
		<write echo="ascii"><data>KYSpVzE = |"6n2DhlC"|~|"czhXHM"|\n</data></write>
		<read echo="ascii"><delim> </delim><match><data>\x3E </data></match></read>
		<write echo="ascii"><data>.p\n</data></write>
<read echo="ascii"><delim>\n</delim><match><data>zuiDv = ||\n</data></match></read>
<read echo="ascii"><delim>\n</delim><match><data>OU1fmT = ||\n</data></match></read>
<read echo="ascii"><delim>\n</delim><match><data>ndn7Y = |"Oh","4","xH4yC"|\n</data></match></read>
<read echo="ascii"><delim>\n</delim><match><data>bw74S = |"ztKt","i81JnU","4fO","zvaiLF"|\n</data></match></read>
<read echo="ascii"><delim>\n</delim><match><data>M6CmcS = |"AZcIy","pit","DSN1"|\n</data></match></read>
<read echo="ascii"><delim>\n</delim><match><data>c7LoM9 = ||\n</data></match></read>
<read echo="ascii"><delim>\n</delim><match><data>aRJS2 = |"s6","pSOlR7","eSF","e8nD","n8KUIS","sJdcyf3","zDJ9V1","rVHSYg"|\n</data></match></read>
<read echo="ascii"><delim>\n</delim><match><data>k4iYfC = |"1Jl","KA2qej","6nCk7x","Bl","33orp","5fA","Xbh6H48","G7Xwyxo"|\n</data></match></read>
<read echo="ascii"><delim>\n</delim><match><data>U0qjK = |"1Jl","6nCk7x","KA2qej","5fA","33orp","Xbh6H48","3z9VBSOUpT"|\n</data></match></read>
<read echo="ascii"><delim>\n</delim><match><data>c7XLRP = |"ztKt","i81JnU","4fO","zvaiLF"|\n</data></match></read>
<read echo="ascii"><delim>\n</delim><match><data>kQSrF6w = |"YXqJyh","oxW","sA1h","rM","olTXJY","NtAJpmq","IqJ","GIuqY"|\n</data></match></read>
<read echo="ascii"><delim>\n</delim><match><data>KYSpVzE = |"6n2DhlC","czhXHM"|\n</data></match></read>
		<read echo="ascii"><delim> </delim><match><data>\x3E </data></match></read>
		<write echo="ascii"><data>.l\n</data></write>
	</replay>
</pov>
