<?xml version="1.0" standalone="no" ?>
<!DOCTYPE pov SYSTEM "/usr/share/cgc-docs/replay.dtd"><pov>
	<cbid>CROMU_00011</cbid>
	<replay>
		<read echo="ascii"><delim> </delim><match><data>\x3E </data></match></read>
		<write echo="ascii"><data>dCa3LkI = |"u","OJaP","xLV3A4","Vp1C9","mproI9","tA"|+|"Emf","clp","v","JyWS2f","tA","DEop"|\n</data></write>
		<read echo="ascii"><delim> </delim><match><data>\x3E </data></match></read>
		<write echo="ascii"><data>j8bM3 = dCa3LkI ^ dCa3LkI\n</data></write>
		<read echo="ascii"><delim> </delim><match><data>\x3E </data></match></read>
		<write echo="ascii"><data>lkwN3bz = |"UPeRE","SHov","lfT5","Te9moiy","ze","WqEmk","1xV2","ETh","z6","dR4"|\n</data></write>
		<read echo="ascii"><delim> </delim><match><data>\x3E </data></match></read>
		<write echo="ascii"><data>s8x5rZt = |"ze","UPeRE","z6","Te9moiy"|\n</data></write>
		<read echo="ascii"><delim> </delim><match><data>\x3E </data></match></read>
		<write echo="ascii"><data>s8x5rZt@lkwN3bz\n</data></write>
		<read echo="ascii"><delim>\n</delim><match><data>TRUE\n</data></match></read>
		<read echo="ascii"><delim> </delim><match><data>\x3E </data></match></read>
		<write echo="ascii"><data>dPj3Cl = j8bM3 + dCa3LkI\n</data></write>
		<read echo="ascii"><delim> </delim><match><data>\x3E </data></match></read>
		<write echo="ascii"><data>bGSBv = |"6","QWfG","k","CMyboPj","X3Ah9WV"|~|"QbZPhvI","X3Ah9WV","HexsyI","6","7Vw","1a","TqG"|\n</data></write>
		<read echo="ascii"><delim> </delim><match><data>\x3E </data></match></read>
		<write echo="ascii"><data>UT2aG = s8x5rZt - dPj3Cl\n</data></write>
		<read echo="ascii"><delim> </delim><match><data>\x3E </data></match></read>
		<write echo="ascii"><data>mO20NP = |"DxH","fMpri","fprcCcv","7NBK","JKkOtqy"|^|"oqALvPg","7k","YOAr","Cc8q","zYnL","YXkHuOR","JKkOtqy"|\n</data></write>
		<read echo="ascii"><delim> </delim><match><data>\x3E </data></match></read>
		<write echo="ascii"><data>BB8prpv = |"g41P","QC","YDSoho","8i","eR9a"|^|"YDSoho","0NIel","g41P","dVikH9","8i","8ZM","xrOs"|\n</data></write>
		<read echo="ascii"><delim> </delim><match><data>\x3E </data></match></read>
		<write echo="ascii"><data>UlntzSKZI = dPj3Cl ^ bGSBv\n</data></write>
		<read echo="ascii"><delim> </delim><match><data>\x3E </data></match></read>
		<write echo="ascii"><data>eIUvqbC = bGSBv + bGSBv\n</data></write>
		<read echo="ascii"><delim> </delim><match><data>\x3E </data></match></read>
		<write echo="ascii"><data>kzI87h = |"Ek","H4u0k8","Wvqkm","S61K","Cu"|+|"6GVr","sl8fDw"|\n</data></write>
		<read echo="ascii"><delim> </delim><match><data>\x3E </data></match></read>
		<write echo="ascii"><data>6zCMSlk = mO20NP + kzI87h\n</data></write>
		<read echo="ascii"><delim> </delim><match><data>\x3E </data></match></read>
		<write echo="ascii"><data>lYmkqOb = |"bMM","hT4","UVOW2j4","tY"|-|"N","fiTB","MBfY2","2f","sYk6rMW","c5nu","GU32"|\n</data></write>
		<read echo="ascii"><delim> </delim><match><data>\x3E </data></match></read>
		<write echo="ascii"><data>EAIHix5 = bGSBv ~ mO20NP\n</data></write>
		<read echo="ascii"><delim> </delim><match><data>\x3E </data></match></read>
		<write echo="ascii"><data>wXQymy1 = |"n0","o","IZmINF","RQlbGx2","T","G93AE8","ie4U98"|~|"DlZMuE","G93AE8"|\n</data></write>
		<read echo="ascii"><delim> </delim><match><data>\x3E </data></match></read>
		<write echo="ascii"><data>.p\n</data></write>
<read echo="ascii"><delim>\n</delim><match><data>dCa3LkI = |"u","OJaP","xLV3A4","Vp1C9","mproI9","tA","Emf","clp","v","JyWS2f","DEop"|\n</data></match></read>
<read echo="ascii"><delim>\n</delim><match><data>j8bM3 = |"u","OJaP","xLV3A4","Vp1C9","mproI9","tA","Emf","clp","v","JyWS2f","DEop"|\n</data></match></read>
<read echo="ascii"><delim>\n</delim><match><data>lkwN3bz = |"UPeRE","SHov","lfT5","Te9moiy","ze","WqEmk","1xV2","ETh","z6","dR4"|\n</data></match></read>
<read echo="ascii"><delim>\n</delim><match><data>s8x5rZt = |"ze","UPeRE","z6","Te9moiy"|\n</data></match></read>
<read echo="ascii"><delim>\n</delim><match><data>dPj3Cl = |"u","OJaP","xLV3A4","Vp1C9","mproI9","tA","Emf","clp","v","JyWS2f","DEop"|\n</data></match></read>
<read echo="ascii"><delim>\n</delim><match><data>bGSBv = |"QWfG","k","CMyboPj","QbZPhvI","HexsyI","7Vw","1a","TqG"|\n</data></match></read>
<read echo="ascii"><delim>\n</delim><match><data>UT2aG = |"ze","UPeRE","z6","Te9moiy"|\n</data></match></read>
<read echo="ascii"><delim>\n</delim><match><data>mO20NP = |"JKkOtqy"|\n</data></match></read>
<read echo="ascii"><delim>\n</delim><match><data>BB8prpv = |"g41P","YDSoho","8i"|\n</data></match></read>
<read echo="ascii"><delim>\n</delim><match><data>UlntzSKZI = ||\n</data></match></read>
<read echo="ascii"><delim>\n</delim><match><data>eIUvqbC = |"QWfG","k","CMyboPj","QbZPhvI","HexsyI","7Vw","1a","TqG"|\n</data></match></read>
<read echo="ascii"><delim>\n</delim><match><data>kzI87h = |"Ek","H4u0k8","Wvqkm","S61K","Cu","6GVr","sl8fDw"|\n</data></match></read>
<read echo="ascii"><delim>\n</delim><match><data>6zCMSlk = |"JKkOtqy","Ek","H4u0k8","Wvqkm","S61K","Cu","6GVr","sl8fDw"|\n</data></match></read>
<read echo="ascii"><delim>\n</delim><match><data>lYmkqOb = |"bMM","hT4","UVOW2j4","tY"|\n</data></match></read>
<read echo="ascii"><delim>\n</delim><match><data>EAIHix5 = |"QWfG","k","CMyboPj","QbZPhvI","HexsyI","7Vw","1a","TqG","JKkOtqy"|\n</data></match></read>
<read echo="ascii"><delim>\n</delim><match><data>wXQymy1 = |"n0","o","IZmINF","RQlbGx2","T","ie4U98","DlZMuE"|\n</data></match></read>
		<read echo="ascii"><delim> </delim><match><data>\x3E </data></match></read>
		<write echo="ascii"><data>.l\n</data></write>
	</replay>
</pov>
