<?xml version="1.0" standalone="no" ?>
<!DOCTYPE pov SYSTEM "/usr/share/cgc-docs/replay.dtd"><pov>
	<cbid>CROMU_00011</cbid>
	<replay>
		<read echo="ascii"><delim> </delim><match><data>\x3E </data></match></read>
		<write echo="ascii"><data>Z3K7H = |"0EXt","a3","7maTM","Vopz","ICsnovV"|^|"2F","ICsnovV","e2ezr","Vopz"|\n</data></write>
		<read echo="ascii"><delim> </delim><match><data>\x3E </data></match></read>
		<write echo="ascii"><data>n5x7vt = |"BjybTO9","aKZZ","Ht","Rm6LKx8","3QKTiK","gOJf8Il","jNx","NskThki","OAA6GX"|\n</data></write>
		<read echo="ascii"><delim> </delim><match><data>\x3E </data></match></read>
		<write echo="ascii"><data>MrXhuy = |"aKZZ","OAA6GX","gOJf8Il","jNx","3QKTiK","BjybTO9","Rm6LKx8"|\n</data></write>
		<read echo="ascii"><delim> </delim><match><data>\x3E </data></match></read>
		<write echo="ascii"><data>MrXhuy@n5x7vt\n</data></write>
		<read echo="ascii"><delim>\n</delim><match><data>TRUE\n</data></match></read>
		<read echo="ascii"><delim> </delim><match><data>\x3E </data></match></read>
		<write echo="ascii"><data>0IBxWw = n5x7vt ^ Z3K7H\n</data></write>
		<read echo="ascii"><delim> </delim><match><data>\x3E </data></match></read>
		<write echo="ascii"><data>HAl37 = 0IBxWw ^ 0IBxWw\n</data></write>
		<read echo="ascii"><delim> </delim><match><data>\x3E </data></match></read>
		<write echo="ascii"><data>ZuxcHCr = 0IBxWw ~ Z3K7H\n</data></write>
		<read echo="ascii"><delim> </delim><match><data>\x3E </data></match></read>
		<write echo="ascii"><data>JeHSPJVc1 = HAl37 ^ 0IBxWw\n</data></write>
		<read echo="ascii"><delim> </delim><match><data>\x3E </data></match></read>
		<write echo="ascii"><data>tvWBe = MrXhuy ~ ZuxcHCr\n</data></write>
		<read echo="ascii"><delim> </delim><match><data>\x3E </data></match></read>
		<write echo="ascii"><data>3GZB5ib = 0IBxWw ~ n5x7vt\n</data></write>
		<read echo="ascii"><delim> </delim><match><data>\x3E </data></match></read>
		<write echo="ascii"><data>xwgW6Nf = tvWBe ~ ZuxcHCr\n</data></write>
		<read echo="ascii"><delim> </delim><match><data>\x3E </data></match></read>
		<write echo="ascii"><data>sUWBQe = |"Xp7","cOMw","x3jIvxw","QE0","IuT4lZF"|^|"aW","b6gK","J2BxsAN","40A","ofH7ZCh","8osErtK"|\n</data></write>
		<read echo="ascii"><delim> </delim><match><data>\x3E </data></match></read>
		<write echo="ascii"><data>.p\n</data></write>
<read echo="ascii"><delim>\n</delim><match><data>Z3K7H = |"Vopz","ICsnovV"|\n</data></match></read>
<read echo="ascii"><delim>\n</delim><match><data>n5x7vt = |"BjybTO9","aKZZ","Ht","Rm6LKx8","3QKTiK","gOJf8Il","jNx","NskThki","OAA6GX"|\n</data></match></read>
<read echo="ascii"><delim>\n</delim><match><data>MrXhuy = |"aKZZ","OAA6GX","gOJf8Il","jNx","3QKTiK","BjybTO9","Rm6LKx8"|\n</data></match></read>
<read echo="ascii"><delim>\n</delim><match><data>0IBxWw = ||\n</data></match></read>
<read echo="ascii"><delim>\n</delim><match><data>HAl37 = ||\n</data></match></read>
<read echo="ascii"><delim>\n</delim><match><data>ZuxcHCr = |"Vopz","ICsnovV"|\n</data></match></read>
<read echo="ascii"><delim>\n</delim><match><data>JeHSPJVc1 = ||\n</data></match></read>
<read echo="ascii"><delim>\n</delim><match><data>tvWBe = |"aKZZ","OAA6GX","gOJf8Il","jNx","3QKTiK","BjybTO9","Rm6LKx8","Vopz","ICsnovV"|\n</data></match></read>
<read echo="ascii"><delim>\n</delim><match><data>3GZB5ib = |"BjybTO9","aKZZ","Ht","Rm6LKx8","3QKTiK","gOJf8Il","jNx","NskThki","OAA6GX"|\n</data></match></read>
<read echo="ascii"><delim>\n</delim><match><data>xwgW6Nf = |"aKZZ","OAA6GX","gOJf8Il","jNx","3QKTiK","BjybTO9","Rm6LKx8"|\n</data></match></read>
<read echo="ascii"><delim>\n</delim><match><data>sUWBQe = ||\n</data></match></read>
		<read echo="ascii"><delim> </delim><match><data>\x3E </data></match></read>
		<write echo="ascii"><data>.l\n</data></write>
	</replay>
</pov>
