<?xml version="1.0" standalone="no" ?>
<!DOCTYPE pov SYSTEM "/usr/share/cgc-docs/replay.dtd"><pov>
	<cbid>CROMU_00011</cbid>
	<replay>
		<read echo="ascii"><delim> </delim><match><data>\x3E </data></match></read>
		<write echo="ascii"><data>njaQe = |"ca","k2KTSA","aEdvnDt","KyYLF1D","LtXyeD","5sSgVU","WcI5"|\n</data></write>
		<read echo="ascii"><delim> </delim><match><data>\x3E </data></match></read>
		<write echo="ascii"><data>VVjR3F = |"KyYLF1D","bmeynSmiHf"|\n</data></write>
		<read echo="ascii"><delim> </delim><match><data>\x3E </data></match></read>
		<write echo="ascii"><data>VVjR3F@njaQe\n</data></write>
		<read echo="ascii"><delim>\n</delim><match><data>FALSE\n</data></match></read>
		<read echo="ascii"><delim> </delim><match><data>\x3E </data></match></read>
		<write echo="ascii"><data>iLsNraY = VVjR3F + njaQe\n</data></write>
		<read echo="ascii"><delim> </delim><match><data>\x3E </data></match></read>
		<write echo="ascii"><data>6X18k = iLsNraY + VVjR3F\n</data></write>
		<read echo="ascii"><delim> </delim><match><data>\x3E </data></match></read>
		<write echo="ascii"><data>I65kx = |"mqEoGH","i6","YzSV","1"|-|"HcA","4OI","2","qY4","hD","mqEoGH"|\n</data></write>
		<read echo="ascii"><delim> </delim><match><data>\x3E </data></match></read>
		<write echo="ascii"><data>lPw8v = |"uM","eg8N","hyIE","0t"|^|"cEbHM","vZILCd9","eg8N","ikFOC1","kDsrC"|\n</data></write>
		<read echo="ascii"><delim> </delim><match><data>\x3E </data></match></read>
		<write echo="ascii"><data>406o3 = 6X18k ~ iLsNraY\n</data></write>
		<read echo="ascii"><delim> </delim><match><data>\x3E </data></match></read>
		<write echo="ascii"><data>LZGhMn = |"mCtadv","08gKl8M","zrOltvs","ZW","Hhb","Dc6"|+|"4Xpl9M","08gKl8M","UBE"|\n</data></write>
		<read echo="ascii"><delim> </delim><match><data>\x3E </data></match></read>
		<write echo="ascii"><data>Q07hP = |"RZKjHX4","Z50lBVS","LTE","ph8","fkr5oD4","TFBARLd","ADlliVF"|\n</data></write>
		<read echo="ascii"><delim> </delim><match><data>\x3E </data></match></read>
		<write echo="ascii"><data>9EuUZhK = |"TFBARLd","ADlliVF","fkr5oD4","g90HBEq7VW"|\n</data></write>
		<read echo="ascii"><delim> </delim><match><data>\x3E </data></match></read>
		<write echo="ascii"><data>9EuUZhK@Q07hP\n</data></write>
		<read echo="ascii"><delim>\n</delim><match><data>FALSE\n</data></match></read>
		<read echo="ascii"><delim> </delim><match><data>\x3E </data></match></read>
		<write echo="ascii"><data>Y5ZxQN7 = njaQe - njaQe\n</data></write>
		<read echo="ascii"><delim> </delim><match><data>\x3E </data></match></read>
		<write echo="ascii"><data>8GQvo = |"7pqt","6H","3c39d","61H8o","gu","g","2"|~|"8ufZP","8t","r6El"|\n</data></write>
		<read echo="ascii"><delim> </delim><match><data>\x3E </data></match></read>
		<write echo="ascii"><data>.p\n</data></write>
<read echo="ascii"><delim>\n</delim><match><data>njaQe = |"ca","k2KTSA","aEdvnDt","KyYLF1D","LtXyeD","5sSgVU","WcI5"|\n</data></match></read>
<read echo="ascii"><delim>\n</delim><match><data>VVjR3F = |"KyYLF1D","bmeynSmiHf"|\n</data></match></read>
<read echo="ascii"><delim>\n</delim><match><data>iLsNraY = |"KyYLF1D","bmeynSmiHf","ca","k2KTSA","aEdvnDt","LtXyeD","5sSgVU","WcI5"|\n</data></match></read>
<read echo="ascii"><delim>\n</delim><match><data>6X18k = |"KyYLF1D","bmeynSmiHf","ca","k2KTSA","aEdvnDt","LtXyeD","5sSgVU","WcI5"|\n</data></match></read>
<read echo="ascii"><delim>\n</delim><match><data>I65kx = |"i6","YzSV","1"|\n</data></match></read>
<read echo="ascii"><delim>\n</delim><match><data>lPw8v = |"eg8N"|\n</data></match></read>
<read echo="ascii"><delim>\n</delim><match><data>406o3 = ||\n</data></match></read>
<read echo="ascii"><delim>\n</delim><match><data>LZGhMn = |"mCtadv","08gKl8M","zrOltvs","ZW","Hhb","Dc6","4Xpl9M","UBE"|\n</data></match></read>
<read echo="ascii"><delim>\n</delim><match><data>Q07hP = |"RZKjHX4","Z50lBVS","LTE","ph8","fkr5oD4","TFBARLd","ADlliVF"|\n</data></match></read>
<read echo="ascii"><delim>\n</delim><match><data>9EuUZhK = |"TFBARLd","ADlliVF","fkr5oD4","g90HBEq7VW"|\n</data></match></read>
<read echo="ascii"><delim>\n</delim><match><data>Y5ZxQN7 = ||\n</data></match></read>
<read echo="ascii"><delim>\n</delim><match><data>8GQvo = |"7pqt","6H","3c39d","61H8o","gu","g","2","8ufZP","8t","r6El"|\n</data></match></read>
		<read echo="ascii"><delim> </delim><match><data>\x3E </data></match></read>
		<write echo="ascii"><data>.l\n</data></write>
	</replay>
</pov>
