<?xml version="1.0" standalone="no" ?>
<!DOCTYPE pov SYSTEM "/usr/share/cgc-docs/replay.dtd"><pov>
	<cbid>CROMU_00011</cbid>
	<replay>
		<read echo="ascii"><delim> </delim><match><data>\x3E </data></match></read>
		<write echo="ascii"><data>kob1o6W = |"JYMMcg","E2KgOvh","T1","lmluc","0bv0"|-|"9fxILI","E2KgOvh","fs3","aJd5kDg","9","1jacLPJ"|\n</data></write>
		<read echo="ascii"><delim> </delim><match><data>\x3E </data></match></read>
		<write echo="ascii"><data>IbaDz = kob1o6W ~ kob1o6W\n</data></write>
		<read echo="ascii"><delim> </delim><match><data>\x3E </data></match></read>
		<write echo="ascii"><data>jANcJR = IbaDz ~ kob1o6W\n</data></write>
		<read echo="ascii"><delim> </delim><match><data>\x3E </data></match></read>
		<write echo="ascii"><data>cyS1uO = |"7pJ3Qj","g","tuMM"|~|"7pJ3Qj","6n0280l","g","tRrR"|\n</data></write>
		<read echo="ascii"><delim> </delim><match><data>\x3E </data></match></read>
		<write echo="ascii"><data>NJOor8y = |"MadoqX","a","oE"|~|"UwXa","DCTiLk","wUgTu"|\n</data></write>
		<read echo="ascii"><delim> </delim><match><data>\x3E </data></match></read>
		<write echo="ascii"><data>hr5orcz = cyS1uO ~ IbaDz\n</data></write>
		<read echo="ascii"><delim> </delim><match><data>\x3E </data></match></read>
		<write echo="ascii"><data>pWQNsYl = |"0rO","Eh5CM","9mZib","3Re","bJ4KH","up2lr"|\n</data></write>
		<read echo="ascii"><delim> </delim><match><data>\x3E </data></match></read>
		<write echo="ascii"><data>e04HRxg = |"3Re","XHY3iu4zaH"|\n</data></write>
		<read echo="ascii"><delim> </delim><match><data>\x3E </data></match></read>
		<write echo="ascii"><data>e04HRxg@pWQNsYl\n</data></write>
		<read echo="ascii"><delim>\n</delim><match><data>FALSE\n</data></match></read>
		<read echo="ascii"><delim> </delim><match><data>\x3E </data></match></read>
		<write echo="ascii"><data>25z3Png = kob1o6W - IbaDz\n</data></write>
		<read echo="ascii"><delim> </delim><match><data>\x3E </data></match></read>
		<write echo="ascii"><data>BdgaC = |"gmPy","r","my","BvE","BjK","C","Z"|-|"8Q","jNn9E","TjzP","o","i1h","3K9iOL"|\n</data></write>
		<read echo="ascii"><delim> </delim><match><data>\x3E </data></match></read>
		<write echo="ascii"><data>.p\n</data></write>
<read echo="ascii"><delim>\n</delim><match><data>kob1o6W = |"JYMMcg","T1","lmluc","0bv0"|\n</data></match></read>
<read echo="ascii"><delim>\n</delim><match><data>IbaDz = ||\n</data></match></read>
<read echo="ascii"><delim>\n</delim><match><data>jANcJR = |"JYMMcg","T1","lmluc","0bv0"|\n</data></match></read>
<read echo="ascii"><delim>\n</delim><match><data>cyS1uO = |"tuMM","6n0280l","tRrR"|\n</data></match></read>
<read echo="ascii"><delim>\n</delim><match><data>NJOor8y = |"MadoqX","a","oE","UwXa","DCTiLk","wUgTu"|\n</data></match></read>
<read echo="ascii"><delim>\n</delim><match><data>hr5orcz = |"tuMM","6n0280l","tRrR"|\n</data></match></read>
<read echo="ascii"><delim>\n</delim><match><data>pWQNsYl = |"0rO","Eh5CM","9mZib","3Re","bJ4KH","up2lr"|\n</data></match></read>
<read echo="ascii"><delim>\n</delim><match><data>e04HRxg = |"3Re","XHY3iu4zaH"|\n</data></match></read>
<read echo="ascii"><delim>\n</delim><match><data>25z3Png = |"JYMMcg","T1","lmluc","0bv0"|\n</data></match></read>
<read echo="ascii"><delim>\n</delim><match><data>BdgaC = |"gmPy","r","my","BvE","BjK","C","Z"|\n</data></match></read>
		<read echo="ascii"><delim> </delim><match><data>\x3E </data></match></read>
		<write echo="ascii"><data>.l\n</data></write>
	</replay>
</pov>
