<?xml version="1.0" standalone="no" ?>
<!DOCTYPE pov SYSTEM "/usr/share/cgc-docs/replay.dtd"><pov>
	<cbid>CROMU_00011</cbid>
	<replay>
		<read echo="ascii"><delim> </delim><match><data>\x3E </data></match></read>
		<write echo="ascii"><data>26URV = |"6Qa","Hjj","lI3d","mu","HDqk8gR"|~|"te","6Qa","ODTkT"|\n</data></write>
		<read echo="ascii"><delim> </delim><match><data>\x3E </data></match></read>
		<write echo="ascii"><data>dbRBJ = 26URV ~ 26URV\n</data></write>
		<read echo="ascii"><delim> </delim><match><data>\x3E </data></match></read>
		<write echo="ascii"><data>78mPQz = |"DptRIa","FyZu","gAb","1uezn","iOAeO","Pu3036","IW43","G7Nq","hLLG","ZvCMtfx"|\n</data></write>
		<read echo="ascii"><delim> </delim><match><data>\x3E </data></match></read>
		<write echo="ascii"><data>0t5d9 = |"FyZu","IW43","Pu3036"|\n</data></write>
		<read echo="ascii"><delim> </delim><match><data>\x3E </data></match></read>
		<write echo="ascii"><data>0t5d9@78mPQz\n</data></write>
		<read echo="ascii"><delim>\n</delim><match><data>TRUE\n</data></match></read>
		<read echo="ascii"><delim> </delim><match><data>\x3E </data></match></read>
		<write echo="ascii"><data>djDIU7 = |"CWp"|^|"telT","dvEZ4","5s","LeFu","88eCC"|\n</data></write>
		<read echo="ascii"><delim> </delim><match><data>\x3E </data></match></read>
		<write echo="ascii"><data>FYEtE = |"I","zAF","Rw","qg7I","qlK"|-|"8","GQZW","4I","pcB25WL"|\n</data></write>
		<read echo="ascii"><delim> </delim><match><data>\x3E </data></match></read>
		<write echo="ascii"><data>hwgAg = 26URV - 0t5d9\n</data></write>
		<read echo="ascii"><delim> </delim><match><data>\x3E </data></match></read>
		<write echo="ascii"><data>xeJMa = |"ynY","a"|+|"u","Cg75g","a"|\n</data></write>
		<read echo="ascii"><delim> </delim><match><data>\x3E </data></match></read>
		<write echo="ascii"><data>ozt5d = hwgAg + FYEtE\n</data></write>
		<read echo="ascii"><delim> </delim><match><data>\x3E </data></match></read>
		<write echo="ascii"><data>EjrE9xR = |"5y3j1w5","QgaW","lj","La","ZjmtQ","Cj82A","ixn","UL","RU2qOMz","Fy6"|\n</data></write>
		<read echo="ascii"><delim> </delim><match><data>\x3E </data></match></read>
		<write echo="ascii"><data>R5ntPoM = |"UL","Fy6","lj","ZjmtQ"|\n</data></write>
		<read echo="ascii"><delim> </delim><match><data>\x3E </data></match></read>
		<write echo="ascii"><data>R5ntPoM@EjrE9xR\n</data></write>
		<read echo="ascii"><delim>\n</delim><match><data>TRUE\n</data></match></read>
		<read echo="ascii"><delim> </delim><match><data>\x3E </data></match></read>
		<write echo="ascii"><data>P3BFOKi = |"WQ"|^|"lqJF","4n8","eBLUYe"|\n</data></write>
		<read echo="ascii"><delim> </delim><match><data>\x3E </data></match></read>
		<write echo="ascii"><data>OQ558 = djDIU7 ~ 0t5d9\n</data></write>
		<read echo="ascii"><delim> </delim><match><data>\x3E </data></match></read>
		<write echo="ascii"><data>xp15O8O = |"7","1bmQ","qQ2m3Fx"|+|"5Aoh"|\n</data></write>
		<read echo="ascii"><delim> </delim><match><data>\x3E </data></match></read>
		<write echo="ascii"><data>1hmwCTq = FYEtE + 26URV\n</data></write>
		<read echo="ascii"><delim> </delim><match><data>\x3E </data></match></read>
		<write echo="ascii"><data>xlUnwHB = |"ZKUrS","rcA41RW","GuVS","WzHDVz","yHL","j5ZuH"|\n</data></write>
		<read echo="ascii"><delim> </delim><match><data>\x3E </data></match></read>
		<write echo="ascii"><data>uKhbW = |"yHL","j5ZuH","GuVS","WzHDVz"|\n</data></write>
		<read echo="ascii"><delim> </delim><match><data>\x3E </data></match></read>
		<write echo="ascii"><data>uKhbW@xlUnwHB\n</data></write>
		<read echo="ascii"><delim>\n</delim><match><data>TRUE\n</data></match></read>
		<read echo="ascii"><delim> </delim><match><data>\x3E </data></match></read>
		<write echo="ascii"><data>iIzkYHS = |"6cf0r"|~|"6cf0r","VHC7h","I","w95ywgY","PVW4b"|\n</data></write>
		<read echo="ascii"><delim> </delim><match><data>\x3E </data></match></read>
		<write echo="ascii"><data>.p\n</data></write>
<read echo="ascii"><delim>\n</delim><match><data>26URV = |"Hjj","lI3d","mu","HDqk8gR","te","ODTkT"|\n</data></match></read>
<read echo="ascii"><delim>\n</delim><match><data>dbRBJ = ||\n</data></match></read>
<read echo="ascii"><delim>\n</delim><match><data>78mPQz = |"DptRIa","FyZu","gAb","1uezn","iOAeO","Pu3036","IW43","G7Nq","hLLG","ZvCMtfx"|\n</data></match></read>
<read echo="ascii"><delim>\n</delim><match><data>0t5d9 = |"FyZu","IW43","Pu3036"|\n</data></match></read>
<read echo="ascii"><delim>\n</delim><match><data>djDIU7 = ||\n</data></match></read>
<read echo="ascii"><delim>\n</delim><match><data>FYEtE = |"I","zAF","Rw","qg7I","qlK"|\n</data></match></read>
<read echo="ascii"><delim>\n</delim><match><data>hwgAg = |"Hjj","lI3d","mu","HDqk8gR","te","ODTkT"|\n</data></match></read>
<read echo="ascii"><delim>\n</delim><match><data>xeJMa = |"ynY","a","u","Cg75g"|\n</data></match></read>
<read echo="ascii"><delim>\n</delim><match><data>ozt5d = |"Hjj","lI3d","mu","HDqk8gR","te","ODTkT","I","zAF","Rw","qg7I","qlK"|\n</data></match></read>
<read echo="ascii"><delim>\n</delim><match><data>EjrE9xR = |"5y3j1w5","QgaW","lj","La","ZjmtQ","Cj82A","ixn","UL","RU2qOMz","Fy6"|\n</data></match></read>
<read echo="ascii"><delim>\n</delim><match><data>R5ntPoM = |"UL","Fy6","lj","ZjmtQ"|\n</data></match></read>
<read echo="ascii"><delim>\n</delim><match><data>P3BFOKi = ||\n</data></match></read>
<read echo="ascii"><delim>\n</delim><match><data>OQ558 = |"FyZu","IW43","Pu3036"|\n</data></match></read>
<read echo="ascii"><delim>\n</delim><match><data>xp15O8O = |"7","1bmQ","qQ2m3Fx","5Aoh"|\n</data></match></read>
<read echo="ascii"><delim>\n</delim><match><data>1hmwCTq = |"I","zAF","Rw","qg7I","qlK","Hjj","lI3d","mu","HDqk8gR","te","ODTkT"|\n</data></match></read>
<read echo="ascii"><delim>\n</delim><match><data>xlUnwHB = |"ZKUrS","rcA41RW","GuVS","WzHDVz","yHL","j5ZuH"|\n</data></match></read>
<read echo="ascii"><delim>\n</delim><match><data>uKhbW = |"yHL","j5ZuH","GuVS","WzHDVz"|\n</data></match></read>
<read echo="ascii"><delim>\n</delim><match><data>iIzkYHS = |"VHC7h","I","w95ywgY","PVW4b"|\n</data></match></read>
		<read echo="ascii"><delim> </delim><match><data>\x3E </data></match></read>
		<write echo="ascii"><data>.l\n</data></write>
	</replay>
</pov>
