<?xml version="1.0" standalone="no" ?>
<!DOCTYPE pov SYSTEM "/usr/share/cgc-docs/replay.dtd"><pov>
	<cbid>CROMU_00011</cbid>
	<replay>
		<read echo="ascii"><delim> </delim><match><data>\x3E </data></match></read>
		<write echo="ascii"><data>Xc2e9l2 = |"tGVcZH","PZjTf"|^|"boifi","PZjTf","Ys5JgC","RlMZ0","Rs","y21yV5","7Jx"|\n</data></write>
		<read echo="ascii"><delim> </delim><match><data>\x3E </data></match></read>
		<write echo="ascii"><data>7kVZEa = |"2CxGSV","rwd","0Acy","rxfOZZB","Xb","PYQCMcg","0VIK","7qQ2s4","KK","Rm0"|\n</data></write>
		<read echo="ascii"><delim> </delim><match><data>\x3E </data></match></read>
		<write echo="ascii"><data>SdHMuAy = |"7qQ2s4","2CxGSV","0Acy","0VIK","KK","Xb","moCqtaKS0R"|\n</data></write>
		<read echo="ascii"><delim> </delim><match><data>\x3E </data></match></read>
		<write echo="ascii"><data>SdHMuAy@7kVZEa\n</data></write>
		<read echo="ascii"><delim>\n</delim><match><data>FALSE\n</data></match></read>
		<read echo="ascii"><delim> </delim><match><data>\x3E </data></match></read>
		<write echo="ascii"><data>wQqH09 = |"98OE2r","8OSFkz4","j3HJd","R7Cr","MsI","vK0B0En"|^|"o4Q","CFpIH0Y","37J2iF","tJG","j3HJd","uNW"|\n</data></write>
		<read echo="ascii"><delim> </delim><match><data>\x3E </data></match></read>
		<write echo="ascii"><data>CELuab = wQqH09 - SdHMuAy\n</data></write>
		<read echo="ascii"><delim> </delim><match><data>\x3E </data></match></read>
		<write echo="ascii"><data>TjsAjevw = 7kVZEa ^ wQqH09\n</data></write>
		<read echo="ascii"><delim> </delim><match><data>\x3E </data></match></read>
		<write echo="ascii"><data>cneOtaP = |"vgJ","zc","Pn","vpdFayV","J6RVt","PSpOIE"|^|"FwqgeG","VnRO6","krZLX","3gfq","hkRRa"|\n</data></write>
		<read echo="ascii"><delim> </delim><match><data>\x3E </data></match></read>
		<write echo="ascii"><data>CF5cms = cneOtaP ~ wQqH09\n</data></write>
		<read echo="ascii"><delim> </delim><match><data>\x3E </data></match></read>
		<write echo="ascii"><data>PyNEqRE = wQqH09 + SdHMuAy\n</data></write>
		<read echo="ascii"><delim> </delim><match><data>\x3E </data></match></read>
		<write echo="ascii"><data>gn21sxe = TjsAjevw + SdHMuAy\n</data></write>
		<read echo="ascii"><delim> </delim><match><data>\x3E </data></match></read>
		<write echo="ascii"><data>nlr0fO = |"rb","akUyXr","OSl","Lpnr7","A2","ZlLG"|-|"c54ySjL","s1RY","n4F7"|\n</data></write>
		<read echo="ascii"><delim> </delim><match><data>\x3E </data></match></read>
		<write echo="ascii"><data>.p\n</data></write>
<read echo="ascii"><delim>\n</delim><match><data>Xc2e9l2 = |"PZjTf"|\n</data></match></read>
<read echo="ascii"><delim>\n</delim><match><data>7kVZEa = |"2CxGSV","rwd","0Acy","rxfOZZB","Xb","PYQCMcg","0VIK","7qQ2s4","KK","Rm0"|\n</data></match></read>
<read echo="ascii"><delim>\n</delim><match><data>SdHMuAy = |"7qQ2s4","2CxGSV","0Acy","0VIK","KK","Xb","moCqtaKS0R"|\n</data></match></read>
<read echo="ascii"><delim>\n</delim><match><data>wQqH09 = |"j3HJd"|\n</data></match></read>
<read echo="ascii"><delim>\n</delim><match><data>CELuab = |"j3HJd"|\n</data></match></read>
<read echo="ascii"><delim>\n</delim><match><data>TjsAjevw = ||\n</data></match></read>
<read echo="ascii"><delim>\n</delim><match><data>cneOtaP = ||\n</data></match></read>
<read echo="ascii"><delim>\n</delim><match><data>CF5cms = |"j3HJd"|\n</data></match></read>
<read echo="ascii"><delim>\n</delim><match><data>PyNEqRE = |"j3HJd","7qQ2s4","2CxGSV","0Acy","0VIK","KK","Xb","moCqtaKS0R"|\n</data></match></read>
<read echo="ascii"><delim>\n</delim><match><data>gn21sxe = |"7qQ2s4","2CxGSV","0Acy","0VIK","KK","Xb","moCqtaKS0R"|\n</data></match></read>
<read echo="ascii"><delim>\n</delim><match><data>nlr0fO = |"rb","akUyXr","OSl","Lpnr7","A2","ZlLG"|\n</data></match></read>
		<read echo="ascii"><delim> </delim><match><data>\x3E </data></match></read>
		<write echo="ascii"><data>.l\n</data></write>
	</replay>
</pov>
