<?xml version="1.0" standalone="no" ?>
<!DOCTYPE pov SYSTEM "/usr/share/cgc-docs/replay.dtd"><pov>
	<cbid>CROMU_00011</cbid>
	<replay>
		<read echo="ascii"><delim> </delim><match><data>\x3E </data></match></read>
		<write echo="ascii"><data>NA89gsg = |"5cR386s","wZ","guIgZC","Ohj","7dWQqA","v8","SgXfz","6AVqLI","t6Hf3Ti","oshP"|\n</data></write>
		<read echo="ascii"><delim> </delim><match><data>\x3E </data></match></read>
		<write echo="ascii"><data>dDeGtEm = |"oshP","5cR386s","t1lvCEFYa3"|\n</data></write>
		<read echo="ascii"><delim> </delim><match><data>\x3E </data></match></read>
		<write echo="ascii"><data>dDeGtEm@NA89gsg\n</data></write>
		<read echo="ascii"><delim>\n</delim><match><data>FALSE\n</data></match></read>
		<read echo="ascii"><delim> </delim><match><data>\x3E </data></match></read>
		<write echo="ascii"><data>Mu6D1Ev = |"vW4xDlu","K"|~|"dF"|\n</data></write>
		<read echo="ascii"><delim> </delim><match><data>\x3E </data></match></read>
		<write echo="ascii"><data>5SewZd4 = |"soj01v","a6"|^|"y5Krp1h","mQyTJU","IJnoS","soj01v","pw","FFvC","Y3A9"|\n</data></write>
		<read echo="ascii"><delim> </delim><match><data>\x3E </data></match></read>
		<write echo="ascii"><data>ie5Ujt = NA89gsg ~ Mu6D1Ev\n</data></write>
		<read echo="ascii"><delim> </delim><match><data>\x3E </data></match></read>
		<write echo="ascii"><data>qLOutA = |"zX7Oaf","rn9","7XS4","IXqPR","NC","jdR","qRWa"|-|"ravpN","jdR","R8sCUI4","L"|\n</data></write>
		<read echo="ascii"><delim> </delim><match><data>\x3E </data></match></read>
		<write echo="ascii"><data>mwfkcIxVv1 = ie5Ujt ^ NA89gsg\n</data></write>
		<read echo="ascii"><delim> </delim><match><data>\x3E </data></match></read>
		<write echo="ascii"><data>bM71q = |"3ca","mZ","t4o","nOItfR","LDhwZOs","ZBH","9pTVD"|\n</data></write>
		<read echo="ascii"><delim> </delim><match><data>\x3E </data></match></read>
		<write echo="ascii"><data>hFEkls = |"ZBH","3ca"|\n</data></write>
		<read echo="ascii"><delim> </delim><match><data>\x3E </data></match></read>
		<write echo="ascii"><data>hFEkls@bM71q\n</data></write>
		<read echo="ascii"><delim>\n</delim><match><data>TRUE\n</data></match></read>
		<read echo="ascii"><delim> </delim><match><data>\x3E </data></match></read>
		<write echo="ascii"><data>tuS1t = |"GHz"|^|"fx4FNzE","4R1Ye","mfrI1","gsq8E1z","hD","MLAv"|\n</data></write>
		<read echo="ascii"><delim> </delim><match><data>\x3E </data></match></read>
		<write echo="ascii"><data>5h1WwC = |"Rnj"|+|"DVXYch","5F"|\n</data></write>
		<read echo="ascii"><delim> </delim><match><data>\x3E </data></match></read>
		<write echo="ascii"><data>.p\n</data></write>
<read echo="ascii"><delim>\n</delim><match><data>NA89gsg = |"5cR386s","wZ","guIgZC","Ohj","7dWQqA","v8","SgXfz","6AVqLI","t6Hf3Ti","oshP"|\n</data></match></read>
<read echo="ascii"><delim>\n</delim><match><data>dDeGtEm = |"oshP","5cR386s","t1lvCEFYa3"|\n</data></match></read>
<read echo="ascii"><delim>\n</delim><match><data>Mu6D1Ev = |"vW4xDlu","K","dF"|\n</data></match></read>
<read echo="ascii"><delim>\n</delim><match><data>5SewZd4 = |"soj01v"|\n</data></match></read>
<read echo="ascii"><delim>\n</delim><match><data>ie5Ujt = |"5cR386s","wZ","guIgZC","Ohj","7dWQqA","v8","SgXfz","6AVqLI","t6Hf3Ti","oshP","vW4xDlu","K","dF"|\n</data></match></read>
<read echo="ascii"><delim>\n</delim><match><data>qLOutA = |"zX7Oaf","rn9","7XS4","IXqPR","NC","qRWa"|\n</data></match></read>
<read echo="ascii"><delim>\n</delim><match><data>mwfkcIxVv1 = |"5cR386s","wZ","guIgZC","Ohj","7dWQqA","v8","SgXfz","6AVqLI","t6Hf3Ti","oshP"|\n</data></match></read>
<read echo="ascii"><delim>\n</delim><match><data>bM71q = |"3ca","mZ","t4o","nOItfR","LDhwZOs","ZBH","9pTVD"|\n</data></match></read>
<read echo="ascii"><delim>\n</delim><match><data>hFEkls = |"ZBH","3ca"|\n</data></match></read>
<read echo="ascii"><delim>\n</delim><match><data>tuS1t = ||\n</data></match></read>
<read echo="ascii"><delim>\n</delim><match><data>5h1WwC = |"Rnj","DVXYch","5F"|\n</data></match></read>
		<read echo="ascii"><delim> </delim><match><data>\x3E </data></match></read>
		<write echo="ascii"><data>.l\n</data></write>
	</replay>
</pov>
