<?xml version="1.0" standalone="no" ?>
<!DOCTYPE pov SYSTEM "/usr/share/cgc-docs/replay.dtd"><pov>
	<cbid>CROMU_00011</cbid>
	<replay>
		<read echo="ascii"><delim> </delim><match><data>\x3E </data></match></read>
		<write echo="ascii"><data>Kp6DGz2 = |"dTGDk","R","DL","r3b2Ew0"|~|"5P"|\n</data></write>
		<read echo="ascii"><delim> </delim><match><data>\x3E </data></match></read>
		<write echo="ascii"><data>zy2sv = Kp6DGz2 ^ Kp6DGz2\n</data></write>
		<read echo="ascii"><delim> </delim><match><data>\x3E </data></match></read>
		<write echo="ascii"><data>uIiweQm = zy2sv + zy2sv\n</data></write>
		<read echo="ascii"><delim> </delim><match><data>\x3E </data></match></read>
		<write echo="ascii"><data>IZ1jr = zy2sv ^ uIiweQm\n</data></write>
		<read echo="ascii"><delim> </delim><match><data>\x3E </data></match></read>
		<write echo="ascii"><data>q1vb3 = |"kNwxuz"|^|"VCeq2PS","qeY","7B1moe","AJtEk5s"|\n</data></write>
		<read echo="ascii"><delim> </delim><match><data>\x3E </data></match></read>
		<write echo="ascii"><data>pUaFvD = |"BRd3H","FI","VHNuk3a","3","r9GDb"|-|"l","MIwA","h","MNoZ","Q","f6","A"|\n</data></write>
		<read echo="ascii"><delim> </delim><match><data>\x3E </data></match></read>
		<write echo="ascii"><data>MCQtB2vM = IZ1jr ^ uIiweQm\n</data></write>
		<read echo="ascii"><delim> </delim><match><data>\x3E </data></match></read>
		<write echo="ascii"><data>zFnSUyU = MCQtB2vM + zy2sv\n</data></write>
		<read echo="ascii"><delim> </delim><match><data>\x3E </data></match></read>
		<write echo="ascii"><data>VCZeJCs = pUaFvD + IZ1jr\n</data></write>
		<read echo="ascii"><delim> </delim><match><data>\x3E </data></match></read>
		<write echo="ascii"><data>p6cEX = |"dAOnLv4","B6rg","gCWcS","4kO","10C","JbGIgWh","cwUc","HsX"|\n</data></write>
		<read echo="ascii"><delim> </delim><match><data>\x3E </data></match></read>
		<write echo="ascii"><data>OVI4H = |"10C","JbGIgWh","HsX","4kO","dAOnLv4","0hUngAdo0q"|\n</data></write>
		<read echo="ascii"><delim> </delim><match><data>\x3E </data></match></read>
		<write echo="ascii"><data>OVI4H@p6cEX\n</data></write>
		<read echo="ascii"><delim>\n</delim><match><data>FALSE\n</data></match></read>
		<read echo="ascii"><delim> </delim><match><data>\x3E </data></match></read>
		<write echo="ascii"><data>A1gFH4v = |"VY"|^|"G3","85DuvD","VY","5MANkGI"|\n</data></write>
		<read echo="ascii"><delim> </delim><match><data>\x3E </data></match></read>
		<write echo="ascii"><data>.p\n</data></write>
<read echo="ascii"><delim>\n</delim><match><data>Kp6DGz2 = |"dTGDk","R","DL","r3b2Ew0","5P"|\n</data></match></read>
<read echo="ascii"><delim>\n</delim><match><data>zy2sv = |"dTGDk","R","DL","r3b2Ew0","5P"|\n</data></match></read>
<read echo="ascii"><delim>\n</delim><match><data>uIiweQm = |"dTGDk","R","DL","r3b2Ew0","5P"|\n</data></match></read>
<read echo="ascii"><delim>\n</delim><match><data>IZ1jr = |"dTGDk","R","DL","r3b2Ew0","5P"|\n</data></match></read>
<read echo="ascii"><delim>\n</delim><match><data>q1vb3 = ||\n</data></match></read>
<read echo="ascii"><delim>\n</delim><match><data>pUaFvD = |"BRd3H","FI","VHNuk3a","3","r9GDb"|\n</data></match></read>
<read echo="ascii"><delim>\n</delim><match><data>MCQtB2vM = |"dTGDk","R","DL","r3b2Ew0","5P"|\n</data></match></read>
<read echo="ascii"><delim>\n</delim><match><data>zFnSUyU = |"dTGDk","R","DL","r3b2Ew0","5P"|\n</data></match></read>
<read echo="ascii"><delim>\n</delim><match><data>VCZeJCs = |"BRd3H","FI","VHNuk3a","3","r9GDb","dTGDk","R","DL","r3b2Ew0","5P"|\n</data></match></read>
<read echo="ascii"><delim>\n</delim><match><data>p6cEX = |"dAOnLv4","B6rg","gCWcS","4kO","10C","JbGIgWh","cwUc","HsX"|\n</data></match></read>
<read echo="ascii"><delim>\n</delim><match><data>OVI4H = |"10C","JbGIgWh","HsX","4kO","dAOnLv4","0hUngAdo0q"|\n</data></match></read>
<read echo="ascii"><delim>\n</delim><match><data>A1gFH4v = |"VY"|\n</data></match></read>
		<read echo="ascii"><delim> </delim><match><data>\x3E </data></match></read>
		<write echo="ascii"><data>.l\n</data></write>
	</replay>
</pov>
