<?xml version="1.0" standalone="no" ?>
<!DOCTYPE pov SYSTEM "/usr/share/cgc-docs/replay.dtd"><pov>
	<cbid>CROMU_00011</cbid>
	<replay>
		<read echo="ascii"><delim> </delim><match><data>\x3E </data></match></read>
		<write echo="ascii"><data>1CW3Gi = |"epc","va","ZgtMZb"|^|"SNapFEG","epc","va","EY","Kd40"|\n</data></write>
		<read echo="ascii"><delim> </delim><match><data>\x3E </data></match></read>
		<write echo="ascii"><data>k4ThJI5 = |"BLO","V1ut","Cu","uk0"|+|"ioAN3","z","RTaw","JJ","uk0"|\n</data></write>
		<read echo="ascii"><delim> </delim><match><data>\x3E </data></match></read>
		<write echo="ascii"><data>IIvygiX = k4ThJI5 + k4ThJI5\n</data></write>
		<read echo="ascii"><delim> </delim><match><data>\x3E </data></match></read>
		<write echo="ascii"><data>9JFaT = IIvygiX - k4ThJI5\n</data></write>
		<read echo="ascii"><delim> </delim><match><data>\x3E </data></match></read>
		<write echo="ascii"><data>g0Qwd = k4ThJI5 ~ 9JFaT\n</data></write>
		<read echo="ascii"><delim> </delim><match><data>\x3E </data></match></read>
		<write echo="ascii"><data>Vqx96 = |"AP3WI","IpN"|+|"R733","MjW","4T8q3Y","AhtakbR","DIhd","hyP9","AP3WI"|\n</data></write>
		<read echo="ascii"><delim> </delim><match><data>\x3E </data></match></read>
		<write echo="ascii"><data>UXX5NN = Vqx96 - k4ThJI5\n</data></write>
		<read echo="ascii"><delim> </delim><match><data>\x3E </data></match></read>
		<write echo="ascii"><data>7vuOB = |"Vk","erM3c","h3rhS","mxAez","QmzvY","d5HnCqx"|\n</data></write>
		<read echo="ascii"><delim> </delim><match><data>\x3E </data></match></read>
		<write echo="ascii"><data>9qZ5ept = |"mxAez","QmzvY"|\n</data></write>
		<read echo="ascii"><delim> </delim><match><data>\x3E </data></match></read>
		<write echo="ascii"><data>9qZ5ept@7vuOB\n</data></write>
		<read echo="ascii"><delim>\n</delim><match><data>TRUE\n</data></match></read>
		<read echo="ascii"><delim> </delim><match><data>\x3E </data></match></read>
		<write echo="ascii"><data>rQcnu = Vqx96 ~ UXX5NN\n</data></write>
		<read echo="ascii"><delim> </delim><match><data>\x3E </data></match></read>
		<write echo="ascii"><data>1CaFh = |"xQM6Qk","yJeYUiB","BjIzzc"|+|"UGG","oOLr","dF","iX6","Xs"|\n</data></write>
		<read echo="ascii"><delim> </delim><match><data>\x3E </data></match></read>
		<write echo="ascii"><data>70HKv3I = |"LH30aAb","GN7","3I0Pzh","baNK","cAzl","D","9HiyAFN"|~|"448O9","HqAsic","d","fPiL","RAS50","LH30aAb"|\n</data></write>
		<read echo="ascii"><delim> </delim><match><data>\x3E </data></match></read>
		<write echo="ascii"><data>.p\n</data></write>
<read echo="ascii"><delim>\n</delim><match><data>1CW3Gi = |"epc","va"|\n</data></match></read>
<read echo="ascii"><delim>\n</delim><match><data>k4ThJI5 = |"BLO","V1ut","Cu","uk0","ioAN3","z","RTaw","JJ"|\n</data></match></read>
<read echo="ascii"><delim>\n</delim><match><data>IIvygiX = |"BLO","V1ut","Cu","uk0","ioAN3","z","RTaw","JJ"|\n</data></match></read>
<read echo="ascii"><delim>\n</delim><match><data>9JFaT = ||\n</data></match></read>
<read echo="ascii"><delim>\n</delim><match><data>g0Qwd = |"BLO","V1ut","Cu","uk0","ioAN3","z","RTaw","JJ"|\n</data></match></read>
<read echo="ascii"><delim>\n</delim><match><data>Vqx96 = |"AP3WI","IpN","R733","MjW","4T8q3Y","AhtakbR","DIhd","hyP9"|\n</data></match></read>
<read echo="ascii"><delim>\n</delim><match><data>UXX5NN = |"AP3WI","IpN","R733","MjW","4T8q3Y","AhtakbR","DIhd","hyP9"|\n</data></match></read>
<read echo="ascii"><delim>\n</delim><match><data>7vuOB = |"Vk","erM3c","h3rhS","mxAez","QmzvY","d5HnCqx"|\n</data></match></read>
<read echo="ascii"><delim>\n</delim><match><data>9qZ5ept = |"mxAez","QmzvY"|\n</data></match></read>
<read echo="ascii"><delim>\n</delim><match><data>rQcnu = ||\n</data></match></read>
<read echo="ascii"><delim>\n</delim><match><data>1CaFh = |"xQM6Qk","yJeYUiB","BjIzzc","UGG","oOLr","dF","iX6","Xs"|\n</data></match></read>
<read echo="ascii"><delim>\n</delim><match><data>70HKv3I = |"GN7","3I0Pzh","baNK","cAzl","D","9HiyAFN","448O9","HqAsic","d","fPiL","RAS50"|\n</data></match></read>
		<read echo="ascii"><delim> </delim><match><data>\x3E </data></match></read>
		<write echo="ascii"><data>.l\n</data></write>
	</replay>
</pov>
