<?xml version="1.0" standalone="no" ?>
<!DOCTYPE pov SYSTEM "/usr/share/cgc-docs/replay.dtd"><pov>
	<cbid>CROMU_00011</cbid>
	<replay>
		<read echo="ascii"><delim> </delim><match><data>\x3E </data></match></read>
		<write echo="ascii"><data>VRyBc1 = |"DHr","w7QeaW","vtipFZ","tB9","YW","5EZ","HL"|~|"vtipFZ"|\n</data></write>
		<read echo="ascii"><delim> </delim><match><data>\x3E </data></match></read>
		<write echo="ascii"><data>MuKl0K = |"8pTkf03","lwm7","nDaRj4J","row","ZoT38s","IH"|\n</data></write>
		<read echo="ascii"><delim> </delim><match><data>\x3E </data></match></read>
		<write echo="ascii"><data>fY5QBEr = |"ZoT38s","nDaRj4J"|\n</data></write>
		<read echo="ascii"><delim> </delim><match><data>\x3E </data></match></read>
		<write echo="ascii"><data>fY5QBEr@MuKl0K\n</data></write>
		<read echo="ascii"><delim>\n</delim><match><data>TRUE\n</data></match></read>
		<read echo="ascii"><delim> </delim><match><data>\x3E </data></match></read>
		<write echo="ascii"><data>wcKtbc = |"8V","WKw","zXY4","zS8xa95","H7NC","FmX","PAQzf"|\n</data></write>
		<read echo="ascii"><delim> </delim><match><data>\x3E </data></match></read>
		<write echo="ascii"><data>YZ8I7Nm = |"FmX","zXY4","PAQzf","WKw","zS8xa95","hjxp0NwIWW"|\n</data></write>
		<read echo="ascii"><delim> </delim><match><data>\x3E </data></match></read>
		<write echo="ascii"><data>YZ8I7Nm@wcKtbc\n</data></write>
		<read echo="ascii"><delim>\n</delim><match><data>FALSE\n</data></match></read>
		<read echo="ascii"><delim> </delim><match><data>\x3E </data></match></read>
		<write echo="ascii"><data>40bm0r = |"tDtU","AtCps8y","JYV","ITdY","GjsNK","X9ZuYj","6SrSIL"|~|"GjsNK"|\n</data></write>
		<read echo="ascii"><delim> </delim><match><data>\x3E </data></match></read>
		<write echo="ascii"><data>mOFYCH = MuKl0K + MuKl0K\n</data></write>
		<read echo="ascii"><delim> </delim><match><data>\x3E </data></match></read>
		<write echo="ascii"><data>aYW8rl = wcKtbc ^ 40bm0r\n</data></write>
		<read echo="ascii"><delim> </delim><match><data>\x3E </data></match></read>
		<write echo="ascii"><data>EGdANa = |"SWT9u","pWGNY"|~|"L1X","Utr2W","M","1","N2Os","SWT9u","i5npqk"|\n</data></write>
		<read echo="ascii"><delim> </delim><match><data>\x3E </data></match></read>
		<write echo="ascii"><data>MNVFuS = |"tBS0m0","uAG02y","Tki","CVEa","M","zLxG0R"|-|"VImrF","hausBng","fhK","ZSBptb7","FQYJf"|\n</data></write>
		<read echo="ascii"><delim> </delim><match><data>\x3E </data></match></read>
		<write echo="ascii"><data>0iaeY = |"8AXM","U4P","b8ni6U","YVur","W7XZtOf","Hh1o1","rDV","jieoBs0"|\n</data></write>
		<read echo="ascii"><delim> </delim><match><data>\x3E </data></match></read>
		<write echo="ascii"><data>qqz7Nh = |"W7XZtOf","nMfROJesfp"|\n</data></write>
		<read echo="ascii"><delim> </delim><match><data>\x3E </data></match></read>
		<write echo="ascii"><data>qqz7Nh@0iaeY\n</data></write>
		<read echo="ascii"><delim>\n</delim><match><data>FALSE\n</data></match></read>
		<read echo="ascii"><delim> </delim><match><data>\x3E </data></match></read>
		<write echo="ascii"><data>fTaYcXl = qqz7Nh + YZ8I7Nm\n</data></write>
		<read echo="ascii"><delim> </delim><match><data>\x3E </data></match></read>
		<write echo="ascii"><data>Q8kXk = EGdANa - MuKl0K\n</data></write>
		<read echo="ascii"><delim> </delim><match><data>\x3E </data></match></read>
		<write echo="ascii"><data>.p\n</data></write>
<read echo="ascii"><delim>\n</delim><match><data>VRyBc1 = |"DHr","w7QeaW","tB9","YW","5EZ","HL"|\n</data></match></read>
<read echo="ascii"><delim>\n</delim><match><data>MuKl0K = |"8pTkf03","lwm7","nDaRj4J","row","ZoT38s","IH"|\n</data></match></read>
<read echo="ascii"><delim>\n</delim><match><data>fY5QBEr = |"ZoT38s","nDaRj4J"|\n</data></match></read>
<read echo="ascii"><delim>\n</delim><match><data>wcKtbc = |"8V","WKw","zXY4","zS8xa95","H7NC","FmX","PAQzf"|\n</data></match></read>
<read echo="ascii"><delim>\n</delim><match><data>YZ8I7Nm = |"FmX","zXY4","PAQzf","WKw","zS8xa95","hjxp0NwIWW"|\n</data></match></read>
<read echo="ascii"><delim>\n</delim><match><data>40bm0r = |"tDtU","AtCps8y","JYV","ITdY","X9ZuYj","6SrSIL"|\n</data></match></read>
<read echo="ascii"><delim>\n</delim><match><data>mOFYCH = |"8pTkf03","lwm7","nDaRj4J","row","ZoT38s","IH"|\n</data></match></read>
<read echo="ascii"><delim>\n</delim><match><data>aYW8rl = ||\n</data></match></read>
<read echo="ascii"><delim>\n</delim><match><data>EGdANa = |"pWGNY","L1X","Utr2W","M","1","N2Os","i5npqk"|\n</data></match></read>
<read echo="ascii"><delim>\n</delim><match><data>MNVFuS = |"tBS0m0","uAG02y","Tki","CVEa","M","zLxG0R"|\n</data></match></read>
<read echo="ascii"><delim>\n</delim><match><data>0iaeY = |"8AXM","U4P","b8ni6U","YVur","W7XZtOf","Hh1o1","rDV","jieoBs0"|\n</data></match></read>
<read echo="ascii"><delim>\n</delim><match><data>qqz7Nh = |"W7XZtOf","nMfROJesfp"|\n</data></match></read>
<read echo="ascii"><delim>\n</delim><match><data>fTaYcXl = |"W7XZtOf","nMfROJesfp","FmX","zXY4","PAQzf","WKw","zS8xa95","hjxp0NwIWW"|\n</data></match></read>
<read echo="ascii"><delim>\n</delim><match><data>Q8kXk = |"pWGNY","L1X","Utr2W","M","1","N2Os","i5npqk"|\n</data></match></read>
		<read echo="ascii"><delim> </delim><match><data>\x3E </data></match></read>
		<write echo="ascii"><data>.l\n</data></write>
	</replay>
</pov>
