<?xml version="1.0" standalone="no" ?>
<!DOCTYPE pov SYSTEM "/usr/share/cgc-docs/replay.dtd"><pov>
	<cbid>CROMU_00011</cbid>
	<replay>
		<read echo="ascii"><delim> </delim><match><data>\x3E </data></match></read>
		<write echo="ascii"><data>SSPg2 = |"NjwDv0","SGELtU5","tP","7RH","TZ"|^|"SXqji","plrj","NjwDv0","0ufd33","Flsjyj"|\n</data></write>
		<read echo="ascii"><delim> </delim><match><data>\x3E </data></match></read>
		<write echo="ascii"><data>To3hJQ1 = SSPg2 + SSPg2\n</data></write>
		<read echo="ascii"><delim> </delim><match><data>\x3E </data></match></read>
		<write echo="ascii"><data>YlmoBu = To3hJQ1 + SSPg2\n</data></write>
		<read echo="ascii"><delim> </delim><match><data>\x3E </data></match></read>
		<write echo="ascii"><data>qYsQkD = |"3","ZR","eaqWXxF"|+|"xKx","Sk","CO8ws","3h2","ZR","1V"|\n</data></write>
		<read echo="ascii"><delim> </delim><match><data>\x3E </data></match></read>
		<write echo="ascii"><data>Wy4bmr = SSPg2 ~ YlmoBu\n</data></write>
		<read echo="ascii"><delim> </delim><match><data>\x3E </data></match></read>
		<write echo="ascii"><data>8Ta1v53 = |"dhx","pz8pT","5cGX9Ju","Sk","ad","6"|+|"ocEvJlE","dhx","Sbsc","ad","zm","Y3MK"|\n</data></write>
		<read echo="ascii"><delim> </delim><match><data>\x3E </data></match></read>
		<write echo="ascii"><data>wUJOHw = 8Ta1v53 ~ SSPg2\n</data></write>
		<read echo="ascii"><delim> </delim><match><data>\x3E </data></match></read>
		<write echo="ascii"><data>g34AVlf = 8Ta1v53 ~ To3hJQ1\n</data></write>
		<read echo="ascii"><delim> </delim><match><data>\x3E </data></match></read>
		<write echo="ascii"><data>jnhtb9 = |"8ih0b","mp4v","boAbps","CH1Z","cltc","qJC88o","YF"|^|"Dgt7dQ","z6i6R","01cYgm","8ih0b"|\n</data></write>
		<read echo="ascii"><delim> </delim><match><data>\x3E </data></match></read>
		<write echo="ascii"><data>p6vQW1c = 8Ta1v53 ^ To3hJQ1\n</data></write>
		<read echo="ascii"><delim> </delim><match><data>\x3E </data></match></read>
		<write echo="ascii"><data>QYrb9 = |"2Fb4CHz","Ss15m5d","5YhKp"|~|"y","w","qtYvrf","Z","myuUc","H"|\n</data></write>
		<read echo="ascii"><delim> </delim><match><data>\x3E </data></match></read>
		<write echo="ascii"><data>.p\n</data></write>
<read echo="ascii"><delim>\n</delim><match><data>SSPg2 = |"NjwDv0"|\n</data></match></read>
<read echo="ascii"><delim>\n</delim><match><data>To3hJQ1 = |"NjwDv0"|\n</data></match></read>
<read echo="ascii"><delim>\n</delim><match><data>YlmoBu = |"NjwDv0"|\n</data></match></read>
<read echo="ascii"><delim>\n</delim><match><data>qYsQkD = |"3","ZR","eaqWXxF","xKx","Sk","CO8ws","3h2","1V"|\n</data></match></read>
<read echo="ascii"><delim>\n</delim><match><data>Wy4bmr = ||\n</data></match></read>
<read echo="ascii"><delim>\n</delim><match><data>8Ta1v53 = |"dhx","pz8pT","5cGX9Ju","Sk","ad","6","ocEvJlE","Sbsc","zm","Y3MK"|\n</data></match></read>
<read echo="ascii"><delim>\n</delim><match><data>wUJOHw = |"dhx","pz8pT","5cGX9Ju","Sk","ad","6","ocEvJlE","Sbsc","zm","Y3MK","NjwDv0"|\n</data></match></read>
<read echo="ascii"><delim>\n</delim><match><data>g34AVlf = |"dhx","pz8pT","5cGX9Ju","Sk","ad","6","ocEvJlE","Sbsc","zm","Y3MK","NjwDv0"|\n</data></match></read>
<read echo="ascii"><delim>\n</delim><match><data>jnhtb9 = |"8ih0b"|\n</data></match></read>
<read echo="ascii"><delim>\n</delim><match><data>p6vQW1c = ||\n</data></match></read>
<read echo="ascii"><delim>\n</delim><match><data>QYrb9 = |"2Fb4CHz","Ss15m5d","5YhKp","y","w","qtYvrf","Z","myuUc","H"|\n</data></match></read>
		<read echo="ascii"><delim> </delim><match><data>\x3E </data></match></read>
		<write echo="ascii"><data>.l\n</data></write>
	</replay>
</pov>
