<?xml version="1.0" standalone="no" ?>
<!DOCTYPE pov SYSTEM "/usr/share/cgc-docs/replay.dtd"><pov>
	<cbid>CROMU_00011</cbid>
	<replay>
		<read echo="ascii"><delim> </delim><match><data>\x3E </data></match></read>
		<write echo="ascii"><data>Kzx7cOe = |"qy"|^|"B0Tic"|\n</data></write>
		<read echo="ascii"><delim> </delim><match><data>\x3E </data></match></read>
		<write echo="ascii"><data>1mUSx = |"rISml4"|+|"rISml4","wRg"|\n</data></write>
		<read echo="ascii"><delim> </delim><match><data>\x3E </data></match></read>
		<write echo="ascii"><data>NoIU3x = |"Lx","SjCjxX","ox","j"|-|"xhEx","80B1VS","SLd3Swr","j","Lx"|\n</data></write>
		<read echo="ascii"><delim> </delim><match><data>\x3E </data></match></read>
		<write echo="ascii"><data>CjDDBL = |"nZ","iS35z","szUB","zZBiyd1"|+|"SNE"|\n</data></write>
		<read echo="ascii"><delim> </delim><match><data>\x3E </data></match></read>
		<write echo="ascii"><data>lvB6psc = Kzx7cOe ~ 1mUSx\n</data></write>
		<read echo="ascii"><delim> </delim><match><data>\x3E </data></match></read>
		<write echo="ascii"><data>ZWjibc = NoIU3x ~ lvB6psc\n</data></write>
		<read echo="ascii"><delim> </delim><match><data>\x3E </data></match></read>
		<write echo="ascii"><data>9McC1 = |"oG","6TTrw","8RI","B","38yG","VBU","4"|+|"xVUi3","V5v","TYjSgzG","vzjBPnx","NcpM","n"|\n</data></write>
		<read echo="ascii"><delim> </delim><match><data>\x3E </data></match></read>
		<write echo="ascii"><data>gKunm1M = lvB6psc - CjDDBL\n</data></write>
		<read echo="ascii"><delim> </delim><match><data>\x3E </data></match></read>
		<write echo="ascii"><data>7EDGfWmMoH = 9McC1 ^ 1mUSx\n</data></write>
		<read echo="ascii"><delim> </delim><match><data>\x3E </data></match></read>
		<write echo="ascii"><data>qfMZndC = |"Vkffs","GSAJM","3Om5F5","PUe11pB","8wi9cI","GXtY3u3"|+|"8wi9cI","PUe11pB","Q","GBt9K","peRjrNw","GSAJM"|\n</data></write>
		<read echo="ascii"><delim> </delim><match><data>\x3E </data></match></read>
		<write echo="ascii"><data>4Bb5sWK = |"rLJ5j","wdF","rpx","F48Tavi","i","Q","r4Q7LAo"|-|"yy7","llYbLt","i","0GUF0"|\n</data></write>
		<read echo="ascii"><delim> </delim><match><data>\x3E </data></match></read>
		<write echo="ascii"><data>I9jfd10 = ZWjibc - 7EDGfWmMoH\n</data></write>
		<read echo="ascii"><delim> </delim><match><data>\x3E </data></match></read>
		<write echo="ascii"><data>k1GZWy = |"1qopvUr","oC0"|^|"4hXv","iRSph","fpH73ni","eb4mmnH","BNcs"|\n</data></write>
		<read echo="ascii"><delim> </delim><match><data>\x3E </data></match></read>
		<write echo="ascii"><data>m6oTt = |"qXQBzUK","12c","1j","Mk1q","77eD","UFDA6Fp"|\n</data></write>
		<read echo="ascii"><delim> </delim><match><data>\x3E </data></match></read>
		<write echo="ascii"><data>E6choTd = |"12c"|\n</data></write>
		<read echo="ascii"><delim> </delim><match><data>\x3E </data></match></read>
		<write echo="ascii"><data>E6choTd@m6oTt\n</data></write>
		<read echo="ascii"><delim>\n</delim><match><data>TRUE\n</data></match></read>
		<read echo="ascii"><delim> </delim><match><data>\x3E </data></match></read>
		<write echo="ascii"><data>.p\n</data></write>
<read echo="ascii"><delim>\n</delim><match><data>Kzx7cOe = ||\n</data></match></read>
<read echo="ascii"><delim>\n</delim><match><data>1mUSx = |"rISml4","wRg"|\n</data></match></read>
<read echo="ascii"><delim>\n</delim><match><data>NoIU3x = |"SjCjxX","ox"|\n</data></match></read>
<read echo="ascii"><delim>\n</delim><match><data>CjDDBL = |"nZ","iS35z","szUB","zZBiyd1","SNE"|\n</data></match></read>
<read echo="ascii"><delim>\n</delim><match><data>lvB6psc = |"rISml4","wRg"|\n</data></match></read>
<read echo="ascii"><delim>\n</delim><match><data>ZWjibc = |"SjCjxX","ox","rISml4","wRg"|\n</data></match></read>
<read echo="ascii"><delim>\n</delim><match><data>9McC1 = |"oG","6TTrw","8RI","B","38yG","VBU","4","xVUi3","V5v","TYjSgzG","vzjBPnx","NcpM","n"|\n</data></match></read>
<read echo="ascii"><delim>\n</delim><match><data>gKunm1M = |"rISml4","wRg"|\n</data></match></read>
<read echo="ascii"><delim>\n</delim><match><data>7EDGfWmMoH = ||\n</data></match></read>
<read echo="ascii"><delim>\n</delim><match><data>qfMZndC = |"Vkffs","GSAJM","3Om5F5","PUe11pB","8wi9cI","GXtY3u3","Q","GBt9K","peRjrNw"|\n</data></match></read>
<read echo="ascii"><delim>\n</delim><match><data>4Bb5sWK = |"rLJ5j","wdF","rpx","F48Tavi","Q","r4Q7LAo"|\n</data></match></read>
<read echo="ascii"><delim>\n</delim><match><data>I9jfd10 = |"SjCjxX","ox","rISml4","wRg"|\n</data></match></read>
<read echo="ascii"><delim>\n</delim><match><data>k1GZWy = ||\n</data></match></read>
<read echo="ascii"><delim>\n</delim><match><data>m6oTt = |"qXQBzUK","12c","1j","Mk1q","77eD","UFDA6Fp"|\n</data></match></read>
<read echo="ascii"><delim>\n</delim><match><data>E6choTd = |"12c"|\n</data></match></read>
		<read echo="ascii"><delim> </delim><match><data>\x3E </data></match></read>
		<write echo="ascii"><data>.l\n</data></write>
	</replay>
</pov>
