<?xml version="1.0" standalone="no" ?>
<!DOCTYPE pov SYSTEM "/usr/share/cgc-docs/replay.dtd"><pov>
	<cbid>CROMU_00011</cbid>
	<replay>
		<read echo="ascii"><delim> </delim><match><data>\x3E </data></match></read>
		<write echo="ascii"><data>2jyiTt = |"4gLqY","p44QpM","aC"|-|"Qr","QGcno","dk1el","wDFWl4n","J1ss4O","JlXZR5u"|\n</data></write>
		<read echo="ascii"><delim> </delim><match><data>\x3E </data></match></read>
		<write echo="ascii"><data>HMiwlBJ4p7 = 2jyiTt ^ 2jyiTt\n</data></write>
		<read echo="ascii"><delim> </delim><match><data>\x3E </data></match></read>
		<write echo="ascii"><data>6Kwbi = |"vW1","X2vAMr","wX","xrh4M"|^|"wgN"|\n</data></write>
		<read echo="ascii"><delim> </delim><match><data>\x3E </data></match></read>
		<write echo="ascii"><data>wII6Y = |"k83m7MY","2MWYn","8JUob7","uu","k7mWlrn","INaPi"|^|"uu","0XATz7"|\n</data></write>
		<read echo="ascii"><delim> </delim><match><data>\x3E </data></match></read>
		<write echo="ascii"><data>xdLD65YvP = 6Kwbi ^ 2jyiTt\n</data></write>
		<read echo="ascii"><delim> </delim><match><data>\x3E </data></match></read>
		<write echo="ascii"><data>MiXRQY0PAN = 2jyiTt ^ 6Kwbi\n</data></write>
		<read echo="ascii"><delim> </delim><match><data>\x3E </data></match></read>
		<write echo="ascii"><data>C8YrsZ = 2jyiTt + wII6Y\n</data></write>
		<read echo="ascii"><delim> </delim><match><data>\x3E </data></match></read>
		<write echo="ascii"><data>CYDI2Ei = wII6Y ^ HMiwlBJ4p7\n</data></write>
		<read echo="ascii"><delim> </delim><match><data>\x3E </data></match></read>
		<write echo="ascii"><data>ERupD = |"RXpt1vP","ZLkf1cU","1AJtoY","qo","H1ZmzU","oz9gjTd"|~|"KVCl3b3","H1ZmzU","RLBcmH","ZLkf1cU","x01re","NcPNiBe"|\n</data></write>
		<read echo="ascii"><delim> </delim><match><data>\x3E </data></match></read>
		<write echo="ascii"><data>kXTs5I = |"EK","3","F3rLHJ6"|~|"qJes5h6","2","m7P","JwyVA","EK","as","IrEzdL"|\n</data></write>
		<read echo="ascii"><delim> </delim><match><data>\x3E </data></match></read>
		<write echo="ascii"><data>iwhi4 = MiXRQY0PAN ~ ERupD\n</data></write>
		<read echo="ascii"><delim> </delim><match><data>\x3E </data></match></read>
		<write echo="ascii"><data>9Pkhg = |"IAmND","O63CXL","xWnTAFH"|^|"27vT7W","bejq"|\n</data></write>
		<read echo="ascii"><delim> </delim><match><data>\x3E </data></match></read>
		<write echo="ascii"><data>.p\n</data></write>
<read echo="ascii"><delim>\n</delim><match><data>2jyiTt = |"4gLqY","p44QpM","aC"|\n</data></match></read>
<read echo="ascii"><delim>\n</delim><match><data>HMiwlBJ4p7 = |"4gLqY","p44QpM","aC"|\n</data></match></read>
<read echo="ascii"><delim>\n</delim><match><data>6Kwbi = ||\n</data></match></read>
<read echo="ascii"><delim>\n</delim><match><data>wII6Y = |"uu"|\n</data></match></read>
<read echo="ascii"><delim>\n</delim><match><data>xdLD65YvP = ||\n</data></match></read>
<read echo="ascii"><delim>\n</delim><match><data>MiXRQY0PAN = ||\n</data></match></read>
<read echo="ascii"><delim>\n</delim><match><data>C8YrsZ = |"4gLqY","p44QpM","aC","uu"|\n</data></match></read>
<read echo="ascii"><delim>\n</delim><match><data>CYDI2Ei = ||\n</data></match></read>
<read echo="ascii"><delim>\n</delim><match><data>ERupD = |"RXpt1vP","1AJtoY","qo","oz9gjTd","KVCl3b3","RLBcmH","x01re","NcPNiBe"|\n</data></match></read>
<read echo="ascii"><delim>\n</delim><match><data>kXTs5I = |"3","F3rLHJ6","qJes5h6","2","m7P","JwyVA","as","IrEzdL"|\n</data></match></read>
<read echo="ascii"><delim>\n</delim><match><data>iwhi4 = |"RXpt1vP","1AJtoY","qo","oz9gjTd","KVCl3b3","RLBcmH","x01re","NcPNiBe"|\n</data></match></read>
<read echo="ascii"><delim>\n</delim><match><data>9Pkhg = ||\n</data></match></read>
		<read echo="ascii"><delim> </delim><match><data>\x3E </data></match></read>
		<write echo="ascii"><data>.l\n</data></write>
	</replay>
</pov>
