<?xml version="1.0" standalone="no" ?>
<!DOCTYPE pov SYSTEM "/usr/share/cgc-docs/replay.dtd"><pov>
	<cbid>CROMU_00011</cbid>
	<replay>
		<read echo="ascii"><delim> </delim><match><data>\x3E </data></match></read>
		<write echo="ascii"><data>oX9Ab = |"Pji","qIV4Nzw","xvjDviK","tF0","ddDGy","FLDM","5l","LdOgvR","Sn","3dZ"|\n</data></write>
		<read echo="ascii"><delim> </delim><match><data>\x3E </data></match></read>
		<write echo="ascii"><data>gvnI0tE = |"3dZ","xvjDviK","ddDGy","Pji","Sn","LdOgvR","0Mo06j5JE1"|\n</data></write>
		<read echo="ascii"><delim> </delim><match><data>\x3E </data></match></read>
		<write echo="ascii"><data>gvnI0tE@oX9Ab\n</data></write>
		<read echo="ascii"><delim>\n</delim><match><data>FALSE\n</data></match></read>
		<read echo="ascii"><delim> </delim><match><data>\x3E </data></match></read>
		<write echo="ascii"><data>Ugr0b = |"vQomb","An","KaqLBBz"|^|"kmKrU9i","An"|\n</data></write>
		<read echo="ascii"><delim> </delim><match><data>\x3E </data></match></read>
		<write echo="ascii"><data>Z8z2XY = |"Kq","RDy","Y","sV","ImMwE6f"|+|"DvtY"|\n</data></write>
		<read echo="ascii"><delim> </delim><match><data>\x3E </data></match></read>
		<write echo="ascii"><data>qkoRMn = |"Ih","WEVXRJN"|^|"v9N5w","WP"|\n</data></write>
		<read echo="ascii"><delim> </delim><match><data>\x3E </data></match></read>
		<write echo="ascii"><data>hASkE = |"I4","kgCpjUa","xl","sZA6IJ"|^|"Hv"|\n</data></write>
		<read echo="ascii"><delim> </delim><match><data>\x3E </data></match></read>
		<write echo="ascii"><data>1U2Enx = |"77J","sQ6NFIU","wX9tm","ZEb4pLf","TYxQE","K9z","IVG","m4","6Goky3","vE2JoQ"|\n</data></write>
		<read echo="ascii"><delim> </delim><match><data>\x3E </data></match></read>
		<write echo="ascii"><data>bbAA4 = |"K9z","m4","IVG","ZEb4pLf","sQ6NFIU","vE2JoQ","TYxQE","eRF3Fh3iSn"|\n</data></write>
		<read echo="ascii"><delim> </delim><match><data>\x3E </data></match></read>
		<write echo="ascii"><data>bbAA4@1U2Enx\n</data></write>
		<read echo="ascii"><delim>\n</delim><match><data>FALSE\n</data></match></read>
		<read echo="ascii"><delim> </delim><match><data>\x3E </data></match></read>
		<write echo="ascii"><data>jWgtm8u = qkoRMn ~ Z8z2XY\n</data></write>
		<read echo="ascii"><delim> </delim><match><data>\x3E </data></match></read>
		<write echo="ascii"><data>o1JoM = bbAA4 + gvnI0tE\n</data></write>
		<read echo="ascii"><delim> </delim><match><data>\x3E </data></match></read>
		<write echo="ascii"><data>OP3Ye = bbAA4 + hASkE\n</data></write>
		<read echo="ascii"><delim> </delim><match><data>\x3E </data></match></read>
		<write echo="ascii"><data>5JUEC = |"ks","eSPe","f2ui","W4lbHz","XLyJrP","fCFy"|-|"fCFy","z","d","XLyJrP","ks","cffDo5"|\n</data></write>
		<read echo="ascii"><delim> </delim><match><data>\x3E </data></match></read>
		<write echo="ascii"><data>O97zUD = |"yShWSEL","lz8","gV","lo3","um4uCob"|-|"0R","lo3","R","yShWSEL","Qsz","gV"|\n</data></write>
		<read echo="ascii"><delim> </delim><match><data>\x3E </data></match></read>
		<write echo="ascii"><data>.p\n</data></write>
<read echo="ascii"><delim>\n</delim><match><data>oX9Ab = |"Pji","qIV4Nzw","xvjDviK","tF0","ddDGy","FLDM","5l","LdOgvR","Sn","3dZ"|\n</data></match></read>
<read echo="ascii"><delim>\n</delim><match><data>gvnI0tE = |"3dZ","xvjDviK","ddDGy","Pji","Sn","LdOgvR","0Mo06j5JE1"|\n</data></match></read>
<read echo="ascii"><delim>\n</delim><match><data>Ugr0b = |"An"|\n</data></match></read>
<read echo="ascii"><delim>\n</delim><match><data>Z8z2XY = |"Kq","RDy","Y","sV","ImMwE6f","DvtY"|\n</data></match></read>
<read echo="ascii"><delim>\n</delim><match><data>qkoRMn = ||\n</data></match></read>
<read echo="ascii"><delim>\n</delim><match><data>hASkE = ||\n</data></match></read>
<read echo="ascii"><delim>\n</delim><match><data>1U2Enx = |"77J","sQ6NFIU","wX9tm","ZEb4pLf","TYxQE","K9z","IVG","m4","6Goky3","vE2JoQ"|\n</data></match></read>
<read echo="ascii"><delim>\n</delim><match><data>bbAA4 = |"K9z","m4","IVG","ZEb4pLf","sQ6NFIU","vE2JoQ","TYxQE","eRF3Fh3iSn"|\n</data></match></read>
<read echo="ascii"><delim>\n</delim><match><data>jWgtm8u = |"Kq","RDy","Y","sV","ImMwE6f","DvtY"|\n</data></match></read>
<read echo="ascii"><delim>\n</delim><match><data>o1JoM = |"K9z","m4","IVG","ZEb4pLf","sQ6NFIU","vE2JoQ","TYxQE","eRF3Fh3iSn","3dZ","xvjDviK","ddDGy","Pji","Sn","LdOgvR","0Mo06j5JE1"|\n</data></match></read>
<read echo="ascii"><delim>\n</delim><match><data>OP3Ye = |"K9z","m4","IVG","ZEb4pLf","sQ6NFIU","vE2JoQ","TYxQE","eRF3Fh3iSn"|\n</data></match></read>
<read echo="ascii"><delim>\n</delim><match><data>5JUEC = |"eSPe","f2ui","W4lbHz"|\n</data></match></read>
<read echo="ascii"><delim>\n</delim><match><data>O97zUD = |"lz8","um4uCob"|\n</data></match></read>
		<read echo="ascii"><delim> </delim><match><data>\x3E </data></match></read>
		<write echo="ascii"><data>.l\n</data></write>
	</replay>
</pov>
