<?xml version="1.0" standalone="no" ?>
<!DOCTYPE pov SYSTEM "/usr/share/cgc-docs/replay.dtd"><pov>
	<cbid>CROMU_00011</cbid>
	<replay>
		<read echo="ascii"><delim> </delim><match><data>\x3E </data></match></read>
		<write echo="ascii"><data>9plpciA = |"7xi","PooIcS1","W6ZrpAG","EnwApzs","fvUAtg2"|~|"1","6","fvUAtg2","0yqYF","rp","HdFKZGU","wJRYq"|\n</data></write>
		<read echo="ascii"><delim> </delim><match><data>\x3E </data></match></read>
		<write echo="ascii"><data>EB4cge = 9plpciA - 9plpciA\n</data></write>
		<read echo="ascii"><delim> </delim><match><data>\x3E </data></match></read>
		<write echo="ascii"><data>hR1HK5G7N = 9plpciA ^ EB4cge\n</data></write>
		<read echo="ascii"><delim> </delim><match><data>\x3E </data></match></read>
		<write echo="ascii"><data>9v2jUG = |"MdaDo"|^|"sR","hI","uvCZVx","nAUI"|\n</data></write>
		<read echo="ascii"><delim> </delim><match><data>\x3E </data></match></read>
		<write echo="ascii"><data>Atc40D = EB4cge + EB4cge\n</data></write>
		<read echo="ascii"><delim> </delim><match><data>\x3E </data></match></read>
		<write echo="ascii"><data>NZBeRPt = EB4cge - EB4cge\n</data></write>
		<read echo="ascii"><delim> </delim><match><data>\x3E </data></match></read>
		<write echo="ascii"><data>tfXczZtw = Atc40D ^ hR1HK5G7N\n</data></write>
		<read echo="ascii"><delim> </delim><match><data>\x3E </data></match></read>
		<write echo="ascii"><data>8IXD2Z21fA = hR1HK5G7N ^ Atc40D\n</data></write>
		<read echo="ascii"><delim> </delim><match><data>\x3E </data></match></read>
		<write echo="ascii"><data>pcksVl = |"hWYd","v7FLCo","r","N4klJit","V24R9Dq"|-|"qNyNhFl","r","5N4R","K5y7F"|\n</data></write>
		<read echo="ascii"><delim> </delim><match><data>\x3E </data></match></read>
		<write echo="ascii"><data>pLdJXr = EB4cge ^ 9v2jUG\n</data></write>
		<read echo="ascii"><delim> </delim><match><data>\x3E </data></match></read>
		<write echo="ascii"><data>pQCPm = |"xro9","YU","MZqOE","VIb","h8k","DwZvA","rXiXhhS"|\n</data></write>
		<read echo="ascii"><delim> </delim><match><data>\x3E </data></match></read>
		<write echo="ascii"><data>pigAdN = |"xro9","DwZvA","YU","MZqOE","rXiXhhS"|\n</data></write>
		<read echo="ascii"><delim> </delim><match><data>\x3E </data></match></read>
		<write echo="ascii"><data>pigAdN@pQCPm\n</data></write>
		<read echo="ascii"><delim>\n</delim><match><data>TRUE\n</data></match></read>
		<read echo="ascii"><delim> </delim><match><data>\x3E </data></match></read>
		<write echo="ascii"><data>ciboOs = |"V","RtbE","7ljj"|+|"I5ZO","nZtG"|\n</data></write>
		<read echo="ascii"><delim> </delim><match><data>\x3E </data></match></read>
		<write echo="ascii"><data>uIJZqA = tfXczZtw ^ pcksVl\n</data></write>
		<read echo="ascii"><delim> </delim><match><data>\x3E </data></match></read>
		<write echo="ascii"><data>.p\n</data></write>
<read echo="ascii"><delim>\n</delim><match><data>9plpciA = |"7xi","PooIcS1","W6ZrpAG","EnwApzs","1","6","0yqYF","rp","HdFKZGU","wJRYq"|\n</data></match></read>
<read echo="ascii"><delim>\n</delim><match><data>EB4cge = ||\n</data></match></read>
<read echo="ascii"><delim>\n</delim><match><data>hR1HK5G7N = ||\n</data></match></read>
<read echo="ascii"><delim>\n</delim><match><data>9v2jUG = ||\n</data></match></read>
<read echo="ascii"><delim>\n</delim><match><data>Atc40D = ||\n</data></match></read>
<read echo="ascii"><delim>\n</delim><match><data>NZBeRPt = ||\n</data></match></read>
<read echo="ascii"><delim>\n</delim><match><data>tfXczZtw = ||\n</data></match></read>
<read echo="ascii"><delim>\n</delim><match><data>8IXD2Z21fA = ||\n</data></match></read>
<read echo="ascii"><delim>\n</delim><match><data>pcksVl = |"hWYd","v7FLCo","N4klJit","V24R9Dq"|\n</data></match></read>
<read echo="ascii"><delim>\n</delim><match><data>pLdJXr = ||\n</data></match></read>
<read echo="ascii"><delim>\n</delim><match><data>pQCPm = |"xro9","YU","MZqOE","VIb","h8k","DwZvA","rXiXhhS"|\n</data></match></read>
<read echo="ascii"><delim>\n</delim><match><data>pigAdN = |"xro9","DwZvA","YU","MZqOE","rXiXhhS"|\n</data></match></read>
<read echo="ascii"><delim>\n</delim><match><data>ciboOs = |"V","RtbE","7ljj","I5ZO","nZtG"|\n</data></match></read>
<read echo="ascii"><delim>\n</delim><match><data>uIJZqA = ||\n</data></match></read>
		<read echo="ascii"><delim> </delim><match><data>\x3E </data></match></read>
		<write echo="ascii"><data>.l\n</data></write>
	</replay>
</pov>
