<?xml version="1.0" standalone="no" ?>
<!DOCTYPE pov SYSTEM "/usr/share/cgc-docs/replay.dtd"><pov>
	<cbid>CROMU_00011</cbid>
	<replay>
		<read echo="ascii"><delim> </delim><match><data>\x3E </data></match></read>
		<write echo="ascii"><data>thnzT = |"cGlsgYI","bfBVri","cscNs","wRgb"|~|"zB","y","hmCuUm","cscNs","a1VTjfz","4A"|\n</data></write>
		<read echo="ascii"><delim> </delim><match><data>\x3E </data></match></read>
		<write echo="ascii"><data>JYBPXDw = thnzT + thnzT\n</data></write>
		<read echo="ascii"><delim> </delim><match><data>\x3E </data></match></read>
		<write echo="ascii"><data>KUWjr = JYBPXDw ^ thnzT\n</data></write>
		<read echo="ascii"><delim> </delim><match><data>\x3E </data></match></read>
		<write echo="ascii"><data>UqVy9W0 = thnzT ~ KUWjr\n</data></write>
		<read echo="ascii"><delim> </delim><match><data>\x3E </data></match></read>
		<write echo="ascii"><data>RwE2lG = |"E","nhU","pConV"|~|"19","E","0"|\n</data></write>
		<read echo="ascii"><delim> </delim><match><data>\x3E </data></match></read>
		<write echo="ascii"><data>TeAEe = |"P","AH6N","HqP","yqqeby"|+|"D","3u7A","TN1"|\n</data></write>
		<read echo="ascii"><delim> </delim><match><data>\x3E </data></match></read>
		<write echo="ascii"><data>rUVCTkF = |"pt"|~|"67so","y6qw","8","zYUjdcv","TSuL55","Ck","enfu"|\n</data></write>
		<read echo="ascii"><delim> </delim><match><data>\x3E </data></match></read>
		<write echo="ascii"><data>yX8i9awwS = RwE2lG ^ RwE2lG\n</data></write>
		<read echo="ascii"><delim> </delim><match><data>\x3E </data></match></read>
		<write echo="ascii"><data>H9ku00 = |"MtAx7L","KLG","6Dx","hx3Lby","uIRZ","rCyT","Ni","TWUIOC6"|\n</data></write>
		<read echo="ascii"><delim> </delim><match><data>\x3E </data></match></read>
		<write echo="ascii"><data>Ca0la = |"hx3Lby","6Dx","KLG","TWUIOC6","MtAx7L","mFYBeDZx9l"|\n</data></write>
		<read echo="ascii"><delim> </delim><match><data>\x3E </data></match></read>
		<write echo="ascii"><data>Ca0la@H9ku00\n</data></write>
		<read echo="ascii"><delim>\n</delim><match><data>FALSE\n</data></match></read>
		<read echo="ascii"><delim> </delim><match><data>\x3E </data></match></read>
		<write echo="ascii"><data>FTNopLz = JYBPXDw ~ JYBPXDw\n</data></write>
		<read echo="ascii"><delim> </delim><match><data>\x3E </data></match></read>
		<write echo="ascii"><data>qOcKi0 = |"hHxL","M0iOQO3","W8","tpn06","XlR","Z6","Kndjq","1hm","fC"|\n</data></write>
		<read echo="ascii"><delim> </delim><match><data>\x3E </data></match></read>
		<write echo="ascii"><data>Was71C = |"fC","XlR","Z6","1hm","tpn06","hHxL"|\n</data></write>
		<read echo="ascii"><delim> </delim><match><data>\x3E </data></match></read>
		<write echo="ascii"><data>Was71C@qOcKi0\n</data></write>
		<read echo="ascii"><delim>\n</delim><match><data>TRUE\n</data></match></read>
		<read echo="ascii"><delim> </delim><match><data>\x3E </data></match></read>
		<write echo="ascii"><data>.p\n</data></write>
<read echo="ascii"><delim>\n</delim><match><data>thnzT = |"cGlsgYI","bfBVri","wRgb","zB","y","hmCuUm","a1VTjfz","4A"|\n</data></match></read>
<read echo="ascii"><delim>\n</delim><match><data>JYBPXDw = |"cGlsgYI","bfBVri","wRgb","zB","y","hmCuUm","a1VTjfz","4A"|\n</data></match></read>
<read echo="ascii"><delim>\n</delim><match><data>KUWjr = |"cGlsgYI","bfBVri","wRgb","zB","y","hmCuUm","a1VTjfz","4A"|\n</data></match></read>
<read echo="ascii"><delim>\n</delim><match><data>UqVy9W0 = ||\n</data></match></read>
<read echo="ascii"><delim>\n</delim><match><data>RwE2lG = |"nhU","pConV","19","0"|\n</data></match></read>
<read echo="ascii"><delim>\n</delim><match><data>TeAEe = |"P","AH6N","HqP","yqqeby","D","3u7A","TN1"|\n</data></match></read>
<read echo="ascii"><delim>\n</delim><match><data>rUVCTkF = |"pt","67so","y6qw","8","zYUjdcv","TSuL55","Ck","enfu"|\n</data></match></read>
<read echo="ascii"><delim>\n</delim><match><data>yX8i9awwS = |"nhU","pConV","19","0"|\n</data></match></read>
<read echo="ascii"><delim>\n</delim><match><data>H9ku00 = |"MtAx7L","KLG","6Dx","hx3Lby","uIRZ","rCyT","Ni","TWUIOC6"|\n</data></match></read>
<read echo="ascii"><delim>\n</delim><match><data>Ca0la = |"hx3Lby","6Dx","KLG","TWUIOC6","MtAx7L","mFYBeDZx9l"|\n</data></match></read>
<read echo="ascii"><delim>\n</delim><match><data>FTNopLz = ||\n</data></match></read>
<read echo="ascii"><delim>\n</delim><match><data>qOcKi0 = |"hHxL","M0iOQO3","W8","tpn06","XlR","Z6","Kndjq","1hm","fC"|\n</data></match></read>
<read echo="ascii"><delim>\n</delim><match><data>Was71C = |"fC","XlR","Z6","1hm","tpn06","hHxL"|\n</data></match></read>
		<read echo="ascii"><delim> </delim><match><data>\x3E </data></match></read>
		<write echo="ascii"><data>.l\n</data></write>
	</replay>
</pov>
