<?xml version="1.0" standalone="no" ?>
<!DOCTYPE pov SYSTEM "/usr/share/cgc-docs/replay.dtd"><pov>
	<cbid>CROMU_00011</cbid>
	<replay>
		<read echo="ascii"><delim> </delim><match><data>\x3E </data></match></read>
		<write echo="ascii"><data>6HWKF = |"Iq","RsHMn7","bg","25e"|~|"GEOJ","343aDJO","bg","3Z"|\n</data></write>
		<read echo="ascii"><delim> </delim><match><data>\x3E </data></match></read>
		<write echo="ascii"><data>bVaB3 = 6HWKF - 6HWKF\n</data></write>
		<read echo="ascii"><delim> </delim><match><data>\x3E </data></match></read>
		<write echo="ascii"><data>pYjdj = bVaB3 + 6HWKF\n</data></write>
		<read echo="ascii"><delim> </delim><match><data>\x3E </data></match></read>
		<write echo="ascii"><data>tagWxS = bVaB3 + bVaB3\n</data></write>
		<read echo="ascii"><delim> </delim><match><data>\x3E </data></match></read>
		<write echo="ascii"><data>X9yCLHv = |"jG","2VVrE","JeI"|-|"CB","JeI","56F1g","M5675c","4","jG"|\n</data></write>
		<read echo="ascii"><delim> </delim><match><data>\x3E </data></match></read>
		<write echo="ascii"><data>Iq8L4EP = pYjdj ~ tagWxS\n</data></write>
		<read echo="ascii"><delim> </delim><match><data>\x3E </data></match></read>
		<write echo="ascii"><data>.p\n</data></write>
<read echo="ascii"><delim>\n</delim><match><data>6HWKF = |"Iq","RsHMn7","25e","GEOJ","343aDJO","3Z"|\n</data></match></read>
<read echo="ascii"><delim>\n</delim><match><data>bVaB3 = ||\n</data></match></read>
<read echo="ascii"><delim>\n</delim><match><data>pYjdj = |"Iq","RsHMn7","25e","GEOJ","343aDJO","3Z"|\n</data></match></read>
<read echo="ascii"><delim>\n</delim><match><data>tagWxS = ||\n</data></match></read>
<read echo="ascii"><delim>\n</delim><match><data>X9yCLHv = |"2VVrE"|\n</data></match></read>
<read echo="ascii"><delim>\n</delim><match><data>Iq8L4EP = |"Iq","RsHMn7","25e","GEOJ","343aDJO","3Z"|\n</data></match></read>
		<read echo="ascii"><delim> </delim><match><data>\x3E </data></match></read>
		<write echo="ascii"><data>.l\n</data></write>
	</replay>
</pov>
