<?xml version="1.0" standalone="no" ?>
<!DOCTYPE pov SYSTEM "/usr/share/cgc-docs/replay.dtd"><pov>
	<cbid>CROMU_00011</cbid>
	<replay>
		<read echo="ascii"><delim> </delim><match><data>\x3E </data></match></read>
		<write echo="ascii"><data>372nurn = |"pIVv0","TJTu","2if","ORw","T87jc1s","fooEV","TbXIPT","0bYVg","2CnG7"|\n</data></write>
		<read echo="ascii"><delim> </delim><match><data>\x3E </data></match></read>
		<write echo="ascii"><data>DTwcz = |"pIVv0","T87jc1s","TJTu","0bYVg"|\n</data></write>
		<read echo="ascii"><delim> </delim><match><data>\x3E </data></match></read>
		<write echo="ascii"><data>DTwcz@372nurn\n</data></write>
		<read echo="ascii"><delim>\n</delim><match><data>TRUE\n</data></match></read>
		<read echo="ascii"><delim> </delim><match><data>\x3E </data></match></read>
		<write echo="ascii"><data>urDOl = |"3X4jkr","3gur","rQyni","xM","UXhESFd","W7"|~|"EuOBu","W7","2cmCvU6","rQyni","uD","xM"|\n</data></write>
		<read echo="ascii"><delim> </delim><match><data>\x3E </data></match></read>
		<write echo="ascii"><data>5BBMmh = 372nurn + urDOl\n</data></write>
		<read echo="ascii"><delim> </delim><match><data>\x3E </data></match></read>
		<write echo="ascii"><data>vu45I = |"k","KCTbYD","6x84Dm","fz2X","ZfoI"|+|"AnmbfnW","fz2X"|\n</data></write>
		<read echo="ascii"><delim> </delim><match><data>\x3E </data></match></read>
		<write echo="ascii"><data>hLZnk = 372nurn + DTwcz\n</data></write>
		<read echo="ascii"><delim> </delim><match><data>\x3E </data></match></read>
		<write echo="ascii"><data>uAYTV = 5BBMmh - hLZnk\n</data></write>
		<read echo="ascii"><delim> </delim><match><data>\x3E </data></match></read>
		<write echo="ascii"><data>UaIPGPl = DTwcz ~ uAYTV\n</data></write>
		<read echo="ascii"><delim> </delim><match><data>\x3E </data></match></read>
		<write echo="ascii"><data>RwaQq = |"lEwFiEQ","qC"|~|"lEwFiEQ","SQpwMjs","Jl","86ks40i","xr","JHCtGZ"|\n</data></write>
		<read echo="ascii"><delim> </delim><match><data>\x3E </data></match></read>
		<write echo="ascii"><data>zCRDqk = vu45I ~ DTwcz\n</data></write>
		<read echo="ascii"><delim> </delim><match><data>\x3E </data></match></read>
		<write echo="ascii"><data>n5nkRnD = |"wHpA","zlZVlf7","cqV0c6W"|-|"sZ","rxBN","w1Tk","r","9","dMt0rjJ","EzlT"|\n</data></write>
		<read echo="ascii"><delim> </delim><match><data>\x3E </data></match></read>
		<write echo="ascii"><data>CsyxZ = |"UHo","kUH","gqC1W","t7","czC","UEsMDJ","5"|-|"MB4wC","UEsMDJ","HdKge"|\n</data></write>
		<read echo="ascii"><delim> </delim><match><data>\x3E </data></match></read>
		<write echo="ascii"><data>Q9KY6by = uAYTV ^ 372nurn\n</data></write>
		<read echo="ascii"><delim> </delim><match><data>\x3E </data></match></read>
		<write echo="ascii"><data>0kCRy2 = |"My","G67","3r6n"|-|"0SrA","o","4TVBe","G67"|\n</data></write>
		<read echo="ascii"><delim> </delim><match><data>\x3E </data></match></read>
		<write echo="ascii"><data>Jrp0d8X = UaIPGPl ~ n5nkRnD\n</data></write>
		<read echo="ascii"><delim> </delim><match><data>\x3E </data></match></read>
		<write echo="ascii"><data>HyMNo = |"XjgD","7p","3zNUv","TZx","xJ","RoD13"|\n</data></write>
		<read echo="ascii"><delim> </delim><match><data>\x3E </data></match></read>
		<write echo="ascii"><data>QIkW8 = |"RoD13","TZx","XjgD","xJ"|\n</data></write>
		<read echo="ascii"><delim> </delim><match><data>\x3E </data></match></read>
		<write echo="ascii"><data>QIkW8@HyMNo\n</data></write>
		<read echo="ascii"><delim>\n</delim><match><data>TRUE\n</data></match></read>
		<read echo="ascii"><delim> </delim><match><data>\x3E </data></match></read>
		<write echo="ascii"><data>.p\n</data></write>
<read echo="ascii"><delim>\n</delim><match><data>372nurn = |"pIVv0","TJTu","2if","ORw","T87jc1s","fooEV","TbXIPT","0bYVg","2CnG7"|\n</data></match></read>
<read echo="ascii"><delim>\n</delim><match><data>DTwcz = |"pIVv0","T87jc1s","TJTu","0bYVg"|\n</data></match></read>
<read echo="ascii"><delim>\n</delim><match><data>urDOl = |"3X4jkr","3gur","UXhESFd","EuOBu","2cmCvU6","uD"|\n</data></match></read>
<read echo="ascii"><delim>\n</delim><match><data>5BBMmh = |"pIVv0","TJTu","2if","ORw","T87jc1s","fooEV","TbXIPT","0bYVg","2CnG7","3X4jkr","3gur","UXhESFd","EuOBu","2cmCvU6","uD"|\n</data></match></read>
<read echo="ascii"><delim>\n</delim><match><data>vu45I = |"k","KCTbYD","6x84Dm","fz2X","ZfoI","AnmbfnW"|\n</data></match></read>
<read echo="ascii"><delim>\n</delim><match><data>hLZnk = |"pIVv0","TJTu","2if","ORw","T87jc1s","fooEV","TbXIPT","0bYVg","2CnG7"|\n</data></match></read>
<read echo="ascii"><delim>\n</delim><match><data>uAYTV = |"3X4jkr","3gur","UXhESFd","EuOBu","2cmCvU6","uD"|\n</data></match></read>
<read echo="ascii"><delim>\n</delim><match><data>UaIPGPl = |"pIVv0","T87jc1s","TJTu","0bYVg","3X4jkr","3gur","UXhESFd","EuOBu","2cmCvU6","uD"|\n</data></match></read>
<read echo="ascii"><delim>\n</delim><match><data>RwaQq = |"qC","SQpwMjs","Jl","86ks40i","xr","JHCtGZ"|\n</data></match></read>
<read echo="ascii"><delim>\n</delim><match><data>zCRDqk = |"k","KCTbYD","6x84Dm","fz2X","ZfoI","AnmbfnW","pIVv0","T87jc1s","TJTu","0bYVg"|\n</data></match></read>
<read echo="ascii"><delim>\n</delim><match><data>n5nkRnD = |"wHpA","zlZVlf7","cqV0c6W"|\n</data></match></read>
<read echo="ascii"><delim>\n</delim><match><data>CsyxZ = |"UHo","kUH","gqC1W","t7","czC","5"|\n</data></match></read>
<read echo="ascii"><delim>\n</delim><match><data>Q9KY6by = ||\n</data></match></read>
<read echo="ascii"><delim>\n</delim><match><data>0kCRy2 = |"My","3r6n"|\n</data></match></read>
<read echo="ascii"><delim>\n</delim><match><data>Jrp0d8X = |"pIVv0","T87jc1s","TJTu","0bYVg","3X4jkr","3gur","UXhESFd","EuOBu","2cmCvU6","uD","wHpA","zlZVlf7","cqV0c6W"|\n</data></match></read>
<read echo="ascii"><delim>\n</delim><match><data>HyMNo = |"XjgD","7p","3zNUv","TZx","xJ","RoD13"|\n</data></match></read>
<read echo="ascii"><delim>\n</delim><match><data>QIkW8 = |"RoD13","TZx","XjgD","xJ"|\n</data></match></read>
		<read echo="ascii"><delim> </delim><match><data>\x3E </data></match></read>
		<write echo="ascii"><data>.l\n</data></write>
	</replay>
</pov>
