<?xml version="1.0" standalone="no" ?>
<!DOCTYPE pov SYSTEM "/usr/share/cgc-docs/replay.dtd"><pov>
	<cbid>CROMU_00011</cbid>
	<replay>
		<read echo="ascii"><delim> </delim><match><data>\x3E </data></match></read>
		<write echo="ascii"><data>M8KeQh = |"BqH","sfSGNfF","Oz4","3Oe","A4","aNrkSP"|-|"DS5fSNl","shcU","EUD","A4","aNrkSP","BqH","DLnSh1I"|\n</data></write>
		<read echo="ascii"><delim> </delim><match><data>\x3E </data></match></read>
		<write echo="ascii"><data>QlE34T = M8KeQh ~ M8KeQh\n</data></write>
		<read echo="ascii"><delim> </delim><match><data>\x3E </data></match></read>
		<write echo="ascii"><data>6NN4q = |"wng7GM","Hj4","Riny","zc8qpP","Nys1"|^|"zc8qpP","R1vM8","wng7GM","57tg","d4MkGTD","Hj4","U8Kera5"|\n</data></write>
		<read echo="ascii"><delim> </delim><match><data>\x3E </data></match></read>
		<write echo="ascii"><data>Chdh8g = |"k2o6t","vFtiB"|+|"JshR","k2o6t","95t","VZue"|\n</data></write>
		<read echo="ascii"><delim> </delim><match><data>\x3E </data></match></read>
		<write echo="ascii"><data>fuHolGt = M8KeQh ~ M8KeQh\n</data></write>
		<read echo="ascii"><delim> </delim><match><data>\x3E </data></match></read>
		<write echo="ascii"><data>Qij0Ul = Chdh8g ~ 6NN4q\n</data></write>
		<read echo="ascii"><delim> </delim><match><data>\x3E </data></match></read>
		<write echo="ascii"><data>4VrIA = Qij0Ul ^ 6NN4q\n</data></write>
		<read echo="ascii"><delim> </delim><match><data>\x3E </data></match></read>
		<write echo="ascii"><data>PVYE1y = 4VrIA ^ Qij0Ul\n</data></write>
		<read echo="ascii"><delim> </delim><match><data>\x3E </data></match></read>
		<write echo="ascii"><data>M7ubuUbm06 = QlE34T ^ M8KeQh\n</data></write>
		<read echo="ascii"><delim> </delim><match><data>\x3E </data></match></read>
		<write echo="ascii"><data>kp1RQF8 = 4VrIA - PVYE1y\n</data></write>
		<read echo="ascii"><delim> </delim><match><data>\x3E </data></match></read>
		<write echo="ascii"><data>aUdUf = 6NN4q - PVYE1y\n</data></write>
		<read echo="ascii"><delim> </delim><match><data>\x3E </data></match></read>
		<write echo="ascii"><data>wY7iX = Chdh8g + Qij0Ul\n</data></write>
		<read echo="ascii"><delim> </delim><match><data>\x3E </data></match></read>
		<write echo="ascii"><data>.p\n</data></write>
<read echo="ascii"><delim>\n</delim><match><data>M8KeQh = |"sfSGNfF","Oz4","3Oe"|\n</data></match></read>
<read echo="ascii"><delim>\n</delim><match><data>QlE34T = ||\n</data></match></read>
<read echo="ascii"><delim>\n</delim><match><data>6NN4q = |"wng7GM","Hj4","zc8qpP"|\n</data></match></read>
<read echo="ascii"><delim>\n</delim><match><data>Chdh8g = |"k2o6t","vFtiB","JshR","95t","VZue"|\n</data></match></read>
<read echo="ascii"><delim>\n</delim><match><data>fuHolGt = ||\n</data></match></read>
<read echo="ascii"><delim>\n</delim><match><data>Qij0Ul = |"k2o6t","vFtiB","JshR","95t","VZue","wng7GM","Hj4","zc8qpP"|\n</data></match></read>
<read echo="ascii"><delim>\n</delim><match><data>4VrIA = |"wng7GM","Hj4","zc8qpP"|\n</data></match></read>
<read echo="ascii"><delim>\n</delim><match><data>PVYE1y = |"wng7GM","Hj4","zc8qpP"|\n</data></match></read>
<read echo="ascii"><delim>\n</delim><match><data>M7ubuUbm06 = ||\n</data></match></read>
<read echo="ascii"><delim>\n</delim><match><data>kp1RQF8 = ||\n</data></match></read>
<read echo="ascii"><delim>\n</delim><match><data>aUdUf = ||\n</data></match></read>
<read echo="ascii"><delim>\n</delim><match><data>wY7iX = |"k2o6t","vFtiB","JshR","95t","VZue","wng7GM","Hj4","zc8qpP"|\n</data></match></read>
		<read echo="ascii"><delim> </delim><match><data>\x3E </data></match></read>
		<write echo="ascii"><data>.l\n</data></write>
	</replay>
</pov>
