<?xml version="1.0" standalone="no" ?>
<!DOCTYPE pov SYSTEM "/usr/share/cgc-docs/replay.dtd"><pov>
	<cbid>CROMU_00011</cbid>
	<replay>
		<read echo="ascii"><delim> </delim><match><data>\x3E </data></match></read>
		<write echo="ascii"><data>AP3dvT = |"L0WAO","GfensP","SYl85"|+|"bPcBcQQ","L0WAO","RP","F"|\n</data></write>
		<read echo="ascii"><delim> </delim><match><data>\x3E </data></match></read>
		<write echo="ascii"><data>p2a93 = AP3dvT - AP3dvT\n</data></write>
		<read echo="ascii"><delim> </delim><match><data>\x3E </data></match></read>
		<write echo="ascii"><data>BJSJcMd = |"KYk00F","Ub3j5n","el","3z","6","6w","ni"|-|"Ub3j5n","YfQnLu","DC","Wsa","xAr9wS"|\n</data></write>
		<read echo="ascii"><delim> </delim><match><data>\x3E </data></match></read>
		<write echo="ascii"><data>8xxgy = |"ZL9","jDq","Qk","h6srH68","L2wsrR"|+|"TRP6O","06XSJ","ZL9","L2wsrR","AZY","WHpUK"|\n</data></write>
		<read echo="ascii"><delim> </delim><match><data>\x3E </data></match></read>
		<write echo="ascii"><data>qeiQP8qs84 = p2a93 ^ BJSJcMd\n</data></write>
		<read echo="ascii"><delim> </delim><match><data>\x3E </data></match></read>
		<write echo="ascii"><data>KdA0F0 = p2a93 ~ 8xxgy\n</data></write>
		<read echo="ascii"><delim> </delim><match><data>\x3E </data></match></read>
		<write echo="ascii"><data>bRdsETPjfz = AP3dvT ^ p2a93\n</data></write>
		<read echo="ascii"><delim> </delim><match><data>\x3E </data></match></read>
		<write echo="ascii"><data>mcl6p = |"Txnr","DBk","hFV5","KbEhNP","R2s","N8","Lm","wU1LFt","DEc0BhO","FRRyx"|\n</data></write>
		<read echo="ascii"><delim> </delim><match><data>\x3E </data></match></read>
		<write echo="ascii"><data>IqOqe = |"hFV5","wU1LFt","Lm"|\n</data></write>
		<read echo="ascii"><delim> </delim><match><data>\x3E </data></match></read>
		<write echo="ascii"><data>IqOqe@mcl6p\n</data></write>
		<read echo="ascii"><delim>\n</delim><match><data>TRUE\n</data></match></read>
		<read echo="ascii"><delim> </delim><match><data>\x3E </data></match></read>
		<write echo="ascii"><data>IijeOW = |"gLgplUn","CYzxl","Ff389n","6","og"|+|"Qtg","wbZb","8HpXYho","bv","fUvRmpL","D"|\n</data></write>
		<read echo="ascii"><delim> </delim><match><data>\x3E </data></match></read>
		<write echo="ascii"><data>JyP9t = |"9oYR","ZYCfG","Wf","607XYJ8","1eA","oK","fx2"|^|"pwasq9q","LHJ","gYay"|\n</data></write>
		<read echo="ascii"><delim> </delim><match><data>\x3E </data></match></read>
		<write echo="ascii"><data>nIm42 = |"uq","O","IISE","IlLrN"|+|"IISE","CDBA","IlLrN","7aZAo","C","O","pO"|\n</data></write>
		<read echo="ascii"><delim> </delim><match><data>\x3E </data></match></read>
		<write echo="ascii"><data>.p\n</data></write>
<read echo="ascii"><delim>\n</delim><match><data>AP3dvT = |"L0WAO","GfensP","SYl85","bPcBcQQ","RP","F"|\n</data></match></read>
<read echo="ascii"><delim>\n</delim><match><data>p2a93 = ||\n</data></match></read>
<read echo="ascii"><delim>\n</delim><match><data>BJSJcMd = |"KYk00F","el","3z","6","6w","ni"|\n</data></match></read>
<read echo="ascii"><delim>\n</delim><match><data>8xxgy = |"ZL9","jDq","Qk","h6srH68","L2wsrR","TRP6O","06XSJ","AZY","WHpUK"|\n</data></match></read>
<read echo="ascii"><delim>\n</delim><match><data>qeiQP8qs84 = ||\n</data></match></read>
<read echo="ascii"><delim>\n</delim><match><data>KdA0F0 = |"ZL9","jDq","Qk","h6srH68","L2wsrR","TRP6O","06XSJ","AZY","WHpUK"|\n</data></match></read>
<read echo="ascii"><delim>\n</delim><match><data>bRdsETPjfz = ||\n</data></match></read>
<read echo="ascii"><delim>\n</delim><match><data>mcl6p = |"Txnr","DBk","hFV5","KbEhNP","R2s","N8","Lm","wU1LFt","DEc0BhO","FRRyx"|\n</data></match></read>
<read echo="ascii"><delim>\n</delim><match><data>IqOqe = |"hFV5","wU1LFt","Lm"|\n</data></match></read>
<read echo="ascii"><delim>\n</delim><match><data>IijeOW = |"gLgplUn","CYzxl","Ff389n","6","og","Qtg","wbZb","8HpXYho","bv","fUvRmpL","D"|\n</data></match></read>
<read echo="ascii"><delim>\n</delim><match><data>JyP9t = ||\n</data></match></read>
<read echo="ascii"><delim>\n</delim><match><data>nIm42 = |"uq","O","IISE","IlLrN","CDBA","7aZAo","C","pO"|\n</data></match></read>
		<read echo="ascii"><delim> </delim><match><data>\x3E </data></match></read>
		<write echo="ascii"><data>.l\n</data></write>
	</replay>
</pov>
