<?xml version="1.0" standalone="no" ?>
<!DOCTYPE pov SYSTEM "/usr/share/cgc-docs/replay.dtd"><pov>
	<cbid>CROMU_00011</cbid>
	<replay>
		<read echo="ascii"><delim> </delim><match><data>\x3E </data></match></read>
		<write echo="ascii"><data>umnfC = |"Ysr","BU0smOQ","FfNEwA4"|~|"BU0smOQ","7J0Y","c","HXmjhWN","q"|\n</data></write>
		<read echo="ascii"><delim> </delim><match><data>\x3E </data></match></read>
		<write echo="ascii"><data>yNv6K = |"2ibd","O3u","xt","LFZ","IW","3b","G9HcU","4Kfe9a","EBd","U3"|\n</data></write>
		<read echo="ascii"><delim> </delim><match><data>\x3E </data></match></read>
		<write echo="ascii"><data>w077a = |"U3","O3u","xt"|\n</data></write>
		<read echo="ascii"><delim> </delim><match><data>\x3E </data></match></read>
		<write echo="ascii"><data>w077a@yNv6K\n</data></write>
		<read echo="ascii"><delim>\n</delim><match><data>TRUE\n</data></match></read>
		<read echo="ascii"><delim> </delim><match><data>\x3E </data></match></read>
		<write echo="ascii"><data>fAhgK3 = |"rE39Z","Ru","X","fyaTQP","ZLvxA"|~|"fyaTQP","GtX"|\n</data></write>
		<read echo="ascii"><delim> </delim><match><data>\x3E </data></match></read>
		<write echo="ascii"><data>JFW3oN = umnfC - yNv6K\n</data></write>
		<read echo="ascii"><delim> </delim><match><data>\x3E </data></match></read>
		<write echo="ascii"><data>oGtYmk = w077a + umnfC\n</data></write>
		<read echo="ascii"><delim> </delim><match><data>\x3E </data></match></read>
		<write echo="ascii"><data>rljC3 = |"u1mczO","Ecs1","U","EAt6","P5q","N5","1LF"|-|"5","wOB","Ecs1"|\n</data></write>
		<read echo="ascii"><delim> </delim><match><data>\x3E </data></match></read>
		<write echo="ascii"><data>bjv5sN = JFW3oN ~ umnfC\n</data></write>
		<read echo="ascii"><delim> </delim><match><data>\x3E </data></match></read>
		<write echo="ascii"><data>el6Nd = |"0Ai4Hvr","ThA","TLw9ah","qkA","idOAdH5"|~|"0Ai4Hvr"|\n</data></write>
		<read echo="ascii"><delim> </delim><match><data>\x3E </data></match></read>
		<write echo="ascii"><data>wYuB9 = JFW3oN ~ w077a\n</data></write>
		<read echo="ascii"><delim> </delim><match><data>\x3E </data></match></read>
		<write echo="ascii"><data>hR8IEkXCUQ = oGtYmk ^ yNv6K\n</data></write>
		<read echo="ascii"><delim> </delim><match><data>\x3E </data></match></read>
		<write echo="ascii"><data>kX1ycUaW = fAhgK3 ^ yNv6K\n</data></write>
		<read echo="ascii"><delim> </delim><match><data>\x3E </data></match></read>
		<write echo="ascii"><data>jo4O2oa = oGtYmk ~ oGtYmk\n</data></write>
		<read echo="ascii"><delim> </delim><match><data>\x3E </data></match></read>
		<write echo="ascii"><data>Jna67 = |"n"|+|"i","apY","4gt7Bao","pYX","3rXiKD5","n","nJ"|\n</data></write>
		<read echo="ascii"><delim> </delim><match><data>\x3E </data></match></read>
		<write echo="ascii"><data>UMAZR = oGtYmk ~ el6Nd\n</data></write>
		<read echo="ascii"><delim> </delim><match><data>\x3E </data></match></read>
		<write echo="ascii"><data>.p\n</data></write>
<read echo="ascii"><delim>\n</delim><match><data>umnfC = |"Ysr","FfNEwA4","7J0Y","c","HXmjhWN","q"|\n</data></match></read>
<read echo="ascii"><delim>\n</delim><match><data>yNv6K = |"2ibd","O3u","xt","LFZ","IW","3b","G9HcU","4Kfe9a","EBd","U3"|\n</data></match></read>
<read echo="ascii"><delim>\n</delim><match><data>w077a = |"U3","O3u","xt"|\n</data></match></read>
<read echo="ascii"><delim>\n</delim><match><data>fAhgK3 = |"rE39Z","Ru","X","ZLvxA","GtX"|\n</data></match></read>
<read echo="ascii"><delim>\n</delim><match><data>JFW3oN = |"Ysr","FfNEwA4","7J0Y","c","HXmjhWN","q"|\n</data></match></read>
<read echo="ascii"><delim>\n</delim><match><data>oGtYmk = |"U3","O3u","xt","Ysr","FfNEwA4","7J0Y","c","HXmjhWN","q"|\n</data></match></read>
<read echo="ascii"><delim>\n</delim><match><data>rljC3 = |"u1mczO","U","EAt6","P5q","N5","1LF"|\n</data></match></read>
<read echo="ascii"><delim>\n</delim><match><data>bjv5sN = ||\n</data></match></read>
<read echo="ascii"><delim>\n</delim><match><data>el6Nd = |"ThA","TLw9ah","qkA","idOAdH5"|\n</data></match></read>
<read echo="ascii"><delim>\n</delim><match><data>wYuB9 = |"Ysr","FfNEwA4","7J0Y","c","HXmjhWN","q","U3","O3u","xt"|\n</data></match></read>
<read echo="ascii"><delim>\n</delim><match><data>hR8IEkXCUQ = |"U3","O3u","xt"|\n</data></match></read>
<read echo="ascii"><delim>\n</delim><match><data>kX1ycUaW = ||\n</data></match></read>
<read echo="ascii"><delim>\n</delim><match><data>jo4O2oa = ||\n</data></match></read>
<read echo="ascii"><delim>\n</delim><match><data>Jna67 = |"n","i","apY","4gt7Bao","pYX","3rXiKD5","nJ"|\n</data></match></read>
<read echo="ascii"><delim>\n</delim><match><data>UMAZR = |"U3","O3u","xt","Ysr","FfNEwA4","7J0Y","c","HXmjhWN","q","ThA","TLw9ah","qkA","idOAdH5"|\n</data></match></read>
		<read echo="ascii"><delim> </delim><match><data>\x3E </data></match></read>
		<write echo="ascii"><data>.l\n</data></write>
	</replay>
</pov>
