<?xml version="1.0" standalone="no" ?>
<!DOCTYPE pov SYSTEM "/usr/share/cgc-docs/replay.dtd"><pov>
	<cbid>CROMU_00011</cbid>
	<replay>
		<read echo="ascii"><delim> </delim><match><data>\x3E </data></match></read>
		<write echo="ascii"><data>bcc77u = |"YhVjvU"|^|"zpr7","M4"|\n</data></write>
		<read echo="ascii"><delim> </delim><match><data>\x3E </data></match></read>
		<write echo="ascii"><data>rQLjc = |"ABH","HFzXXyy","3z","1eC","Q2QPdl","VL1XM","Ze0irDM","mhJ"|\n</data></write>
		<read echo="ascii"><delim> </delim><match><data>\x3E </data></match></read>
		<write echo="ascii"><data>rGcVV = |"3z","VL1XM","ABH","dLakhMfzSn"|\n</data></write>
		<read echo="ascii"><delim> </delim><match><data>\x3E </data></match></read>
		<write echo="ascii"><data>rGcVV@rQLjc\n</data></write>
		<read echo="ascii"><delim>\n</delim><match><data>FALSE\n</data></match></read>
		<read echo="ascii"><delim> </delim><match><data>\x3E </data></match></read>
		<write echo="ascii"><data>Vw8f7Q = bcc77u ~ rQLjc\n</data></write>
		<read echo="ascii"><delim> </delim><match><data>\x3E </data></match></read>
		<write echo="ascii"><data>XnEen = |"nqH6","On0J5w"|^|"JJ"|\n</data></write>
		<read echo="ascii"><delim> </delim><match><data>\x3E </data></match></read>
		<write echo="ascii"><data>RQq7094tNS = Vw8f7Q ^ rQLjc\n</data></write>
		<read echo="ascii"><delim> </delim><match><data>\x3E </data></match></read>
		<write echo="ascii"><data>y9O6hw = RQq7094tNS - Vw8f7Q\n</data></write>
		<read echo="ascii"><delim> </delim><match><data>\x3E </data></match></read>
		<write echo="ascii"><data>Oe1bC9w = y9O6hw ~ rQLjc\n</data></write>
		<read echo="ascii"><delim> </delim><match><data>\x3E </data></match></read>
		<write echo="ascii"><data>hIFmk = |"T5","zvYxhcW","L","k4N","e5"|-|"OHwi","lO","q6h"|\n</data></write>
		<read echo="ascii"><delim> </delim><match><data>\x3E </data></match></read>
		<write echo="ascii"><data>Oympe = |"x6a","AR","Lrla"|^|"9f0W","W3HZ","0anu","biKh","KoEPzG","0VdGxC"|\n</data></write>
		<read echo="ascii"><delim> </delim><match><data>\x3E </data></match></read>
		<write echo="ascii"><data>QUf3i = |"rgkZ"|^|"uURF","5mgY88","ZEVg","h6hnr"|\n</data></write>
		<read echo="ascii"><delim> </delim><match><data>\x3E </data></match></read>
		<write echo="ascii"><data>yejkxqi = |"5","Gi2mPd","1cFiiG","P","Z3QN21"|-|"Z3QN21","4W","A2YX","589eyd"|\n</data></write>
		<read echo="ascii"><delim> </delim><match><data>\x3E </data></match></read>
		<write echo="ascii"><data>d80jV1 = |"ePlp","lYHOe","L","0ubi","KKc"|+|"X0","KKc","ePlp","SJD","bfLy"|\n</data></write>
		<read echo="ascii"><delim> </delim><match><data>\x3E </data></match></read>
		<write echo="ascii"><data>DLWhdIG = hIFmk ^ hIFmk\n</data></write>
		<read echo="ascii"><delim> </delim><match><data>\x3E </data></match></read>
		<write echo="ascii"><data>0UsXdeI = |"in","JR","Crx","Uo","lo"|~|"Crx","uxu","dclq","Uo"|\n</data></write>
		<read echo="ascii"><delim> </delim><match><data>\x3E </data></match></read>
		<write echo="ascii"><data>Vr1E6 = |"jH9Gku","kOvS5v","Pc","Yp39","Y5xTdi"|^|"uK"|\n</data></write>
		<read echo="ascii"><delim> </delim><match><data>\x3E </data></match></read>
		<write echo="ascii"><data>.p\n</data></write>
<read echo="ascii"><delim>\n</delim><match><data>bcc77u = ||\n</data></match></read>
<read echo="ascii"><delim>\n</delim><match><data>rQLjc = |"ABH","HFzXXyy","3z","1eC","Q2QPdl","VL1XM","Ze0irDM","mhJ"|\n</data></match></read>
<read echo="ascii"><delim>\n</delim><match><data>rGcVV = |"3z","VL1XM","ABH","dLakhMfzSn"|\n</data></match></read>
<read echo="ascii"><delim>\n</delim><match><data>Vw8f7Q = |"ABH","HFzXXyy","3z","1eC","Q2QPdl","VL1XM","Ze0irDM","mhJ"|\n</data></match></read>
<read echo="ascii"><delim>\n</delim><match><data>XnEen = ||\n</data></match></read>
<read echo="ascii"><delim>\n</delim><match><data>RQq7094tNS = |"ABH","HFzXXyy","3z","1eC","Q2QPdl","VL1XM","Ze0irDM","mhJ"|\n</data></match></read>
<read echo="ascii"><delim>\n</delim><match><data>y9O6hw = ||\n</data></match></read>
<read echo="ascii"><delim>\n</delim><match><data>Oe1bC9w = |"ABH","HFzXXyy","3z","1eC","Q2QPdl","VL1XM","Ze0irDM","mhJ"|\n</data></match></read>
<read echo="ascii"><delim>\n</delim><match><data>hIFmk = |"T5","zvYxhcW","L","k4N","e5"|\n</data></match></read>
<read echo="ascii"><delim>\n</delim><match><data>Oympe = ||\n</data></match></read>
<read echo="ascii"><delim>\n</delim><match><data>QUf3i = ||\n</data></match></read>
<read echo="ascii"><delim>\n</delim><match><data>yejkxqi = |"5","Gi2mPd","1cFiiG","P"|\n</data></match></read>
<read echo="ascii"><delim>\n</delim><match><data>d80jV1 = |"ePlp","lYHOe","L","0ubi","KKc","X0","SJD","bfLy"|\n</data></match></read>
<read echo="ascii"><delim>\n</delim><match><data>DLWhdIG = |"T5","zvYxhcW","L","k4N","e5"|\n</data></match></read>
<read echo="ascii"><delim>\n</delim><match><data>0UsXdeI = |"in","JR","lo","uxu","dclq"|\n</data></match></read>
<read echo="ascii"><delim>\n</delim><match><data>Vr1E6 = ||\n</data></match></read>
		<read echo="ascii"><delim> </delim><match><data>\x3E </data></match></read>
		<write echo="ascii"><data>.l\n</data></write>
	</replay>
</pov>
