<?xml version="1.0" standalone="no" ?>
<!DOCTYPE pov SYSTEM "/usr/share/cgc-docs/replay.dtd"><pov>
	<cbid>CROMU_00011</cbid>
	<replay>
		<read echo="ascii"><delim> </delim><match><data>\x3E </data></match></read>
		<write echo="ascii"><data>uxo0xW = |"gNRzUJ","adOH","U"|-|"U","9E69","D66g9p","xDPxKi"|\n</data></write>
		<read echo="ascii"><delim> </delim><match><data>\x3E </data></match></read>
		<write echo="ascii"><data>KHEEra = uxo0xW - uxo0xW\n</data></write>
		<read echo="ascii"><delim> </delim><match><data>\x3E </data></match></read>
		<write echo="ascii"><data>YauBiC = |"naJAH","AQL","v","nnkTbOE","n","l6"|-|"q","06","pSy"|\n</data></write>
		<read echo="ascii"><delim> </delim><match><data>\x3E </data></match></read>
		<write echo="ascii"><data>E1eiQk = KHEEra - YauBiC\n</data></write>
		<read echo="ascii"><delim> </delim><match><data>\x3E </data></match></read>
		<write echo="ascii"><data>NZgde9c = |"MtvnrR","IqJNFQL","QjXAO","acvNr","X"|+|"9"|\n</data></write>
		<read echo="ascii"><delim> </delim><match><data>\x3E </data></match></read>
		<write echo="ascii"><data>INPq0 = |"dR"|^|"B4c","ZWPE","ac8Ja8R","T55MF","RD","KpcM"|\n</data></write>
		<read echo="ascii"><delim> </delim><match><data>\x3E </data></match></read>
		<write echo="ascii"><data>iiLf7D = INPq0 ^ INPq0\n</data></write>
		<read echo="ascii"><delim> </delim><match><data>\x3E </data></match></read>
		<write echo="ascii"><data>UNDhPEiy = iiLf7D ^ NZgde9c\n</data></write>
		<read echo="ascii"><delim> </delim><match><data>\x3E </data></match></read>
		<write echo="ascii"><data>iqpMH = |"EAkDVJ","GK6"|^|"X0z","P5","rMs","bUW6v19"|\n</data></write>
		<read echo="ascii"><delim> </delim><match><data>\x3E </data></match></read>
		<write echo="ascii"><data>OIOoJ = E1eiQk ~ UNDhPEiy\n</data></write>
		<read echo="ascii"><delim> </delim><match><data>\x3E </data></match></read>
		<write echo="ascii"><data>r3XI3 = E1eiQk ~ uxo0xW\n</data></write>
		<read echo="ascii"><delim> </delim><match><data>\x3E </data></match></read>
		<write echo="ascii"><data>YWVlgka = |"lC4kBd","c5m","L5gs","82Nls7S","adXPy","6MIJHc"|^|"55","UTT"|\n</data></write>
		<read echo="ascii"><delim> </delim><match><data>\x3E </data></match></read>
		<write echo="ascii"><data>J8ASWx = |"0KZH","sOp1e","cy","eoqiQd","iqj9","mS0EAZk","lcgoj","h6qQq","4bZ","lTrTl"|\n</data></write>
		<read echo="ascii"><delim> </delim><match><data>\x3E </data></match></read>
		<write echo="ascii"><data>i1htP = |"eoqiQd","iqj9","cy","h6qQq","lTrTl","sOp1e","lcgoj","0KZH","mS0EAZk","VhnNwFowWP"|\n</data></write>
		<read echo="ascii"><delim> </delim><match><data>\x3E </data></match></read>
		<write echo="ascii"><data>i1htP@J8ASWx\n</data></write>
		<read echo="ascii"><delim>\n</delim><match><data>FALSE\n</data></match></read>
		<read echo="ascii"><delim> </delim><match><data>\x3E </data></match></read>
		<write echo="ascii"><data>OCAih = |"TM","YV6YB","naccUi","o9a"|^|"RO2i2","GK","Sg"|\n</data></write>
		<read echo="ascii"><delim> </delim><match><data>\x3E </data></match></read>
		<write echo="ascii"><data>.p\n</data></write>
<read echo="ascii"><delim>\n</delim><match><data>uxo0xW = |"gNRzUJ","adOH"|\n</data></match></read>
<read echo="ascii"><delim>\n</delim><match><data>KHEEra = ||\n</data></match></read>
<read echo="ascii"><delim>\n</delim><match><data>YauBiC = |"naJAH","AQL","v","nnkTbOE","n","l6"|\n</data></match></read>
<read echo="ascii"><delim>\n</delim><match><data>E1eiQk = ||\n</data></match></read>
<read echo="ascii"><delim>\n</delim><match><data>NZgde9c = |"MtvnrR","IqJNFQL","QjXAO","acvNr","X","9"|\n</data></match></read>
<read echo="ascii"><delim>\n</delim><match><data>INPq0 = ||\n</data></match></read>
<read echo="ascii"><delim>\n</delim><match><data>iiLf7D = ||\n</data></match></read>
<read echo="ascii"><delim>\n</delim><match><data>UNDhPEiy = ||\n</data></match></read>
<read echo="ascii"><delim>\n</delim><match><data>iqpMH = ||\n</data></match></read>
<read echo="ascii"><delim>\n</delim><match><data>OIOoJ = ||\n</data></match></read>
<read echo="ascii"><delim>\n</delim><match><data>r3XI3 = |"gNRzUJ","adOH"|\n</data></match></read>
<read echo="ascii"><delim>\n</delim><match><data>YWVlgka = ||\n</data></match></read>
<read echo="ascii"><delim>\n</delim><match><data>J8ASWx = |"0KZH","sOp1e","cy","eoqiQd","iqj9","mS0EAZk","lcgoj","h6qQq","4bZ","lTrTl"|\n</data></match></read>
<read echo="ascii"><delim>\n</delim><match><data>i1htP = |"eoqiQd","iqj9","cy","h6qQq","lTrTl","sOp1e","lcgoj","0KZH","mS0EAZk","VhnNwFowWP"|\n</data></match></read>
<read echo="ascii"><delim>\n</delim><match><data>OCAih = ||\n</data></match></read>
		<read echo="ascii"><delim> </delim><match><data>\x3E </data></match></read>
		<write echo="ascii"><data>.l\n</data></write>
	</replay>
</pov>
