<?xml version="1.0" standalone="no" ?>
<!DOCTYPE pov SYSTEM "/usr/share/cgc-docs/replay.dtd"><pov>
	<cbid>CROMU_00011</cbid>
	<replay>
		<read echo="ascii"><delim> </delim><match><data>\x3E </data></match></read>
		<write echo="ascii"><data>H17lPm = |"kWD","6a40fqF","rIa4N","K3qngVK"|+|"r","rIa4N"|\n</data></write>
		<read echo="ascii"><delim> </delim><match><data>\x3E </data></match></read>
		<write echo="ascii"><data>zGSgYk = |"twAqBP","t7A6","4NmPUfp","xHM","miqe2"|+|"YkqdRZ4","twAqBP","miqe2","Du4pw","i3HeoQ"|\n</data></write>
		<read echo="ascii"><delim> </delim><match><data>\x3E </data></match></read>
		<write echo="ascii"><data>TSFD3 = zGSgYk ~ zGSgYk\n</data></write>
		<read echo="ascii"><delim> </delim><match><data>\x3E </data></match></read>
		<write echo="ascii"><data>STClqB = |"plalGM"|^|"fSz","3UAxj","kYcNfaK","1lExx","vDRc","gmOk","mP"|\n</data></write>
		<read echo="ascii"><delim> </delim><match><data>\x3E </data></match></read>
		<write echo="ascii"><data>cjVF7 = |"u1J","zNpo","N0HN","8A0a0G","4Xn9pJD"|^|"8A0a0G","eADt","aIsO6","Non","r6s9Px","V9wsj"|\n</data></write>
		<read echo="ascii"><delim> </delim><match><data>\x3E </data></match></read>
		<write echo="ascii"><data>gikQBRa = |"ADkkc","5yHtbC","dSk7","GuhtVJm","jh","vN1x","TJB3p"|~|"2"|\n</data></write>
		<read echo="ascii"><delim> </delim><match><data>\x3E </data></match></read>
		<write echo="ascii"><data>2v9Etz8 = |"jl","Exo","vlHR","uocG"|~|"BG","SuvVVUY"|\n</data></write>
		<read echo="ascii"><delim> </delim><match><data>\x3E </data></match></read>
		<write echo="ascii"><data>pXdyG = 2v9Etz8 ~ H17lPm\n</data></write>
		<read echo="ascii"><delim> </delim><match><data>\x3E </data></match></read>
		<write echo="ascii"><data>CAibs = |"LxUZUz","bTG7z","3HGTQ","xYxw","4UuW","3J0","Iqyx5"|+|"LxUZUz","iF9nf","a1LbEN5"|\n</data></write>
		<read echo="ascii"><delim> </delim><match><data>\x3E </data></match></read>
		<write echo="ascii"><data>sA3lm = |"Xv","yR4VJA","IdkSIy","kpqzr","T7c1s8W"|+|"ZV","zm"|\n</data></write>
		<read echo="ascii"><delim> </delim><match><data>\x3E </data></match></read>
		<write echo="ascii"><data>e13hI = gikQBRa - zGSgYk\n</data></write>
		<read echo="ascii"><delim> </delim><match><data>\x3E </data></match></read>
		<write echo="ascii"><data>OLjviwu = |"Tqu","pbzxJb","JdTZr","6QWGc0","Vj8qP","hY","h2fbKK"|\n</data></write>
		<read echo="ascii"><delim> </delim><match><data>\x3E </data></match></read>
		<write echo="ascii"><data>fGjOx = |"pbzxJb","6QWGc0","hY","h2fbKK","Tqu"|\n</data></write>
		<read echo="ascii"><delim> </delim><match><data>\x3E </data></match></read>
		<write echo="ascii"><data>fGjOx@OLjviwu\n</data></write>
		<read echo="ascii"><delim>\n</delim><match><data>TRUE\n</data></match></read>
		<read echo="ascii"><delim> </delim><match><data>\x3E </data></match></read>
		<write echo="ascii"><data>UNnPA = STClqB - STClqB\n</data></write>
		<read echo="ascii"><delim> </delim><match><data>\x3E </data></match></read>
		<write echo="ascii"><data>rNGRP = 2v9Etz8 ^ CAibs\n</data></write>
		<read echo="ascii"><delim> </delim><match><data>\x3E </data></match></read>
		<write echo="ascii"><data>.p\n</data></write>
<read echo="ascii"><delim>\n</delim><match><data>H17lPm = |"kWD","6a40fqF","rIa4N","K3qngVK","r"|\n</data></match></read>
<read echo="ascii"><delim>\n</delim><match><data>zGSgYk = |"twAqBP","t7A6","4NmPUfp","xHM","miqe2","YkqdRZ4","Du4pw","i3HeoQ"|\n</data></match></read>
<read echo="ascii"><delim>\n</delim><match><data>TSFD3 = ||\n</data></match></read>
<read echo="ascii"><delim>\n</delim><match><data>STClqB = ||\n</data></match></read>
<read echo="ascii"><delim>\n</delim><match><data>cjVF7 = |"8A0a0G"|\n</data></match></read>
<read echo="ascii"><delim>\n</delim><match><data>gikQBRa = |"ADkkc","5yHtbC","dSk7","GuhtVJm","jh","vN1x","TJB3p","2"|\n</data></match></read>
<read echo="ascii"><delim>\n</delim><match><data>2v9Etz8 = |"jl","Exo","vlHR","uocG","BG","SuvVVUY"|\n</data></match></read>
<read echo="ascii"><delim>\n</delim><match><data>pXdyG = |"jl","Exo","vlHR","uocG","BG","SuvVVUY","kWD","6a40fqF","rIa4N","K3qngVK","r"|\n</data></match></read>
<read echo="ascii"><delim>\n</delim><match><data>CAibs = |"LxUZUz","bTG7z","3HGTQ","xYxw","4UuW","3J0","Iqyx5","iF9nf","a1LbEN5"|\n</data></match></read>
<read echo="ascii"><delim>\n</delim><match><data>sA3lm = |"Xv","yR4VJA","IdkSIy","kpqzr","T7c1s8W","ZV","zm"|\n</data></match></read>
<read echo="ascii"><delim>\n</delim><match><data>e13hI = |"ADkkc","5yHtbC","dSk7","GuhtVJm","jh","vN1x","TJB3p","2"|\n</data></match></read>
<read echo="ascii"><delim>\n</delim><match><data>OLjviwu = |"Tqu","pbzxJb","JdTZr","6QWGc0","Vj8qP","hY","h2fbKK"|\n</data></match></read>
<read echo="ascii"><delim>\n</delim><match><data>fGjOx = |"pbzxJb","6QWGc0","hY","h2fbKK","Tqu"|\n</data></match></read>
<read echo="ascii"><delim>\n</delim><match><data>UNnPA = ||\n</data></match></read>
<read echo="ascii"><delim>\n</delim><match><data>rNGRP = ||\n</data></match></read>
		<read echo="ascii"><delim> </delim><match><data>\x3E </data></match></read>
		<write echo="ascii"><data>.l\n</data></write>
	</replay>
</pov>
