<?xml version="1.0" standalone="no" ?>
<!DOCTYPE pov SYSTEM "/usr/share/cgc-docs/replay.dtd"><pov>
	<cbid>CROMU_00011</cbid>
	<replay>
		<read echo="ascii"><delim> </delim><match><data>\x3E </data></match></read>
		<write echo="ascii"><data>hydq49 = |"fUeG5N","KB","uyB","RB","jPeA","E9UL2v"|\n</data></write>
		<read echo="ascii"><delim> </delim><match><data>\x3E </data></match></read>
		<write echo="ascii"><data>eG4ro1 = |"jPeA","KB","RB","E9UL2v"|\n</data></write>
		<read echo="ascii"><delim> </delim><match><data>\x3E </data></match></read>
		<write echo="ascii"><data>eG4ro1@hydq49\n</data></write>
		<read echo="ascii"><delim>\n</delim><match><data>TRUE\n</data></match></read>
		<read echo="ascii"><delim> </delim><match><data>\x3E </data></match></read>
		<write echo="ascii"><data>WvOpzL4 = |"qc","jmwPXh","kD","cCmwe","TJO","Q","o1"|-|"eI","TJO","D","Q","zkCI","jmwPXh"|\n</data></write>
		<read echo="ascii"><delim> </delim><match><data>\x3E </data></match></read>
		<write echo="ascii"><data>SAfrjL = WvOpzL4 ~ eG4ro1\n</data></write>
		<read echo="ascii"><delim> </delim><match><data>\x3E </data></match></read>
		<write echo="ascii"><data>FBUm3 = SAfrjL + eG4ro1\n</data></write>
		<read echo="ascii"><delim> </delim><match><data>\x3E </data></match></read>
		<write echo="ascii"><data>k9576 = FBUm3 + WvOpzL4\n</data></write>
		<read echo="ascii"><delim> </delim><match><data>\x3E </data></match></read>
		<write echo="ascii"><data>sLyrt = |"mfAWy"|+|"Xrg","nLYej","qO5Od","vUp","N"|\n</data></write>
		<read echo="ascii"><delim> </delim><match><data>\x3E </data></match></read>
		<write echo="ascii"><data>LkqWx = eG4ro1 + k9576\n</data></write>
		<read echo="ascii"><delim> </delim><match><data>\x3E </data></match></read>
		<write echo="ascii"><data>WRNHijy = |"Kb6b2K9"|~|"wny9YW","C","YN","q58","Kb6b2K9","DL2XYfW"|\n</data></write>
		<read echo="ascii"><delim> </delim><match><data>\x3E </data></match></read>
		<write echo="ascii"><data>pNpfdOG = LkqWx ~ WvOpzL4\n</data></write>
		<read echo="ascii"><delim> </delim><match><data>\x3E </data></match></read>
		<write echo="ascii"><data>wCaXdv2et = sLyrt ^ sLyrt\n</data></write>
		<read echo="ascii"><delim> </delim><match><data>\x3E </data></match></read>
		<write echo="ascii"><data>8U5KEG = |"m5CU4jB","c4","uDJuF19","BJ057","2S2W2J","Ekm5xTz","PNa7Jvc","jX","O6CN6h","rc"|\n</data></write>
		<read echo="ascii"><delim> </delim><match><data>\x3E </data></match></read>
		<write echo="ascii"><data>xG7If = |"rc","uDJuF19","BJ057","Ekm5xTz","2S2W2J","ZHbWexIFKD"|\n</data></write>
		<read echo="ascii"><delim> </delim><match><data>\x3E </data></match></read>
		<write echo="ascii"><data>xG7If@8U5KEG\n</data></write>
		<read echo="ascii"><delim>\n</delim><match><data>FALSE\n</data></match></read>
		<read echo="ascii"><delim> </delim><match><data>\x3E </data></match></read>
		<write echo="ascii"><data>d81HgT = |"OWveGv","Q","IbS","gEjj5k3"|~|"Uz2","osq3APE","IbS","0","Q","Ve"|\n</data></write>
		<read echo="ascii"><delim> </delim><match><data>\x3E </data></match></read>
		<write echo="ascii"><data>.p\n</data></write>
<read echo="ascii"><delim>\n</delim><match><data>hydq49 = |"fUeG5N","KB","uyB","RB","jPeA","E9UL2v"|\n</data></match></read>
<read echo="ascii"><delim>\n</delim><match><data>eG4ro1 = |"jPeA","KB","RB","E9UL2v"|\n</data></match></read>
<read echo="ascii"><delim>\n</delim><match><data>WvOpzL4 = |"qc","kD","cCmwe","o1"|\n</data></match></read>
<read echo="ascii"><delim>\n</delim><match><data>SAfrjL = |"qc","kD","cCmwe","o1","jPeA","KB","RB","E9UL2v"|\n</data></match></read>
<read echo="ascii"><delim>\n</delim><match><data>FBUm3 = |"qc","kD","cCmwe","o1","jPeA","KB","RB","E9UL2v"|\n</data></match></read>
<read echo="ascii"><delim>\n</delim><match><data>k9576 = |"qc","kD","cCmwe","o1","jPeA","KB","RB","E9UL2v"|\n</data></match></read>
<read echo="ascii"><delim>\n</delim><match><data>sLyrt = |"mfAWy","Xrg","nLYej","qO5Od","vUp","N"|\n</data></match></read>
<read echo="ascii"><delim>\n</delim><match><data>LkqWx = |"jPeA","KB","RB","E9UL2v","qc","kD","cCmwe","o1"|\n</data></match></read>
<read echo="ascii"><delim>\n</delim><match><data>WRNHijy = |"wny9YW","C","YN","q58","DL2XYfW"|\n</data></match></read>
<read echo="ascii"><delim>\n</delim><match><data>pNpfdOG = |"jPeA","KB","RB","E9UL2v"|\n</data></match></read>
<read echo="ascii"><delim>\n</delim><match><data>wCaXdv2et = |"mfAWy","Xrg","nLYej","qO5Od","vUp","N"|\n</data></match></read>
<read echo="ascii"><delim>\n</delim><match><data>8U5KEG = |"m5CU4jB","c4","uDJuF19","BJ057","2S2W2J","Ekm5xTz","PNa7Jvc","jX","O6CN6h","rc"|\n</data></match></read>
<read echo="ascii"><delim>\n</delim><match><data>xG7If = |"rc","uDJuF19","BJ057","Ekm5xTz","2S2W2J","ZHbWexIFKD"|\n</data></match></read>
<read echo="ascii"><delim>\n</delim><match><data>d81HgT = |"OWveGv","gEjj5k3","Uz2","osq3APE","0","Ve"|\n</data></match></read>
		<read echo="ascii"><delim> </delim><match><data>\x3E </data></match></read>
		<write echo="ascii"><data>.l\n</data></write>
	</replay>
</pov>
