<?xml version="1.0" standalone="no" ?>
<!DOCTYPE pov SYSTEM "/usr/share/cgc-docs/replay.dtd"><pov>
	<cbid>CROMU_00011</cbid>
	<replay>
		<read echo="ascii"><delim> </delim><match><data>\x3E </data></match></read>
		<write echo="ascii"><data>xggwD = |"JHWW0","CybbX","YBZ48uw","CyfvMCA","5N","CL4"|\n</data></write>
		<read echo="ascii"><delim> </delim><match><data>\x3E </data></match></read>
		<write echo="ascii"><data>xeAYfhx = |"CyfvMCA","CybbX","KKyfQqE4t6"|\n</data></write>
		<read echo="ascii"><delim> </delim><match><data>\x3E </data></match></read>
		<write echo="ascii"><data>xeAYfhx@xggwD\n</data></write>
		<read echo="ascii"><delim>\n</delim><match><data>FALSE\n</data></match></read>
		<read echo="ascii"><delim> </delim><match><data>\x3E </data></match></read>
		<write echo="ascii"><data>6E496 = |"8TAl","9iPQN","Y7iMUdD","Y6EW2S","FfheOXQ","9G1Six","sU","gHc7wAi"|\n</data></write>
		<read echo="ascii"><delim> </delim><match><data>\x3E </data></match></read>
		<write echo="ascii"><data>MuC8k = |"Y6EW2S"|\n</data></write>
		<read echo="ascii"><delim> </delim><match><data>\x3E </data></match></read>
		<write echo="ascii"><data>MuC8k@6E496\n</data></write>
		<read echo="ascii"><delim>\n</delim><match><data>TRUE\n</data></match></read>
		<read echo="ascii"><delim> </delim><match><data>\x3E </data></match></read>
		<write echo="ascii"><data>uivqAB = |"tYwDN","Kbzoe","s","B70jDkX","QqFGWlU","3Rib"|-|"B70jDkX","576hFJ0","Kbzoe","tYwDN","DgSFz","a"|\n</data></write>
		<read echo="ascii"><delim> </delim><match><data>\x3E </data></match></read>
		<write echo="ascii"><data>9hUE2 = uivqAB ~ xeAYfhx\n</data></write>
		<read echo="ascii"><delim> </delim><match><data>\x3E </data></match></read>
		<write echo="ascii"><data>hv0O5 = |"kH4He","35RTKRw","qkJMW","F","tpLiTA"|+|"kH4He","aataJ","elV9","Go","4Q","vXpna"|\n</data></write>
		<read echo="ascii"><delim> </delim><match><data>\x3E </data></match></read>
		<write echo="ascii"><data>1RCXiZ = xggwD ~ 6E496\n</data></write>
		<read echo="ascii"><delim> </delim><match><data>\x3E </data></match></read>
		<write echo="ascii"><data>S6VXwHm = xggwD + xggwD\n</data></write>
		<read echo="ascii"><delim> </delim><match><data>\x3E </data></match></read>
		<write echo="ascii"><data>yfA0ElK = S6VXwHm ~ MuC8k\n</data></write>
		<read echo="ascii"><delim> </delim><match><data>\x3E </data></match></read>
		<write echo="ascii"><data>dWdsKF = |"Wt","wS"|+|"9e","dvrM","epm","sAt","Oe","ej"|\n</data></write>
		<read echo="ascii"><delim> </delim><match><data>\x3E </data></match></read>
		<write echo="ascii"><data>9kyIYry = xeAYfhx ~ uivqAB\n</data></write>
		<read echo="ascii"><delim> </delim><match><data>\x3E </data></match></read>
		<write echo="ascii"><data>tZVyI = uivqAB + MuC8k\n</data></write>
		<read echo="ascii"><delim> </delim><match><data>\x3E </data></match></read>
		<write echo="ascii"><data>IPWtYN = |"VsBi0","Ui","BYln","WE","zMTSIf"|^|"dmB","BYln"|\n</data></write>
		<read echo="ascii"><delim> </delim><match><data>\x3E </data></match></read>
		<write echo="ascii"><data>.p\n</data></write>
<read echo="ascii"><delim>\n</delim><match><data>xggwD = |"JHWW0","CybbX","YBZ48uw","CyfvMCA","5N","CL4"|\n</data></match></read>
<read echo="ascii"><delim>\n</delim><match><data>xeAYfhx = |"CyfvMCA","CybbX","KKyfQqE4t6"|\n</data></match></read>
<read echo="ascii"><delim>\n</delim><match><data>6E496 = |"8TAl","9iPQN","Y7iMUdD","Y6EW2S","FfheOXQ","9G1Six","sU","gHc7wAi"|\n</data></match></read>
<read echo="ascii"><delim>\n</delim><match><data>MuC8k = |"Y6EW2S"|\n</data></match></read>
<read echo="ascii"><delim>\n</delim><match><data>uivqAB = |"s","QqFGWlU","3Rib"|\n</data></match></read>
<read echo="ascii"><delim>\n</delim><match><data>9hUE2 = |"s","QqFGWlU","3Rib","CyfvMCA","CybbX","KKyfQqE4t6"|\n</data></match></read>
<read echo="ascii"><delim>\n</delim><match><data>hv0O5 = |"kH4He","35RTKRw","qkJMW","F","tpLiTA","aataJ","elV9","Go","4Q","vXpna"|\n</data></match></read>
<read echo="ascii"><delim>\n</delim><match><data>1RCXiZ = |"JHWW0","CybbX","YBZ48uw","CyfvMCA","5N","CL4","8TAl","9iPQN","Y7iMUdD","Y6EW2S","FfheOXQ","9G1Six","sU","gHc7wAi"|\n</data></match></read>
<read echo="ascii"><delim>\n</delim><match><data>S6VXwHm = |"JHWW0","CybbX","YBZ48uw","CyfvMCA","5N","CL4"|\n</data></match></read>
<read echo="ascii"><delim>\n</delim><match><data>yfA0ElK = |"JHWW0","CybbX","YBZ48uw","CyfvMCA","5N","CL4","Y6EW2S"|\n</data></match></read>
<read echo="ascii"><delim>\n</delim><match><data>dWdsKF = |"Wt","wS","9e","dvrM","epm","sAt","Oe","ej"|\n</data></match></read>
<read echo="ascii"><delim>\n</delim><match><data>9kyIYry = |"CyfvMCA","CybbX","KKyfQqE4t6","s","QqFGWlU","3Rib"|\n</data></match></read>
<read echo="ascii"><delim>\n</delim><match><data>tZVyI = |"s","QqFGWlU","3Rib","Y6EW2S"|\n</data></match></read>
<read echo="ascii"><delim>\n</delim><match><data>IPWtYN = |"BYln"|\n</data></match></read>
		<read echo="ascii"><delim> </delim><match><data>\x3E </data></match></read>
		<write echo="ascii"><data>.l\n</data></write>
	</replay>
</pov>
