<?xml version="1.0" standalone="no" ?>
<!DOCTYPE pov SYSTEM "/usr/share/cgc-docs/replay.dtd"><pov>
	<cbid>CROMU_00011</cbid>
	<replay>
		<read echo="ascii"><delim> </delim><match><data>\x3E </data></match></read>
		<write echo="ascii"><data>Pm68T = |"N8pP","2T1","VAN"|-|"oetvqUp","LstI","fD","CAT","8WXQKNb"|\n</data></write>
		<read echo="ascii"><delim> </delim><match><data>\x3E </data></match></read>
		<write echo="ascii"><data>tcqVwklb = Pm68T ^ Pm68T\n</data></write>
		<read echo="ascii"><delim> </delim><match><data>\x3E </data></match></read>
		<write echo="ascii"><data>aLbEE = tcqVwklb + tcqVwklb\n</data></write>
		<read echo="ascii"><delim> </delim><match><data>\x3E </data></match></read>
		<write echo="ascii"><data>8NF51Z = |"5b","fmytUvX","MJMz0TW","SH21P3X","mQbv","RES2IwT","uvE"|\n</data></write>
		<read echo="ascii"><delim> </delim><match><data>\x3E </data></match></read>
		<write echo="ascii"><data>YE61U = |"uvE","fmytUvX"|\n</data></write>
		<read echo="ascii"><delim> </delim><match><data>\x3E </data></match></read>
		<write echo="ascii"><data>YE61U@8NF51Z\n</data></write>
		<read echo="ascii"><delim>\n</delim><match><data>TRUE\n</data></match></read>
		<read echo="ascii"><delim> </delim><match><data>\x3E </data></match></read>
		<write echo="ascii"><data>YIMm34m = |"ZR5q","HQN0Z","5a","0bU","EV0VZLW","zkzj2","fb7lLNu","LMv","c5PR3"|\n</data></write>
		<read echo="ascii"><delim> </delim><match><data>\x3E </data></match></read>
		<write echo="ascii"><data>Sbwvytt = |"HQN0Z","OBUW7Icfg2"|\n</data></write>
		<read echo="ascii"><delim> </delim><match><data>\x3E </data></match></read>
		<write echo="ascii"><data>Sbwvytt@YIMm34m\n</data></write>
		<read echo="ascii"><delim>\n</delim><match><data>FALSE\n</data></match></read>
		<read echo="ascii"><delim> </delim><match><data>\x3E </data></match></read>
		<write echo="ascii"><data>ueaXmXU = |"SI"|^|"9w3Orw","sl","pYOtZ7","WJP","AaRlc","CuhD","FEVMyi"|\n</data></write>
		<read echo="ascii"><delim> </delim><match><data>\x3E </data></match></read>
		<write echo="ascii"><data>vsH2AUDS4w = ueaXmXU ^ Sbwvytt\n</data></write>
		<read echo="ascii"><delim> </delim><match><data>\x3E </data></match></read>
		<write echo="ascii"><data>H07UNj = |"48Tm","exEFH","Ja","Nn","zGloJ","VPbVf","qy"|^|"1UWMhsj","H3mf","lQDwVQh","Nn","exEFH","LNt8ub","ATx"|\n</data></write>
		<read echo="ascii"><delim> </delim><match><data>\x3E </data></match></read>
		<write echo="ascii"><data>Y2VI9 = |"Io5thw","2lKJp","jWInT","bVk","1z2I9S9","Vm","5oedXs","5CY","ay","nKYEvK"|\n</data></write>
		<read echo="ascii"><delim> </delim><match><data>\x3E </data></match></read>
		<write echo="ascii"><data>qes1O = |"jWInT","2lKJp"|\n</data></write>
		<read echo="ascii"><delim> </delim><match><data>\x3E </data></match></read>
		<write echo="ascii"><data>qes1O@Y2VI9\n</data></write>
		<read echo="ascii"><delim>\n</delim><match><data>TRUE\n</data></match></read>
		<read echo="ascii"><delim> </delim><match><data>\x3E </data></match></read>
		<write echo="ascii"><data>MHuM3Ag = |"x6p","TUaQ9S","2Ie4FsL","E","FKJt","PQT9"|~|"x6p","4b1","ZLI1"|\n</data></write>
		<read echo="ascii"><delim> </delim><match><data>\x3E </data></match></read>
		<write echo="ascii"><data>.p\n</data></write>
<read echo="ascii"><delim>\n</delim><match><data>Pm68T = |"N8pP","2T1","VAN"|\n</data></match></read>
<read echo="ascii"><delim>\n</delim><match><data>tcqVwklb = |"N8pP","2T1","VAN"|\n</data></match></read>
<read echo="ascii"><delim>\n</delim><match><data>aLbEE = |"N8pP","2T1","VAN"|\n</data></match></read>
<read echo="ascii"><delim>\n</delim><match><data>8NF51Z = |"5b","fmytUvX","MJMz0TW","SH21P3X","mQbv","RES2IwT","uvE"|\n</data></match></read>
<read echo="ascii"><delim>\n</delim><match><data>YE61U = |"uvE","fmytUvX"|\n</data></match></read>
<read echo="ascii"><delim>\n</delim><match><data>YIMm34m = |"ZR5q","HQN0Z","5a","0bU","EV0VZLW","zkzj2","fb7lLNu","LMv","c5PR3"|\n</data></match></read>
<read echo="ascii"><delim>\n</delim><match><data>Sbwvytt = |"HQN0Z","OBUW7Icfg2"|\n</data></match></read>
<read echo="ascii"><delim>\n</delim><match><data>ueaXmXU = ||\n</data></match></read>
<read echo="ascii"><delim>\n</delim><match><data>vsH2AUDS4w = ||\n</data></match></read>
<read echo="ascii"><delim>\n</delim><match><data>H07UNj = |"exEFH","Nn"|\n</data></match></read>
<read echo="ascii"><delim>\n</delim><match><data>Y2VI9 = |"Io5thw","2lKJp","jWInT","bVk","1z2I9S9","Vm","5oedXs","5CY","ay","nKYEvK"|\n</data></match></read>
<read echo="ascii"><delim>\n</delim><match><data>qes1O = |"jWInT","2lKJp"|\n</data></match></read>
<read echo="ascii"><delim>\n</delim><match><data>MHuM3Ag = |"TUaQ9S","2Ie4FsL","E","FKJt","PQT9","4b1","ZLI1"|\n</data></match></read>
		<read echo="ascii"><delim> </delim><match><data>\x3E </data></match></read>
		<write echo="ascii"><data>.l\n</data></write>
	</replay>
</pov>
