<?xml version="1.0" standalone="no" ?>
<!DOCTYPE pov SYSTEM "/usr/share/cgc-docs/replay.dtd"><pov>
	<cbid>CROMU_00011</cbid>
	<replay>
		<read echo="ascii"><delim> </delim><match><data>\x3E </data></match></read>
		<write echo="ascii"><data>f74kUD = |"WLV","v36F","gQ","N3EVVI","tx9v","sJZin","MGGa","JC","hTSfqx8","EL"|\n</data></write>
		<read echo="ascii"><delim> </delim><match><data>\x3E </data></match></read>
		<write echo="ascii"><data>dj2pG2 = |"JC","MGGa","WLV","gQ","v36F","SzqbTcRcHP"|\n</data></write>
		<read echo="ascii"><delim> </delim><match><data>\x3E </data></match></read>
		<write echo="ascii"><data>dj2pG2@f74kUD\n</data></write>
		<read echo="ascii"><delim>\n</delim><match><data>FALSE\n</data></match></read>
		<read echo="ascii"><delim> </delim><match><data>\x3E </data></match></read>
		<write echo="ascii"><data>t9lVCwG = f74kUD ~ dj2pG2\n</data></write>
		<read echo="ascii"><delim> </delim><match><data>\x3E </data></match></read>
		<write echo="ascii"><data>4CxZh = f74kUD - t9lVCwG\n</data></write>
		<read echo="ascii"><delim> </delim><match><data>\x3E </data></match></read>
		<write echo="ascii"><data>yseH1 = f74kUD ~ 4CxZh\n</data></write>
		<read echo="ascii"><delim> </delim><match><data>\x3E </data></match></read>
		<write echo="ascii"><data>ZDuNgK = 4CxZh - 4CxZh\n</data></write>
		<read echo="ascii"><delim> </delim><match><data>\x3E </data></match></read>
		<write echo="ascii"><data>G04gcmB = yseH1 ~ ZDuNgK\n</data></write>
		<read echo="ascii"><delim> </delim><match><data>\x3E </data></match></read>
		<write echo="ascii"><data>ZlRbE = |"sMZ","G","E","eXGeaug","YcuLuR","3"|~|"sMZ"|\n</data></write>
		<read echo="ascii"><delim> </delim><match><data>\x3E </data></match></read>
		<write echo="ascii"><data>zfQqLJh = |"Xe3a","uLndzOK"|^|"uLndzOK"|\n</data></write>
		<read echo="ascii"><delim> </delim><match><data>\x3E </data></match></read>
		<write echo="ascii"><data>szUio = |"vT9","F","mHbdU","DQu","jbTc6QA","KkLBG","gJ"|~|"OBD","Vyi"|\n</data></write>
		<read echo="ascii"><delim> </delim><match><data>\x3E </data></match></read>
		<write echo="ascii"><data>wQeGe9 = dj2pG2 ^ dj2pG2\n</data></write>
		<read echo="ascii"><delim> </delim><match><data>\x3E </data></match></read>
		<write echo="ascii"><data>CKaeIgi = |"cJExv"|^|"r7"|\n</data></write>
		<read echo="ascii"><delim> </delim><match><data>\x3E </data></match></read>
		<write echo="ascii"><data>AERfK = ZlRbE - zfQqLJh\n</data></write>
		<read echo="ascii"><delim> </delim><match><data>\x3E </data></match></read>
		<write echo="ascii"><data>MHCVw5 = |"bOaOEq","IFkC8"|+|"w","tbm1cmZ","32Pd"|\n</data></write>
		<read echo="ascii"><delim> </delim><match><data>\x3E </data></match></read>
		<write echo="ascii"><data>CY1oyKa = |"d9xK","wA7URZ","Z7K3Nq1","b"|+|"tBcg","m4k5K","MzCb95","ZaP7Xq1","G","M"|\n</data></write>
		<read echo="ascii"><delim> </delim><match><data>\x3E </data></match></read>
		<write echo="ascii"><data>frTQCbc = |"INF","NzPMqHH","K","WUoZEj"|+|"K","WUoZEj","OnDVFi","vhx4"|\n</data></write>
		<read echo="ascii"><delim> </delim><match><data>\x3E </data></match></read>
		<write echo="ascii"><data>.p\n</data></write>
<read echo="ascii"><delim>\n</delim><match><data>f74kUD = |"WLV","v36F","gQ","N3EVVI","tx9v","sJZin","MGGa","JC","hTSfqx8","EL"|\n</data></match></read>
<read echo="ascii"><delim>\n</delim><match><data>dj2pG2 = |"JC","MGGa","WLV","gQ","v36F","SzqbTcRcHP"|\n</data></match></read>
<read echo="ascii"><delim>\n</delim><match><data>t9lVCwG = |"N3EVVI","tx9v","sJZin","hTSfqx8","EL","SzqbTcRcHP"|\n</data></match></read>
<read echo="ascii"><delim>\n</delim><match><data>4CxZh = |"WLV","v36F","gQ","MGGa","JC"|\n</data></match></read>
<read echo="ascii"><delim>\n</delim><match><data>yseH1 = |"N3EVVI","tx9v","sJZin","hTSfqx8","EL"|\n</data></match></read>
<read echo="ascii"><delim>\n</delim><match><data>ZDuNgK = ||\n</data></match></read>
<read echo="ascii"><delim>\n</delim><match><data>G04gcmB = |"N3EVVI","tx9v","sJZin","hTSfqx8","EL"|\n</data></match></read>
<read echo="ascii"><delim>\n</delim><match><data>ZlRbE = |"G","E","eXGeaug","YcuLuR","3"|\n</data></match></read>
<read echo="ascii"><delim>\n</delim><match><data>zfQqLJh = |"uLndzOK"|\n</data></match></read>
<read echo="ascii"><delim>\n</delim><match><data>szUio = |"vT9","F","mHbdU","DQu","jbTc6QA","KkLBG","gJ","OBD","Vyi"|\n</data></match></read>
<read echo="ascii"><delim>\n</delim><match><data>wQeGe9 = |"JC","MGGa","WLV","gQ","v36F","SzqbTcRcHP"|\n</data></match></read>
<read echo="ascii"><delim>\n</delim><match><data>CKaeIgi = ||\n</data></match></read>
<read echo="ascii"><delim>\n</delim><match><data>AERfK = |"G","E","eXGeaug","YcuLuR","3"|\n</data></match></read>
<read echo="ascii"><delim>\n</delim><match><data>MHCVw5 = |"bOaOEq","IFkC8","w","tbm1cmZ","32Pd"|\n</data></match></read>
<read echo="ascii"><delim>\n</delim><match><data>CY1oyKa = |"d9xK","wA7URZ","Z7K3Nq1","b","tBcg","m4k5K","MzCb95","ZaP7Xq1","G","M"|\n</data></match></read>
<read echo="ascii"><delim>\n</delim><match><data>frTQCbc = |"INF","NzPMqHH","K","WUoZEj","OnDVFi","vhx4"|\n</data></match></read>
		<read echo="ascii"><delim> </delim><match><data>\x3E </data></match></read>
		<write echo="ascii"><data>.l\n</data></write>
	</replay>
</pov>
