<?xml version="1.0" standalone="no" ?>
<!DOCTYPE pov SYSTEM "/usr/share/cgc-docs/replay.dtd"><pov>
	<cbid>CROMU_00011</cbid>
	<replay>
		<read echo="ascii"><delim> </delim><match><data>\x3E </data></match></read>
		<write echo="ascii"><data>53ttimU = |"7S1cYV","XghDvYB","eXcJp","ry","Wr6","3SM04","zm7zxgO"|\n</data></write>
		<read echo="ascii"><delim> </delim><match><data>\x3E </data></match></read>
		<write echo="ascii"><data>UCxNEW = |"7S1cYV","eXcJp","Wr6","3SM04","ZRkJI5FMEs"|\n</data></write>
		<read echo="ascii"><delim> </delim><match><data>\x3E </data></match></read>
		<write echo="ascii"><data>UCxNEW@53ttimU\n</data></write>
		<read echo="ascii"><delim>\n</delim><match><data>FALSE\n</data></match></read>
		<read echo="ascii"><delim> </delim><match><data>\x3E </data></match></read>
		<write echo="ascii"><data>kCg96 = UCxNEW ^ UCxNEW\n</data></write>
		<read echo="ascii"><delim> </delim><match><data>\x3E </data></match></read>
		<write echo="ascii"><data>7i1M1 = |"ohmlo","cw4IL63","anFZ9","41GTAvM","Cl","lR6HC1"|\n</data></write>
		<read echo="ascii"><delim> </delim><match><data>\x3E </data></match></read>
		<write echo="ascii"><data>cL9XP = |"41GTAvM","ohmlo","Cl","mQ4rPhnsdo"|\n</data></write>
		<read echo="ascii"><delim> </delim><match><data>\x3E </data></match></read>
		<write echo="ascii"><data>cL9XP@7i1M1\n</data></write>
		<read echo="ascii"><delim>\n</delim><match><data>FALSE\n</data></match></read>
		<read echo="ascii"><delim> </delim><match><data>\x3E </data></match></read>
		<write echo="ascii"><data>2nrdH = |"kr2uoXa","8TfhaN","B"|-|"uffGBnU","8CUe","UT2","WRt3QI","jLaJhM","6a","kr2uoXa"|\n</data></write>
		<read echo="ascii"><delim> </delim><match><data>\x3E </data></match></read>
		<write echo="ascii"><data>QsqT6lD = |"gRU","5Sq7D","F","MQ9c","ZILmpu"|-|"ZILmpu","MQ9c","J"|\n</data></write>
		<read echo="ascii"><delim> </delim><match><data>\x3E </data></match></read>
		<write echo="ascii"><data>uC99FGu = kCg96 ~ cL9XP\n</data></write>
		<read echo="ascii"><delim> </delim><match><data>\x3E </data></match></read>
		<write echo="ascii"><data>yrBVNR = 7i1M1 + 2nrdH\n</data></write>
		<read echo="ascii"><delim> </delim><match><data>\x3E </data></match></read>
		<write echo="ascii"><data>jme4PE = |"E55YK","Z"|~|"QLS","op","peqL","em5Z","hPhh"|\n</data></write>
		<read echo="ascii"><delim> </delim><match><data>\x3E </data></match></read>
		<write echo="ascii"><data>sGnqCW = |"aw2BR"|^|"ypF6O","pw5rVA","aeHtPu","xiVDirT"|\n</data></write>
		<read echo="ascii"><delim> </delim><match><data>\x3E </data></match></read>
		<write echo="ascii"><data>FChBwyC = |"7OYO","Aj405U7","v3JZjq","2QDo"|^|"zruK6","l5hduYs","DxBnf","04zq7td","gX09","dpiC"|\n</data></write>
		<read echo="ascii"><delim> </delim><match><data>\x3E </data></match></read>
		<write echo="ascii"><data>VHR7WIL = |"Z","cyk","aOohil","gI","7","OOeJuLe"|~|"Z","6MLt2sa","cyk","7","p5Mel6e","OOeJuLe"|\n</data></write>
		<read echo="ascii"><delim> </delim><match><data>\x3E </data></match></read>
		<write echo="ascii"><data>vpWiyW = kCg96 ~ VHR7WIL\n</data></write>
		<read echo="ascii"><delim> </delim><match><data>\x3E </data></match></read>
		<write echo="ascii"><data>.p\n</data></write>
<read echo="ascii"><delim>\n</delim><match><data>53ttimU = |"7S1cYV","XghDvYB","eXcJp","ry","Wr6","3SM04","zm7zxgO"|\n</data></match></read>
<read echo="ascii"><delim>\n</delim><match><data>UCxNEW = |"7S1cYV","eXcJp","Wr6","3SM04","ZRkJI5FMEs"|\n</data></match></read>
<read echo="ascii"><delim>\n</delim><match><data>kCg96 = |"7S1cYV","eXcJp","Wr6","3SM04","ZRkJI5FMEs"|\n</data></match></read>
<read echo="ascii"><delim>\n</delim><match><data>7i1M1 = |"ohmlo","cw4IL63","anFZ9","41GTAvM","Cl","lR6HC1"|\n</data></match></read>
<read echo="ascii"><delim>\n</delim><match><data>cL9XP = |"41GTAvM","ohmlo","Cl","mQ4rPhnsdo"|\n</data></match></read>
<read echo="ascii"><delim>\n</delim><match><data>2nrdH = |"8TfhaN","B"|\n</data></match></read>
<read echo="ascii"><delim>\n</delim><match><data>QsqT6lD = |"gRU","5Sq7D","F"|\n</data></match></read>
<read echo="ascii"><delim>\n</delim><match><data>uC99FGu = |"7S1cYV","eXcJp","Wr6","3SM04","ZRkJI5FMEs","41GTAvM","ohmlo","Cl","mQ4rPhnsdo"|\n</data></match></read>
<read echo="ascii"><delim>\n</delim><match><data>yrBVNR = |"ohmlo","cw4IL63","anFZ9","41GTAvM","Cl","lR6HC1","8TfhaN","B"|\n</data></match></read>
<read echo="ascii"><delim>\n</delim><match><data>jme4PE = |"E55YK","Z","QLS","op","peqL","em5Z","hPhh"|\n</data></match></read>
<read echo="ascii"><delim>\n</delim><match><data>sGnqCW = ||\n</data></match></read>
<read echo="ascii"><delim>\n</delim><match><data>FChBwyC = ||\n</data></match></read>
<read echo="ascii"><delim>\n</delim><match><data>VHR7WIL = |"aOohil","gI","6MLt2sa","p5Mel6e"|\n</data></match></read>
<read echo="ascii"><delim>\n</delim><match><data>vpWiyW = |"7S1cYV","eXcJp","Wr6","3SM04","ZRkJI5FMEs","aOohil","gI","6MLt2sa","p5Mel6e"|\n</data></match></read>
		<read echo="ascii"><delim> </delim><match><data>\x3E </data></match></read>
		<write echo="ascii"><data>.l\n</data></write>
	</replay>
</pov>
