<?xml version="1.0" standalone="no" ?>
<!DOCTYPE pov SYSTEM "/usr/share/cgc-docs/replay.dtd"><pov>
	<cbid>CROMU_00011</cbid>
	<replay>
		<read echo="ascii"><delim> </delim><match><data>\x3E </data></match></read>
		<write echo="ascii"><data>OhlsK6 = |"MSkW"|~|"K"|\n</data></write>
		<read echo="ascii"><delim> </delim><match><data>\x3E </data></match></read>
		<write echo="ascii"><data>imM3w3a = OhlsK6 ~ OhlsK6\n</data></write>
		<read echo="ascii"><delim> </delim><match><data>\x3E </data></match></read>
		<write echo="ascii"><data>22eRdfrX = imM3w3a ^ OhlsK6\n</data></write>
		<read echo="ascii"><delim> </delim><match><data>\x3E </data></match></read>
		<write echo="ascii"><data>wMEMn = OhlsK6 - OhlsK6\n</data></write>
		<read echo="ascii"><delim> </delim><match><data>\x3E </data></match></read>
		<write echo="ascii"><data>ueZUgc = wMEMn ~ OhlsK6\n</data></write>
		<read echo="ascii"><delim> </delim><match><data>\x3E </data></match></read>
		<write echo="ascii"><data>nzWLov = |"0HFjd","oUfrI","Mtp"|-|"rBbpR","c6d","O","xeFprM","0HFjd","h"|\n</data></write>
		<read echo="ascii"><delim> </delim><match><data>\x3E </data></match></read>
		<write echo="ascii"><data>ciI8wO = 22eRdfrX ^ 22eRdfrX\n</data></write>
		<read echo="ascii"><delim> </delim><match><data>\x3E </data></match></read>
		<write echo="ascii"><data>0bF5lCoMmg = nzWLov ^ ciI8wO\n</data></write>
		<read echo="ascii"><delim> </delim><match><data>\x3E </data></match></read>
		<write echo="ascii"><data>IktUI = 22eRdfrX ~ ueZUgc\n</data></write>
		<read echo="ascii"><delim> </delim><match><data>\x3E </data></match></read>
		<write echo="ascii"><data>BTYe9M = |"M","r66BKa","JS","huJn","Q7OjvAp"|-|"ppM4RpN","tA7wq","sk7BDA"|\n</data></write>
		<read echo="ascii"><delim> </delim><match><data>\x3E </data></match></read>
		<write echo="ascii"><data>QpXSc = 0bF5lCoMmg ~ ciI8wO\n</data></write>
		<read echo="ascii"><delim> </delim><match><data>\x3E </data></match></read>
		<write echo="ascii"><data>.p\n</data></write>
<read echo="ascii"><delim>\n</delim><match><data>OhlsK6 = |"MSkW","K"|\n</data></match></read>
<read echo="ascii"><delim>\n</delim><match><data>imM3w3a = ||\n</data></match></read>
<read echo="ascii"><delim>\n</delim><match><data>22eRdfrX = ||\n</data></match></read>
<read echo="ascii"><delim>\n</delim><match><data>wMEMn = ||\n</data></match></read>
<read echo="ascii"><delim>\n</delim><match><data>ueZUgc = |"MSkW","K"|\n</data></match></read>
<read echo="ascii"><delim>\n</delim><match><data>nzWLov = |"oUfrI","Mtp"|\n</data></match></read>
<read echo="ascii"><delim>\n</delim><match><data>ciI8wO = ||\n</data></match></read>
<read echo="ascii"><delim>\n</delim><match><data>0bF5lCoMmg = ||\n</data></match></read>
<read echo="ascii"><delim>\n</delim><match><data>IktUI = |"MSkW","K"|\n</data></match></read>
<read echo="ascii"><delim>\n</delim><match><data>BTYe9M = |"M","r66BKa","JS","huJn","Q7OjvAp"|\n</data></match></read>
<read echo="ascii"><delim>\n</delim><match><data>QpXSc = ||\n</data></match></read>
		<read echo="ascii"><delim> </delim><match><data>\x3E </data></match></read>
		<write echo="ascii"><data>.l\n</data></write>
	</replay>
</pov>
