<?xml version="1.0" standalone="no" ?>
<!DOCTYPE pov SYSTEM "/usr/share/cgc-docs/replay.dtd"><pov>
	<cbid>CROMU_00011</cbid>
	<replay>
		<read echo="ascii"><delim> </delim><match><data>\x3E </data></match></read>
		<write echo="ascii"><data>IVRsW = |"3cldk"|~|"rdBQr","3cldk","O","z7","WA","W1Sh5n","X"|\n</data></write>
		<read echo="ascii"><delim> </delim><match><data>\x3E </data></match></read>
		<write echo="ascii"><data>QlOmx = |"lGGDJwv","DTLd8P","b3yq1","y"|+|"j6usGav"|\n</data></write>
		<read echo="ascii"><delim> </delim><match><data>\x3E </data></match></read>
		<write echo="ascii"><data>RgxSb = |"bis","hXL2JU","PHnk8","7","BAg","h2J","x"|~|"se3","itq9LML","h2J","BAg","X","PuzTQA"|\n</data></write>
		<read echo="ascii"><delim> </delim><match><data>\x3E </data></match></read>
		<write echo="ascii"><data>oFRC74j = |"ae1juT","ugYStt","0ZFch","bIDANxW","pRAxQM7"|-|"p5JlJ","T","ae1juT","r","Y5v9t"|\n</data></write>
		<read echo="ascii"><delim> </delim><match><data>\x3E </data></match></read>
		<write echo="ascii"><data>kOOUV = |"wS74P1","H1","6UtqR"|+|"50t4VtS","nPQI","Y0W"|\n</data></write>
		<read echo="ascii"><delim> </delim><match><data>\x3E </data></match></read>
		<write echo="ascii"><data>5mYWMx = IVRsW ~ oFRC74j\n</data></write>
		<read echo="ascii"><delim> </delim><match><data>\x3E </data></match></read>
		<write echo="ascii"><data>rkO5I = |"v","NYV18rB","pR","UQRlq","lU","PC","qYOCi"|+|"n2FM","ieW","9V2IexG","wCwcb","qYOCi","UpUt","PC"|\n</data></write>
		<read echo="ascii"><delim> </delim><match><data>\x3E </data></match></read>
		<write echo="ascii"><data>bxJG16 = |"9niLnP","OEItaG","1aSAat","GBiysH"|^|"1aSAat","PkAyW","ccA"|\n</data></write>
		<read echo="ascii"><delim> </delim><match><data>\x3E </data></match></read>
		<write echo="ascii"><data>PqK1Q = |"rM4MIb","pEoTlk","awM","4k","oo"|^|"rM4MIb","vUf","4k","JmsmKP6","ssLr1Di","uzyrdpl"|\n</data></write>
		<read echo="ascii"><delim> </delim><match><data>\x3E </data></match></read>
		<write echo="ascii"><data>Wym8fLj = |"jcFG2TY"|+|"qzEDC","p","YrfVo","yDlt"|\n</data></write>
		<read echo="ascii"><delim> </delim><match><data>\x3E </data></match></read>
		<write echo="ascii"><data>0biS3 = Wym8fLj ~ bxJG16\n</data></write>
		<read echo="ascii"><delim> </delim><match><data>\x3E </data></match></read>
		<write echo="ascii"><data>.p\n</data></write>
<read echo="ascii"><delim>\n</delim><match><data>IVRsW = |"rdBQr","O","z7","WA","W1Sh5n","X"|\n</data></match></read>
<read echo="ascii"><delim>\n</delim><match><data>QlOmx = |"lGGDJwv","DTLd8P","b3yq1","y","j6usGav"|\n</data></match></read>
<read echo="ascii"><delim>\n</delim><match><data>RgxSb = |"bis","hXL2JU","PHnk8","7","x","se3","itq9LML","X","PuzTQA"|\n</data></match></read>
<read echo="ascii"><delim>\n</delim><match><data>oFRC74j = |"ugYStt","0ZFch","bIDANxW","pRAxQM7"|\n</data></match></read>
<read echo="ascii"><delim>\n</delim><match><data>kOOUV = |"wS74P1","H1","6UtqR","50t4VtS","nPQI","Y0W"|\n</data></match></read>
<read echo="ascii"><delim>\n</delim><match><data>5mYWMx = |"rdBQr","O","z7","WA","W1Sh5n","X","ugYStt","0ZFch","bIDANxW","pRAxQM7"|\n</data></match></read>
<read echo="ascii"><delim>\n</delim><match><data>rkO5I = |"v","NYV18rB","pR","UQRlq","lU","PC","qYOCi","n2FM","ieW","9V2IexG","wCwcb","UpUt"|\n</data></match></read>
<read echo="ascii"><delim>\n</delim><match><data>bxJG16 = |"1aSAat"|\n</data></match></read>
<read echo="ascii"><delim>\n</delim><match><data>PqK1Q = |"rM4MIb","4k"|\n</data></match></read>
<read echo="ascii"><delim>\n</delim><match><data>Wym8fLj = |"jcFG2TY","qzEDC","p","YrfVo","yDlt"|\n</data></match></read>
<read echo="ascii"><delim>\n</delim><match><data>0biS3 = |"jcFG2TY","qzEDC","p","YrfVo","yDlt","1aSAat"|\n</data></match></read>
		<read echo="ascii"><delim> </delim><match><data>\x3E </data></match></read>
		<write echo="ascii"><data>.l\n</data></write>
	</replay>
</pov>
