<?xml version="1.0" standalone="no" ?>
<!DOCTYPE pov SYSTEM "/usr/share/cgc-docs/replay.dtd"><pov>
	<cbid>CROMU_00011</cbid>
	<replay>
		<read echo="ascii"><delim> </delim><match><data>\x3E </data></match></read>
		<write echo="ascii"><data>hra2d = |"eNfPyfY","TwPnS","LyOo","mPGmSOc"|+|"mPGmSOc","kLEj","YA182","XJvCkN"|\n</data></write>
		<read echo="ascii"><delim> </delim><match><data>\x3E </data></match></read>
		<write echo="ascii"><data>jomtNRK = hra2d + hra2d\n</data></write>
		<read echo="ascii"><delim> </delim><match><data>\x3E </data></match></read>
		<write echo="ascii"><data>1Lb5xG = jomtNRK - jomtNRK\n</data></write>
		<read echo="ascii"><delim> </delim><match><data>\x3E </data></match></read>
		<write echo="ascii"><data>WionF = |"c5bHI0","BoQeP","tL5N","MUo9e"|-|"OP","tL5N","MckA654","43J","9","BoQeP","c5bHI0"|\n</data></write>
		<read echo="ascii"><delim> </delim><match><data>\x3E </data></match></read>
		<write echo="ascii"><data>rOiu1l = |"a"|+|"4qL","Yv","a"|\n</data></write>
		<read echo="ascii"><delim> </delim><match><data>\x3E </data></match></read>
		<write echo="ascii"><data>39TDB = hra2d ~ 1Lb5xG\n</data></write>
		<read echo="ascii"><delim> </delim><match><data>\x3E </data></match></read>
		<write echo="ascii"><data>t3rYSS = |"NWt","EP","xo","qXcY","Ggwt0J","dBDd2L"|~|"JzE","a8jBmsh","qXcY","4zzb","jRuqIdC"|\n</data></write>
		<read echo="ascii"><delim> </delim><match><data>\x3E </data></match></read>
		<write echo="ascii"><data>80C9sTg = jomtNRK + jomtNRK\n</data></write>
		<read echo="ascii"><delim> </delim><match><data>\x3E </data></match></read>
		<write echo="ascii"><data>ErhJX1 = hra2d - t3rYSS\n</data></write>
		<read echo="ascii"><delim> </delim><match><data>\x3E </data></match></read>
		<write echo="ascii"><data>weuA3E = |"7ky7ml3","0zgg5TD","R2Iw7","tSnerS","Tt","0v2gW4o","QfaRN7L","cZnFo","wzrtEfd"|\n</data></write>
		<read echo="ascii"><delim> </delim><match><data>\x3E </data></match></read>
		<write echo="ascii"><data>lKWjn = |"R2Iw7","Tt","tSnerS","wzrtEfd","QfaRN7L","0v2gW4o","7ky7ml3","0zgg5TD"|\n</data></write>
		<read echo="ascii"><delim> </delim><match><data>\x3E </data></match></read>
		<write echo="ascii"><data>lKWjn@weuA3E\n</data></write>
		<read echo="ascii"><delim>\n</delim><match><data>TRUE\n</data></match></read>
		<read echo="ascii"><delim> </delim><match><data>\x3E </data></match></read>
		<write echo="ascii"><data>u6hsI = 1Lb5xG ~ hra2d\n</data></write>
		<read echo="ascii"><delim> </delim><match><data>\x3E </data></match></read>
		<write echo="ascii"><data>.p\n</data></write>
<read echo="ascii"><delim>\n</delim><match><data>hra2d = |"eNfPyfY","TwPnS","LyOo","mPGmSOc","kLEj","YA182","XJvCkN"|\n</data></match></read>
<read echo="ascii"><delim>\n</delim><match><data>jomtNRK = |"eNfPyfY","TwPnS","LyOo","mPGmSOc","kLEj","YA182","XJvCkN"|\n</data></match></read>
<read echo="ascii"><delim>\n</delim><match><data>1Lb5xG = ||\n</data></match></read>
<read echo="ascii"><delim>\n</delim><match><data>WionF = |"MUo9e"|\n</data></match></read>
<read echo="ascii"><delim>\n</delim><match><data>rOiu1l = |"a","4qL","Yv"|\n</data></match></read>
<read echo="ascii"><delim>\n</delim><match><data>39TDB = |"eNfPyfY","TwPnS","LyOo","mPGmSOc","kLEj","YA182","XJvCkN"|\n</data></match></read>
<read echo="ascii"><delim>\n</delim><match><data>t3rYSS = |"NWt","EP","xo","Ggwt0J","dBDd2L","JzE","a8jBmsh","4zzb","jRuqIdC"|\n</data></match></read>
<read echo="ascii"><delim>\n</delim><match><data>80C9sTg = |"eNfPyfY","TwPnS","LyOo","mPGmSOc","kLEj","YA182","XJvCkN"|\n</data></match></read>
<read echo="ascii"><delim>\n</delim><match><data>ErhJX1 = |"eNfPyfY","TwPnS","LyOo","mPGmSOc","kLEj","YA182","XJvCkN"|\n</data></match></read>
<read echo="ascii"><delim>\n</delim><match><data>weuA3E = |"7ky7ml3","0zgg5TD","R2Iw7","tSnerS","Tt","0v2gW4o","QfaRN7L","cZnFo","wzrtEfd"|\n</data></match></read>
<read echo="ascii"><delim>\n</delim><match><data>lKWjn = |"R2Iw7","Tt","tSnerS","wzrtEfd","QfaRN7L","0v2gW4o","7ky7ml3","0zgg5TD"|\n</data></match></read>
<read echo="ascii"><delim>\n</delim><match><data>u6hsI = |"eNfPyfY","TwPnS","LyOo","mPGmSOc","kLEj","YA182","XJvCkN"|\n</data></match></read>
		<read echo="ascii"><delim> </delim><match><data>\x3E </data></match></read>
		<write echo="ascii"><data>.l\n</data></write>
	</replay>
</pov>
