<?xml version="1.0" standalone="no" ?>
<!DOCTYPE pov SYSTEM "/usr/share/cgc-docs/replay.dtd"><pov>
	<cbid>CROMU_00011</cbid>
	<replay>
		<read echo="ascii"><delim> </delim><match><data>\x3E </data></match></read>
		<write echo="ascii"><data>0mugsZN = |"WUhitS","x","ppDJfdh"|-|"F","x","rORl3d"|\n</data></write>
		<read echo="ascii"><delim> </delim><match><data>\x3E </data></match></read>
		<write echo="ascii"><data>QK4F2wZ = 0mugsZN - 0mugsZN\n</data></write>
		<read echo="ascii"><delim> </delim><match><data>\x3E </data></match></read>
		<write echo="ascii"><data>NLYOwzn = |"pxwrJsa","Zmj","ym6VP","b","qig","N"|~|"L"|\n</data></write>
		<read echo="ascii"><delim> </delim><match><data>\x3E </data></match></read>
		<write echo="ascii"><data>p6wc7 = |"OVmxy","x1","2h0Q9","FLGg","Ojjcf","HiWVTfO","FmIndjX","alFr3","bUdKH"|\n</data></write>
		<read echo="ascii"><delim> </delim><match><data>\x3E </data></match></read>
		<write echo="ascii"><data>8sRZcx = |"alFr3","MXdZiJUKqi"|\n</data></write>
		<read echo="ascii"><delim> </delim><match><data>\x3E </data></match></read>
		<write echo="ascii"><data>8sRZcx@p6wc7\n</data></write>
		<read echo="ascii"><delim>\n</delim><match><data>FALSE\n</data></match></read>
		<read echo="ascii"><delim> </delim><match><data>\x3E </data></match></read>
		<write echo="ascii"><data>dWj4CWd = NLYOwzn ~ QK4F2wZ\n</data></write>
		<read echo="ascii"><delim> </delim><match><data>\x3E </data></match></read>
		<write echo="ascii"><data>AYdmey = |"S","DCcIE","GjO","6FV96","80sFh","P","HGW"|-|"80sFh","N","n415F"|\n</data></write>
		<read echo="ascii"><delim> </delim><match><data>\x3E </data></match></read>
		<write echo="ascii"><data>kd8Ug3 = |"hKci","R","IjahkDY","G","dWJl0X","3vhvacb"|~|"T0af2","G","hKci","IEMl","R"|\n</data></write>
		<read echo="ascii"><delim> </delim><match><data>\x3E </data></match></read>
		<write echo="ascii"><data>28qqp = |"2m4oGk","6sPvY"|~|"2u0","2m4oGk","eLy7cZW","x","YxkTY9","3","DpJ"|\n</data></write>
		<read echo="ascii"><delim> </delim><match><data>\x3E </data></match></read>
		<write echo="ascii"><data>8U6kQUS = |"LVz1","q3O","IS2","NxiZcP","e7NYvs","8zOsJS","NmjC","sbL1dPf","zkT1","j8kHo9"|\n</data></write>
		<read echo="ascii"><delim> </delim><match><data>\x3E </data></match></read>
		<write echo="ascii"><data>1YjIF = |"NxiZcP","LVz1","TfDvULmDTK"|\n</data></write>
		<read echo="ascii"><delim> </delim><match><data>\x3E </data></match></read>
		<write echo="ascii"><data>1YjIF@8U6kQUS\n</data></write>
		<read echo="ascii"><delim>\n</delim><match><data>FALSE\n</data></match></read>
		<read echo="ascii"><delim> </delim><match><data>\x3E </data></match></read>
		<write echo="ascii"><data>tDSPcz = |"bewj5","N","On","KW8","EO"|-|"4mYGq","C","z7e1","p","qsQIWj3","KW8"|\n</data></write>
		<read echo="ascii"><delim> </delim><match><data>\x3E </data></match></read>
		<write echo="ascii"><data>ktYRlnZ = |"TMJfRjq","8q","id"|^|"C8","Ie5T8K"|\n</data></write>
		<read echo="ascii"><delim> </delim><match><data>\x3E </data></match></read>
		<write echo="ascii"><data>i7QoQ = tDSPcz ~ tDSPcz\n</data></write>
		<read echo="ascii"><delim> </delim><match><data>\x3E </data></match></read>
		<write echo="ascii"><data>KAbjVpi = |"PJsA","9JBcHT0","REntwmO","FdKd12U"|-|"ze4","2dTeB","PJsA","k0f"|\n</data></write>
		<read echo="ascii"><delim> </delim><match><data>\x3E </data></match></read>
		<write echo="ascii"><data>oym1T4 = |"pn","zOxaR","dM","lxWkFC","8EB","HtyyBIj","s10vS","PlnXh"|\n</data></write>
		<read echo="ascii"><delim> </delim><match><data>\x3E </data></match></read>
		<write echo="ascii"><data>2wkd2r = |"8EB","lxWkFC","dM","zOxaR","bonbT70AQY"|\n</data></write>
		<read echo="ascii"><delim> </delim><match><data>\x3E </data></match></read>
		<write echo="ascii"><data>2wkd2r@oym1T4\n</data></write>
		<read echo="ascii"><delim>\n</delim><match><data>FALSE\n</data></match></read>
		<read echo="ascii"><delim> </delim><match><data>\x3E </data></match></read>
		<write echo="ascii"><data>.p\n</data></write>
<read echo="ascii"><delim>\n</delim><match><data>0mugsZN = |"WUhitS","ppDJfdh"|\n</data></match></read>
<read echo="ascii"><delim>\n</delim><match><data>QK4F2wZ = ||\n</data></match></read>
<read echo="ascii"><delim>\n</delim><match><data>NLYOwzn = |"pxwrJsa","Zmj","ym6VP","b","qig","N","L"|\n</data></match></read>
<read echo="ascii"><delim>\n</delim><match><data>p6wc7 = |"OVmxy","x1","2h0Q9","FLGg","Ojjcf","HiWVTfO","FmIndjX","alFr3","bUdKH"|\n</data></match></read>
<read echo="ascii"><delim>\n</delim><match><data>8sRZcx = |"alFr3","MXdZiJUKqi"|\n</data></match></read>
<read echo="ascii"><delim>\n</delim><match><data>dWj4CWd = |"pxwrJsa","Zmj","ym6VP","b","qig","N","L"|\n</data></match></read>
<read echo="ascii"><delim>\n</delim><match><data>AYdmey = |"S","DCcIE","GjO","6FV96","P","HGW"|\n</data></match></read>
<read echo="ascii"><delim>\n</delim><match><data>kd8Ug3 = |"IjahkDY","dWJl0X","3vhvacb","T0af2","IEMl"|\n</data></match></read>
<read echo="ascii"><delim>\n</delim><match><data>28qqp = |"6sPvY","2u0","eLy7cZW","x","YxkTY9","3","DpJ"|\n</data></match></read>
<read echo="ascii"><delim>\n</delim><match><data>8U6kQUS = |"LVz1","q3O","IS2","NxiZcP","e7NYvs","8zOsJS","NmjC","sbL1dPf","zkT1","j8kHo9"|\n</data></match></read>
<read echo="ascii"><delim>\n</delim><match><data>1YjIF = |"NxiZcP","LVz1","TfDvULmDTK"|\n</data></match></read>
<read echo="ascii"><delim>\n</delim><match><data>tDSPcz = |"bewj5","N","On","EO"|\n</data></match></read>
<read echo="ascii"><delim>\n</delim><match><data>ktYRlnZ = ||\n</data></match></read>
<read echo="ascii"><delim>\n</delim><match><data>i7QoQ = ||\n</data></match></read>
<read echo="ascii"><delim>\n</delim><match><data>KAbjVpi = |"9JBcHT0","REntwmO","FdKd12U"|\n</data></match></read>
<read echo="ascii"><delim>\n</delim><match><data>oym1T4 = |"pn","zOxaR","dM","lxWkFC","8EB","HtyyBIj","s10vS","PlnXh"|\n</data></match></read>
<read echo="ascii"><delim>\n</delim><match><data>2wkd2r = |"8EB","lxWkFC","dM","zOxaR","bonbT70AQY"|\n</data></match></read>
		<read echo="ascii"><delim> </delim><match><data>\x3E </data></match></read>
		<write echo="ascii"><data>.l\n</data></write>
	</replay>
</pov>
