<?xml version="1.0" standalone="no" ?>
<!DOCTYPE pov SYSTEM "/usr/share/cgc-docs/replay.dtd"><pov>
	<cbid>CROMU_00011</cbid>
	<replay>
		<read echo="ascii"><delim> </delim><match><data>\x3E </data></match></read>
		<write echo="ascii"><data>q5tu2 = |"UFUFurj","ilRi","xsf","qJ"|-|"Cpj6","qJ","EOG"|\n</data></write>
		<read echo="ascii"><delim> </delim><match><data>\x3E </data></match></read>
		<write echo="ascii"><data>S9UfFD = |"qDfp","6Mc6CU","hr38","BFFNmD","yiji2ay","AuX","dC"|^|"2c28AlF","hqeg9S","dC","yiji2ay","BFFNmD"|\n</data></write>
		<read echo="ascii"><delim> </delim><match><data>\x3E </data></match></read>
		<write echo="ascii"><data>lMDbIz = q5tu2 ~ q5tu2\n</data></write>
		<read echo="ascii"><delim> </delim><match><data>\x3E </data></match></read>
		<write echo="ascii"><data>frESNH = lMDbIz + lMDbIz\n</data></write>
		<read echo="ascii"><delim> </delim><match><data>\x3E </data></match></read>
		<write echo="ascii"><data>VLoRz = |"sz0I","mkZ1f","z","JDec","qAKQQkU"|-|"Udzs","Q","TQp","l1bYt","Ek0n","2lExGIZ","KV"|\n</data></write>
		<read echo="ascii"><delim> </delim><match><data>\x3E </data></match></read>
		<write echo="ascii"><data>kWgS7r = |"wVmJIq","L","bHg1T","8","uIITupM","ltoVA"|-|"ZqyZ0","6F","W6c","sG","zLRh6"|\n</data></write>
		<read echo="ascii"><delim> </delim><match><data>\x3E </data></match></read>
		<write echo="ascii"><data>eCe5O = |"hG1Pi9i","BEH","t","vZCPN","f4S6HSt"|~|"fpDycp","Dj"|\n</data></write>
		<read echo="ascii"><delim> </delim><match><data>\x3E </data></match></read>
		<write echo="ascii"><data>PhNekyw = eCe5O ^ q5tu2\n</data></write>
		<read echo="ascii"><delim> </delim><match><data>\x3E </data></match></read>
		<write echo="ascii"><data>4YicZ = frESNH - S9UfFD\n</data></write>
		<read echo="ascii"><delim> </delim><match><data>\x3E </data></match></read>
		<write echo="ascii"><data>.p\n</data></write>
<read echo="ascii"><delim>\n</delim><match><data>q5tu2 = |"UFUFurj","ilRi","xsf"|\n</data></match></read>
<read echo="ascii"><delim>\n</delim><match><data>S9UfFD = |"BFFNmD","yiji2ay","dC"|\n</data></match></read>
<read echo="ascii"><delim>\n</delim><match><data>lMDbIz = ||\n</data></match></read>
<read echo="ascii"><delim>\n</delim><match><data>frESNH = ||\n</data></match></read>
<read echo="ascii"><delim>\n</delim><match><data>VLoRz = |"sz0I","mkZ1f","z","JDec","qAKQQkU"|\n</data></match></read>
<read echo="ascii"><delim>\n</delim><match><data>kWgS7r = |"wVmJIq","L","bHg1T","8","uIITupM","ltoVA"|\n</data></match></read>
<read echo="ascii"><delim>\n</delim><match><data>eCe5O = |"hG1Pi9i","BEH","t","vZCPN","f4S6HSt","fpDycp","Dj"|\n</data></match></read>
<read echo="ascii"><delim>\n</delim><match><data>PhNekyw = ||\n</data></match></read>
<read echo="ascii"><delim>\n</delim><match><data>4YicZ = ||\n</data></match></read>
		<read echo="ascii"><delim> </delim><match><data>\x3E </data></match></read>
		<write echo="ascii"><data>.l\n</data></write>
	</replay>
</pov>
