<?xml version="1.0" standalone="no" ?>
<!DOCTYPE pov SYSTEM "/usr/share/cgc-docs/replay.dtd"><pov>
	<cbid>CROMU_00011</cbid>
	<replay>
		<read echo="ascii"><delim> </delim><match><data>\x3E </data></match></read>
		<write echo="ascii"><data>wnf0bt = |"xzcg","UAz8","lkUw6N","zCSrs9u","iP5NOiJ","UrYvd2U","H7dJs"|^|"c4"|\n</data></write>
		<read echo="ascii"><delim> </delim><match><data>\x3E </data></match></read>
		<write echo="ascii"><data>HdIgJAO = |"sxXXNo","D7Tpr","c2","84QYfMO","KEYo","KFOUS13","mMs","pAck","os"|\n</data></write>
		<read echo="ascii"><delim> </delim><match><data>\x3E </data></match></read>
		<write echo="ascii"><data>ePHwA = |"KFOUS13"|\n</data></write>
		<read echo="ascii"><delim> </delim><match><data>\x3E </data></match></read>
		<write echo="ascii"><data>ePHwA@HdIgJAO\n</data></write>
		<read echo="ascii"><delim>\n</delim><match><data>TRUE\n</data></match></read>
		<read echo="ascii"><delim> </delim><match><data>\x3E </data></match></read>
		<write echo="ascii"><data>EK5JNt = |"Sp9wy8g","C4EhyM","pB","o8r","E1QT","eEGIZ","wvZ","NJ8DZN","6cH5"|\n</data></write>
		<read echo="ascii"><delim> </delim><match><data>\x3E </data></match></read>
		<write echo="ascii"><data>t7WmT = |"Sp9wy8g","o8r","pB"|\n</data></write>
		<read echo="ascii"><delim> </delim><match><data>\x3E </data></match></read>
		<write echo="ascii"><data>t7WmT@EK5JNt\n</data></write>
		<read echo="ascii"><delim>\n</delim><match><data>TRUE\n</data></match></read>
		<read echo="ascii"><delim> </delim><match><data>\x3E </data></match></read>
		<write echo="ascii"><data>HTiD28S = |"SRS0AL","Gn1Jp","CzDaG","WrB6","ehxf","sYp2m","Tr9S"|\n</data></write>
		<read echo="ascii"><delim> </delim><match><data>\x3E </data></match></read>
		<write echo="ascii"><data>PKvMk = |"sYp2m","ehxf","CzDaG","Y8IK66p61M"|\n</data></write>
		<read echo="ascii"><delim> </delim><match><data>\x3E </data></match></read>
		<write echo="ascii"><data>PKvMk@HTiD28S\n</data></write>
		<read echo="ascii"><delim>\n</delim><match><data>FALSE\n</data></match></read>
		<read echo="ascii"><delim> </delim><match><data>\x3E </data></match></read>
		<write echo="ascii"><data>tw6TcfB = |"f2S5t"|~|"I","G","mqA5","vWyMZH","Hx","2Exi4yG","f2S5t"|\n</data></write>
		<read echo="ascii"><delim> </delim><match><data>\x3E </data></match></read>
		<write echo="ascii"><data>SQLig = |"3TBYs","oh","rg","s0xDANO","gk"|+|"8RSoEJ","gM","oh","iDL","s0xDANO","6mnZ07r","LR80sD"|\n</data></write>
		<read echo="ascii"><delim> </delim><match><data>\x3E </data></match></read>
		<write echo="ascii"><data>BCsBR = HTiD28S + t7WmT\n</data></write>
		<read echo="ascii"><delim> </delim><match><data>\x3E </data></match></read>
		<write echo="ascii"><data>CQJx01R = t7WmT ~ EK5JNt\n</data></write>
		<read echo="ascii"><delim> </delim><match><data>\x3E </data></match></read>
		<write echo="ascii"><data>4ZQcLqU = |"dGDobM5","0y","7EmLPCO","T"|-|"XOpBv","RnL","yoC"|\n</data></write>
		<read echo="ascii"><delim> </delim><match><data>\x3E </data></match></read>
		<write echo="ascii"><data>FDYR4k = |"JbmSu","1XwYs","Mz7aghw","VFRpV"|-|"nzu","5Qr8E","n","tBYW1CC","fxAC"|\n</data></write>
		<read echo="ascii"><delim> </delim><match><data>\x3E </data></match></read>
		<write echo="ascii"><data>.p\n</data></write>
<read echo="ascii"><delim>\n</delim><match><data>wnf0bt = ||\n</data></match></read>
<read echo="ascii"><delim>\n</delim><match><data>HdIgJAO = |"sxXXNo","D7Tpr","c2","84QYfMO","KEYo","KFOUS13","mMs","pAck","os"|\n</data></match></read>
<read echo="ascii"><delim>\n</delim><match><data>ePHwA = |"KFOUS13"|\n</data></match></read>
<read echo="ascii"><delim>\n</delim><match><data>EK5JNt = |"Sp9wy8g","C4EhyM","pB","o8r","E1QT","eEGIZ","wvZ","NJ8DZN","6cH5"|\n</data></match></read>
<read echo="ascii"><delim>\n</delim><match><data>t7WmT = |"Sp9wy8g","o8r","pB"|\n</data></match></read>
<read echo="ascii"><delim>\n</delim><match><data>HTiD28S = |"SRS0AL","Gn1Jp","CzDaG","WrB6","ehxf","sYp2m","Tr9S"|\n</data></match></read>
<read echo="ascii"><delim>\n</delim><match><data>PKvMk = |"sYp2m","ehxf","CzDaG","Y8IK66p61M"|\n</data></match></read>
<read echo="ascii"><delim>\n</delim><match><data>tw6TcfB = |"I","G","mqA5","vWyMZH","Hx","2Exi4yG"|\n</data></match></read>
<read echo="ascii"><delim>\n</delim><match><data>SQLig = |"3TBYs","oh","rg","s0xDANO","gk","8RSoEJ","gM","iDL","6mnZ07r","LR80sD"|\n</data></match></read>
<read echo="ascii"><delim>\n</delim><match><data>BCsBR = |"SRS0AL","Gn1Jp","CzDaG","WrB6","ehxf","sYp2m","Tr9S","Sp9wy8g","o8r","pB"|\n</data></match></read>
<read echo="ascii"><delim>\n</delim><match><data>CQJx01R = |"C4EhyM","E1QT","eEGIZ","wvZ","NJ8DZN","6cH5"|\n</data></match></read>
<read echo="ascii"><delim>\n</delim><match><data>4ZQcLqU = |"dGDobM5","0y","7EmLPCO","T"|\n</data></match></read>
<read echo="ascii"><delim>\n</delim><match><data>FDYR4k = |"JbmSu","1XwYs","Mz7aghw","VFRpV"|\n</data></match></read>
		<read echo="ascii"><delim> </delim><match><data>\x3E </data></match></read>
		<write echo="ascii"><data>.l\n</data></write>
	</replay>
</pov>
