<?xml version="1.0" standalone="no" ?>
<!DOCTYPE pov SYSTEM "/usr/share/cgc-docs/replay.dtd"><pov>
	<cbid>CROMU_00011</cbid>
	<replay>
		<read echo="ascii"><delim> </delim><match><data>\x3E </data></match></read>
		<write echo="ascii"><data>zDs1Tz = |"eQt","5","Sg2X"|+|"IQNqTp","JeFq"|\n</data></write>
		<read echo="ascii"><delim> </delim><match><data>\x3E </data></match></read>
		<write echo="ascii"><data>QBT50aB = |"DO","y0U82AR","VGD","zoVVSW","qupXL","Qe","V4cMkS","sbnLk","g2uaOE"|\n</data></write>
		<read echo="ascii"><delim> </delim><match><data>\x3E </data></match></read>
		<write echo="ascii"><data>sbqJLv = |"qupXL","zoVVSW","Qe","VGD","g2uaOE","y0U82AR","sbnLk","V4cMkS"|\n</data></write>
		<read echo="ascii"><delim> </delim><match><data>\x3E </data></match></read>
		<write echo="ascii"><data>sbqJLv@QBT50aB\n</data></write>
		<read echo="ascii"><delim>\n</delim><match><data>TRUE\n</data></match></read>
		<read echo="ascii"><delim> </delim><match><data>\x3E </data></match></read>
		<write echo="ascii"><data>3I4nD = |"XWfZ","ozdm","xvY","falMsEs","MRljW","sr","YYlAh","2y3c","ya","7cTX"|\n</data></write>
		<read echo="ascii"><delim> </delim><match><data>\x3E </data></match></read>
		<write echo="ascii"><data>Q6TBCQ3 = |"YYlAh","XWfZ","xvY","falMsEs","sr","7cTX"|\n</data></write>
		<read echo="ascii"><delim> </delim><match><data>\x3E </data></match></read>
		<write echo="ascii"><data>Q6TBCQ3@3I4nD\n</data></write>
		<read echo="ascii"><delim>\n</delim><match><data>TRUE\n</data></match></read>
		<read echo="ascii"><delim> </delim><match><data>\x3E </data></match></read>
		<write echo="ascii"><data>4G8nM = zDs1Tz - QBT50aB\n</data></write>
		<read echo="ascii"><delim> </delim><match><data>\x3E </data></match></read>
		<write echo="ascii"><data>HK8fl = |"BZKEs","l","6"|+|"VUjIB","EP"|\n</data></write>
		<read echo="ascii"><delim> </delim><match><data>\x3E </data></match></read>
		<write echo="ascii"><data>yv5ovH = |"TDMJCw5","aJBH25h","Qv","LE","43q","itsU","mJn"|~|"o2FL","sugQj","5mQ","mJn","VmFg","Qv"|\n</data></write>
		<read echo="ascii"><delim> </delim><match><data>\x3E </data></match></read>
		<write echo="ascii"><data>796KfYb = |"pm","4LE"|+|"o9QzUe","pm","od","ePMl"|\n</data></write>
		<read echo="ascii"><delim> </delim><match><data>\x3E </data></match></read>
		<write echo="ascii"><data>B40PyLk = HK8fl ~ zDs1Tz\n</data></write>
		<read echo="ascii"><delim> </delim><match><data>\x3E </data></match></read>
		<write echo="ascii"><data>vKCFX = |"cb9X9PM","dze","8qcUTP"|-|"YGt","cb9X9PM","YHApPfb","Ub"|\n</data></write>
		<read echo="ascii"><delim> </delim><match><data>\x3E </data></match></read>
		<write echo="ascii"><data>.p\n</data></write>
<read echo="ascii"><delim>\n</delim><match><data>zDs1Tz = |"eQt","5","Sg2X","IQNqTp","JeFq"|\n</data></match></read>
<read echo="ascii"><delim>\n</delim><match><data>QBT50aB = |"DO","y0U82AR","VGD","zoVVSW","qupXL","Qe","V4cMkS","sbnLk","g2uaOE"|\n</data></match></read>
<read echo="ascii"><delim>\n</delim><match><data>sbqJLv = |"qupXL","zoVVSW","Qe","VGD","g2uaOE","y0U82AR","sbnLk","V4cMkS"|\n</data></match></read>
<read echo="ascii"><delim>\n</delim><match><data>3I4nD = |"XWfZ","ozdm","xvY","falMsEs","MRljW","sr","YYlAh","2y3c","ya","7cTX"|\n</data></match></read>
<read echo="ascii"><delim>\n</delim><match><data>Q6TBCQ3 = |"YYlAh","XWfZ","xvY","falMsEs","sr","7cTX"|\n</data></match></read>
<read echo="ascii"><delim>\n</delim><match><data>4G8nM = |"eQt","5","Sg2X","IQNqTp","JeFq"|\n</data></match></read>
<read echo="ascii"><delim>\n</delim><match><data>HK8fl = |"BZKEs","l","6","VUjIB","EP"|\n</data></match></read>
<read echo="ascii"><delim>\n</delim><match><data>yv5ovH = |"TDMJCw5","aJBH25h","LE","43q","itsU","o2FL","sugQj","5mQ","VmFg"|\n</data></match></read>
<read echo="ascii"><delim>\n</delim><match><data>796KfYb = |"pm","4LE","o9QzUe","od","ePMl"|\n</data></match></read>
<read echo="ascii"><delim>\n</delim><match><data>B40PyLk = |"BZKEs","l","6","VUjIB","EP","eQt","5","Sg2X","IQNqTp","JeFq"|\n</data></match></read>
<read echo="ascii"><delim>\n</delim><match><data>vKCFX = |"dze","8qcUTP"|\n</data></match></read>
		<read echo="ascii"><delim> </delim><match><data>\x3E </data></match></read>
		<write echo="ascii"><data>.l\n</data></write>
	</replay>
</pov>
