<?xml version="1.0" standalone="no" ?>
<!DOCTYPE pov SYSTEM "/usr/share/cgc-docs/replay.dtd"><pov>
	<cbid>CROMU_00011</cbid>
	<replay>
		<read echo="ascii"><delim> </delim><match><data>\x3E </data></match></read>
		<write echo="ascii"><data>8IXf16 = |"y"|+|"HGq","StZp","6ZGnr","vFm","RTXff6a","Jbphomm","QkBDduL"|\n</data></write>
		<read echo="ascii"><delim> </delim><match><data>\x3E </data></match></read>
		<write echo="ascii"><data>JmjqL = 8IXf16 - 8IXf16\n</data></write>
		<read echo="ascii"><delim> </delim><match><data>\x3E </data></match></read>
		<write echo="ascii"><data>7YJyr = |"eU","O4v","fRz4BWY","LjCs","PizmeQ0","XU","gUx","LzMX9"|\n</data></write>
		<read echo="ascii"><delim> </delim><match><data>\x3E </data></match></read>
		<write echo="ascii"><data>ZlGFYv = |"PizmeQ0","LzMX9","DZHmmrtfrL"|\n</data></write>
		<read echo="ascii"><delim> </delim><match><data>\x3E </data></match></read>
		<write echo="ascii"><data>ZlGFYv@7YJyr\n</data></write>
		<read echo="ascii"><delim>\n</delim><match><data>FALSE\n</data></match></read>
		<read echo="ascii"><delim> </delim><match><data>\x3E </data></match></read>
		<write echo="ascii"><data>iobZCs = |"pX","i8","wxHth","eQ"|-|"G0bT","55","EOUQ","LxOc8XP"|\n</data></write>
		<read echo="ascii"><delim> </delim><match><data>\x3E </data></match></read>
		<write echo="ascii"><data>ncwH07 = |"Gq","ZtIA","aq5ZSCX","i2lWE","a0AUFc","3PJarvE"|^|"vawfK","byJ9","a5A","QF"|\n</data></write>
		<read echo="ascii"><delim> </delim><match><data>\x3E </data></match></read>
		<write echo="ascii"><data>oo7PPrF = iobZCs + ncwH07\n</data></write>
		<read echo="ascii"><delim> </delim><match><data>\x3E </data></match></read>
		<write echo="ascii"><data>aFbFV = |"Tj","INIen","N","6q9Mn0k","RZxRqG","aNd5Ax","tgH"|+|"B7HBl"|\n</data></write>
		<read echo="ascii"><delim> </delim><match><data>\x3E </data></match></read>
		<write echo="ascii"><data>B5n9n9AyJ = iobZCs ^ aFbFV\n</data></write>
		<read echo="ascii"><delim> </delim><match><data>\x3E </data></match></read>
		<write echo="ascii"><data>URWlB = ZlGFYv ~ 8IXf16\n</data></write>
		<read echo="ascii"><delim> </delim><match><data>\x3E </data></match></read>
		<write echo="ascii"><data>PPIqIt = |"frrlR14","ExEo8nX"|~|"Z1","SIePAUH","vKuxU","vbERhIc"|\n</data></write>
		<read echo="ascii"><delim> </delim><match><data>\x3E </data></match></read>
		<write echo="ascii"><data>e6Xt12a = |"YTYrd4d","LV4Uj0Q","RAK","5N"|~|"RAK","jtpN9N","SjfnmN","UccyI","nDX"|\n</data></write>
		<read echo="ascii"><delim> </delim><match><data>\x3E </data></match></read>
		<write echo="ascii"><data>e9421Y = oo7PPrF + iobZCs\n</data></write>
		<read echo="ascii"><delim> </delim><match><data>\x3E </data></match></read>
		<write echo="ascii"><data>hh4Kl = 7YJyr ~ JmjqL\n</data></write>
		<read echo="ascii"><delim> </delim><match><data>\x3E </data></match></read>
		<write echo="ascii"><data>lFTrf = URWlB - hh4Kl\n</data></write>
		<read echo="ascii"><delim> </delim><match><data>\x3E </data></match></read>
		<write echo="ascii"><data>.p\n</data></write>
<read echo="ascii"><delim>\n</delim><match><data>8IXf16 = |"y","HGq","StZp","6ZGnr","vFm","RTXff6a","Jbphomm","QkBDduL"|\n</data></match></read>
<read echo="ascii"><delim>\n</delim><match><data>JmjqL = ||\n</data></match></read>
<read echo="ascii"><delim>\n</delim><match><data>7YJyr = |"eU","O4v","fRz4BWY","LjCs","PizmeQ0","XU","gUx","LzMX9"|\n</data></match></read>
<read echo="ascii"><delim>\n</delim><match><data>ZlGFYv = |"PizmeQ0","LzMX9","DZHmmrtfrL"|\n</data></match></read>
<read echo="ascii"><delim>\n</delim><match><data>iobZCs = |"pX","i8","wxHth","eQ"|\n</data></match></read>
<read echo="ascii"><delim>\n</delim><match><data>ncwH07 = ||\n</data></match></read>
<read echo="ascii"><delim>\n</delim><match><data>oo7PPrF = |"pX","i8","wxHth","eQ"|\n</data></match></read>
<read echo="ascii"><delim>\n</delim><match><data>aFbFV = |"Tj","INIen","N","6q9Mn0k","RZxRqG","aNd5Ax","tgH","B7HBl"|\n</data></match></read>
<read echo="ascii"><delim>\n</delim><match><data>B5n9n9AyJ = ||\n</data></match></read>
<read echo="ascii"><delim>\n</delim><match><data>URWlB = |"PizmeQ0","LzMX9","DZHmmrtfrL","y","HGq","StZp","6ZGnr","vFm","RTXff6a","Jbphomm","QkBDduL"|\n</data></match></read>
<read echo="ascii"><delim>\n</delim><match><data>PPIqIt = |"frrlR14","ExEo8nX","Z1","SIePAUH","vKuxU","vbERhIc"|\n</data></match></read>
<read echo="ascii"><delim>\n</delim><match><data>e6Xt12a = |"YTYrd4d","LV4Uj0Q","5N","jtpN9N","SjfnmN","UccyI","nDX"|\n</data></match></read>
<read echo="ascii"><delim>\n</delim><match><data>e9421Y = |"pX","i8","wxHth","eQ"|\n</data></match></read>
<read echo="ascii"><delim>\n</delim><match><data>hh4Kl = |"eU","O4v","fRz4BWY","LjCs","PizmeQ0","XU","gUx","LzMX9"|\n</data></match></read>
<read echo="ascii"><delim>\n</delim><match><data>lFTrf = |"DZHmmrtfrL","y","HGq","StZp","6ZGnr","vFm","RTXff6a","Jbphomm","QkBDduL"|\n</data></match></read>
		<read echo="ascii"><delim> </delim><match><data>\x3E </data></match></read>
		<write echo="ascii"><data>.l\n</data></write>
	</replay>
</pov>
