<?xml version="1.0" standalone="no" ?>
<!DOCTYPE pov SYSTEM "/usr/share/cgc-docs/replay.dtd"><pov>
	<cbid>CROMU_00011</cbid>
	<replay>
		<read echo="ascii"><delim> </delim><match><data>\x3E </data></match></read>
		<write echo="ascii"><data>I8jawNH = |"nY4zc","MJWrMrN","sET","hT3","Oe4LJ","M1m"|\n</data></write>
		<read echo="ascii"><delim> </delim><match><data>\x3E </data></match></read>
		<write echo="ascii"><data>HZ9wRZ = |"hT3","Oe4LJ","sET","nY4zc","aR5XtR9qb2"|\n</data></write>
		<read echo="ascii"><delim> </delim><match><data>\x3E </data></match></read>
		<write echo="ascii"><data>HZ9wRZ@I8jawNH\n</data></write>
		<read echo="ascii"><delim>\n</delim><match><data>FALSE\n</data></match></read>
		<read echo="ascii"><delim> </delim><match><data>\x3E </data></match></read>
		<write echo="ascii"><data>UKstgw7 = I8jawNH - I8jawNH\n</data></write>
		<read echo="ascii"><delim> </delim><match><data>\x3E </data></match></read>
		<write echo="ascii"><data>ds8lNT = |"f5k4d8","KnDjBK","Oh1q","Lf","1A0J","zR","9Z"|~|"G8","KnDjBK","2Yfv","QVS5KV4"|\n</data></write>
		<read echo="ascii"><delim> </delim><match><data>\x3E </data></match></read>
		<write echo="ascii"><data>BVl9JxC = I8jawNH - ds8lNT\n</data></write>
		<read echo="ascii"><delim> </delim><match><data>\x3E </data></match></read>
		<write echo="ascii"><data>i0ALSi = ds8lNT - HZ9wRZ\n</data></write>
		<read echo="ascii"><delim> </delim><match><data>\x3E </data></match></read>
		<write echo="ascii"><data>qkANP8 = BVl9JxC + ds8lNT\n</data></write>
		<read echo="ascii"><delim> </delim><match><data>\x3E </data></match></read>
		<write echo="ascii"><data>MXw6uq6 = |"BGJ5","R6f9t","ApSv","p5PL","J9iQ7Q","b8"|^|"dkP9","7BL","b8","ApSv","R6f9t","8r3enY","9Wo"|\n</data></write>
		<read echo="ascii"><delim> </delim><match><data>\x3E </data></match></read>
		<write echo="ascii"><data>Xz120q = |"sgvd","aS0zC"|~|"k1jGSh","tzdk","B","pZ4w9PM"|\n</data></write>
		<read echo="ascii"><delim> </delim><match><data>\x3E </data></match></read>
		<write echo="ascii"><data>vEMvd = |"wf","yvSjk","IURKvl","Ak3U1","jQ","cxxqLA0"|\n</data></write>
		<read echo="ascii"><delim> </delim><match><data>\x3E </data></match></read>
		<write echo="ascii"><data>4ILKyH = |"Ak3U1"|\n</data></write>
		<read echo="ascii"><delim> </delim><match><data>\x3E </data></match></read>
		<write echo="ascii"><data>4ILKyH@vEMvd\n</data></write>
		<read echo="ascii"><delim>\n</delim><match><data>TRUE\n</data></match></read>
		<read echo="ascii"><delim> </delim><match><data>\x3E </data></match></read>
		<write echo="ascii"><data>6JCHY2 = |"nhzbk"|~|"IvqT","c4","BloKfxO","P15","ZvRaAx"|\n</data></write>
		<read echo="ascii"><delim> </delim><match><data>\x3E </data></match></read>
		<write echo="ascii"><data>.p\n</data></write>
<read echo="ascii"><delim>\n</delim><match><data>I8jawNH = |"nY4zc","MJWrMrN","sET","hT3","Oe4LJ","M1m"|\n</data></match></read>
<read echo="ascii"><delim>\n</delim><match><data>HZ9wRZ = |"hT3","Oe4LJ","sET","nY4zc","aR5XtR9qb2"|\n</data></match></read>
<read echo="ascii"><delim>\n</delim><match><data>UKstgw7 = ||\n</data></match></read>
<read echo="ascii"><delim>\n</delim><match><data>ds8lNT = |"f5k4d8","Oh1q","Lf","1A0J","zR","9Z","G8","2Yfv","QVS5KV4"|\n</data></match></read>
<read echo="ascii"><delim>\n</delim><match><data>BVl9JxC = |"nY4zc","MJWrMrN","sET","hT3","Oe4LJ","M1m"|\n</data></match></read>
<read echo="ascii"><delim>\n</delim><match><data>i0ALSi = |"f5k4d8","Oh1q","Lf","1A0J","zR","9Z","G8","2Yfv","QVS5KV4"|\n</data></match></read>
<read echo="ascii"><delim>\n</delim><match><data>qkANP8 = |"nY4zc","MJWrMrN","sET","hT3","Oe4LJ","M1m","f5k4d8","Oh1q","Lf","1A0J","zR","9Z","G8","2Yfv","QVS5KV4"|\n</data></match></read>
<read echo="ascii"><delim>\n</delim><match><data>MXw6uq6 = |"R6f9t","ApSv","b8"|\n</data></match></read>
<read echo="ascii"><delim>\n</delim><match><data>Xz120q = |"sgvd","aS0zC","k1jGSh","tzdk","B","pZ4w9PM"|\n</data></match></read>
<read echo="ascii"><delim>\n</delim><match><data>vEMvd = |"wf","yvSjk","IURKvl","Ak3U1","jQ","cxxqLA0"|\n</data></match></read>
<read echo="ascii"><delim>\n</delim><match><data>4ILKyH = |"Ak3U1"|\n</data></match></read>
<read echo="ascii"><delim>\n</delim><match><data>6JCHY2 = |"nhzbk","IvqT","c4","BloKfxO","P15","ZvRaAx"|\n</data></match></read>
		<read echo="ascii"><delim> </delim><match><data>\x3E </data></match></read>
		<write echo="ascii"><data>.l\n</data></write>
	</replay>
</pov>
