<?xml version="1.0" standalone="no" ?>
<!DOCTYPE pov SYSTEM "/usr/share/cgc-docs/replay.dtd"><pov>
	<cbid>CROMU_00011</cbid>
	<replay>
		<read echo="ascii"><delim> </delim><match><data>\x3E </data></match></read>
		<write echo="ascii"><data>tBhAPe = |"tFtkS","LK","Bw","nA","X"|~|"qQrqfwH","Zc","G","w1"|\n</data></write>
		<read echo="ascii"><delim> </delim><match><data>\x3E </data></match></read>
		<write echo="ascii"><data>KUOTqy = |"86GYlMo","K","y","U","xNHZtND"|-|"Y4aJQ09","8mNjw9C","Dskbh0","Ii2P","o"|\n</data></write>
		<read echo="ascii"><delim> </delim><match><data>\x3E </data></match></read>
		<write echo="ascii"><data>aaJWi = KUOTqy + KUOTqy\n</data></write>
		<read echo="ascii"><delim> </delim><match><data>\x3E </data></match></read>
		<write echo="ascii"><data>AjdPZp3 = |"cS3Ro","7qklhzk","E","Le","1b2G","yX","Xl33ts"|+|"HRb60le","n","1b2G","NnqkE","JczU"|\n</data></write>
		<read echo="ascii"><delim> </delim><match><data>\x3E </data></match></read>
		<write echo="ascii"><data>Etdv4U = aaJWi + aaJWi\n</data></write>
		<read echo="ascii"><delim> </delim><match><data>\x3E </data></match></read>
		<write echo="ascii"><data>JwnOSQB = tBhAPe ~ aaJWi\n</data></write>
		<read echo="ascii"><delim> </delim><match><data>\x3E </data></match></read>
		<write echo="ascii"><data>styyi = |"6VNsnxj","E5PRW"|^|"4UsYB","KW53OB0"|\n</data></write>
		<read echo="ascii"><delim> </delim><match><data>\x3E </data></match></read>
		<write echo="ascii"><data>urj4W = |"Pw","n5qHVk","N9iyVd","Bv","gedO","8HND"|~|"OY","7S"|\n</data></write>
		<read echo="ascii"><delim> </delim><match><data>\x3E </data></match></read>
		<write echo="ascii"><data>ZcpM0 = |"6d","S0L","BlEPxh","Lr","CZg","9K","zTum"|\n</data></write>
		<read echo="ascii"><delim> </delim><match><data>\x3E </data></match></read>
		<write echo="ascii"><data>97z6x2g = |"BlEPxh","6d","9K","2kT8eNuTvK"|\n</data></write>
		<read echo="ascii"><delim> </delim><match><data>\x3E </data></match></read>
		<write echo="ascii"><data>97z6x2g@ZcpM0\n</data></write>
		<read echo="ascii"><delim>\n</delim><match><data>FALSE\n</data></match></read>
		<read echo="ascii"><delim> </delim><match><data>\x3E </data></match></read>
		<write echo="ascii"><data>kLOUscE = |"Kyd","uFEfxMe","R0Uo5op","tMEIGvj","oJ4","xmo6U"|+|"k","s","V","4uub","8udCB","i2T","Cm"|\n</data></write>
		<read echo="ascii"><delim> </delim><match><data>\x3E </data></match></read>
		<write echo="ascii"><data>lo8Yy = kLOUscE + kLOUscE\n</data></write>
		<read echo="ascii"><delim> </delim><match><data>\x3E </data></match></read>
		<write echo="ascii"><data>7G661nk = |"B5","AYEjpM","mEBwQpU","vUbpX5"|-|"rS","q","Sk"|\n</data></write>
		<read echo="ascii"><delim> </delim><match><data>\x3E </data></match></read>
		<write echo="ascii"><data>G8uEx = |"NfCSzFv","xQ","de"|-|"l","AYaP","N","t","yg","VQyihGT","NfCSzFv"|\n</data></write>
		<read echo="ascii"><delim> </delim><match><data>\x3E </data></match></read>
		<write echo="ascii"><data>.p\n</data></write>
<read echo="ascii"><delim>\n</delim><match><data>tBhAPe = |"tFtkS","LK","Bw","nA","X","qQrqfwH","Zc","G","w1"|\n</data></match></read>
<read echo="ascii"><delim>\n</delim><match><data>KUOTqy = |"86GYlMo","K","y","U","xNHZtND"|\n</data></match></read>
<read echo="ascii"><delim>\n</delim><match><data>aaJWi = |"86GYlMo","K","y","U","xNHZtND"|\n</data></match></read>
<read echo="ascii"><delim>\n</delim><match><data>AjdPZp3 = |"cS3Ro","7qklhzk","E","Le","1b2G","yX","Xl33ts","HRb60le","n","NnqkE","JczU"|\n</data></match></read>
<read echo="ascii"><delim>\n</delim><match><data>Etdv4U = |"86GYlMo","K","y","U","xNHZtND"|\n</data></match></read>
<read echo="ascii"><delim>\n</delim><match><data>JwnOSQB = |"tFtkS","LK","Bw","nA","X","qQrqfwH","Zc","G","w1","86GYlMo","K","y","U","xNHZtND"|\n</data></match></read>
<read echo="ascii"><delim>\n</delim><match><data>styyi = ||\n</data></match></read>
<read echo="ascii"><delim>\n</delim><match><data>urj4W = |"Pw","n5qHVk","N9iyVd","Bv","gedO","8HND","OY","7S"|\n</data></match></read>
<read echo="ascii"><delim>\n</delim><match><data>ZcpM0 = |"6d","S0L","BlEPxh","Lr","CZg","9K","zTum"|\n</data></match></read>
<read echo="ascii"><delim>\n</delim><match><data>97z6x2g = |"BlEPxh","6d","9K","2kT8eNuTvK"|\n</data></match></read>
<read echo="ascii"><delim>\n</delim><match><data>kLOUscE = |"Kyd","uFEfxMe","R0Uo5op","tMEIGvj","oJ4","xmo6U","k","s","V","4uub","8udCB","i2T","Cm"|\n</data></match></read>
<read echo="ascii"><delim>\n</delim><match><data>lo8Yy = |"Kyd","uFEfxMe","R0Uo5op","tMEIGvj","oJ4","xmo6U","k","s","V","4uub","8udCB","i2T","Cm"|\n</data></match></read>
<read echo="ascii"><delim>\n</delim><match><data>7G661nk = |"B5","AYEjpM","mEBwQpU","vUbpX5"|\n</data></match></read>
<read echo="ascii"><delim>\n</delim><match><data>G8uEx = |"xQ","de"|\n</data></match></read>
		<read echo="ascii"><delim> </delim><match><data>\x3E </data></match></read>
		<write echo="ascii"><data>.l\n</data></write>
	</replay>
</pov>
