<?xml version="1.0" standalone="no" ?>
<!DOCTYPE pov SYSTEM "/usr/share/cgc-docs/replay.dtd"><pov>
	<cbid>CROMU_00011</cbid>
	<replay>
		<read echo="ascii"><delim> </delim><match><data>\x3E </data></match></read>
		<write echo="ascii"><data>39gIt = |"KJDzx","rpXpX","K","5","fn1cpL","azH","KA"|~|"HOxme4A","CvWUB","M6","ZHh","5"|\n</data></write>
		<read echo="ascii"><delim> </delim><match><data>\x3E </data></match></read>
		<write echo="ascii"><data>IS7xy = 39gIt ^ 39gIt\n</data></write>
		<read echo="ascii"><delim> </delim><match><data>\x3E </data></match></read>
		<write echo="ascii"><data>X5Amg = |"qS","zBPN","dWWhag3","HJj"|-|"qS","HJj","xI6AjD5","Tac","po7xrC"|\n</data></write>
		<read echo="ascii"><delim> </delim><match><data>\x3E </data></match></read>
		<write echo="ascii"><data>JBGsEy2 = |"Npb7","vllJ5","RamJ","1KGwFp","xe","20jESt","jUBQs","LLez","xcP"|\n</data></write>
		<read echo="ascii"><delim> </delim><match><data>\x3E </data></match></read>
		<write echo="ascii"><data>nsmjp = |"RamJ"|\n</data></write>
		<read echo="ascii"><delim> </delim><match><data>\x3E </data></match></read>
		<write echo="ascii"><data>nsmjp@JBGsEy2\n</data></write>
		<read echo="ascii"><delim>\n</delim><match><data>TRUE\n</data></match></read>
		<read echo="ascii"><delim> </delim><match><data>\x3E </data></match></read>
		<write echo="ascii"><data>Wm7hN = |"5HVMr","o","f","kJ","XuJ7JD"|-|"o","cV4YLh7","7poibN"|\n</data></write>
		<read echo="ascii"><delim> </delim><match><data>\x3E </data></match></read>
		<write echo="ascii"><data>RASFL = X5Amg + X5Amg\n</data></write>
		<read echo="ascii"><delim> </delim><match><data>\x3E </data></match></read>
		<write echo="ascii"><data>fKxJypM = 39gIt ~ nsmjp\n</data></write>
		<read echo="ascii"><delim> </delim><match><data>\x3E </data></match></read>
		<write echo="ascii"><data>hF4ILQs = |"eHC5","3tdo","S","f","bemZjid","uS"|-|"t","VMWUYw7","H","f","ixIiTo"|\n</data></write>
		<read echo="ascii"><delim> </delim><match><data>\x3E </data></match></read>
		<write echo="ascii"><data>RKC3XTl = |"TcbP","BTwIhw","d9qeJL","35rnP","a3UiFJo","aZP6IV"|-|"jQp5","a3UiFJo","jjQcXos"|\n</data></write>
		<read echo="ascii"><delim> </delim><match><data>\x3E </data></match></read>
		<write echo="ascii"><data>TKdBaO = |"EDNG","4sck","ZqH","t1wBew","Cq"|-|"opP0M","5a7","4S27T","aBOKf"|\n</data></write>
		<read echo="ascii"><delim> </delim><match><data>\x3E </data></match></read>
		<write echo="ascii"><data>utuPcL = RASFL ^ fKxJypM\n</data></write>
		<read echo="ascii"><delim> </delim><match><data>\x3E </data></match></read>
		<write echo="ascii"><data>.p\n</data></write>
<read echo="ascii"><delim>\n</delim><match><data>39gIt = |"KJDzx","rpXpX","K","fn1cpL","azH","KA","HOxme4A","CvWUB","M6","ZHh"|\n</data></match></read>
<read echo="ascii"><delim>\n</delim><match><data>IS7xy = |"KJDzx","rpXpX","K","fn1cpL","azH","KA","HOxme4A","CvWUB","M6","ZHh"|\n</data></match></read>
<read echo="ascii"><delim>\n</delim><match><data>X5Amg = |"zBPN","dWWhag3"|\n</data></match></read>
<read echo="ascii"><delim>\n</delim><match><data>JBGsEy2 = |"Npb7","vllJ5","RamJ","1KGwFp","xe","20jESt","jUBQs","LLez","xcP"|\n</data></match></read>
<read echo="ascii"><delim>\n</delim><match><data>nsmjp = |"RamJ"|\n</data></match></read>
<read echo="ascii"><delim>\n</delim><match><data>Wm7hN = |"5HVMr","f","kJ","XuJ7JD"|\n</data></match></read>
<read echo="ascii"><delim>\n</delim><match><data>RASFL = |"zBPN","dWWhag3"|\n</data></match></read>
<read echo="ascii"><delim>\n</delim><match><data>fKxJypM = |"KJDzx","rpXpX","K","fn1cpL","azH","KA","HOxme4A","CvWUB","M6","ZHh","RamJ"|\n</data></match></read>
<read echo="ascii"><delim>\n</delim><match><data>hF4ILQs = |"eHC5","3tdo","S","bemZjid","uS"|\n</data></match></read>
<read echo="ascii"><delim>\n</delim><match><data>RKC3XTl = |"TcbP","BTwIhw","d9qeJL","35rnP","aZP6IV"|\n</data></match></read>
<read echo="ascii"><delim>\n</delim><match><data>TKdBaO = |"EDNG","4sck","ZqH","t1wBew","Cq"|\n</data></match></read>
<read echo="ascii"><delim>\n</delim><match><data>utuPcL = ||\n</data></match></read>
		<read echo="ascii"><delim> </delim><match><data>\x3E </data></match></read>
		<write echo="ascii"><data>.l\n</data></write>
	</replay>
</pov>
