<?xml version="1.0" standalone="no" ?>
<!DOCTYPE pov SYSTEM "/usr/share/cgc-docs/replay.dtd"><pov>
	<cbid>CROMU_00011</cbid>
	<replay>
		<read echo="ascii"><delim> </delim><match><data>\x3E </data></match></read>
		<write echo="ascii"><data>owL74gW = |"rxaQ"|^|"6T06V","uZ3B37","xYHD","1q","21"|\n</data></write>
		<read echo="ascii"><delim> </delim><match><data>\x3E </data></match></read>
		<write echo="ascii"><data>aJIicQ = |"ug","o6K","NwVd","MK","Bn","EQCO","LfMFt4f","uPw3ys6","p9t"|\n</data></write>
		<read echo="ascii"><delim> </delim><match><data>\x3E </data></match></read>
		<write echo="ascii"><data>R5uDkF = |"MK","EQCO","o6K","Bn","eNKPOjtvvD"|\n</data></write>
		<read echo="ascii"><delim> </delim><match><data>\x3E </data></match></read>
		<write echo="ascii"><data>R5uDkF@aJIicQ\n</data></write>
		<read echo="ascii"><delim>\n</delim><match><data>FALSE\n</data></match></read>
		<read echo="ascii"><delim> </delim><match><data>\x3E </data></match></read>
		<write echo="ascii"><data>4ylNE = aJIicQ - R5uDkF\n</data></write>
		<read echo="ascii"><delim> </delim><match><data>\x3E </data></match></read>
		<write echo="ascii"><data>NLJYBYR = |"IbYguI","JcFfpl","7","HXO"|-|"rJhBOSe","BYy","RvXl"|\n</data></write>
		<read echo="ascii"><delim> </delim><match><data>\x3E </data></match></read>
		<write echo="ascii"><data>8NZIB5sWM = R5uDkF ^ owL74gW\n</data></write>
		<read echo="ascii"><delim> </delim><match><data>\x3E </data></match></read>
		<write echo="ascii"><data>hEUS9Na = 8NZIB5sWM - owL74gW\n</data></write>
		<read echo="ascii"><delim> </delim><match><data>\x3E </data></match></read>
		<write echo="ascii"><data>a0VXsl6 = |"HD1d91","soSQ"|+|"4jcH","5Zc","soSQ","PHQZwnq","VVc2H"|\n</data></write>
		<read echo="ascii"><delim> </delim><match><data>\x3E </data></match></read>
		<write echo="ascii"><data>LuZ0G = R5uDkF ~ R5uDkF\n</data></write>
		<read echo="ascii"><delim> </delim><match><data>\x3E </data></match></read>
		<write echo="ascii"><data>ikVM6 = 4ylNE ~ R5uDkF\n</data></write>
		<read echo="ascii"><delim> </delim><match><data>\x3E </data></match></read>
		<write echo="ascii"><data>aTqTcvg = aJIicQ + a0VXsl6\n</data></write>
		<read echo="ascii"><delim> </delim><match><data>\x3E </data></match></read>
		<write echo="ascii"><data>4FzAXhq = |"UxJ1p","R2sq","mZ","UlDV0","SWp","ZOFK0d","Oy","QW","mKT"|\n</data></write>
		<read echo="ascii"><delim> </delim><match><data>\x3E </data></match></read>
		<write echo="ascii"><data>Q7vdlNc = |"mKT","R2sq","Oy","UxJ1p","mZ","SWp"|\n</data></write>
		<read echo="ascii"><delim> </delim><match><data>\x3E </data></match></read>
		<write echo="ascii"><data>Q7vdlNc@4FzAXhq\n</data></write>
		<read echo="ascii"><delim>\n</delim><match><data>TRUE\n</data></match></read>
		<read echo="ascii"><delim> </delim><match><data>\x3E </data></match></read>
		<write echo="ascii"><data>FRe0Q4 = |"cFk4Lq","irnKd","Qo0","F2VNnN","TP","O01"|^|"Qc4cB","cFk4Lq","f6qvW","O01","xwuGkz"|\n</data></write>
		<read echo="ascii"><delim> </delim><match><data>\x3E </data></match></read>
		<write echo="ascii"><data>bGZaBLVG = NLJYBYR ^ aJIicQ\n</data></write>
		<read echo="ascii"><delim> </delim><match><data>\x3E </data></match></read>
		<write echo="ascii"><data>6XXF6 = hEUS9Na ~ FRe0Q4\n</data></write>
		<read echo="ascii"><delim> </delim><match><data>\x3E </data></match></read>
		<write echo="ascii"><data>.p\n</data></write>
<read echo="ascii"><delim>\n</delim><match><data>owL74gW = ||\n</data></match></read>
<read echo="ascii"><delim>\n</delim><match><data>aJIicQ = |"ug","o6K","NwVd","MK","Bn","EQCO","LfMFt4f","uPw3ys6","p9t"|\n</data></match></read>
<read echo="ascii"><delim>\n</delim><match><data>R5uDkF = |"MK","EQCO","o6K","Bn","eNKPOjtvvD"|\n</data></match></read>
<read echo="ascii"><delim>\n</delim><match><data>4ylNE = |"ug","NwVd","LfMFt4f","uPw3ys6","p9t"|\n</data></match></read>
<read echo="ascii"><delim>\n</delim><match><data>NLJYBYR = |"IbYguI","JcFfpl","7","HXO"|\n</data></match></read>
<read echo="ascii"><delim>\n</delim><match><data>8NZIB5sWM = ||\n</data></match></read>
<read echo="ascii"><delim>\n</delim><match><data>hEUS9Na = ||\n</data></match></read>
<read echo="ascii"><delim>\n</delim><match><data>a0VXsl6 = |"HD1d91","soSQ","4jcH","5Zc","PHQZwnq","VVc2H"|\n</data></match></read>
<read echo="ascii"><delim>\n</delim><match><data>LuZ0G = ||\n</data></match></read>
<read echo="ascii"><delim>\n</delim><match><data>ikVM6 = |"ug","NwVd","LfMFt4f","uPw3ys6","p9t","MK","EQCO","o6K","Bn","eNKPOjtvvD"|\n</data></match></read>
<read echo="ascii"><delim>\n</delim><match><data>aTqTcvg = |"ug","o6K","NwVd","MK","Bn","EQCO","LfMFt4f","uPw3ys6","p9t","HD1d91","soSQ","4jcH","5Zc","PHQZwnq","VVc2H"|\n</data></match></read>
<read echo="ascii"><delim>\n</delim><match><data>4FzAXhq = |"UxJ1p","R2sq","mZ","UlDV0","SWp","ZOFK0d","Oy","QW","mKT"|\n</data></match></read>
<read echo="ascii"><delim>\n</delim><match><data>Q7vdlNc = |"mKT","R2sq","Oy","UxJ1p","mZ","SWp"|\n</data></match></read>
<read echo="ascii"><delim>\n</delim><match><data>FRe0Q4 = |"cFk4Lq","O01"|\n</data></match></read>
<read echo="ascii"><delim>\n</delim><match><data>bGZaBLVG = ||\n</data></match></read>
<read echo="ascii"><delim>\n</delim><match><data>6XXF6 = |"cFk4Lq","O01"|\n</data></match></read>
		<read echo="ascii"><delim> </delim><match><data>\x3E </data></match></read>
		<write echo="ascii"><data>.l\n</data></write>
	</replay>
</pov>
