<?xml version="1.0" standalone="no" ?>
<!DOCTYPE pov SYSTEM "/usr/share/cgc-docs/replay.dtd"><pov>
	<cbid>CROMU_00011</cbid>
	<replay>
		<read echo="ascii"><delim> </delim><match><data>\x3E </data></match></read>
		<write echo="ascii"><data>8tVyZH = |"c0nWh","F5X"|^|"y3","rCdRToP","EKxU9Tb","Ar","fTJL","9LQq","WAR2"|\n</data></write>
		<read echo="ascii"><delim> </delim><match><data>\x3E </data></match></read>
		<write echo="ascii"><data>humzle = 8tVyZH ^ 8tVyZH\n</data></write>
		<read echo="ascii"><delim> </delim><match><data>\x3E </data></match></read>
		<write echo="ascii"><data>zi0i0k = |"7","LiSP","YN"|-|"fyv","5I8s3","Y","7"|\n</data></write>
		<read echo="ascii"><delim> </delim><match><data>\x3E </data></match></read>
		<write echo="ascii"><data>5LVbs = |"DpPu"|^|"vHFzb","II7o","h1","H2j","Ai998KX","UBTx4FF"|\n</data></write>
		<read echo="ascii"><delim> </delim><match><data>\x3E </data></match></read>
		<write echo="ascii"><data>DHgfm = humzle + 8tVyZH\n</data></write>
		<read echo="ascii"><delim> </delim><match><data>\x3E </data></match></read>
		<write echo="ascii"><data>JWiMF = |"NDg4","H9keD","lxfDY6p","qNj","7t","LrQ","kV","eMlCiX"|\n</data></write>
		<read echo="ascii"><delim> </delim><match><data>\x3E </data></match></read>
		<write echo="ascii"><data>BfR184 = |"eMlCiX","7t","qNj"|\n</data></write>
		<read echo="ascii"><delim> </delim><match><data>\x3E </data></match></read>
		<write echo="ascii"><data>BfR184@JWiMF\n</data></write>
		<read echo="ascii"><delim>\n</delim><match><data>TRUE\n</data></match></read>
		<read echo="ascii"><delim> </delim><match><data>\x3E </data></match></read>
		<write echo="ascii"><data>fJMPpNN = BfR184 - DHgfm\n</data></write>
		<read echo="ascii"><delim> </delim><match><data>\x3E </data></match></read>
		<write echo="ascii"><data>0yNZI4v = |"I","Uo8MDr","c966lzH","r5"|-|"9UucU4c","L5kxcO","bsLVa","pycSBI6","T7krD","rdlTmOO","9V"|\n</data></write>
		<read echo="ascii"><delim> </delim><match><data>\x3E </data></match></read>
		<write echo="ascii"><data>FfAyCY5 = 5LVbs + DHgfm\n</data></write>
		<read echo="ascii"><delim> </delim><match><data>\x3E </data></match></read>
		<write echo="ascii"><data>x6pmaD = |"gZ","4WXMf","rM7","uDJ","eqFR","OBmmHry","hc"|\n</data></write>
		<read echo="ascii"><delim> </delim><match><data>\x3E </data></match></read>
		<write echo="ascii"><data>DRcknk = |"4WXMf","OBmmHry","6RVdRcolLz"|\n</data></write>
		<read echo="ascii"><delim> </delim><match><data>\x3E </data></match></read>
		<write echo="ascii"><data>DRcknk@x6pmaD\n</data></write>
		<read echo="ascii"><delim>\n</delim><match><data>FALSE\n</data></match></read>
		<read echo="ascii"><delim> </delim><match><data>\x3E </data></match></read>
		<write echo="ascii"><data>kScnRpmS = DHgfm ^ DHgfm\n</data></write>
		<read echo="ascii"><delim> </delim><match><data>\x3E </data></match></read>
		<write echo="ascii"><data>EaJfTcZPn = x6pmaD ^ FfAyCY5\n</data></write>
		<read echo="ascii"><delim> </delim><match><data>\x3E </data></match></read>
		<write echo="ascii"><data>.p\n</data></write>
<read echo="ascii"><delim>\n</delim><match><data>8tVyZH = ||\n</data></match></read>
<read echo="ascii"><delim>\n</delim><match><data>humzle = ||\n</data></match></read>
<read echo="ascii"><delim>\n</delim><match><data>zi0i0k = |"LiSP","YN"|\n</data></match></read>
<read echo="ascii"><delim>\n</delim><match><data>5LVbs = ||\n</data></match></read>
<read echo="ascii"><delim>\n</delim><match><data>DHgfm = ||\n</data></match></read>
<read echo="ascii"><delim>\n</delim><match><data>JWiMF = |"NDg4","H9keD","lxfDY6p","qNj","7t","LrQ","kV","eMlCiX"|\n</data></match></read>
<read echo="ascii"><delim>\n</delim><match><data>BfR184 = |"eMlCiX","7t","qNj"|\n</data></match></read>
<read echo="ascii"><delim>\n</delim><match><data>fJMPpNN = |"eMlCiX","7t","qNj"|\n</data></match></read>
<read echo="ascii"><delim>\n</delim><match><data>0yNZI4v = |"I","Uo8MDr","c966lzH","r5"|\n</data></match></read>
<read echo="ascii"><delim>\n</delim><match><data>FfAyCY5 = ||\n</data></match></read>
<read echo="ascii"><delim>\n</delim><match><data>x6pmaD = |"gZ","4WXMf","rM7","uDJ","eqFR","OBmmHry","hc"|\n</data></match></read>
<read echo="ascii"><delim>\n</delim><match><data>DRcknk = |"4WXMf","OBmmHry","6RVdRcolLz"|\n</data></match></read>
<read echo="ascii"><delim>\n</delim><match><data>kScnRpmS = ||\n</data></match></read>
<read echo="ascii"><delim>\n</delim><match><data>EaJfTcZPn = ||\n</data></match></read>
		<read echo="ascii"><delim> </delim><match><data>\x3E </data></match></read>
		<write echo="ascii"><data>.l\n</data></write>
	</replay>
</pov>
