<?xml version="1.0" standalone="no" ?>
<!DOCTYPE pov SYSTEM "/usr/share/cgc-docs/replay.dtd"><pov>
	<cbid>CROMU_00011</cbid>
	<replay>
		<read echo="ascii"><delim> </delim><match><data>\x3E </data></match></read>
		<write echo="ascii"><data>PXmZurq = |"aQbq0P","M8D","Ag","pb5","6ZJr","Qr","z6b0","IG7yPU7"|\n</data></write>
		<read echo="ascii"><delim> </delim><match><data>\x3E </data></match></read>
		<write echo="ascii"><data>grbHu = |"pb5","M8D","aQbq0P","IG7yPU7","z6b0","Ag","Qr"|\n</data></write>
		<read echo="ascii"><delim> </delim><match><data>\x3E </data></match></read>
		<write echo="ascii"><data>grbHu@PXmZurq\n</data></write>
		<read echo="ascii"><delim>\n</delim><match><data>TRUE\n</data></match></read>
		<read echo="ascii"><delim> </delim><match><data>\x3E </data></match></read>
		<write echo="ascii"><data>Lo8ocBd = |"ufqrTvK","nAx","M7RewQj","nE","bAXOJ","D9"|^|"ufqrTvK"|\n</data></write>
		<read echo="ascii"><delim> </delim><match><data>\x3E </data></match></read>
		<write echo="ascii"><data>8w4ERF8 = Lo8ocBd + Lo8ocBd\n</data></write>
		<read echo="ascii"><delim> </delim><match><data>\x3E </data></match></read>
		<write echo="ascii"><data>Ly1b3ay = PXmZurq ~ Lo8ocBd\n</data></write>
		<read echo="ascii"><delim> </delim><match><data>\x3E </data></match></read>
		<write echo="ascii"><data>rFyEt0 = PXmZurq - PXmZurq\n</data></write>
		<read echo="ascii"><delim> </delim><match><data>\x3E </data></match></read>
		<write echo="ascii"><data>pSQSS0fAZJ = 8w4ERF8 ^ Lo8ocBd\n</data></write>
		<read echo="ascii"><delim> </delim><match><data>\x3E </data></match></read>
		<write echo="ascii"><data>wOMHNg = |"KNq","HEB","DWI8V1"|^|"JDCAP","V8KD","5eF5dp"|\n</data></write>
		<read echo="ascii"><delim> </delim><match><data>\x3E </data></match></read>
		<write echo="ascii"><data>0Sy65H = |"hDCp","ZvT2","T9","fNjyo","C5","bLPMOV"|^|"IgaT","JdZyMKU","zn","pjuv","G2IdS7","nUe"|\n</data></write>
		<read echo="ascii"><delim> </delim><match><data>\x3E </data></match></read>
		<write echo="ascii"><data>QvzUe = 0Sy65H - grbHu\n</data></write>
		<read echo="ascii"><delim> </delim><match><data>\x3E </data></match></read>
		<write echo="ascii"><data>YBerF38iu = 0Sy65H ^ Lo8ocBd\n</data></write>
		<read echo="ascii"><delim> </delim><match><data>\x3E </data></match></read>
		<write echo="ascii"><data>yTH05 = 0Sy65H + wOMHNg\n</data></write>
		<read echo="ascii"><delim> </delim><match><data>\x3E </data></match></read>
		<write echo="ascii"><data>.p\n</data></write>
<read echo="ascii"><delim>\n</delim><match><data>PXmZurq = |"aQbq0P","M8D","Ag","pb5","6ZJr","Qr","z6b0","IG7yPU7"|\n</data></match></read>
<read echo="ascii"><delim>\n</delim><match><data>grbHu = |"pb5","M8D","aQbq0P","IG7yPU7","z6b0","Ag","Qr"|\n</data></match></read>
<read echo="ascii"><delim>\n</delim><match><data>Lo8ocBd = |"ufqrTvK"|\n</data></match></read>
<read echo="ascii"><delim>\n</delim><match><data>8w4ERF8 = |"ufqrTvK"|\n</data></match></read>
<read echo="ascii"><delim>\n</delim><match><data>Ly1b3ay = |"aQbq0P","M8D","Ag","pb5","6ZJr","Qr","z6b0","IG7yPU7","ufqrTvK"|\n</data></match></read>
<read echo="ascii"><delim>\n</delim><match><data>rFyEt0 = ||\n</data></match></read>
<read echo="ascii"><delim>\n</delim><match><data>pSQSS0fAZJ = |"ufqrTvK"|\n</data></match></read>
<read echo="ascii"><delim>\n</delim><match><data>wOMHNg = ||\n</data></match></read>
<read echo="ascii"><delim>\n</delim><match><data>0Sy65H = ||\n</data></match></read>
<read echo="ascii"><delim>\n</delim><match><data>QvzUe = ||\n</data></match></read>
<read echo="ascii"><delim>\n</delim><match><data>YBerF38iu = ||\n</data></match></read>
<read echo="ascii"><delim>\n</delim><match><data>yTH05 = ||\n</data></match></read>
		<read echo="ascii"><delim> </delim><match><data>\x3E </data></match></read>
		<write echo="ascii"><data>.l\n</data></write>
	</replay>
</pov>
