<?xml version="1.0" standalone="no" ?>
<!DOCTYPE pov SYSTEM "/usr/share/cgc-docs/replay.dtd"><pov>
	<cbid>CROMU_00011</cbid>
	<replay>
		<read echo="ascii"><delim> </delim><match><data>\x3E </data></match></read>
		<write echo="ascii"><data>rCHNiey = |"0I","8N0AZq","nwP","kKdqUi","VhT","mY2q6t","tDGq","Ed2"|\n</data></write>
		<read echo="ascii"><delim> </delim><match><data>\x3E </data></match></read>
		<write echo="ascii"><data>h8rz8 = |"8N0AZq","mY2q6t","VhT","gySw6JgnvU"|\n</data></write>
		<read echo="ascii"><delim> </delim><match><data>\x3E </data></match></read>
		<write echo="ascii"><data>h8rz8@rCHNiey\n</data></write>
		<read echo="ascii"><delim>\n</delim><match><data>FALSE\n</data></match></read>
		<read echo="ascii"><delim> </delim><match><data>\x3E </data></match></read>
		<write echo="ascii"><data>Vzonl1a = h8rz8 ~ h8rz8\n</data></write>
		<read echo="ascii"><delim> </delim><match><data>\x3E </data></match></read>
		<write echo="ascii"><data>nqM6tf = |"R78R","xhrwXF","MCQ","e9ul","BL","utdtrYH","zwUA"|-|"MCQ","2O","W"|\n</data></write>
		<read echo="ascii"><delim> </delim><match><data>\x3E </data></match></read>
		<write echo="ascii"><data>VG740H = |"yFkpdP5","D9uzcX2","DMe6g","Kd7","70t"|^|"D9uzcX2","DD"|\n</data></write>
		<read echo="ascii"><delim> </delim><match><data>\x3E </data></match></read>
		<write echo="ascii"><data>s2z3vG = VG740H + h8rz8\n</data></write>
		<read echo="ascii"><delim> </delim><match><data>\x3E </data></match></read>
		<write echo="ascii"><data>XTMtdc = |"f"|+|"Fy8CgAg","rU3F"|\n</data></write>
		<read echo="ascii"><delim> </delim><match><data>\x3E </data></match></read>
		<write echo="ascii"><data>cTErGD = Vzonl1a ~ VG740H\n</data></write>
		<read echo="ascii"><delim> </delim><match><data>\x3E </data></match></read>
		<write echo="ascii"><data>6brNc = |"UdeuYW","fss8","xd95n9D","C71","5bL85f","aG"|~|"UdeuYW","QnmCeTF","3S"|\n</data></write>
		<read echo="ascii"><delim> </delim><match><data>\x3E </data></match></read>
		<write echo="ascii"><data>Lep3YL = |"5lY4","3QW","uwID","DdqIDCZ","vWwr4Mb"|^|"v8E"|\n</data></write>
		<read echo="ascii"><delim> </delim><match><data>\x3E </data></match></read>
		<write echo="ascii"><data>v4tNsi = |"1ed","x","US4","8GS","I39Q","invViVw"|-|"AqricT","8GS","X"|\n</data></write>
		<read echo="ascii"><delim> </delim><match><data>\x3E </data></match></read>
		<write echo="ascii"><data>.p\n</data></write>
<read echo="ascii"><delim>\n</delim><match><data>rCHNiey = |"0I","8N0AZq","nwP","kKdqUi","VhT","mY2q6t","tDGq","Ed2"|\n</data></match></read>
<read echo="ascii"><delim>\n</delim><match><data>h8rz8 = |"8N0AZq","mY2q6t","VhT","gySw6JgnvU"|\n</data></match></read>
<read echo="ascii"><delim>\n</delim><match><data>Vzonl1a = ||\n</data></match></read>
<read echo="ascii"><delim>\n</delim><match><data>nqM6tf = |"R78R","xhrwXF","e9ul","BL","utdtrYH","zwUA"|\n</data></match></read>
<read echo="ascii"><delim>\n</delim><match><data>VG740H = |"D9uzcX2"|\n</data></match></read>
<read echo="ascii"><delim>\n</delim><match><data>s2z3vG = |"D9uzcX2","8N0AZq","mY2q6t","VhT","gySw6JgnvU"|\n</data></match></read>
<read echo="ascii"><delim>\n</delim><match><data>XTMtdc = |"f","Fy8CgAg","rU3F"|\n</data></match></read>
<read echo="ascii"><delim>\n</delim><match><data>cTErGD = |"D9uzcX2"|\n</data></match></read>
<read echo="ascii"><delim>\n</delim><match><data>6brNc = |"fss8","xd95n9D","C71","5bL85f","aG","QnmCeTF","3S"|\n</data></match></read>
<read echo="ascii"><delim>\n</delim><match><data>Lep3YL = ||\n</data></match></read>
<read echo="ascii"><delim>\n</delim><match><data>v4tNsi = |"1ed","x","US4","I39Q","invViVw"|\n</data></match></read>
		<read echo="ascii"><delim> </delim><match><data>\x3E </data></match></read>
		<write echo="ascii"><data>.l\n</data></write>
	</replay>
</pov>
