<?xml version="1.0" standalone="no" ?>
<!DOCTYPE pov SYSTEM "/usr/share/cgc-docs/replay.dtd"><pov>
	<cbid>CROMU_00011</cbid>
	<replay>
		<read echo="ascii"><delim> </delim><match><data>\x3E </data></match></read>
		<write echo="ascii"><data>lNBuvIm = |"e2cOG","XqDu","geFePT","Be6","kqFT31","GhiwPi","SlSlJjx"|^|"JF0r37","LmWO","wJ56QYp","En4","RG4Oq","obexr","e2cOG"|\n</data></write>
		<read echo="ascii"><delim> </delim><match><data>\x3E </data></match></read>
		<write echo="ascii"><data>vSw6lM = lNBuvIm + lNBuvIm\n</data></write>
		<read echo="ascii"><delim> </delim><match><data>\x3E </data></match></read>
		<write echo="ascii"><data>WzogX = |"wni","eLdRan","Wm1T","gRMUdmw","Nee2","hotC"|~|"GKlapcW","gRMUdmw","Gd","7x0","X96HG"|\n</data></write>
		<read echo="ascii"><delim> </delim><match><data>\x3E </data></match></read>
		<write echo="ascii"><data>Lg2rmmM = WzogX ^ lNBuvIm\n</data></write>
		<read echo="ascii"><delim> </delim><match><data>\x3E </data></match></read>
		<write echo="ascii"><data>4juqer = |"X3p","S9","s7Pi4T9"|~|"s7Pi4T9","T","9uZv","CY","Le"|\n</data></write>
		<read echo="ascii"><delim> </delim><match><data>\x3E </data></match></read>
		<write echo="ascii"><data>WMdhb = |"U","O7","utunhqT"|+|"Lw6IFN","O7","2v0hf"|\n</data></write>
		<read echo="ascii"><delim> </delim><match><data>\x3E </data></match></read>
		<write echo="ascii"><data>DBkgu2F = lNBuvIm ~ WMdhb\n</data></write>
		<read echo="ascii"><delim> </delim><match><data>\x3E </data></match></read>
		<write echo="ascii"><data>aAp5kq = WMdhb ^ lNBuvIm\n</data></write>
		<read echo="ascii"><delim> </delim><match><data>\x3E </data></match></read>
		<write echo="ascii"><data>uRP4hkT = 4juqer ~ WMdhb\n</data></write>
		<read echo="ascii"><delim> </delim><match><data>\x3E </data></match></read>
		<write echo="ascii"><data>sDCkI = |"MC","b5k","NuTG","aKoNzl","fh4xBb"|^|"Uyokte","b5k","NuTG","9XiB","tREcY"|\n</data></write>
		<read echo="ascii"><delim> </delim><match><data>\x3E </data></match></read>
		<write echo="ascii"><data>A910rbz = |"SVnf","yi2bZ","OAS","aGgD","xUD5","zJ5","iJ7Krq4"|~|"SVnf","zJ5","X","lENOzfv","xUD5","53P6Hef"|\n</data></write>
		<read echo="ascii"><delim> </delim><match><data>\x3E </data></match></read>
		<write echo="ascii"><data>yaDf2 = |"eWM6Dhz"|~|"1k0thfx","gPCx2","eWM6Dhz","gRk6Bq8"|\n</data></write>
		<read echo="ascii"><delim> </delim><match><data>\x3E </data></match></read>
		<write echo="ascii"><data>8Q53ys = yaDf2 ~ WMdhb\n</data></write>
		<read echo="ascii"><delim> </delim><match><data>\x3E </data></match></read>
		<write echo="ascii"><data>.p\n</data></write>
<read echo="ascii"><delim>\n</delim><match><data>lNBuvIm = |"e2cOG"|\n</data></match></read>
<read echo="ascii"><delim>\n</delim><match><data>vSw6lM = |"e2cOG"|\n</data></match></read>
<read echo="ascii"><delim>\n</delim><match><data>WzogX = |"wni","eLdRan","Wm1T","Nee2","hotC","GKlapcW","Gd","7x0","X96HG"|\n</data></match></read>
<read echo="ascii"><delim>\n</delim><match><data>Lg2rmmM = ||\n</data></match></read>
<read echo="ascii"><delim>\n</delim><match><data>4juqer = |"X3p","S9","T","9uZv","CY","Le"|\n</data></match></read>
<read echo="ascii"><delim>\n</delim><match><data>WMdhb = |"U","O7","utunhqT","Lw6IFN","2v0hf"|\n</data></match></read>
<read echo="ascii"><delim>\n</delim><match><data>DBkgu2F = |"e2cOG","U","O7","utunhqT","Lw6IFN","2v0hf"|\n</data></match></read>
<read echo="ascii"><delim>\n</delim><match><data>aAp5kq = ||\n</data></match></read>
<read echo="ascii"><delim>\n</delim><match><data>uRP4hkT = |"X3p","S9","T","9uZv","CY","Le","U","O7","utunhqT","Lw6IFN","2v0hf"|\n</data></match></read>
<read echo="ascii"><delim>\n</delim><match><data>sDCkI = |"b5k","NuTG"|\n</data></match></read>
<read echo="ascii"><delim>\n</delim><match><data>A910rbz = |"yi2bZ","OAS","aGgD","iJ7Krq4","X","lENOzfv","53P6Hef"|\n</data></match></read>
<read echo="ascii"><delim>\n</delim><match><data>yaDf2 = |"1k0thfx","gPCx2","gRk6Bq8"|\n</data></match></read>
<read echo="ascii"><delim>\n</delim><match><data>8Q53ys = |"1k0thfx","gPCx2","gRk6Bq8","U","O7","utunhqT","Lw6IFN","2v0hf"|\n</data></match></read>
		<read echo="ascii"><delim> </delim><match><data>\x3E </data></match></read>
		<write echo="ascii"><data>.l\n</data></write>
	</replay>
</pov>
