<?xml version="1.0" standalone="no" ?>
<!DOCTYPE pov SYSTEM "/usr/share/cgc-docs/replay.dtd"><pov>
	<cbid>CROMU_00011</cbid>
	<replay>
		<read echo="ascii"><delim> </delim><match><data>\x3E </data></match></read>
		<write echo="ascii"><data>mHadbx = |"SE","LHRMaO","mR4J","yzAgK","HV","u1ps366","wUSK1","MWeGq9","gNZ","nxHOp"|\n</data></write>
		<read echo="ascii"><delim> </delim><match><data>\x3E </data></match></read>
		<write echo="ascii"><data>I8YifNr = |"MWeGq9","SE","OU3NMdU9Q5"|\n</data></write>
		<read echo="ascii"><delim> </delim><match><data>\x3E </data></match></read>
		<write echo="ascii"><data>I8YifNr@mHadbx\n</data></write>
		<read echo="ascii"><delim>\n</delim><match><data>FALSE\n</data></match></read>
		<read echo="ascii"><delim> </delim><match><data>\x3E </data></match></read>
		<write echo="ascii"><data>kEoiros = I8YifNr + mHadbx\n</data></write>
		<read echo="ascii"><delim> </delim><match><data>\x3E </data></match></read>
		<write echo="ascii"><data>HFVl0 = |"ef58REK","pDg","YfLuce2","UjiIV","EBCZZ","HnfAjJy"|+|"sAi0fCt","alxqb"|\n</data></write>
		<read echo="ascii"><delim> </delim><match><data>\x3E </data></match></read>
		<write echo="ascii"><data>bCeBx = |"C","LxMd","Z7n00","J","G16GHj"|-|"Btsv","A2pSd","UZk"|\n</data></write>
		<read echo="ascii"><delim> </delim><match><data>\x3E </data></match></read>
		<write echo="ascii"><data>Qz4lWx = bCeBx ~ HFVl0\n</data></write>
		<read echo="ascii"><delim> </delim><match><data>\x3E </data></match></read>
		<write echo="ascii"><data>HfzXDch = |"8"|+|"8","1ux","tYxEwhY","8EJCIma","rQNzJ","UGOS","gQbc"|\n</data></write>
		<read echo="ascii"><delim> </delim><match><data>\x3E </data></match></read>
		<write echo="ascii"><data>MATXBr = HFVl0 - mHadbx\n</data></write>
		<read echo="ascii"><delim> </delim><match><data>\x3E </data></match></read>
		<write echo="ascii"><data>IW54Dio = |"NCT","0o","TyvrAF","7GdY3","n8","tt","wXON"|-|"ZTTLj3E","ggRRi","eJH","cZ3"|\n</data></write>
		<read echo="ascii"><delim> </delim><match><data>\x3E </data></match></read>
		<write echo="ascii"><data>mFZtf = |"Zs4","uZFU3","cN","Jz","Mo","lQV0"|-|"8D2M","qSycG","hyt","t6B8NJ","uZFU3","eI","j"|\n</data></write>
		<read echo="ascii"><delim> </delim><match><data>\x3E </data></match></read>
		<write echo="ascii"><data>MpRYgrH = kEoiros - HFVl0\n</data></write>
		<read echo="ascii"><delim> </delim><match><data>\x3E </data></match></read>
		<write echo="ascii"><data>GPqTWlC = |"SAqp0","D0TEH","krQaR4c","vSjNc"|^|"L8","Q0","f8","nTRI","FZ4vx","SM7","rY"|\n</data></write>
		<read echo="ascii"><delim> </delim><match><data>\x3E </data></match></read>
		<write echo="ascii"><data>VDo4Q = |"Pvh","hAa","uXGe","EXMCo4S"|^|"EXMCo4S","Tz3"|\n</data></write>
		<read echo="ascii"><delim> </delim><match><data>\x3E </data></match></read>
		<write echo="ascii"><data>r8Vj0 = |"F4y","cwhq1c","O7ZV5HF","JNx","ElA"|^|"Jz3n","XFApCJ","9g","pQQCg","mPH8kd8","ElA"|\n</data></write>
		<read echo="ascii"><delim> </delim><match><data>\x3E </data></match></read>
		<write echo="ascii"><data>pFYxwR = |"lnaJK","uE0D","iizo","a6rlwX","wq","M1","JVg"|^|"q48","HvDARdH"|\n</data></write>
		<read echo="ascii"><delim> </delim><match><data>\x3E </data></match></read>
		<write echo="ascii"><data>.p\n</data></write>
<read echo="ascii"><delim>\n</delim><match><data>mHadbx = |"SE","LHRMaO","mR4J","yzAgK","HV","u1ps366","wUSK1","MWeGq9","gNZ","nxHOp"|\n</data></match></read>
<read echo="ascii"><delim>\n</delim><match><data>I8YifNr = |"MWeGq9","SE","OU3NMdU9Q5"|\n</data></match></read>
<read echo="ascii"><delim>\n</delim><match><data>kEoiros = |"MWeGq9","SE","OU3NMdU9Q5","LHRMaO","mR4J","yzAgK","HV","u1ps366","wUSK1","gNZ","nxHOp"|\n</data></match></read>
<read echo="ascii"><delim>\n</delim><match><data>HFVl0 = |"ef58REK","pDg","YfLuce2","UjiIV","EBCZZ","HnfAjJy","sAi0fCt","alxqb"|\n</data></match></read>
<read echo="ascii"><delim>\n</delim><match><data>bCeBx = |"C","LxMd","Z7n00","J","G16GHj"|\n</data></match></read>
<read echo="ascii"><delim>\n</delim><match><data>Qz4lWx = |"C","LxMd","Z7n00","J","G16GHj","ef58REK","pDg","YfLuce2","UjiIV","EBCZZ","HnfAjJy","sAi0fCt","alxqb"|\n</data></match></read>
<read echo="ascii"><delim>\n</delim><match><data>HfzXDch = |"8","1ux","tYxEwhY","8EJCIma","rQNzJ","UGOS","gQbc"|\n</data></match></read>
<read echo="ascii"><delim>\n</delim><match><data>MATXBr = |"ef58REK","pDg","YfLuce2","UjiIV","EBCZZ","HnfAjJy","sAi0fCt","alxqb"|\n</data></match></read>
<read echo="ascii"><delim>\n</delim><match><data>IW54Dio = |"NCT","0o","TyvrAF","7GdY3","n8","tt","wXON"|\n</data></match></read>
<read echo="ascii"><delim>\n</delim><match><data>mFZtf = |"Zs4","cN","Jz","Mo","lQV0"|\n</data></match></read>
<read echo="ascii"><delim>\n</delim><match><data>MpRYgrH = |"MWeGq9","SE","OU3NMdU9Q5","LHRMaO","mR4J","yzAgK","HV","u1ps366","wUSK1","gNZ","nxHOp"|\n</data></match></read>
<read echo="ascii"><delim>\n</delim><match><data>GPqTWlC = ||\n</data></match></read>
<read echo="ascii"><delim>\n</delim><match><data>VDo4Q = |"EXMCo4S"|\n</data></match></read>
<read echo="ascii"><delim>\n</delim><match><data>r8Vj0 = |"ElA"|\n</data></match></read>
<read echo="ascii"><delim>\n</delim><match><data>pFYxwR = ||\n</data></match></read>
		<read echo="ascii"><delim> </delim><match><data>\x3E </data></match></read>
		<write echo="ascii"><data>.l\n</data></write>
	</replay>
</pov>
