<?xml version="1.0" standalone="no" ?>
<!DOCTYPE pov SYSTEM "/usr/share/cgc-docs/replay.dtd"><pov>
	<cbid>CROMU_00011</cbid>
	<replay>
		<read echo="ascii"><delim> </delim><match><data>\x3E </data></match></read>
		<write echo="ascii"><data>fZ164Dd = |"sy2","2IeN","Q4obi","uCDY","Uc","iVvN","VKICB","EHPo"|\n</data></write>
		<read echo="ascii"><delim> </delim><match><data>\x3E </data></match></read>
		<write echo="ascii"><data>lD5yBKf = |"EHPo","sy2","2IeN","Uc","Q4obi","VKICB","uCDY","hRax95Kfzg"|\n</data></write>
		<read echo="ascii"><delim> </delim><match><data>\x3E </data></match></read>
		<write echo="ascii"><data>lD5yBKf@fZ164Dd\n</data></write>
		<read echo="ascii"><delim>\n</delim><match><data>FALSE\n</data></match></read>
		<read echo="ascii"><delim> </delim><match><data>\x3E </data></match></read>
		<write echo="ascii"><data>6ubAeOj = fZ164Dd - fZ164Dd\n</data></write>
		<read echo="ascii"><delim> </delim><match><data>\x3E </data></match></read>
		<write echo="ascii"><data>C7C2i2 = |"4Yz6","Av0d","GUmI"|~|"p","6h8Q"|\n</data></write>
		<read echo="ascii"><delim> </delim><match><data>\x3E </data></match></read>
		<write echo="ascii"><data>48iiWHD = |"TDsh9o","OKDcUXD","80xhFO","333x01U","At","ymC7"|^|"ZwZ","7G"|\n</data></write>
		<read echo="ascii"><delim> </delim><match><data>\x3E </data></match></read>
		<write echo="ascii"><data>fD5Lgg = |"AV","mUS7Pdy","4XmH"|+|"S","Hwr","MZNa","KAaW6XV"|\n</data></write>
		<read echo="ascii"><delim> </delim><match><data>\x3E </data></match></read>
		<write echo="ascii"><data>gGxVT = 48iiWHD ~ fD5Lgg\n</data></write>
		<read echo="ascii"><delim> </delim><match><data>\x3E </data></match></read>
		<write echo="ascii"><data>cNHYuvB = fD5Lgg ~ gGxVT\n</data></write>
		<read echo="ascii"><delim> </delim><match><data>\x3E </data></match></read>
		<write echo="ascii"><data>pBNmR = |"lAY4","LGUiJK","v","x"|-|"M4","BKebAAG","G","dXRaJFh","pZ9NY","1hmIXq"|\n</data></write>
		<read echo="ascii"><delim> </delim><match><data>\x3E </data></match></read>
		<write echo="ascii"><data>JxK1UhB9 = 6ubAeOj ^ 6ubAeOj\n</data></write>
		<read echo="ascii"><delim> </delim><match><data>\x3E </data></match></read>
		<write echo="ascii"><data>vN19u = |"zERiQRE","uK1I","iU2vAS","dKciorX","TvxL5E","8O","69"|\n</data></write>
		<read echo="ascii"><delim> </delim><match><data>\x3E </data></match></read>
		<write echo="ascii"><data>wNSGeF = |"TvxL5E","8O","dKciorX","iU2vAS","zERiQRE"|\n</data></write>
		<read echo="ascii"><delim> </delim><match><data>\x3E </data></match></read>
		<write echo="ascii"><data>wNSGeF@vN19u\n</data></write>
		<read echo="ascii"><delim>\n</delim><match><data>TRUE\n</data></match></read>
		<read echo="ascii"><delim> </delim><match><data>\x3E </data></match></read>
		<write echo="ascii"><data>.p\n</data></write>
<read echo="ascii"><delim>\n</delim><match><data>fZ164Dd = |"sy2","2IeN","Q4obi","uCDY","Uc","iVvN","VKICB","EHPo"|\n</data></match></read>
<read echo="ascii"><delim>\n</delim><match><data>lD5yBKf = |"EHPo","sy2","2IeN","Uc","Q4obi","VKICB","uCDY","hRax95Kfzg"|\n</data></match></read>
<read echo="ascii"><delim>\n</delim><match><data>6ubAeOj = ||\n</data></match></read>
<read echo="ascii"><delim>\n</delim><match><data>C7C2i2 = |"4Yz6","Av0d","GUmI","p","6h8Q"|\n</data></match></read>
<read echo="ascii"><delim>\n</delim><match><data>48iiWHD = ||\n</data></match></read>
<read echo="ascii"><delim>\n</delim><match><data>fD5Lgg = |"AV","mUS7Pdy","4XmH","S","Hwr","MZNa","KAaW6XV"|\n</data></match></read>
<read echo="ascii"><delim>\n</delim><match><data>gGxVT = |"AV","mUS7Pdy","4XmH","S","Hwr","MZNa","KAaW6XV"|\n</data></match></read>
<read echo="ascii"><delim>\n</delim><match><data>cNHYuvB = ||\n</data></match></read>
<read echo="ascii"><delim>\n</delim><match><data>pBNmR = |"lAY4","LGUiJK","v","x"|\n</data></match></read>
<read echo="ascii"><delim>\n</delim><match><data>JxK1UhB9 = ||\n</data></match></read>
<read echo="ascii"><delim>\n</delim><match><data>vN19u = |"zERiQRE","uK1I","iU2vAS","dKciorX","TvxL5E","8O","69"|\n</data></match></read>
<read echo="ascii"><delim>\n</delim><match><data>wNSGeF = |"TvxL5E","8O","dKciorX","iU2vAS","zERiQRE"|\n</data></match></read>
		<read echo="ascii"><delim> </delim><match><data>\x3E </data></match></read>
		<write echo="ascii"><data>.l\n</data></write>
	</replay>
</pov>
