<?xml version="1.0" standalone="no" ?>
<!DOCTYPE pov SYSTEM "/usr/share/cgc-docs/replay.dtd"><pov>
	<cbid>CROMU_00011</cbid>
	<replay>
		<read echo="ascii"><delim> </delim><match><data>\x3E </data></match></read>
		<write echo="ascii"><data>Ef9oEi0 = |"Stn6mrp","zM","R4Owi1S","gmbLB","XUJT9v"|-|"gmbLB","4VXXO","R4Owi1S","12nF1Ce","yylgcMh","Nk1","fhor"|\n</data></write>
		<read echo="ascii"><delim> </delim><match><data>\x3E </data></match></read>
		<write echo="ascii"><data>xkpu5 = |"bXsexH","TM3W","b5","yTd","of3jtcW","Xycs"|\n</data></write>
		<read echo="ascii"><delim> </delim><match><data>\x3E </data></match></read>
		<write echo="ascii"><data>I31gn = |"TM3W","yTd","TLktuTnJAa"|\n</data></write>
		<read echo="ascii"><delim> </delim><match><data>\x3E </data></match></read>
		<write echo="ascii"><data>I31gn@xkpu5\n</data></write>
		<read echo="ascii"><delim>\n</delim><match><data>FALSE\n</data></match></read>
		<read echo="ascii"><delim> </delim><match><data>\x3E </data></match></read>
		<write echo="ascii"><data>Kb2cp = |"qShesH"|+|"qShesH","xCTQI1","TaEe","ZPS","ecmn"|\n</data></write>
		<read echo="ascii"><delim> </delim><match><data>\x3E </data></match></read>
		<write echo="ascii"><data>9DhJqY = Ef9oEi0 - I31gn\n</data></write>
		<read echo="ascii"><delim> </delim><match><data>\x3E </data></match></read>
		<write echo="ascii"><data>ROOll7 = |"uo","PY","OBDUsUa","C"|-|"Oy","du","ao","OBDUsUa","fWzTkZ2","LDueH","4mnMA"|\n</data></write>
		<read echo="ascii"><delim> </delim><match><data>\x3E </data></match></read>
		<write echo="ascii"><data>4U8KdU8 = |"saT4C8","i","no","LHx","BoUei","fW9","0m5X"|~|"rEc","4z5f"|\n</data></write>
		<read echo="ascii"><delim> </delim><match><data>\x3E </data></match></read>
		<write echo="ascii"><data>mfziVlZ = |"n7wEH","SX","uMA9WAD","sM2","Xt7fq","0vzB","PdW"|+|"LgI8","uMA9WAD","gr7QqGP","n7wEH","AcKk3","0vzB","4FmsD"|\n</data></write>
		<read echo="ascii"><delim> </delim><match><data>\x3E </data></match></read>
		<write echo="ascii"><data>0gM2s = I31gn + xkpu5\n</data></write>
		<read echo="ascii"><delim> </delim><match><data>\x3E </data></match></read>
		<write echo="ascii"><data>4Wezb = |"AoQICs","F1ahewB","AIP","pyHZx8","O2RGo","B","oa9LKeh"|~|"I4Q79"|\n</data></write>
		<read echo="ascii"><delim> </delim><match><data>\x3E </data></match></read>
		<write echo="ascii"><data>osnFB = xkpu5 - 9DhJqY\n</data></write>
		<read echo="ascii"><delim> </delim><match><data>\x3E </data></match></read>
		<write echo="ascii"><data>.p\n</data></write>
<read echo="ascii"><delim>\n</delim><match><data>Ef9oEi0 = |"Stn6mrp","zM","XUJT9v"|\n</data></match></read>
<read echo="ascii"><delim>\n</delim><match><data>xkpu5 = |"bXsexH","TM3W","b5","yTd","of3jtcW","Xycs"|\n</data></match></read>
<read echo="ascii"><delim>\n</delim><match><data>I31gn = |"TM3W","yTd","TLktuTnJAa"|\n</data></match></read>
<read echo="ascii"><delim>\n</delim><match><data>Kb2cp = |"qShesH","xCTQI1","TaEe","ZPS","ecmn"|\n</data></match></read>
<read echo="ascii"><delim>\n</delim><match><data>9DhJqY = |"Stn6mrp","zM","XUJT9v"|\n</data></match></read>
<read echo="ascii"><delim>\n</delim><match><data>ROOll7 = |"uo","PY","C"|\n</data></match></read>
<read echo="ascii"><delim>\n</delim><match><data>4U8KdU8 = |"saT4C8","i","no","LHx","BoUei","fW9","0m5X","rEc","4z5f"|\n</data></match></read>
<read echo="ascii"><delim>\n</delim><match><data>mfziVlZ = |"n7wEH","SX","uMA9WAD","sM2","Xt7fq","0vzB","PdW","LgI8","gr7QqGP","AcKk3","4FmsD"|\n</data></match></read>
<read echo="ascii"><delim>\n</delim><match><data>0gM2s = |"TM3W","yTd","TLktuTnJAa","bXsexH","b5","of3jtcW","Xycs"|\n</data></match></read>
<read echo="ascii"><delim>\n</delim><match><data>4Wezb = |"AoQICs","F1ahewB","AIP","pyHZx8","O2RGo","B","oa9LKeh","I4Q79"|\n</data></match></read>
<read echo="ascii"><delim>\n</delim><match><data>osnFB = |"bXsexH","TM3W","b5","yTd","of3jtcW","Xycs"|\n</data></match></read>
		<read echo="ascii"><delim> </delim><match><data>\x3E </data></match></read>
		<write echo="ascii"><data>.l\n</data></write>
	</replay>
</pov>
