<?xml version="1.0" standalone="no" ?>
<!DOCTYPE pov SYSTEM "/usr/share/cgc-docs/replay.dtd"><pov>
	<cbid>CROMU_00011</cbid>
	<replay>
		<read echo="ascii"><delim> </delim><match><data>\x3E </data></match></read>
		<write echo="ascii"><data>0Vey5c4 = |"ubtgM","CDUn4O","UhziXp"|-|"kC8","tm","OcH"|\n</data></write>
		<read echo="ascii"><delim> </delim><match><data>\x3E </data></match></read>
		<write echo="ascii"><data>7YX0D = |"wM2MsHe","s9oj"|^|"E2yqt","7pAo","DYY","0N7q","CYu","N1DOVp","099XR"|\n</data></write>
		<read echo="ascii"><delim> </delim><match><data>\x3E </data></match></read>
		<write echo="ascii"><data>6wDao = 7YX0D ~ 7YX0D\n</data></write>
		<read echo="ascii"><delim> </delim><match><data>\x3E </data></match></read>
		<write echo="ascii"><data>SjIkx = |"zFDD","nbY66g","bK","nlyFlDc"|+|"utt3Vu3","9ATT","qXTGH","nbY66g","bsVw"|\n</data></write>
		<read echo="ascii"><delim> </delim><match><data>\x3E </data></match></read>
		<write echo="ascii"><data>nV2qc7 = 7YX0D + SjIkx\n</data></write>
		<read echo="ascii"><delim> </delim><match><data>\x3E </data></match></read>
		<write echo="ascii"><data>L4N5oD = |"7rR","3R4t","WOE8TKR"|+|"7rR","2","xDU","WAoP","1j","m","12"|\n</data></write>
		<read echo="ascii"><delim> </delim><match><data>\x3E </data></match></read>
		<write echo="ascii"><data>glv7p = |"8NBGQrt","MieaFe4","WTxqImp","wp4N7","giM2lY","tO8Yvb","s38","gPeLPD"|\n</data></write>
		<read echo="ascii"><delim> </delim><match><data>\x3E </data></match></read>
		<write echo="ascii"><data>6hD7n = |"wp4N7","1tT8rc7Fdn"|\n</data></write>
		<read echo="ascii"><delim> </delim><match><data>\x3E </data></match></read>
		<write echo="ascii"><data>6hD7n@glv7p\n</data></write>
		<read echo="ascii"><delim>\n</delim><match><data>FALSE\n</data></match></read>
		<read echo="ascii"><delim> </delim><match><data>\x3E </data></match></read>
		<write echo="ascii"><data>F8l6FPY = |"0KKyvNa","aGT0Wy","dcoPdp","oawzmAg"|^|"0KKyvNa","tr","DhWFJf6","3suC1","vj"|\n</data></write>
		<read echo="ascii"><delim> </delim><match><data>\x3E </data></match></read>
		<write echo="ascii"><data>BWfjbdA = |"5uANHV","Kq"|^|"YzPp","U7Y","5uANHV"|\n</data></write>
		<read echo="ascii"><delim> </delim><match><data>\x3E </data></match></read>
		<write echo="ascii"><data>JnRULZ = glv7p - 0Vey5c4\n</data></write>
		<read echo="ascii"><delim> </delim><match><data>\x3E </data></match></read>
		<write echo="ascii"><data>qk1l2q = BWfjbdA ~ nV2qc7\n</data></write>
		<read echo="ascii"><delim> </delim><match><data>\x3E </data></match></read>
		<write echo="ascii"><data>L5FHxPS = |"i6CZG","USXDFke","gP","ZH","rQq"|^|"N3aPsV"|\n</data></write>
		<read echo="ascii"><delim> </delim><match><data>\x3E </data></match></read>
		<write echo="ascii"><data>bY5OW = |"2mrCcXn","4uN","bz","pnn6"|+|"rDodhR","wpheg","pnn6","lZ","1lFZ","H"|\n</data></write>
		<read echo="ascii"><delim> </delim><match><data>\x3E </data></match></read>
		<write echo="ascii"><data>.p\n</data></write>
<read echo="ascii"><delim>\n</delim><match><data>0Vey5c4 = |"ubtgM","CDUn4O","UhziXp"|\n</data></match></read>
<read echo="ascii"><delim>\n</delim><match><data>7YX0D = ||\n</data></match></read>
<read echo="ascii"><delim>\n</delim><match><data>6wDao = ||\n</data></match></read>
<read echo="ascii"><delim>\n</delim><match><data>SjIkx = |"zFDD","nbY66g","bK","nlyFlDc","utt3Vu3","9ATT","qXTGH","bsVw"|\n</data></match></read>
<read echo="ascii"><delim>\n</delim><match><data>nV2qc7 = |"zFDD","nbY66g","bK","nlyFlDc","utt3Vu3","9ATT","qXTGH","bsVw"|\n</data></match></read>
<read echo="ascii"><delim>\n</delim><match><data>L4N5oD = |"7rR","3R4t","WOE8TKR","2","xDU","WAoP","1j","m","12"|\n</data></match></read>
<read echo="ascii"><delim>\n</delim><match><data>glv7p = |"8NBGQrt","MieaFe4","WTxqImp","wp4N7","giM2lY","tO8Yvb","s38","gPeLPD"|\n</data></match></read>
<read echo="ascii"><delim>\n</delim><match><data>6hD7n = |"wp4N7","1tT8rc7Fdn"|\n</data></match></read>
<read echo="ascii"><delim>\n</delim><match><data>F8l6FPY = |"0KKyvNa"|\n</data></match></read>
<read echo="ascii"><delim>\n</delim><match><data>BWfjbdA = |"5uANHV"|\n</data></match></read>
<read echo="ascii"><delim>\n</delim><match><data>JnRULZ = |"8NBGQrt","MieaFe4","WTxqImp","wp4N7","giM2lY","tO8Yvb","s38","gPeLPD"|\n</data></match></read>
<read echo="ascii"><delim>\n</delim><match><data>qk1l2q = |"5uANHV","zFDD","nbY66g","bK","nlyFlDc","utt3Vu3","9ATT","qXTGH","bsVw"|\n</data></match></read>
<read echo="ascii"><delim>\n</delim><match><data>L5FHxPS = ||\n</data></match></read>
<read echo="ascii"><delim>\n</delim><match><data>bY5OW = |"2mrCcXn","4uN","bz","pnn6","rDodhR","wpheg","lZ","1lFZ","H"|\n</data></match></read>
		<read echo="ascii"><delim> </delim><match><data>\x3E </data></match></read>
		<write echo="ascii"><data>.l\n</data></write>
	</replay>
</pov>
