<?xml version="1.0" standalone="no" ?>
<!DOCTYPE pov SYSTEM "/usr/share/cgc-docs/replay.dtd"><pov>
	<cbid>CROMU_00011</cbid>
	<replay>
		<read echo="ascii"><delim> </delim><match><data>\x3E </data></match></read>
		<write echo="ascii"><data>V4vJJd = |"Ey7","kl"|+|"orv","nohfegk","PptQUh","x","Uu3","Pk","Y8mhkIA"|\n</data></write>
		<read echo="ascii"><delim> </delim><match><data>\x3E </data></match></read>
		<write echo="ascii"><data>LXPxLn = V4vJJd + V4vJJd\n</data></write>
		<read echo="ascii"><delim> </delim><match><data>\x3E </data></match></read>
		<write echo="ascii"><data>QRDpR = LXPxLn - LXPxLn\n</data></write>
		<read echo="ascii"><delim> </delim><match><data>\x3E </data></match></read>
		<write echo="ascii"><data>NrycpCC = |"Ta","tgCw","lR80V","630qc","9JCsHD","0FVz"|^|"XNrMng","FQZ","I19"|\n</data></write>
		<read echo="ascii"><delim> </delim><match><data>\x3E </data></match></read>
		<write echo="ascii"><data>cUmCk6P = NrycpCC + NrycpCC\n</data></write>
		<read echo="ascii"><delim> </delim><match><data>\x3E </data></match></read>
		<write echo="ascii"><data>uQ928 = |"x","IHHkg","mGnD"|~|"06l4cZ","DlTHZ7"|\n</data></write>
		<read echo="ascii"><delim> </delim><match><data>\x3E </data></match></read>
		<write echo="ascii"><data>pSmP0P4 = cUmCk6P ^ LXPxLn\n</data></write>
		<read echo="ascii"><delim> </delim><match><data>\x3E </data></match></read>
		<write echo="ascii"><data>7PYe3 = |"VKEp","9KE","3h"|~|"nV","U060BWa","cnn4","V","gyACOE5","VJm82z"|\n</data></write>
		<read echo="ascii"><delim> </delim><match><data>\x3E </data></match></read>
		<write echo="ascii"><data>QkJZNP4 = LXPxLn ~ pSmP0P4\n</data></write>
		<read echo="ascii"><delim> </delim><match><data>\x3E </data></match></read>
		<write echo="ascii"><data>pENRHU = |"e","Y"|+|"K1u","3Xnfj5q","ZGlhLN","SF1b","T","j"|\n</data></write>
		<read echo="ascii"><delim> </delim><match><data>\x3E </data></match></read>
		<write echo="ascii"><data>LPlu5 = |"GR","KoP7FFZ","3eFK","DlFqk3c","Is7xn2","kiP","w8","ctlMhA","MQWE","2m"|\n</data></write>
		<read echo="ascii"><delim> </delim><match><data>\x3E </data></match></read>
		<write echo="ascii"><data>CDEPB3k = |"Is7xn2","kiP"|\n</data></write>
		<read echo="ascii"><delim> </delim><match><data>\x3E </data></match></read>
		<write echo="ascii"><data>CDEPB3k@LPlu5\n</data></write>
		<read echo="ascii"><delim>\n</delim><match><data>TRUE\n</data></match></read>
		<read echo="ascii"><delim> </delim><match><data>\x3E </data></match></read>
		<write echo="ascii"><data>8Sdwvwv = NrycpCC - QRDpR\n</data></write>
		<read echo="ascii"><delim> </delim><match><data>\x3E </data></match></read>
		<write echo="ascii"><data>gkiGq = LXPxLn + uQ928\n</data></write>
		<read echo="ascii"><delim> </delim><match><data>\x3E </data></match></read>
		<write echo="ascii"><data>rJ0Hz = pENRHU ^ QRDpR\n</data></write>
		<read echo="ascii"><delim> </delim><match><data>\x3E </data></match></read>
		<write echo="ascii"><data>.p\n</data></write>
<read echo="ascii"><delim>\n</delim><match><data>V4vJJd = |"Ey7","kl","orv","nohfegk","PptQUh","x","Uu3","Pk","Y8mhkIA"|\n</data></match></read>
<read echo="ascii"><delim>\n</delim><match><data>LXPxLn = |"Ey7","kl","orv","nohfegk","PptQUh","x","Uu3","Pk","Y8mhkIA"|\n</data></match></read>
<read echo="ascii"><delim>\n</delim><match><data>QRDpR = ||\n</data></match></read>
<read echo="ascii"><delim>\n</delim><match><data>NrycpCC = ||\n</data></match></read>
<read echo="ascii"><delim>\n</delim><match><data>cUmCk6P = ||\n</data></match></read>
<read echo="ascii"><delim>\n</delim><match><data>uQ928 = |"x","IHHkg","mGnD","06l4cZ","DlTHZ7"|\n</data></match></read>
<read echo="ascii"><delim>\n</delim><match><data>pSmP0P4 = ||\n</data></match></read>
<read echo="ascii"><delim>\n</delim><match><data>7PYe3 = |"VKEp","9KE","3h","nV","U060BWa","cnn4","V","gyACOE5","VJm82z"|\n</data></match></read>
<read echo="ascii"><delim>\n</delim><match><data>QkJZNP4 = |"Ey7","kl","orv","nohfegk","PptQUh","x","Uu3","Pk","Y8mhkIA"|\n</data></match></read>
<read echo="ascii"><delim>\n</delim><match><data>pENRHU = |"e","Y","K1u","3Xnfj5q","ZGlhLN","SF1b","T","j"|\n</data></match></read>
<read echo="ascii"><delim>\n</delim><match><data>LPlu5 = |"GR","KoP7FFZ","3eFK","DlFqk3c","Is7xn2","kiP","w8","ctlMhA","MQWE","2m"|\n</data></match></read>
<read echo="ascii"><delim>\n</delim><match><data>CDEPB3k = |"Is7xn2","kiP"|\n</data></match></read>
<read echo="ascii"><delim>\n</delim><match><data>8Sdwvwv = ||\n</data></match></read>
<read echo="ascii"><delim>\n</delim><match><data>gkiGq = |"Ey7","kl","orv","nohfegk","PptQUh","x","Uu3","Pk","Y8mhkIA","IHHkg","mGnD","06l4cZ","DlTHZ7"|\n</data></match></read>
<read echo="ascii"><delim>\n</delim><match><data>rJ0Hz = ||\n</data></match></read>
		<read echo="ascii"><delim> </delim><match><data>\x3E </data></match></read>
		<write echo="ascii"><data>.l\n</data></write>
	</replay>
</pov>
