<?xml version="1.0" standalone="no" ?>
<!DOCTYPE pov SYSTEM "/usr/share/cgc-docs/replay.dtd"><pov>
	<cbid>CROMU_00011</cbid>
	<replay>
		<read echo="ascii"><delim> </delim><match><data>\x3E </data></match></read>
		<write echo="ascii"><data>AaCVWh = |"kh6","qW4L","aa","x9ew"|-|"3","W0s","kh6","Nu","g6m","1"|\n</data></write>
		<read echo="ascii"><delim> </delim><match><data>\x3E </data></match></read>
		<write echo="ascii"><data>Wpg5Ohn = |"xVEJ","P2S","JfnRszu","2ndJ3"|^|"0qdgyY"|\n</data></write>
		<read echo="ascii"><delim> </delim><match><data>\x3E </data></match></read>
		<write echo="ascii"><data>3TLoJ = AaCVWh + AaCVWh\n</data></write>
		<read echo="ascii"><delim> </delim><match><data>\x3E </data></match></read>
		<write echo="ascii"><data>jx3zeUK = |"cck","wJzLX","pQ9","c9","Cf","khb","FOr","LR"|\n</data></write>
		<read echo="ascii"><delim> </delim><match><data>\x3E </data></match></read>
		<write echo="ascii"><data>LNMjIdq = |"cck","khb","Xtr2Smjlpk"|\n</data></write>
		<read echo="ascii"><delim> </delim><match><data>\x3E </data></match></read>
		<write echo="ascii"><data>LNMjIdq@jx3zeUK\n</data></write>
		<read echo="ascii"><delim>\n</delim><match><data>FALSE\n</data></match></read>
		<read echo="ascii"><delim> </delim><match><data>\x3E </data></match></read>
		<write echo="ascii"><data>krIsHe = |"t5Cj2q","4","lukC1rw","oIq5ny","Aob8smr","9"|~|"B8","Z9V9xQ6","fpT3","RmBb","Aob8smr","J"|\n</data></write>
		<read echo="ascii"><delim> </delim><match><data>\x3E </data></match></read>
		<write echo="ascii"><data>SfgG5Nq = |"JMddNN","RSb","WZcw","NCejeoI","XnP0C5","k","WT"|-|"WZcw","JMddNN","MUG","2wc25"|\n</data></write>
		<read echo="ascii"><delim> </delim><match><data>\x3E </data></match></read>
		<write echo="ascii"><data>Myymg = |"llc5rC1","3","XwJt","yiqS1f","BRA6"|~|"1BDe","P","3","6","xPcO"|\n</data></write>
		<read echo="ascii"><delim> </delim><match><data>\x3E </data></match></read>
		<write echo="ascii"><data>Eybxzz = Myymg - krIsHe\n</data></write>
		<read echo="ascii"><delim> </delim><match><data>\x3E </data></match></read>
		<write echo="ascii"><data>7Nk6WKDNW = 3TLoJ ^ 3TLoJ\n</data></write>
		<read echo="ascii"><delim> </delim><match><data>\x3E </data></match></read>
		<write echo="ascii"><data>4wdy8 = Myymg + 7Nk6WKDNW\n</data></write>
		<read echo="ascii"><delim> </delim><match><data>\x3E </data></match></read>
		<write echo="ascii"><data>Uf1j0h = |"Up2o06d","78Ejw5C","hRNyp","rtA31"|+|"Up2o06d"|\n</data></write>
		<read echo="ascii"><delim> </delim><match><data>\x3E </data></match></read>
		<write echo="ascii"><data>QNPq58 = krIsHe ~ LNMjIdq\n</data></write>
		<read echo="ascii"><delim> </delim><match><data>\x3E </data></match></read>
		<write echo="ascii"><data>atxoftx = Uf1j0h ^ LNMjIdq\n</data></write>
		<read echo="ascii"><delim> </delim><match><data>\x3E </data></match></read>
		<write echo="ascii"><data>.p\n</data></write>
<read echo="ascii"><delim>\n</delim><match><data>AaCVWh = |"qW4L","aa","x9ew"|\n</data></match></read>
<read echo="ascii"><delim>\n</delim><match><data>Wpg5Ohn = ||\n</data></match></read>
<read echo="ascii"><delim>\n</delim><match><data>3TLoJ = |"qW4L","aa","x9ew"|\n</data></match></read>
<read echo="ascii"><delim>\n</delim><match><data>jx3zeUK = |"cck","wJzLX","pQ9","c9","Cf","khb","FOr","LR"|\n</data></match></read>
<read echo="ascii"><delim>\n</delim><match><data>LNMjIdq = |"cck","khb","Xtr2Smjlpk"|\n</data></match></read>
<read echo="ascii"><delim>\n</delim><match><data>krIsHe = |"t5Cj2q","4","lukC1rw","oIq5ny","9","B8","Z9V9xQ6","fpT3","RmBb","J"|\n</data></match></read>
<read echo="ascii"><delim>\n</delim><match><data>SfgG5Nq = |"RSb","NCejeoI","XnP0C5","k","WT"|\n</data></match></read>
<read echo="ascii"><delim>\n</delim><match><data>Myymg = |"llc5rC1","XwJt","yiqS1f","BRA6","1BDe","P","6","xPcO"|\n</data></match></read>
<read echo="ascii"><delim>\n</delim><match><data>Eybxzz = |"llc5rC1","XwJt","yiqS1f","BRA6","1BDe","P","6","xPcO"|\n</data></match></read>
<read echo="ascii"><delim>\n</delim><match><data>7Nk6WKDNW = |"qW4L","aa","x9ew"|\n</data></match></read>
<read echo="ascii"><delim>\n</delim><match><data>4wdy8 = |"llc5rC1","XwJt","yiqS1f","BRA6","1BDe","P","6","xPcO","qW4L","aa","x9ew"|\n</data></match></read>
<read echo="ascii"><delim>\n</delim><match><data>Uf1j0h = |"Up2o06d","78Ejw5C","hRNyp","rtA31"|\n</data></match></read>
<read echo="ascii"><delim>\n</delim><match><data>QNPq58 = |"t5Cj2q","4","lukC1rw","oIq5ny","9","B8","Z9V9xQ6","fpT3","RmBb","J","cck","khb","Xtr2Smjlpk"|\n</data></match></read>
<read echo="ascii"><delim>\n</delim><match><data>atxoftx = ||\n</data></match></read>
		<read echo="ascii"><delim> </delim><match><data>\x3E </data></match></read>
		<write echo="ascii"><data>.l\n</data></write>
	</replay>
</pov>
