<?xml version="1.0" standalone="no" ?>
<!DOCTYPE pov SYSTEM "/usr/share/cgc-docs/replay.dtd"><pov>
	<cbid>CROMU_00011</cbid>
	<replay>
		<read echo="ascii"><delim> </delim><match><data>\x3E </data></match></read>
		<write echo="ascii"><data>sivler8 = |"YCO8j","iwOBmS","msK","gPZ","LcMJ0f","tjN","gnmh4a"|^|"GE","CqITIv2","YbMKg","iwOBmS"|\n</data></write>
		<read echo="ascii"><delim> </delim><match><data>\x3E </data></match></read>
		<write echo="ascii"><data>wfTnGi = |"IwSHv3","fEQJ","i8dfT","wEAWrv","wOQlN"|^|"a6umr","B9qFZeX"|\n</data></write>
		<read echo="ascii"><delim> </delim><match><data>\x3E </data></match></read>
		<write echo="ascii"><data>AfXCOYK = sivler8 ~ sivler8\n</data></write>
		<read echo="ascii"><delim> </delim><match><data>\x3E </data></match></read>
		<write echo="ascii"><data>wS38EZh = AfXCOYK ~ wfTnGi\n</data></write>
		<read echo="ascii"><delim> </delim><match><data>\x3E </data></match></read>
		<write echo="ascii"><data>HrKRa = |"J","wI8DZoB","Fya","PX","H"|-|"03vKZ1","JoYyM","v5vI","Nggus","maLZ4V3"|\n</data></write>
		<read echo="ascii"><delim> </delim><match><data>\x3E </data></match></read>
		<write echo="ascii"><data>LdtdCjO = HrKRa + sivler8\n</data></write>
		<read echo="ascii"><delim> </delim><match><data>\x3E </data></match></read>
		<write echo="ascii"><data>6CxN3S2gQ = HrKRa ^ wS38EZh\n</data></write>
		<read echo="ascii"><delim> </delim><match><data>\x3E </data></match></read>
		<write echo="ascii"><data>wTVscQV = |"3HldE","hPu","1on1NMO","POOx3","YmvHQ","lmrV","VOTVw9","cPDyMsX","nYCrj","TAnE"|\n</data></write>
		<read echo="ascii"><delim> </delim><match><data>\x3E </data></match></read>
		<write echo="ascii"><data>6s50Hn = |"POOx3","cPDyMsX"|\n</data></write>
		<read echo="ascii"><delim> </delim><match><data>\x3E </data></match></read>
		<write echo="ascii"><data>6s50Hn@wTVscQV\n</data></write>
		<read echo="ascii"><delim>\n</delim><match><data>TRUE\n</data></match></read>
		<read echo="ascii"><delim> </delim><match><data>\x3E </data></match></read>
		<write echo="ascii"><data>WU0Wz = |"k1y","hyc","H0"|^|"AUOAS","M4bX","gFM"|\n</data></write>
		<read echo="ascii"><delim> </delim><match><data>\x3E </data></match></read>
		<write echo="ascii"><data>IR0ny4 = |"OA4","YlS8nD"|^|"OA4","OyhK"|\n</data></write>
		<read echo="ascii"><delim> </delim><match><data>\x3E </data></match></read>
		<write echo="ascii"><data>yQ0VX = 6CxN3S2gQ ~ LdtdCjO\n</data></write>
		<read echo="ascii"><delim> </delim><match><data>\x3E </data></match></read>
		<write echo="ascii"><data>S2bk5 = wTVscQV - sivler8\n</data></write>
		<read echo="ascii"><delim> </delim><match><data>\x3E </data></match></read>
		<write echo="ascii"><data>FFS7rJ7 = |"tbay","UeR","LtfUI","f6YQb","DgYf9oQ","fj1"|+|"ioq","x","gS4Uwt","fj1","UeR","LwZ"|\n</data></write>
		<read echo="ascii"><delim> </delim><match><data>\x3E </data></match></read>
		<write echo="ascii"><data>LKlwsmQ = IR0ny4 ^ sivler8\n</data></write>
		<read echo="ascii"><delim> </delim><match><data>\x3E </data></match></read>
		<write echo="ascii"><data>YI2RF = |"phP","bL5CN","kZ20U","GK","NGrUAS","AH","vBazXJ","Iw","akloGx"|\n</data></write>
		<read echo="ascii"><delim> </delim><match><data>\x3E </data></match></read>
		<write echo="ascii"><data>vfOxSo = |"Iw","kZ20U","NGrUAS","GK","akloGx","vBazXJ","phP","bL5CN"|\n</data></write>
		<read echo="ascii"><delim> </delim><match><data>\x3E </data></match></read>
		<write echo="ascii"><data>vfOxSo@YI2RF\n</data></write>
		<read echo="ascii"><delim>\n</delim><match><data>TRUE\n</data></match></read>
		<read echo="ascii"><delim> </delim><match><data>\x3E </data></match></read>
		<write echo="ascii"><data>.p\n</data></write>
<read echo="ascii"><delim>\n</delim><match><data>sivler8 = |"iwOBmS"|\n</data></match></read>
<read echo="ascii"><delim>\n</delim><match><data>wfTnGi = ||\n</data></match></read>
<read echo="ascii"><delim>\n</delim><match><data>AfXCOYK = ||\n</data></match></read>
<read echo="ascii"><delim>\n</delim><match><data>wS38EZh = ||\n</data></match></read>
<read echo="ascii"><delim>\n</delim><match><data>HrKRa = |"J","wI8DZoB","Fya","PX","H"|\n</data></match></read>
<read echo="ascii"><delim>\n</delim><match><data>LdtdCjO = |"J","wI8DZoB","Fya","PX","H","iwOBmS"|\n</data></match></read>
<read echo="ascii"><delim>\n</delim><match><data>6CxN3S2gQ = ||\n</data></match></read>
<read echo="ascii"><delim>\n</delim><match><data>wTVscQV = |"3HldE","hPu","1on1NMO","POOx3","YmvHQ","lmrV","VOTVw9","cPDyMsX","nYCrj","TAnE"|\n</data></match></read>
<read echo="ascii"><delim>\n</delim><match><data>6s50Hn = |"POOx3","cPDyMsX"|\n</data></match></read>
<read echo="ascii"><delim>\n</delim><match><data>WU0Wz = ||\n</data></match></read>
<read echo="ascii"><delim>\n</delim><match><data>IR0ny4 = |"OA4"|\n</data></match></read>
<read echo="ascii"><delim>\n</delim><match><data>yQ0VX = |"J","wI8DZoB","Fya","PX","H","iwOBmS"|\n</data></match></read>
<read echo="ascii"><delim>\n</delim><match><data>S2bk5 = |"3HldE","hPu","1on1NMO","POOx3","YmvHQ","lmrV","VOTVw9","cPDyMsX","nYCrj","TAnE"|\n</data></match></read>
<read echo="ascii"><delim>\n</delim><match><data>FFS7rJ7 = |"tbay","UeR","LtfUI","f6YQb","DgYf9oQ","fj1","ioq","x","gS4Uwt","LwZ"|\n</data></match></read>
<read echo="ascii"><delim>\n</delim><match><data>LKlwsmQ = ||\n</data></match></read>
<read echo="ascii"><delim>\n</delim><match><data>YI2RF = |"phP","bL5CN","kZ20U","GK","NGrUAS","AH","vBazXJ","Iw","akloGx"|\n</data></match></read>
<read echo="ascii"><delim>\n</delim><match><data>vfOxSo = |"Iw","kZ20U","NGrUAS","GK","akloGx","vBazXJ","phP","bL5CN"|\n</data></match></read>
		<read echo="ascii"><delim> </delim><match><data>\x3E </data></match></read>
		<write echo="ascii"><data>.l\n</data></write>
	</replay>
</pov>
