<?xml version="1.0" standalone="no" ?>
<!DOCTYPE pov SYSTEM "/usr/share/cgc-docs/replay.dtd"><pov>
	<cbid>CROMU_00011</cbid>
	<replay>
		<read echo="ascii"><delim> </delim><match><data>\x3E </data></match></read>
		<write echo="ascii"><data>PfikJo = |"By4w"|~|"GNR7Kys","9uk","d","03PkZo","MMmi","2tDpn5d","3HZGYm"|\n</data></write>
		<read echo="ascii"><delim> </delim><match><data>\x3E </data></match></read>
		<write echo="ascii"><data>OOxGVg = PfikJo + PfikJo\n</data></write>
		<read echo="ascii"><delim> </delim><match><data>\x3E </data></match></read>
		<write echo="ascii"><data>2HoOJu = OOxGVg ~ PfikJo\n</data></write>
		<read echo="ascii"><delim> </delim><match><data>\x3E </data></match></read>
		<write echo="ascii"><data>vrSrz5S = |"rQi","5S","2rg1U","Y2Jj6k","iLjnPbv","mZi7"|\n</data></write>
		<read echo="ascii"><delim> </delim><match><data>\x3E </data></match></read>
		<write echo="ascii"><data>hK3hBYp = |"mZi7","Y2Jj6k","c16h4I3cwx"|\n</data></write>
		<read echo="ascii"><delim> </delim><match><data>\x3E </data></match></read>
		<write echo="ascii"><data>hK3hBYp@vrSrz5S\n</data></write>
		<read echo="ascii"><delim>\n</delim><match><data>FALSE\n</data></match></read>
		<read echo="ascii"><delim> </delim><match><data>\x3E </data></match></read>
		<write echo="ascii"><data>NX38UX = |"cK7p","PE","2J3OymF","eO1iCG","OqPOSDZ","n3PmQv","X8J"|^|"Sx","2J3OymF"|\n</data></write>
		<read echo="ascii"><delim> </delim><match><data>\x3E </data></match></read>
		<write echo="ascii"><data>4ZRVp5 = 2HoOJu - vrSrz5S\n</data></write>
		<read echo="ascii"><delim> </delim><match><data>\x3E </data></match></read>
		<write echo="ascii"><data>fz07w = hK3hBYp - PfikJo\n</data></write>
		<read echo="ascii"><delim> </delim><match><data>\x3E </data></match></read>
		<write echo="ascii"><data>p0HfO = |"XQ","0Fb","DPnjiDR","DqUCB2r","wgq9O5","jb","EXsI","mLt","3NmdUSy"|\n</data></write>
		<read echo="ascii"><delim> </delim><match><data>\x3E </data></match></read>
		<write echo="ascii"><data>eDjhN = |"EXsI","0Fb","DPnjiDR","XQ","3NmdUSy","mLt","wgq9O5"|\n</data></write>
		<read echo="ascii"><delim> </delim><match><data>\x3E </data></match></read>
		<write echo="ascii"><data>eDjhN@p0HfO\n</data></write>
		<read echo="ascii"><delim>\n</delim><match><data>TRUE\n</data></match></read>
		<read echo="ascii"><delim> </delim><match><data>\x3E </data></match></read>
		<write echo="ascii"><data>vR6AIF3 = |"ZYdL6I","HpKs7p","soC","isrbC6","3bgAX","D5UX2f"|^|"d0sXK"|\n</data></write>
		<read echo="ascii"><delim> </delim><match><data>\x3E </data></match></read>
		<write echo="ascii"><data>5fo8dg = NX38UX + hK3hBYp\n</data></write>
		<read echo="ascii"><delim> </delim><match><data>\x3E </data></match></read>
		<write echo="ascii"><data>EA0sAl = |"PhKTvB","zo","r74","d7DWKT","u7","lB"|\n</data></write>
		<read echo="ascii"><delim> </delim><match><data>\x3E </data></match></read>
		<write echo="ascii"><data>bD442LE = |"d7DWKT","AgpROmLT4b"|\n</data></write>
		<read echo="ascii"><delim> </delim><match><data>\x3E </data></match></read>
		<write echo="ascii"><data>bD442LE@EA0sAl\n</data></write>
		<read echo="ascii"><delim>\n</delim><match><data>FALSE\n</data></match></read>
		<read echo="ascii"><delim> </delim><match><data>\x3E </data></match></read>
		<write echo="ascii"><data>.p\n</data></write>
<read echo="ascii"><delim>\n</delim><match><data>PfikJo = |"By4w","GNR7Kys","9uk","d","03PkZo","MMmi","2tDpn5d","3HZGYm"|\n</data></match></read>
<read echo="ascii"><delim>\n</delim><match><data>OOxGVg = |"By4w","GNR7Kys","9uk","d","03PkZo","MMmi","2tDpn5d","3HZGYm"|\n</data></match></read>
<read echo="ascii"><delim>\n</delim><match><data>2HoOJu = ||\n</data></match></read>
<read echo="ascii"><delim>\n</delim><match><data>vrSrz5S = |"rQi","5S","2rg1U","Y2Jj6k","iLjnPbv","mZi7"|\n</data></match></read>
<read echo="ascii"><delim>\n</delim><match><data>hK3hBYp = |"mZi7","Y2Jj6k","c16h4I3cwx"|\n</data></match></read>
<read echo="ascii"><delim>\n</delim><match><data>NX38UX = |"2J3OymF"|\n</data></match></read>
<read echo="ascii"><delim>\n</delim><match><data>4ZRVp5 = ||\n</data></match></read>
<read echo="ascii"><delim>\n</delim><match><data>fz07w = |"mZi7","Y2Jj6k","c16h4I3cwx"|\n</data></match></read>
<read echo="ascii"><delim>\n</delim><match><data>p0HfO = |"XQ","0Fb","DPnjiDR","DqUCB2r","wgq9O5","jb","EXsI","mLt","3NmdUSy"|\n</data></match></read>
<read echo="ascii"><delim>\n</delim><match><data>eDjhN = |"EXsI","0Fb","DPnjiDR","XQ","3NmdUSy","mLt","wgq9O5"|\n</data></match></read>
<read echo="ascii"><delim>\n</delim><match><data>vR6AIF3 = ||\n</data></match></read>
<read echo="ascii"><delim>\n</delim><match><data>5fo8dg = |"2J3OymF","mZi7","Y2Jj6k","c16h4I3cwx"|\n</data></match></read>
<read echo="ascii"><delim>\n</delim><match><data>EA0sAl = |"PhKTvB","zo","r74","d7DWKT","u7","lB"|\n</data></match></read>
<read echo="ascii"><delim>\n</delim><match><data>bD442LE = |"d7DWKT","AgpROmLT4b"|\n</data></match></read>
		<read echo="ascii"><delim> </delim><match><data>\x3E </data></match></read>
		<write echo="ascii"><data>.l\n</data></write>
	</replay>
</pov>
