<?xml version="1.0" standalone="no" ?>
<!DOCTYPE pov SYSTEM "/usr/share/cgc-docs/replay.dtd"><pov>
	<cbid>CROMU_00011</cbid>
	<replay>
		<read echo="ascii"><delim> </delim><match><data>\x3E </data></match></read>
		<write echo="ascii"><data>8FX7m = |"0ogFenh","VCVVW","G","c9WJ","1w","pm"|-|"Tkg3z0","0ogFenh","VCVVW","n"|\n</data></write>
		<read echo="ascii"><delim> </delim><match><data>\x3E </data></match></read>
		<write echo="ascii"><data>NDvu6l = 8FX7m ~ 8FX7m\n</data></write>
		<read echo="ascii"><delim> </delim><match><data>\x3E </data></match></read>
		<write echo="ascii"><data>08OGasR = 8FX7m ~ 8FX7m\n</data></write>
		<read echo="ascii"><delim> </delim><match><data>\x3E </data></match></read>
		<write echo="ascii"><data>lAnbL2XEa = NDvu6l ^ 8FX7m\n</data></write>
		<read echo="ascii"><delim> </delim><match><data>\x3E </data></match></read>
		<write echo="ascii"><data>EtjrkIX = 08OGasR ~ 8FX7m\n</data></write>
		<read echo="ascii"><delim> </delim><match><data>\x3E </data></match></read>
		<write echo="ascii"><data>g2xfag = |"dypt","ZoUgY","wNFPOM","ABUU","gY","kT1Pby","KCQwt7D","z9th","Po","tSJ"|\n</data></write>
		<read echo="ascii"><delim> </delim><match><data>\x3E </data></match></read>
		<write echo="ascii"><data>dwCVc = |"kT1Pby","KCQwt7D","tSJ","ZoUgY","gY","z9th","b7vm4IfPat"|\n</data></write>
		<read echo="ascii"><delim> </delim><match><data>\x3E </data></match></read>
		<write echo="ascii"><data>dwCVc@g2xfag\n</data></write>
		<read echo="ascii"><delim>\n</delim><match><data>FALSE\n</data></match></read>
		<read echo="ascii"><delim> </delim><match><data>\x3E </data></match></read>
		<write echo="ascii"><data>xzDIGJU = |"r06","84M7o"|~|"i94nkuA","UE8","d","s1p"|\n</data></write>
		<read echo="ascii"><delim> </delim><match><data>\x3E </data></match></read>
		<write echo="ascii"><data>yJGzf = |"ppE","NwJGtjh","R2FBvbX","gymc","jDALYa","IunE24","z"|-|"onp","QqeJy","gymc"|\n</data></write>
		<read echo="ascii"><delim> </delim><match><data>\x3E </data></match></read>
		<write echo="ascii"><data>Q4ZXFi = dwCVc ~ yJGzf\n</data></write>
		<read echo="ascii"><delim> </delim><match><data>\x3E </data></match></read>
		<write echo="ascii"><data>EmcSW = 08OGasR - dwCVc\n</data></write>
		<read echo="ascii"><delim> </delim><match><data>\x3E </data></match></read>
		<write echo="ascii"><data>VWtuw39 = NDvu6l + yJGzf\n</data></write>
		<read echo="ascii"><delim> </delim><match><data>\x3E </data></match></read>
		<write echo="ascii"><data>jE8mJwu = yJGzf + VWtuw39\n</data></write>
		<read echo="ascii"><delim> </delim><match><data>\x3E </data></match></read>
		<write echo="ascii"><data>.p\n</data></write>
<read echo="ascii"><delim>\n</delim><match><data>8FX7m = |"G","c9WJ","1w","pm"|\n</data></match></read>
<read echo="ascii"><delim>\n</delim><match><data>NDvu6l = ||\n</data></match></read>
<read echo="ascii"><delim>\n</delim><match><data>08OGasR = ||\n</data></match></read>
<read echo="ascii"><delim>\n</delim><match><data>lAnbL2XEa = ||\n</data></match></read>
<read echo="ascii"><delim>\n</delim><match><data>EtjrkIX = |"G","c9WJ","1w","pm"|\n</data></match></read>
<read echo="ascii"><delim>\n</delim><match><data>g2xfag = |"dypt","ZoUgY","wNFPOM","ABUU","gY","kT1Pby","KCQwt7D","z9th","Po","tSJ"|\n</data></match></read>
<read echo="ascii"><delim>\n</delim><match><data>dwCVc = |"kT1Pby","KCQwt7D","tSJ","ZoUgY","gY","z9th","b7vm4IfPat"|\n</data></match></read>
<read echo="ascii"><delim>\n</delim><match><data>xzDIGJU = |"r06","84M7o","i94nkuA","UE8","d","s1p"|\n</data></match></read>
<read echo="ascii"><delim>\n</delim><match><data>yJGzf = |"ppE","NwJGtjh","R2FBvbX","jDALYa","IunE24","z"|\n</data></match></read>
<read echo="ascii"><delim>\n</delim><match><data>Q4ZXFi = |"kT1Pby","KCQwt7D","tSJ","ZoUgY","gY","z9th","b7vm4IfPat","ppE","NwJGtjh","R2FBvbX","jDALYa","IunE24","z"|\n</data></match></read>
<read echo="ascii"><delim>\n</delim><match><data>EmcSW = ||\n</data></match></read>
<read echo="ascii"><delim>\n</delim><match><data>VWtuw39 = |"ppE","NwJGtjh","R2FBvbX","jDALYa","IunE24","z"|\n</data></match></read>
<read echo="ascii"><delim>\n</delim><match><data>jE8mJwu = |"ppE","NwJGtjh","R2FBvbX","jDALYa","IunE24","z"|\n</data></match></read>
		<read echo="ascii"><delim> </delim><match><data>\x3E </data></match></read>
		<write echo="ascii"><data>.l\n</data></write>
	</replay>
</pov>
