<?xml version="1.0" standalone="no" ?>
<!DOCTYPE pov SYSTEM "/usr/share/cgc-docs/replay.dtd"><pov>
	<cbid>CROMU_00011</cbid>
	<replay>
		<read echo="ascii"><delim> </delim><match><data>\x3E </data></match></read>
		<write echo="ascii"><data>r6iGzl0 = |"lv0neJv","2mvISbi","HDmwCI","rYt","B","2dHAYi"|~|"xaw9xnu","pzDV","r5","gBM1U"|\n</data></write>
		<read echo="ascii"><delim> </delim><match><data>\x3E </data></match></read>
		<write echo="ascii"><data>Li5rahx = |"4HG","lADS2d","8M0","nu","VuL","9nI8","Kzxyj","xeiNoyd","pJk"|\n</data></write>
		<read echo="ascii"><delim> </delim><match><data>\x3E </data></match></read>
		<write echo="ascii"><data>ElZfA = |"nu","4HG","cIQeeOz5Jc"|\n</data></write>
		<read echo="ascii"><delim> </delim><match><data>\x3E </data></match></read>
		<write echo="ascii"><data>ElZfA@Li5rahx\n</data></write>
		<read echo="ascii"><delim>\n</delim><match><data>FALSE\n</data></match></read>
		<read echo="ascii"><delim> </delim><match><data>\x3E </data></match></read>
		<write echo="ascii"><data>byZVsW5 = |"oT1g","gCDZdgF","Kmroy","xrp2io"|+|"5Mik","mpTD","EgsDF7","OK3xe","T8Ep00i"|\n</data></write>
		<read echo="ascii"><delim> </delim><match><data>\x3E </data></match></read>
		<write echo="ascii"><data>OQuAq = Li5rahx ^ byZVsW5\n</data></write>
		<read echo="ascii"><delim> </delim><match><data>\x3E </data></match></read>
		<write echo="ascii"><data>6MWtH = |"CXtur","7T"|^|"emFeat","GyEJc","GTkCLU","StXBI","kiQ","7BZMBmp","80Nh4w"|\n</data></write>
		<read echo="ascii"><delim> </delim><match><data>\x3E </data></match></read>
		<write echo="ascii"><data>lLRdTY = |"5rVjw","Ynqjsv","eAFeW","nN4190I"|^|"aebBTUV","kUt7m","Pg","6E3yeci","Xh","Eo"|\n</data></write>
		<read echo="ascii"><delim> </delim><match><data>\x3E </data></match></read>
		<write echo="ascii"><data>UMzzfCx = |"3nnz3P","oNyAe","e","I","gQ","KC9"|-|"I","k","e","0zbPxy","3ykaG"|\n</data></write>
		<read echo="ascii"><delim> </delim><match><data>\x3E </data></match></read>
		<write echo="ascii"><data>TEBA1Te = |"ojD6zlP","i"|+|"x5nMHx"|\n</data></write>
		<read echo="ascii"><delim> </delim><match><data>\x3E </data></match></read>
		<write echo="ascii"><data>BOPUI = r6iGzl0 - OQuAq\n</data></write>
		<read echo="ascii"><delim> </delim><match><data>\x3E </data></match></read>
		<write echo="ascii"><data>Qjqelu = |"1YS1pd"|~|"PcGb"|\n</data></write>
		<read echo="ascii"><delim> </delim><match><data>\x3E </data></match></read>
		<write echo="ascii"><data>dAvya = |"3c","ANnZ","JK","S","En"|~|"zsGARZ","JK","2OkqXOV","S","En","t"|\n</data></write>
		<read echo="ascii"><delim> </delim><match><data>\x3E </data></match></read>
		<write echo="ascii"><data>.p\n</data></write>
<read echo="ascii"><delim>\n</delim><match><data>r6iGzl0 = |"lv0neJv","2mvISbi","HDmwCI","rYt","B","2dHAYi","xaw9xnu","pzDV","r5","gBM1U"|\n</data></match></read>
<read echo="ascii"><delim>\n</delim><match><data>Li5rahx = |"4HG","lADS2d","8M0","nu","VuL","9nI8","Kzxyj","xeiNoyd","pJk"|\n</data></match></read>
<read echo="ascii"><delim>\n</delim><match><data>ElZfA = |"nu","4HG","cIQeeOz5Jc"|\n</data></match></read>
<read echo="ascii"><delim>\n</delim><match><data>byZVsW5 = |"oT1g","gCDZdgF","Kmroy","xrp2io","5Mik","mpTD","EgsDF7","OK3xe","T8Ep00i"|\n</data></match></read>
<read echo="ascii"><delim>\n</delim><match><data>OQuAq = ||\n</data></match></read>
<read echo="ascii"><delim>\n</delim><match><data>6MWtH = ||\n</data></match></read>
<read echo="ascii"><delim>\n</delim><match><data>lLRdTY = ||\n</data></match></read>
<read echo="ascii"><delim>\n</delim><match><data>UMzzfCx = |"3nnz3P","oNyAe","gQ","KC9"|\n</data></match></read>
<read echo="ascii"><delim>\n</delim><match><data>TEBA1Te = |"ojD6zlP","i","x5nMHx"|\n</data></match></read>
<read echo="ascii"><delim>\n</delim><match><data>BOPUI = |"lv0neJv","2mvISbi","HDmwCI","rYt","B","2dHAYi","xaw9xnu","pzDV","r5","gBM1U"|\n</data></match></read>
<read echo="ascii"><delim>\n</delim><match><data>Qjqelu = |"1YS1pd","PcGb"|\n</data></match></read>
<read echo="ascii"><delim>\n</delim><match><data>dAvya = |"3c","ANnZ","zsGARZ","2OkqXOV","t"|\n</data></match></read>
		<read echo="ascii"><delim> </delim><match><data>\x3E </data></match></read>
		<write echo="ascii"><data>.l\n</data></write>
	</replay>
</pov>
