<?xml version="1.0" standalone="no" ?>
<!DOCTYPE pov SYSTEM "/usr/share/cgc-docs/replay.dtd"><pov>
	<cbid>CROMU_00011</cbid>
	<replay>
		<read echo="ascii"><delim> </delim><match><data>\x3E </data></match></read>
		<write echo="ascii"><data>MbE5H = |"pKy"|+|"lG","nvN","82l","U","EoQ5FX","0sRFCy"|\n</data></write>
		<read echo="ascii"><delim> </delim><match><data>\x3E </data></match></read>
		<write echo="ascii"><data>bAjnMa2 = |"HzOcRN"|^|"SAt","xT1ewz3","ddk","ru5ls","Yy1d"|\n</data></write>
		<read echo="ascii"><delim> </delim><match><data>\x3E </data></match></read>
		<write echo="ascii"><data>49JA3W = bAjnMa2 - MbE5H\n</data></write>
		<read echo="ascii"><delim> </delim><match><data>\x3E </data></match></read>
		<write echo="ascii"><data>6CjFX = 49JA3W ~ 49JA3W\n</data></write>
		<read echo="ascii"><delim> </delim><match><data>\x3E </data></match></read>
		<write echo="ascii"><data>WG64LeS = 49JA3W ~ 6CjFX\n</data></write>
		<read echo="ascii"><delim> </delim><match><data>\x3E </data></match></read>
		<write echo="ascii"><data>NXxyVcE = bAjnMa2 ~ WG64LeS\n</data></write>
		<read echo="ascii"><delim> </delim><match><data>\x3E </data></match></read>
		<write echo="ascii"><data>YREA0 = |"py5xk","SW","OTl","ECD","csRgz","cQ","IE9Wj"|\n</data></write>
		<read echo="ascii"><delim> </delim><match><data>\x3E </data></match></read>
		<write echo="ascii"><data>6XBpC = |"cQ","OTl"|\n</data></write>
		<read echo="ascii"><delim> </delim><match><data>\x3E </data></match></read>
		<write echo="ascii"><data>6XBpC@YREA0\n</data></write>
		<read echo="ascii"><delim>\n</delim><match><data>TRUE\n</data></match></read>
		<read echo="ascii"><delim> </delim><match><data>\x3E </data></match></read>
		<write echo="ascii"><data>UVSlKv = |"dbwk","7fRI"|~|"H","OM","eO","ik5n6wh","AelWmM","4hs","NNDu6"|\n</data></write>
		<read echo="ascii"><delim> </delim><match><data>\x3E </data></match></read>
		<write echo="ascii"><data>hIOMhDU = |"5nX4uWe","ljvLd","Gg","ox7","SB2","vh0l0","zhz","HTed","RibYFjV"|\n</data></write>
		<read echo="ascii"><delim> </delim><match><data>\x3E </data></match></read>
		<write echo="ascii"><data>zSER6k = |"RibYFjV","Gg","SB2","ox7","ljvLd"|\n</data></write>
		<read echo="ascii"><delim> </delim><match><data>\x3E </data></match></read>
		<write echo="ascii"><data>zSER6k@hIOMhDU\n</data></write>
		<read echo="ascii"><delim>\n</delim><match><data>TRUE\n</data></match></read>
		<read echo="ascii"><delim> </delim><match><data>\x3E </data></match></read>
		<write echo="ascii"><data>MjEpoYC = |"I8Xm","2G","Vhta","yxedq","zR","9EwvJn","MK6R"|+|"I8Xm","MK6R","9EwvJn","GQYYB4"|\n</data></write>
		<read echo="ascii"><delim> </delim><match><data>\x3E </data></match></read>
		<write echo="ascii"><data>xNZTzA6 = |"dr","YxYYb","W"|-|"GLn","YxYYb","YEp","6CHD"|\n</data></write>
		<read echo="ascii"><delim> </delim><match><data>\x3E </data></match></read>
		<write echo="ascii"><data>.p\n</data></write>
<read echo="ascii"><delim>\n</delim><match><data>MbE5H = |"pKy","lG","nvN","82l","U","EoQ5FX","0sRFCy"|\n</data></match></read>
<read echo="ascii"><delim>\n</delim><match><data>bAjnMa2 = ||\n</data></match></read>
<read echo="ascii"><delim>\n</delim><match><data>49JA3W = ||\n</data></match></read>
<read echo="ascii"><delim>\n</delim><match><data>6CjFX = ||\n</data></match></read>
<read echo="ascii"><delim>\n</delim><match><data>WG64LeS = ||\n</data></match></read>
<read echo="ascii"><delim>\n</delim><match><data>NXxyVcE = ||\n</data></match></read>
<read echo="ascii"><delim>\n</delim><match><data>YREA0 = |"py5xk","SW","OTl","ECD","csRgz","cQ","IE9Wj"|\n</data></match></read>
<read echo="ascii"><delim>\n</delim><match><data>6XBpC = |"cQ","OTl"|\n</data></match></read>
<read echo="ascii"><delim>\n</delim><match><data>UVSlKv = |"dbwk","7fRI","H","OM","eO","ik5n6wh","AelWmM","4hs","NNDu6"|\n</data></match></read>
<read echo="ascii"><delim>\n</delim><match><data>hIOMhDU = |"5nX4uWe","ljvLd","Gg","ox7","SB2","vh0l0","zhz","HTed","RibYFjV"|\n</data></match></read>
<read echo="ascii"><delim>\n</delim><match><data>zSER6k = |"RibYFjV","Gg","SB2","ox7","ljvLd"|\n</data></match></read>
<read echo="ascii"><delim>\n</delim><match><data>MjEpoYC = |"I8Xm","2G","Vhta","yxedq","zR","9EwvJn","MK6R","GQYYB4"|\n</data></match></read>
<read echo="ascii"><delim>\n</delim><match><data>xNZTzA6 = |"dr","W"|\n</data></match></read>
		<read echo="ascii"><delim> </delim><match><data>\x3E </data></match></read>
		<write echo="ascii"><data>.l\n</data></write>
	</replay>
</pov>
