<?xml version="1.0" standalone="no" ?>
<!DOCTYPE pov SYSTEM "/usr/share/cgc-docs/replay.dtd"><pov>
	<cbid>CROMU_00011</cbid>
	<replay>
		<read echo="ascii"><delim> </delim><match><data>\x3E </data></match></read>
		<write echo="ascii"><data>xLqwP = |"Xxg1r","auwjKGM","wkDkT","b6e1","5is043","WbmnjPy","07","A2jbA0","ED8"|\n</data></write>
		<read echo="ascii"><delim> </delim><match><data>\x3E </data></match></read>
		<write echo="ascii"><data>FSIcXf = |"A2jbA0","Xxg1r","07","5is043","4sin7wfZWI"|\n</data></write>
		<read echo="ascii"><delim> </delim><match><data>\x3E </data></match></read>
		<write echo="ascii"><data>FSIcXf@xLqwP\n</data></write>
		<read echo="ascii"><delim>\n</delim><match><data>FALSE\n</data></match></read>
		<read echo="ascii"><delim> </delim><match><data>\x3E </data></match></read>
		<write echo="ascii"><data>8qqkVv = |"hw5DN","StfCyY2","rEOXRa","kxJfu"|+|"JaASys9","s8B5","7J","KL3"|\n</data></write>
		<read echo="ascii"><delim> </delim><match><data>\x3E </data></match></read>
		<write echo="ascii"><data>Xy991v = 8qqkVv ^ 8qqkVv\n</data></write>
		<read echo="ascii"><delim> </delim><match><data>\x3E </data></match></read>
		<write echo="ascii"><data>VZgxH6 = Xy991v ^ xLqwP\n</data></write>
		<read echo="ascii"><delim> </delim><match><data>\x3E </data></match></read>
		<write echo="ascii"><data>eywDcM = VZgxH6 + FSIcXf\n</data></write>
		<read echo="ascii"><delim> </delim><match><data>\x3E </data></match></read>
		<write echo="ascii"><data>RuIFX6d = |"9B","r8mmTpP","O5","XY","T2k6"|+|"HcX0"|\n</data></write>
		<read echo="ascii"><delim> </delim><match><data>\x3E </data></match></read>
		<write echo="ascii"><data>S9clk = |"bmaY9h","QQ13RLX"|~|"Vf","R4","bmaY9h","MtKsm","f0Yu","XEAk"|\n</data></write>
		<read echo="ascii"><delim> </delim><match><data>\x3E </data></match></read>
		<write echo="ascii"><data>EQY6FDZi = VZgxH6 ^ FSIcXf\n</data></write>
		<read echo="ascii"><delim> </delim><match><data>\x3E </data></match></read>
		<write echo="ascii"><data>tvkpr = |"j8CNdcy"|^|"R1","Tmd","LGQg8Tl"|\n</data></write>
		<read echo="ascii"><delim> </delim><match><data>\x3E </data></match></read>
		<write echo="ascii"><data>HxtndYSoK = eywDcM ^ eywDcM\n</data></write>
		<read echo="ascii"><delim> </delim><match><data>\x3E </data></match></read>
		<write echo="ascii"><data>u4dFKH59 = tvkpr ^ Xy991v\n</data></write>
		<read echo="ascii"><delim> </delim><match><data>\x3E </data></match></read>
		<write echo="ascii"><data>LoLTHia = |"cszwt","5QEs70e","0ZGZHhn","cus3E","PvDr","PNZKcL"|-|"PvDr","LG","5QEs70e","PNZKcL"|\n</data></write>
		<read echo="ascii"><delim> </delim><match><data>\x3E </data></match></read>
		<write echo="ascii"><data>Q5q5DQ = |"kLpcr","k9"|~|"j3ylD","6tsQ3HF","MGjurE","P","IU","dqSsbxa"|\n</data></write>
		<read echo="ascii"><delim> </delim><match><data>\x3E </data></match></read>
		<write echo="ascii"><data>.p\n</data></write>
<read echo="ascii"><delim>\n</delim><match><data>xLqwP = |"Xxg1r","auwjKGM","wkDkT","b6e1","5is043","WbmnjPy","07","A2jbA0","ED8"|\n</data></match></read>
<read echo="ascii"><delim>\n</delim><match><data>FSIcXf = |"A2jbA0","Xxg1r","07","5is043","4sin7wfZWI"|\n</data></match></read>
<read echo="ascii"><delim>\n</delim><match><data>8qqkVv = |"hw5DN","StfCyY2","rEOXRa","kxJfu","JaASys9","s8B5","7J","KL3"|\n</data></match></read>
<read echo="ascii"><delim>\n</delim><match><data>Xy991v = |"hw5DN","StfCyY2","rEOXRa","kxJfu","JaASys9","s8B5","7J","KL3"|\n</data></match></read>
<read echo="ascii"><delim>\n</delim><match><data>VZgxH6 = ||\n</data></match></read>
<read echo="ascii"><delim>\n</delim><match><data>eywDcM = |"A2jbA0","Xxg1r","07","5is043","4sin7wfZWI"|\n</data></match></read>
<read echo="ascii"><delim>\n</delim><match><data>RuIFX6d = |"9B","r8mmTpP","O5","XY","T2k6","HcX0"|\n</data></match></read>
<read echo="ascii"><delim>\n</delim><match><data>S9clk = |"QQ13RLX","Vf","R4","MtKsm","f0Yu","XEAk"|\n</data></match></read>
<read echo="ascii"><delim>\n</delim><match><data>EQY6FDZi = ||\n</data></match></read>
<read echo="ascii"><delim>\n</delim><match><data>tvkpr = ||\n</data></match></read>
<read echo="ascii"><delim>\n</delim><match><data>HxtndYSoK = |"A2jbA0","Xxg1r","07","5is043","4sin7wfZWI"|\n</data></match></read>
<read echo="ascii"><delim>\n</delim><match><data>u4dFKH59 = ||\n</data></match></read>
<read echo="ascii"><delim>\n</delim><match><data>LoLTHia = |"cszwt","0ZGZHhn","cus3E"|\n</data></match></read>
<read echo="ascii"><delim>\n</delim><match><data>Q5q5DQ = |"kLpcr","k9","j3ylD","6tsQ3HF","MGjurE","P","IU","dqSsbxa"|\n</data></match></read>
		<read echo="ascii"><delim> </delim><match><data>\x3E </data></match></read>
		<write echo="ascii"><data>.l\n</data></write>
	</replay>
</pov>
