<?xml version="1.0" standalone="no" ?>
<!DOCTYPE pov SYSTEM "/usr/share/cgc-docs/replay.dtd"><pov>
	<cbid>CROMU_00011</cbid>
	<replay>
		<read echo="ascii"><delim> </delim><match><data>\x3E </data></match></read>
		<write echo="ascii"><data>tkf0U = |"jk8E","lF6GMc","Wqvn","Js","qpgwk"|^|"Qzx","Oab","lF6GMc","iUQSu"|\n</data></write>
		<read echo="ascii"><delim> </delim><match><data>\x3E </data></match></read>
		<write echo="ascii"><data>Ypjlz = |"u4hp","UeBDwo7","pxq","NvN6ig"|~|"Y","1ujuQL","T5"|\n</data></write>
		<read echo="ascii"><delim> </delim><match><data>\x3E </data></match></read>
		<write echo="ascii"><data>WllUwz = |"xkkq6V","gS","5N7vn","JS","rqEO","w"|~|"H5Uk","A"|\n</data></write>
		<read echo="ascii"><delim> </delim><match><data>\x3E </data></match></read>
		<write echo="ascii"><data>Ze7swnc = |"t1sSn","UG8T","rZ1","9wIpg1","MhOmO","8lOlTtO","WU","OZq","d1vag","BrJS1"|\n</data></write>
		<read echo="ascii"><delim> </delim><match><data>\x3E </data></match></read>
		<write echo="ascii"><data>Dkiq9 = |"BrJS1","MhOmO","9wIpg1","WU","d1vag","8lOlTtO","UG8T","rZ1","t1sSn","OwCWQx32A6"|\n</data></write>
		<read echo="ascii"><delim> </delim><match><data>\x3E </data></match></read>
		<write echo="ascii"><data>Dkiq9@Ze7swnc\n</data></write>
		<read echo="ascii"><delim>\n</delim><match><data>FALSE\n</data></match></read>
		<read echo="ascii"><delim> </delim><match><data>\x3E </data></match></read>
		<write echo="ascii"><data>rDgEVNe = |"uzfNOJ"|~|"gn72Ziz","d6krS","MkVBwa","ayw","evdMr","67","mqD"|\n</data></write>
		<read echo="ascii"><delim> </delim><match><data>\x3E </data></match></read>
		<write echo="ascii"><data>HjVHeG = Dkiq9 ~ Ze7swnc\n</data></write>
		<read echo="ascii"><delim> </delim><match><data>\x3E </data></match></read>
		<write echo="ascii"><data>o3XLd = |"HcBe0U","1dkQj","oKljBk","ByXZD","ab"|~|"P6jIS","G6O34p","Wz","p6z3"|\n</data></write>
		<read echo="ascii"><delim> </delim><match><data>\x3E </data></match></read>
		<write echo="ascii"><data>rAF9qg = |"VO","QYuaRqG","EX5","3e87"|-|"3e87","en9y","K"|\n</data></write>
		<read echo="ascii"><delim> </delim><match><data>\x3E </data></match></read>
		<write echo="ascii"><data>hdh8k = |"Eh0FXvF","avua","nBX26"|-|"0JRk4V","G","ZFLIZ","nBX26","s2Mdpu"|\n</data></write>
		<read echo="ascii"><delim> </delim><match><data>\x3E </data></match></read>
		<write echo="ascii"><data>LmRQNa = |"HuS66","V8Ah77t","WBl","O"|-|"gW3coGU","HuS66","upAFE"|\n</data></write>
		<read echo="ascii"><delim> </delim><match><data>\x3E </data></match></read>
		<write echo="ascii"><data>BQl29Lvg = tkf0U ^ rDgEVNe\n</data></write>
		<read echo="ascii"><delim> </delim><match><data>\x3E </data></match></read>
		<write echo="ascii"><data>KbTi6gzq = Dkiq9 ^ o3XLd\n</data></write>
		<read echo="ascii"><delim> </delim><match><data>\x3E </data></match></read>
		<write echo="ascii"><data>.p\n</data></write>
<read echo="ascii"><delim>\n</delim><match><data>tkf0U = |"lF6GMc"|\n</data></match></read>
<read echo="ascii"><delim>\n</delim><match><data>Ypjlz = |"u4hp","UeBDwo7","pxq","NvN6ig","Y","1ujuQL","T5"|\n</data></match></read>
<read echo="ascii"><delim>\n</delim><match><data>WllUwz = |"xkkq6V","gS","5N7vn","JS","rqEO","w","H5Uk","A"|\n</data></match></read>
<read echo="ascii"><delim>\n</delim><match><data>Ze7swnc = |"t1sSn","UG8T","rZ1","9wIpg1","MhOmO","8lOlTtO","WU","OZq","d1vag","BrJS1"|\n</data></match></read>
<read echo="ascii"><delim>\n</delim><match><data>Dkiq9 = |"BrJS1","MhOmO","9wIpg1","WU","d1vag","8lOlTtO","UG8T","rZ1","t1sSn","OwCWQx32A6"|\n</data></match></read>
<read echo="ascii"><delim>\n</delim><match><data>rDgEVNe = |"uzfNOJ","gn72Ziz","d6krS","MkVBwa","ayw","evdMr","67","mqD"|\n</data></match></read>
<read echo="ascii"><delim>\n</delim><match><data>HjVHeG = |"OwCWQx32A6","OZq"|\n</data></match></read>
<read echo="ascii"><delim>\n</delim><match><data>o3XLd = |"HcBe0U","1dkQj","oKljBk","ByXZD","ab","P6jIS","G6O34p","Wz","p6z3"|\n</data></match></read>
<read echo="ascii"><delim>\n</delim><match><data>rAF9qg = |"VO","QYuaRqG","EX5"|\n</data></match></read>
<read echo="ascii"><delim>\n</delim><match><data>hdh8k = |"Eh0FXvF","avua"|\n</data></match></read>
<read echo="ascii"><delim>\n</delim><match><data>LmRQNa = |"V8Ah77t","WBl","O"|\n</data></match></read>
<read echo="ascii"><delim>\n</delim><match><data>BQl29Lvg = ||\n</data></match></read>
<read echo="ascii"><delim>\n</delim><match><data>KbTi6gzq = ||\n</data></match></read>
		<read echo="ascii"><delim> </delim><match><data>\x3E </data></match></read>
		<write echo="ascii"><data>.l\n</data></write>
	</replay>
</pov>
