<?xml version="1.0" standalone="no" ?>
<!DOCTYPE pov SYSTEM "/usr/share/cgc-docs/replay.dtd"><pov>
	<cbid>CROMU_00011</cbid>
	<replay>
		<read echo="ascii"><delim> </delim><match><data>\x3E </data></match></read>
		<write echo="ascii"><data>ZNwGx = |"nhYo","7z1eD","sMfK","Lnn9VCb"|^|"zCZvVx","1l","jIv","7z1eD","sMfK"|\n</data></write>
		<read echo="ascii"><delim> </delim><match><data>\x3E </data></match></read>
		<write echo="ascii"><data>0EqFLl = |"WsNd","2QU","GS","99h","mCwtfNj","plBBVEU"|^|"hr8NRg"|\n</data></write>
		<read echo="ascii"><delim> </delim><match><data>\x3E </data></match></read>
		<write echo="ascii"><data>XAlLsiQ = 0EqFLl - 0EqFLl\n</data></write>
		<read echo="ascii"><delim> </delim><match><data>\x3E </data></match></read>
		<write echo="ascii"><data>b8fOO = |"HlW8mi","oCTSSs","N8u6","D4eo","OXfg"|+|"buMo","7OH1Ifk","mVJXYnB","oCTSSs","JAVl","N8u6","Ao"|\n</data></write>
		<read echo="ascii"><delim> </delim><match><data>\x3E </data></match></read>
		<write echo="ascii"><data>4lsSkhdsW = XAlLsiQ ^ b8fOO\n</data></write>
		<read echo="ascii"><delim> </delim><match><data>\x3E </data></match></read>
		<write echo="ascii"><data>sAVEl = 0EqFLl + 4lsSkhdsW\n</data></write>
		<read echo="ascii"><delim> </delim><match><data>\x3E </data></match></read>
		<write echo="ascii"><data>jtf0Q4V = |"GTlHtb"|^|"BD1yjf","DhT","cmIstPb","2J","bt7fng","3r"|\n</data></write>
		<read echo="ascii"><delim> </delim><match><data>\x3E </data></match></read>
		<write echo="ascii"><data>lJWcGDC = |"F4q","Qf","2GI","3giPbQq","sdd","tP"|^|"17A","XwxFYSj"|\n</data></write>
		<read echo="ascii"><delim> </delim><match><data>\x3E </data></match></read>
		<write echo="ascii"><data>BNaGo = |"4","l95","ZeMF4","Jb"|-|"l95","jHypi5","2MJIO","YI5","vYFnx4","oUYMQQ6"|\n</data></write>
		<read echo="ascii"><delim> </delim><match><data>\x3E </data></match></read>
		<write echo="ascii"><data>M2zVi10 = |"xmH6K","rx","K8DkdE","ZdTqpE","zSjUT","uZ"|\n</data></write>
		<read echo="ascii"><delim> </delim><match><data>\x3E </data></match></read>
		<write echo="ascii"><data>ABGwHU = |"uZ","K8DkdE","PrSI9z2n5x"|\n</data></write>
		<read echo="ascii"><delim> </delim><match><data>\x3E </data></match></read>
		<write echo="ascii"><data>ABGwHU@M2zVi10\n</data></write>
		<read echo="ascii"><delim>\n</delim><match><data>FALSE\n</data></match></read>
		<read echo="ascii"><delim> </delim><match><data>\x3E </data></match></read>
		<write echo="ascii"><data>G5vJ3HB = 0EqFLl + sAVEl\n</data></write>
		<read echo="ascii"><delim> </delim><match><data>\x3E </data></match></read>
		<write echo="ascii"><data>k11Ld = |"Xm6","HDm","TLEztS","s5","X8E","240Ye"|\n</data></write>
		<read echo="ascii"><delim> </delim><match><data>\x3E </data></match></read>
		<write echo="ascii"><data>cb4oEAf = |"TLEztS","s5"|\n</data></write>
		<read echo="ascii"><delim> </delim><match><data>\x3E </data></match></read>
		<write echo="ascii"><data>cb4oEAf@k11Ld\n</data></write>
		<read echo="ascii"><delim>\n</delim><match><data>TRUE\n</data></match></read>
		<read echo="ascii"><delim> </delim><match><data>\x3E </data></match></read>
		<write echo="ascii"><data>H2pyge = |"K","2n","kDi1Q","WdF9","Iw","iIP","G"|+|"aP","WdF9","bs95","K","kCA"|\n</data></write>
		<read echo="ascii"><delim> </delim><match><data>\x3E </data></match></read>
		<write echo="ascii"><data>GMVfNkl = 4lsSkhdsW - b8fOO\n</data></write>
		<read echo="ascii"><delim> </delim><match><data>\x3E </data></match></read>
		<write echo="ascii"><data>.p\n</data></write>
<read echo="ascii"><delim>\n</delim><match><data>ZNwGx = |"7z1eD","sMfK"|\n</data></match></read>
<read echo="ascii"><delim>\n</delim><match><data>0EqFLl = ||\n</data></match></read>
<read echo="ascii"><delim>\n</delim><match><data>XAlLsiQ = ||\n</data></match></read>
<read echo="ascii"><delim>\n</delim><match><data>b8fOO = |"HlW8mi","oCTSSs","N8u6","D4eo","OXfg","buMo","7OH1Ifk","mVJXYnB","JAVl","Ao"|\n</data></match></read>
<read echo="ascii"><delim>\n</delim><match><data>4lsSkhdsW = ||\n</data></match></read>
<read echo="ascii"><delim>\n</delim><match><data>sAVEl = ||\n</data></match></read>
<read echo="ascii"><delim>\n</delim><match><data>jtf0Q4V = ||\n</data></match></read>
<read echo="ascii"><delim>\n</delim><match><data>lJWcGDC = ||\n</data></match></read>
<read echo="ascii"><delim>\n</delim><match><data>BNaGo = |"4","ZeMF4","Jb"|\n</data></match></read>
<read echo="ascii"><delim>\n</delim><match><data>M2zVi10 = |"xmH6K","rx","K8DkdE","ZdTqpE","zSjUT","uZ"|\n</data></match></read>
<read echo="ascii"><delim>\n</delim><match><data>ABGwHU = |"uZ","K8DkdE","PrSI9z2n5x"|\n</data></match></read>
<read echo="ascii"><delim>\n</delim><match><data>G5vJ3HB = ||\n</data></match></read>
<read echo="ascii"><delim>\n</delim><match><data>k11Ld = |"Xm6","HDm","TLEztS","s5","X8E","240Ye"|\n</data></match></read>
<read echo="ascii"><delim>\n</delim><match><data>cb4oEAf = |"TLEztS","s5"|\n</data></match></read>
<read echo="ascii"><delim>\n</delim><match><data>H2pyge = |"K","2n","kDi1Q","WdF9","Iw","iIP","G","aP","bs95","kCA"|\n</data></match></read>
<read echo="ascii"><delim>\n</delim><match><data>GMVfNkl = ||\n</data></match></read>
		<read echo="ascii"><delim> </delim><match><data>\x3E </data></match></read>
		<write echo="ascii"><data>.l\n</data></write>
	</replay>
</pov>
