<?xml version="1.0" standalone="no" ?>
<!DOCTYPE pov SYSTEM "/usr/share/cgc-docs/replay.dtd"><pov>
	<cbid>CROMU_00011</cbid>
	<replay>
		<read echo="ascii"><delim> </delim><match><data>\x3E </data></match></read>
		<write echo="ascii"><data>aRqeANo = |"WL","K49","g0","v0iiA","bo9hl","N7UJhVn","3kRobys","RDASVQ","hhREGc"|\n</data></write>
		<read echo="ascii"><delim> </delim><match><data>\x3E </data></match></read>
		<write echo="ascii"><data>4pEcwP = |"bo9hl","K49","WL","RDASVQ","tCO3vrTVR7"|\n</data></write>
		<read echo="ascii"><delim> </delim><match><data>\x3E </data></match></read>
		<write echo="ascii"><data>4pEcwP@aRqeANo\n</data></write>
		<read echo="ascii"><delim>\n</delim><match><data>FALSE\n</data></match></read>
		<read echo="ascii"><delim> </delim><match><data>\x3E </data></match></read>
		<write echo="ascii"><data>v6NQb9 = |"HrGdH","aR","Qqiw1","5jXG","mm51vRq","6KVO","CP3HY","DKJ","R78ci"|\n</data></write>
		<read echo="ascii"><delim> </delim><match><data>\x3E </data></match></read>
		<write echo="ascii"><data>tyYs3Q = |"R78ci","CP3HY","mm51vRq"|\n</data></write>
		<read echo="ascii"><delim> </delim><match><data>\x3E </data></match></read>
		<write echo="ascii"><data>tyYs3Q@v6NQb9\n</data></write>
		<read echo="ascii"><delim>\n</delim><match><data>TRUE\n</data></match></read>
		<read echo="ascii"><delim> </delim><match><data>\x3E </data></match></read>
		<write echo="ascii"><data>yLLE7Vc = v6NQb9 - v6NQb9\n</data></write>
		<read echo="ascii"><delim> </delim><match><data>\x3E </data></match></read>
		<write echo="ascii"><data>gAy57m = |"JW","uR"|^|"59n1ra","AV56CNE"|\n</data></write>
		<read echo="ascii"><delim> </delim><match><data>\x3E </data></match></read>
		<write echo="ascii"><data>GBuxw = |"USRi","uC5Lx","VadH","2wM4b","7N","HHAoV7K","Ffd7","IIz","I0x5lcn","xd3L9P"|\n</data></write>
		<read echo="ascii"><delim> </delim><match><data>\x3E </data></match></read>
		<write echo="ascii"><data>NaCYo = |"USRi","HHAoV7K","IIz","7N","Ffd7","I0x5lcn","VadH"|\n</data></write>
		<read echo="ascii"><delim> </delim><match><data>\x3E </data></match></read>
		<write echo="ascii"><data>NaCYo@GBuxw\n</data></write>
		<read echo="ascii"><delim>\n</delim><match><data>TRUE\n</data></match></read>
		<read echo="ascii"><delim> </delim><match><data>\x3E </data></match></read>
		<write echo="ascii"><data>W8KXU = |"5lHLJl","kNmb4J","MwnzR","ei","33zPA","kws9dz","YP9q"|-|"ySRB","dWglEQb","a7","MwnzR","OV","5ZZt1bJ"|\n</data></write>
		<read echo="ascii"><delim> </delim><match><data>\x3E </data></match></read>
		<write echo="ascii"><data>t0nCVC = |"3HT0CF","YNuqWuI","LD9"|^|"NJHZ2lU","3HT0CF","biVQFvh","0u","P9d","wy","z8"|\n</data></write>
		<read echo="ascii"><delim> </delim><match><data>\x3E </data></match></read>
		<write echo="ascii"><data>Dti2MzT = |"zuOr"|+|"lK4AU","Ygh5","zuOr"|\n</data></write>
		<read echo="ascii"><delim> </delim><match><data>\x3E </data></match></read>
		<write echo="ascii"><data>WqApB = aRqeANo - gAy57m\n</data></write>
		<read echo="ascii"><delim> </delim><match><data>\x3E </data></match></read>
		<write echo="ascii"><data>efHW7cb = Dti2MzT + GBuxw\n</data></write>
		<read echo="ascii"><delim> </delim><match><data>\x3E </data></match></read>
		<write echo="ascii"><data>.p\n</data></write>
<read echo="ascii"><delim>\n</delim><match><data>aRqeANo = |"WL","K49","g0","v0iiA","bo9hl","N7UJhVn","3kRobys","RDASVQ","hhREGc"|\n</data></match></read>
<read echo="ascii"><delim>\n</delim><match><data>4pEcwP = |"bo9hl","K49","WL","RDASVQ","tCO3vrTVR7"|\n</data></match></read>
<read echo="ascii"><delim>\n</delim><match><data>v6NQb9 = |"HrGdH","aR","Qqiw1","5jXG","mm51vRq","6KVO","CP3HY","DKJ","R78ci"|\n</data></match></read>
<read echo="ascii"><delim>\n</delim><match><data>tyYs3Q = |"R78ci","CP3HY","mm51vRq"|\n</data></match></read>
<read echo="ascii"><delim>\n</delim><match><data>yLLE7Vc = ||\n</data></match></read>
<read echo="ascii"><delim>\n</delim><match><data>gAy57m = ||\n</data></match></read>
<read echo="ascii"><delim>\n</delim><match><data>GBuxw = |"USRi","uC5Lx","VadH","2wM4b","7N","HHAoV7K","Ffd7","IIz","I0x5lcn","xd3L9P"|\n</data></match></read>
<read echo="ascii"><delim>\n</delim><match><data>NaCYo = |"USRi","HHAoV7K","IIz","7N","Ffd7","I0x5lcn","VadH"|\n</data></match></read>
<read echo="ascii"><delim>\n</delim><match><data>W8KXU = |"5lHLJl","kNmb4J","ei","33zPA","kws9dz","YP9q"|\n</data></match></read>
<read echo="ascii"><delim>\n</delim><match><data>t0nCVC = |"3HT0CF"|\n</data></match></read>
<read echo="ascii"><delim>\n</delim><match><data>Dti2MzT = |"zuOr","lK4AU","Ygh5"|\n</data></match></read>
<read echo="ascii"><delim>\n</delim><match><data>WqApB = |"WL","K49","g0","v0iiA","bo9hl","N7UJhVn","3kRobys","RDASVQ","hhREGc"|\n</data></match></read>
<read echo="ascii"><delim>\n</delim><match><data>efHW7cb = |"zuOr","lK4AU","Ygh5","USRi","uC5Lx","VadH","2wM4b","7N","HHAoV7K","Ffd7","IIz","I0x5lcn","xd3L9P"|\n</data></match></read>
		<read echo="ascii"><delim> </delim><match><data>\x3E </data></match></read>
		<write echo="ascii"><data>.l\n</data></write>
	</replay>
</pov>
