<?xml version="1.0" standalone="no" ?>
<!DOCTYPE pov SYSTEM "/usr/share/cgc-docs/replay.dtd"><pov>
	<cbid>CROMU_00011</cbid>
	<replay>
		<read echo="ascii"><delim> </delim><match><data>\x3E </data></match></read>
		<write echo="ascii"><data>waaCTi = |"pnBYmCH","db","5W5","BP","oSy","yvL","jk","rF8pid","kFwJzA"|\n</data></write>
		<read echo="ascii"><delim> </delim><match><data>\x3E </data></match></read>
		<write echo="ascii"><data>fPXdI = |"kFwJzA"|\n</data></write>
		<read echo="ascii"><delim> </delim><match><data>\x3E </data></match></read>
		<write echo="ascii"><data>fPXdI@waaCTi\n</data></write>
		<read echo="ascii"><delim>\n</delim><match><data>TRUE\n</data></match></read>
		<read echo="ascii"><delim> </delim><match><data>\x3E </data></match></read>
		<write echo="ascii"><data>CDGMLr = |"1a","dTE","2kgt1R","4mbkw8","cF","Lfeu7wj","fkS1n"|~|"fdEiaN","gdN","2kgt1R"|\n</data></write>
		<read echo="ascii"><delim> </delim><match><data>\x3E </data></match></read>
		<write echo="ascii"><data>JM7r2Ldx1 = fPXdI ^ CDGMLr\n</data></write>
		<read echo="ascii"><delim> </delim><match><data>\x3E </data></match></read>
		<write echo="ascii"><data>3eBiX = |"goHOajC","LLh","o"|+|"J","goHOajC"|\n</data></write>
		<read echo="ascii"><delim> </delim><match><data>\x3E </data></match></read>
		<write echo="ascii"><data>paKClbc = |"vyqhf","JEP","Jzz","YPnlrv","5o","OhniMRB","pwdZGX","QUWC","4s7"|\n</data></write>
		<read echo="ascii"><delim> </delim><match><data>\x3E </data></match></read>
		<write echo="ascii"><data>vHKbC = |"QUWC","4s7"|\n</data></write>
		<read echo="ascii"><delim> </delim><match><data>\x3E </data></match></read>
		<write echo="ascii"><data>vHKbC@paKClbc\n</data></write>
		<read echo="ascii"><delim>\n</delim><match><data>TRUE\n</data></match></read>
		<read echo="ascii"><delim> </delim><match><data>\x3E </data></match></read>
		<write echo="ascii"><data>Wks6Po = paKClbc ^ CDGMLr\n</data></write>
		<read echo="ascii"><delim> </delim><match><data>\x3E </data></match></read>
		<write echo="ascii"><data>5aIUVGZ = vHKbC ~ CDGMLr\n</data></write>
		<read echo="ascii"><delim> </delim><match><data>\x3E </data></match></read>
		<write echo="ascii"><data>xEjRXKZ = JM7r2Ldx1 + 5aIUVGZ\n</data></write>
		<read echo="ascii"><delim> </delim><match><data>\x3E </data></match></read>
		<write echo="ascii"><data>AZtSr = |"4IfWb","sr","Ym80Wx","GnD3nH","jU","8h","wzZE74h","Y4vu28S"|\n</data></write>
		<read echo="ascii"><delim> </delim><match><data>\x3E </data></match></read>
		<write echo="ascii"><data>0JV65 = |"jU","sr","GnD3nH","wzZE74h","4IfWb","8h","Y4vu28S"|\n</data></write>
		<read echo="ascii"><delim> </delim><match><data>\x3E </data></match></read>
		<write echo="ascii"><data>0JV65@AZtSr\n</data></write>
		<read echo="ascii"><delim>\n</delim><match><data>TRUE\n</data></match></read>
		<read echo="ascii"><delim> </delim><match><data>\x3E </data></match></read>
		<write echo="ascii"><data>Db3s5n = |"NSY3","5","NbV"|+|"h8j1","NSY3","W"|\n</data></write>
		<read echo="ascii"><delim> </delim><match><data>\x3E </data></match></read>
		<write echo="ascii"><data>.p\n</data></write>
<read echo="ascii"><delim>\n</delim><match><data>waaCTi = |"pnBYmCH","db","5W5","BP","oSy","yvL","jk","rF8pid","kFwJzA"|\n</data></match></read>
<read echo="ascii"><delim>\n</delim><match><data>fPXdI = |"kFwJzA"|\n</data></match></read>
<read echo="ascii"><delim>\n</delim><match><data>CDGMLr = |"1a","dTE","4mbkw8","cF","Lfeu7wj","fkS1n","fdEiaN","gdN"|\n</data></match></read>
<read echo="ascii"><delim>\n</delim><match><data>JM7r2Ldx1 = ||\n</data></match></read>
<read echo="ascii"><delim>\n</delim><match><data>3eBiX = |"goHOajC","LLh","o","J"|\n</data></match></read>
<read echo="ascii"><delim>\n</delim><match><data>paKClbc = |"vyqhf","JEP","Jzz","YPnlrv","5o","OhniMRB","pwdZGX","QUWC","4s7"|\n</data></match></read>
<read echo="ascii"><delim>\n</delim><match><data>vHKbC = |"QUWC","4s7"|\n</data></match></read>
<read echo="ascii"><delim>\n</delim><match><data>Wks6Po = ||\n</data></match></read>
<read echo="ascii"><delim>\n</delim><match><data>5aIUVGZ = |"QUWC","4s7","1a","dTE","4mbkw8","cF","Lfeu7wj","fkS1n","fdEiaN","gdN"|\n</data></match></read>
<read echo="ascii"><delim>\n</delim><match><data>xEjRXKZ = |"QUWC","4s7","1a","dTE","4mbkw8","cF","Lfeu7wj","fkS1n","fdEiaN","gdN"|\n</data></match></read>
<read echo="ascii"><delim>\n</delim><match><data>AZtSr = |"4IfWb","sr","Ym80Wx","GnD3nH","jU","8h","wzZE74h","Y4vu28S"|\n</data></match></read>
<read echo="ascii"><delim>\n</delim><match><data>0JV65 = |"jU","sr","GnD3nH","wzZE74h","4IfWb","8h","Y4vu28S"|\n</data></match></read>
<read echo="ascii"><delim>\n</delim><match><data>Db3s5n = |"NSY3","5","NbV","h8j1","W"|\n</data></match></read>
		<read echo="ascii"><delim> </delim><match><data>\x3E </data></match></read>
		<write echo="ascii"><data>.l\n</data></write>
	</replay>
</pov>
