<?xml version="1.0" standalone="no" ?>
<!DOCTYPE pov SYSTEM "/usr/share/cgc-docs/replay.dtd"><pov>
	<cbid>CROMU_00011</cbid>
	<replay>
		<read echo="ascii"><delim> </delim><match><data>\x3E </data></match></read>
		<write echo="ascii"><data>3q56bdC = |"76c","DScNOl","RARt4Z","t3Ew"|~|"hNbl"|\n</data></write>
		<read echo="ascii"><delim> </delim><match><data>\x3E </data></match></read>
		<write echo="ascii"><data>Y2qDzL = 3q56bdC - 3q56bdC\n</data></write>
		<read echo="ascii"><delim> </delim><match><data>\x3E </data></match></read>
		<write echo="ascii"><data>265eb = 3q56bdC + Y2qDzL\n</data></write>
		<read echo="ascii"><delim> </delim><match><data>\x3E </data></match></read>
		<write echo="ascii"><data>oz02kL = 265eb ^ Y2qDzL\n</data></write>
		<read echo="ascii"><delim> </delim><match><data>\x3E </data></match></read>
		<write echo="ascii"><data>DwDwqV = |"OESB","Ps1m","RvY"|~|"xN","M","j","RvY","PP"|\n</data></write>
		<read echo="ascii"><delim> </delim><match><data>\x3E </data></match></read>
		<write echo="ascii"><data>ONnYt = |"DYj","4","IhAq8FQ","W0lLb9"|-|"swoTNvg","ZQwAzy","IhAq8FQ"|\n</data></write>
		<read echo="ascii"><delim> </delim><match><data>\x3E </data></match></read>
		<write echo="ascii"><data>vzEvSKU = |"HJsZc5","Af","fbK8","6BTF9","8","Dat","R8AVZ"|~|"2oRe","Dat","szLZRN","ga","HJsZc5","j7f9","R63s7m"|\n</data></write>
		<read echo="ascii"><delim> </delim><match><data>\x3E </data></match></read>
		<write echo="ascii"><data>duPEot4 = DwDwqV ~ ONnYt\n</data></write>
		<read echo="ascii"><delim> </delim><match><data>\x3E </data></match></read>
		<write echo="ascii"><data>k2TMo = |"j4","6e","b"|-|"6e","onws6s9","j4","7Rq6igp"|\n</data></write>
		<read echo="ascii"><delim> </delim><match><data>\x3E </data></match></read>
		<write echo="ascii"><data>7bYgd2c = |"KY01u"|~|"Uh7CDL","Me","NXb"|\n</data></write>
		<read echo="ascii"><delim> </delim><match><data>\x3E </data></match></read>
		<write echo="ascii"><data>57zOOy = vzEvSKU + ONnYt\n</data></write>
		<read echo="ascii"><delim> </delim><match><data>\x3E </data></match></read>
		<write echo="ascii"><data>f5NbKxb = |"8C","2J","sK","9JEJm"|+|"o1e","RTG","9JEJm","o","e5J4e","3k6zE"|\n</data></write>
		<read echo="ascii"><delim> </delim><match><data>\x3E </data></match></read>
		<write echo="ascii"><data>55FTwKi = |"w","O5w4","3fTel"|~|"YJT17J","egLkLP"|\n</data></write>
		<read echo="ascii"><delim> </delim><match><data>\x3E </data></match></read>
		<write echo="ascii"><data>YdV2rp = 55FTwKi ~ f5NbKxb\n</data></write>
		<read echo="ascii"><delim> </delim><match><data>\x3E </data></match></read>
		<write echo="ascii"><data>.p\n</data></write>
<read echo="ascii"><delim>\n</delim><match><data>3q56bdC = |"76c","DScNOl","RARt4Z","t3Ew","hNbl"|\n</data></match></read>
<read echo="ascii"><delim>\n</delim><match><data>Y2qDzL = ||\n</data></match></read>
<read echo="ascii"><delim>\n</delim><match><data>265eb = |"76c","DScNOl","RARt4Z","t3Ew","hNbl"|\n</data></match></read>
<read echo="ascii"><delim>\n</delim><match><data>oz02kL = ||\n</data></match></read>
<read echo="ascii"><delim>\n</delim><match><data>DwDwqV = |"OESB","Ps1m","xN","M","j","PP"|\n</data></match></read>
<read echo="ascii"><delim>\n</delim><match><data>ONnYt = |"DYj","4","W0lLb9"|\n</data></match></read>
<read echo="ascii"><delim>\n</delim><match><data>vzEvSKU = |"Af","fbK8","6BTF9","8","R8AVZ","2oRe","szLZRN","ga","j7f9","R63s7m"|\n</data></match></read>
<read echo="ascii"><delim>\n</delim><match><data>duPEot4 = |"OESB","Ps1m","xN","M","j","PP","DYj","4","W0lLb9"|\n</data></match></read>
<read echo="ascii"><delim>\n</delim><match><data>k2TMo = |"b"|\n</data></match></read>
<read echo="ascii"><delim>\n</delim><match><data>7bYgd2c = |"KY01u","Uh7CDL","Me","NXb"|\n</data></match></read>
<read echo="ascii"><delim>\n</delim><match><data>57zOOy = |"Af","fbK8","6BTF9","8","R8AVZ","2oRe","szLZRN","ga","j7f9","R63s7m","DYj","4","W0lLb9"|\n</data></match></read>
<read echo="ascii"><delim>\n</delim><match><data>f5NbKxb = |"8C","2J","sK","9JEJm","o1e","RTG","o","e5J4e","3k6zE"|\n</data></match></read>
<read echo="ascii"><delim>\n</delim><match><data>55FTwKi = |"w","O5w4","3fTel","YJT17J","egLkLP"|\n</data></match></read>
<read echo="ascii"><delim>\n</delim><match><data>YdV2rp = |"w","O5w4","3fTel","YJT17J","egLkLP","8C","2J","sK","9JEJm","o1e","RTG","o","e5J4e","3k6zE"|\n</data></match></read>
		<read echo="ascii"><delim> </delim><match><data>\x3E </data></match></read>
		<write echo="ascii"><data>.l\n</data></write>
	</replay>
</pov>
