<?xml version="1.0" standalone="no" ?>
<!DOCTYPE pov SYSTEM "/usr/share/cgc-docs/replay.dtd"><pov>
	<cbid>CROMU_00011</cbid>
	<replay>
		<read echo="ascii"><delim> </delim><match><data>\x3E </data></match></read>
		<write echo="ascii"><data>9hztJV = |"BfGr","yTuX","T3","kX2","lBuCux","9X","1qWucCS","afi9"|\n</data></write>
		<read echo="ascii"><delim> </delim><match><data>\x3E </data></match></read>
		<write echo="ascii"><data>7WaufXr = |"T3","BfGr","afi9","9X","1qWucCS","lBuCux","10ByPMMwj2"|\n</data></write>
		<read echo="ascii"><delim> </delim><match><data>\x3E </data></match></read>
		<write echo="ascii"><data>7WaufXr@9hztJV\n</data></write>
		<read echo="ascii"><delim>\n</delim><match><data>FALSE\n</data></match></read>
		<read echo="ascii"><delim> </delim><match><data>\x3E </data></match></read>
		<write echo="ascii"><data>AGpjmX5 = |"KRg","7W","K63FnzR"|^|"20T2Dvd","7WDaDB","QGPn"|\n</data></write>
		<read echo="ascii"><delim> </delim><match><data>\x3E </data></match></read>
		<write echo="ascii"><data>mMliL6 = |"s","AIl1ub7","wE","HQo58i"|-|"s","3G","AIl1ub7","N"|\n</data></write>
		<read echo="ascii"><delim> </delim><match><data>\x3E </data></match></read>
		<write echo="ascii"><data>7UR8AhY = |"6q","KyjNLh","fmD"|^|"6Za"|\n</data></write>
		<read echo="ascii"><delim> </delim><match><data>\x3E </data></match></read>
		<write echo="ascii"><data>xdzunC = |"ZS6"|+|"YG0"|\n</data></write>
		<read echo="ascii"><delim> </delim><match><data>\x3E </data></match></read>
		<write echo="ascii"><data>AavuE = AGpjmX5 - mMliL6\n</data></write>
		<read echo="ascii"><delim> </delim><match><data>\x3E </data></match></read>
		<write echo="ascii"><data>zo2sF = |"ui","vefAl","HR","kPD","8rQ","SegXn6","PamxPQ","K9dKG","nu"|\n</data></write>
		<read echo="ascii"><delim> </delim><match><data>\x3E </data></match></read>
		<write echo="ascii"><data>gdTfiY = |"8rQ","kPD","vefAl","PamxPQ","K9dKG","HR"|\n</data></write>
		<read echo="ascii"><delim> </delim><match><data>\x3E </data></match></read>
		<write echo="ascii"><data>gdTfiY@zo2sF\n</data></write>
		<read echo="ascii"><delim>\n</delim><match><data>TRUE\n</data></match></read>
		<read echo="ascii"><delim> </delim><match><data>\x3E </data></match></read>
		<write echo="ascii"><data>EyHrVEE = zo2sF ~ xdzunC\n</data></write>
		<read echo="ascii"><delim> </delim><match><data>\x3E </data></match></read>
		<write echo="ascii"><data>TR96nZwnc = zo2sF ^ mMliL6\n</data></write>
		<read echo="ascii"><delim> </delim><match><data>\x3E </data></match></read>
		<write echo="ascii"><data>brgcBre = |"z","FRD","ALihT4d","vn","jVrZ7","Th","Ame"|+|"CXyDzB","vn","z","Y","TWAM","lg0iY5S","wo"|\n</data></write>
		<read echo="ascii"><delim> </delim><match><data>\x3E </data></match></read>
		<write echo="ascii"><data>CQugRkS = xdzunC ^ 7UR8AhY\n</data></write>
		<read echo="ascii"><delim> </delim><match><data>\x3E </data></match></read>
		<write echo="ascii"><data>7tZSB = |"na","Kedb6","NDMwbY"|-|"dS","LrxgPyx","Kedb6","wLPyoPI"|\n</data></write>
		<read echo="ascii"><delim> </delim><match><data>\x3E </data></match></read>
		<write echo="ascii"><data>.p\n</data></write>
<read echo="ascii"><delim>\n</delim><match><data>9hztJV = |"BfGr","yTuX","T3","kX2","lBuCux","9X","1qWucCS","afi9"|\n</data></match></read>
<read echo="ascii"><delim>\n</delim><match><data>7WaufXr = |"T3","BfGr","afi9","9X","1qWucCS","lBuCux","10ByPMMwj2"|\n</data></match></read>
<read echo="ascii"><delim>\n</delim><match><data>AGpjmX5 = ||\n</data></match></read>
<read echo="ascii"><delim>\n</delim><match><data>mMliL6 = |"wE","HQo58i"|\n</data></match></read>
<read echo="ascii"><delim>\n</delim><match><data>7UR8AhY = ||\n</data></match></read>
<read echo="ascii"><delim>\n</delim><match><data>xdzunC = |"ZS6","YG0"|\n</data></match></read>
<read echo="ascii"><delim>\n</delim><match><data>AavuE = ||\n</data></match></read>
<read echo="ascii"><delim>\n</delim><match><data>zo2sF = |"ui","vefAl","HR","kPD","8rQ","SegXn6","PamxPQ","K9dKG","nu"|\n</data></match></read>
<read echo="ascii"><delim>\n</delim><match><data>gdTfiY = |"8rQ","kPD","vefAl","PamxPQ","K9dKG","HR"|\n</data></match></read>
<read echo="ascii"><delim>\n</delim><match><data>EyHrVEE = |"ui","vefAl","HR","kPD","8rQ","SegXn6","PamxPQ","K9dKG","nu","ZS6","YG0"|\n</data></match></read>
<read echo="ascii"><delim>\n</delim><match><data>TR96nZwnc = ||\n</data></match></read>
<read echo="ascii"><delim>\n</delim><match><data>brgcBre = |"z","FRD","ALihT4d","vn","jVrZ7","Th","Ame","CXyDzB","Y","TWAM","lg0iY5S","wo"|\n</data></match></read>
<read echo="ascii"><delim>\n</delim><match><data>CQugRkS = ||\n</data></match></read>
<read echo="ascii"><delim>\n</delim><match><data>7tZSB = |"na","NDMwbY"|\n</data></match></read>
		<read echo="ascii"><delim> </delim><match><data>\x3E </data></match></read>
		<write echo="ascii"><data>.l\n</data></write>
	</replay>
</pov>
