<?xml version="1.0" standalone="no" ?>
<!DOCTYPE pov SYSTEM "/usr/share/cgc-docs/replay.dtd"><pov>
	<cbid>CROMU_00011</cbid>
	<replay>
		<read echo="ascii"><delim> </delim><match><data>\x3E </data></match></read>
		<write echo="ascii"><data>PoziNk = |"edP","gyk"|+|"vGf7C","9Y4uL","BlHKVNY","i","6Ow","gyk","Vi"|\n</data></write>
		<read echo="ascii"><delim> </delim><match><data>\x3E </data></match></read>
		<write echo="ascii"><data>56Ktv = PoziNk - PoziNk\n</data></write>
		<read echo="ascii"><delim> </delim><match><data>\x3E </data></match></read>
		<write echo="ascii"><data>nSPhg = |"0TKWX"|^|"PAR9"|\n</data></write>
		<read echo="ascii"><delim> </delim><match><data>\x3E </data></match></read>
		<write echo="ascii"><data>FMIsJwt = 56Ktv - 56Ktv\n</data></write>
		<read echo="ascii"><delim> </delim><match><data>\x3E </data></match></read>
		<write echo="ascii"><data>qMALe = |"tz"|+|"kkz6wmA","0lQ","Z","HvjB","K2","gnTsqd","4Jd"|\n</data></write>
		<read echo="ascii"><delim> </delim><match><data>\x3E </data></match></read>
		<write echo="ascii"><data>0NWzx = |"jmluM","8","R4h","UCg7e"|-|"NoOfeA","R4h","NMss","UCg7e"|\n</data></write>
		<read echo="ascii"><delim> </delim><match><data>\x3E </data></match></read>
		<write echo="ascii"><data>HLMPT1 = |"sQb","Hu"|^|"sQb","dRxYL","YX969nP","EGKoeLF","aeJq5","hg"|\n</data></write>
		<read echo="ascii"><delim> </delim><match><data>\x3E </data></match></read>
		<write echo="ascii"><data>tjNhWbO = |"8hCwYV","pnG","Ml","BcLHA"|~|"DKOPa","DLE8","hfde"|\n</data></write>
		<read echo="ascii"><delim> </delim><match><data>\x3E </data></match></read>
		<write echo="ascii"><data>E3FQbNyg = nSPhg ^ FMIsJwt\n</data></write>
		<read echo="ascii"><delim> </delim><match><data>\x3E </data></match></read>
		<write echo="ascii"><data>m5swYOK = |"kxyN4R","frR1G","MIRTMC","SYN6R39","rOknzIw","YU13Yg","lKEDI","x3C46QI","OY6K","O5ghWK"|\n</data></write>
		<read echo="ascii"><delim> </delim><match><data>\x3E </data></match></read>
		<write echo="ascii"><data>81OJP = |"MIRTMC","5vpDr32ilE"|\n</data></write>
		<read echo="ascii"><delim> </delim><match><data>\x3E </data></match></read>
		<write echo="ascii"><data>81OJP@m5swYOK\n</data></write>
		<read echo="ascii"><delim>\n</delim><match><data>FALSE\n</data></match></read>
		<read echo="ascii"><delim> </delim><match><data>\x3E </data></match></read>
		<write echo="ascii"><data>jRgz7mo = |"NVHB","vJn6KR","C","Fwp","vzad","x1hFPe","3KFlwR"|~|"FsDZFWx","iXTu","x1hFPe","NVHB","IULU","C","deL4"|\n</data></write>
		<read echo="ascii"><delim> </delim><match><data>\x3E </data></match></read>
		<write echo="ascii"><data>.p\n</data></write>
<read echo="ascii"><delim>\n</delim><match><data>PoziNk = |"edP","gyk","vGf7C","9Y4uL","BlHKVNY","i","6Ow","Vi"|\n</data></match></read>
<read echo="ascii"><delim>\n</delim><match><data>56Ktv = ||\n</data></match></read>
<read echo="ascii"><delim>\n</delim><match><data>nSPhg = ||\n</data></match></read>
<read echo="ascii"><delim>\n</delim><match><data>FMIsJwt = ||\n</data></match></read>
<read echo="ascii"><delim>\n</delim><match><data>qMALe = |"tz","kkz6wmA","0lQ","Z","HvjB","K2","gnTsqd","4Jd"|\n</data></match></read>
<read echo="ascii"><delim>\n</delim><match><data>0NWzx = |"jmluM","8"|\n</data></match></read>
<read echo="ascii"><delim>\n</delim><match><data>HLMPT1 = |"sQb"|\n</data></match></read>
<read echo="ascii"><delim>\n</delim><match><data>tjNhWbO = |"8hCwYV","pnG","Ml","BcLHA","DKOPa","DLE8","hfde"|\n</data></match></read>
<read echo="ascii"><delim>\n</delim><match><data>E3FQbNyg = ||\n</data></match></read>
<read echo="ascii"><delim>\n</delim><match><data>m5swYOK = |"kxyN4R","frR1G","MIRTMC","SYN6R39","rOknzIw","YU13Yg","lKEDI","x3C46QI","OY6K","O5ghWK"|\n</data></match></read>
<read echo="ascii"><delim>\n</delim><match><data>81OJP = |"MIRTMC","5vpDr32ilE"|\n</data></match></read>
<read echo="ascii"><delim>\n</delim><match><data>jRgz7mo = |"vJn6KR","Fwp","vzad","3KFlwR","FsDZFWx","iXTu","IULU","deL4"|\n</data></match></read>
		<read echo="ascii"><delim> </delim><match><data>\x3E </data></match></read>
		<write echo="ascii"><data>.l\n</data></write>
	</replay>
</pov>
