<?xml version="1.0" standalone="no" ?>
<!DOCTYPE pov SYSTEM "/usr/share/cgc-docs/replay.dtd"><pov>
	<cbid>CROMU_00011</cbid>
	<replay>
		<read echo="ascii"><delim> </delim><match><data>\x3E </data></match></read>
		<write echo="ascii"><data>scXQD = |"pG9mlrP","V","F4vWcyj","Bqgr","r"|+|"McZ3xAL","WtLj3C","EOQvw","Hrcb7Ww","R","SA9H"|\n</data></write>
		<read echo="ascii"><delim> </delim><match><data>\x3E </data></match></read>
		<write echo="ascii"><data>OGnPg = |"KdZmw1","gj","5Fqfwfl","N7ppX","eRndm","O0","oqfEyw"|^|"PSzHM"|\n</data></write>
		<read echo="ascii"><delim> </delim><match><data>\x3E </data></match></read>
		<write echo="ascii"><data>9nPos = scXQD ~ scXQD\n</data></write>
		<read echo="ascii"><delim> </delim><match><data>\x3E </data></match></read>
		<write echo="ascii"><data>V2LGYY = |"xP7a","YrNXXMv"|~|"FLHU7","foQ","AGgIm","7y","h5eWGm5"|\n</data></write>
		<read echo="ascii"><delim> </delim><match><data>\x3E </data></match></read>
		<write echo="ascii"><data>YIvSVdV = |"Y","c","hz"|-|"g","jNHSd1","1coE5C","mz7","hz","0FN"|\n</data></write>
		<read echo="ascii"><delim> </delim><match><data>\x3E </data></match></read>
		<write echo="ascii"><data>gRttlJ = |"h1Rx4T7","6LqzhC","AM"|-|"OK6m","h1Rx4T7","6LqzhC"|\n</data></write>
		<read echo="ascii"><delim> </delim><match><data>\x3E </data></match></read>
		<write echo="ascii"><data>ivHd5O = |"7C","TQtiL","T9aj","cS","z7q","Kvamq"|+|"J","BhA3u","Kvamq"|\n</data></write>
		<read echo="ascii"><delim> </delim><match><data>\x3E </data></match></read>
		<write echo="ascii"><data>cZszh = V2LGYY - ivHd5O\n</data></write>
		<read echo="ascii"><delim> </delim><match><data>\x3E </data></match></read>
		<write echo="ascii"><data>6c5rM = |"iX","0Mf","6ht8K","ru","tdPxi","6Ak","76","jrW","zMEb"|\n</data></write>
		<read echo="ascii"><delim> </delim><match><data>\x3E </data></match></read>
		<write echo="ascii"><data>GMcpHO = |"iX","6Ak","ru","aeZQKrQ0JV"|\n</data></write>
		<read echo="ascii"><delim> </delim><match><data>\x3E </data></match></read>
		<write echo="ascii"><data>GMcpHO@6c5rM\n</data></write>
		<read echo="ascii"><delim>\n</delim><match><data>FALSE\n</data></match></read>
		<read echo="ascii"><delim> </delim><match><data>\x3E </data></match></read>
		<write echo="ascii"><data>3AFFH = |"LSU","3HM2YdG"|^|"PLcNQr","N7xc6n","4wwO","0q","4Syva","LSU","hNC"|\n</data></write>
		<read echo="ascii"><delim> </delim><match><data>\x3E </data></match></read>
		<write echo="ascii"><data>CZqBaDC9j = YIvSVdV ^ 9nPos\n</data></write>
		<read echo="ascii"><delim> </delim><match><data>\x3E </data></match></read>
		<write echo="ascii"><data>FF3G3 = GMcpHO - 6c5rM\n</data></write>
		<read echo="ascii"><delim> </delim><match><data>\x3E </data></match></read>
		<write echo="ascii"><data>ILtK8CP = |"URy4","D"|+|"S4S7c","YKgro","d","XFdmG"|\n</data></write>
		<read echo="ascii"><delim> </delim><match><data>\x3E </data></match></read>
		<write echo="ascii"><data>.p\n</data></write>
<read echo="ascii"><delim>\n</delim><match><data>scXQD = |"pG9mlrP","V","F4vWcyj","Bqgr","r","McZ3xAL","WtLj3C","EOQvw","Hrcb7Ww","R","SA9H"|\n</data></match></read>
<read echo="ascii"><delim>\n</delim><match><data>OGnPg = ||\n</data></match></read>
<read echo="ascii"><delim>\n</delim><match><data>9nPos = ||\n</data></match></read>
<read echo="ascii"><delim>\n</delim><match><data>V2LGYY = |"xP7a","YrNXXMv","FLHU7","foQ","AGgIm","7y","h5eWGm5"|\n</data></match></read>
<read echo="ascii"><delim>\n</delim><match><data>YIvSVdV = |"Y","c"|\n</data></match></read>
<read echo="ascii"><delim>\n</delim><match><data>gRttlJ = |"AM"|\n</data></match></read>
<read echo="ascii"><delim>\n</delim><match><data>ivHd5O = |"7C","TQtiL","T9aj","cS","z7q","Kvamq","J","BhA3u"|\n</data></match></read>
<read echo="ascii"><delim>\n</delim><match><data>cZszh = |"xP7a","YrNXXMv","FLHU7","foQ","AGgIm","7y","h5eWGm5"|\n</data></match></read>
<read echo="ascii"><delim>\n</delim><match><data>6c5rM = |"iX","0Mf","6ht8K","ru","tdPxi","6Ak","76","jrW","zMEb"|\n</data></match></read>
<read echo="ascii"><delim>\n</delim><match><data>GMcpHO = |"iX","6Ak","ru","aeZQKrQ0JV"|\n</data></match></read>
<read echo="ascii"><delim>\n</delim><match><data>3AFFH = |"LSU"|\n</data></match></read>
<read echo="ascii"><delim>\n</delim><match><data>CZqBaDC9j = ||\n</data></match></read>
<read echo="ascii"><delim>\n</delim><match><data>FF3G3 = |"aeZQKrQ0JV"|\n</data></match></read>
<read echo="ascii"><delim>\n</delim><match><data>ILtK8CP = |"URy4","D","S4S7c","YKgro","d","XFdmG"|\n</data></match></read>
		<read echo="ascii"><delim> </delim><match><data>\x3E </data></match></read>
		<write echo="ascii"><data>.l\n</data></write>
	</replay>
</pov>
