<?xml version="1.0" standalone="no" ?>
<!DOCTYPE pov SYSTEM "/usr/share/cgc-docs/replay.dtd"><pov>
	<cbid>CROMU_00011</cbid>
	<replay>
		<read echo="ascii"><delim> </delim><match><data>\x3E </data></match></read>
		<write echo="ascii"><data>lt2f2c = |"yV6K","Ht","o","V"|~|"PSCcs1q","V","QR8","F"|\n</data></write>
		<read echo="ascii"><delim> </delim><match><data>\x3E </data></match></read>
		<write echo="ascii"><data>Zletcu = lt2f2c + lt2f2c\n</data></write>
		<read echo="ascii"><delim> </delim><match><data>\x3E </data></match></read>
		<write echo="ascii"><data>wOoyGh = Zletcu - Zletcu\n</data></write>
		<read echo="ascii"><delim> </delim><match><data>\x3E </data></match></read>
		<write echo="ascii"><data>2YB0rhN = wOoyGh - lt2f2c\n</data></write>
		<read echo="ascii"><delim> </delim><match><data>\x3E </data></match></read>
		<write echo="ascii"><data>Lt3hlF = |"j","enhYbu","AM0NPrh","dmZDJ","ovLOd5w","34gkd","mXSeJ"|-|"mXSeJ","34gkd","enhYbu"|\n</data></write>
		<read echo="ascii"><delim> </delim><match><data>\x3E </data></match></read>
		<write echo="ascii"><data>cIEVLYE = 2YB0rhN + Lt3hlF\n</data></write>
		<read echo="ascii"><delim> </delim><match><data>\x3E </data></match></read>
		<write echo="ascii"><data>Ql7Ayg = Zletcu - wOoyGh\n</data></write>
		<read echo="ascii"><delim> </delim><match><data>\x3E </data></match></read>
		<write echo="ascii"><data>GXtyux = Ql7Ayg + cIEVLYE\n</data></write>
		<read echo="ascii"><delim> </delim><match><data>\x3E </data></match></read>
		<write echo="ascii"><data>FOpDwM = Lt3hlF + Ql7Ayg\n</data></write>
		<read echo="ascii"><delim> </delim><match><data>\x3E </data></match></read>
		<write echo="ascii"><data>Xqsom = lt2f2c ~ Lt3hlF\n</data></write>
		<read echo="ascii"><delim> </delim><match><data>\x3E </data></match></read>
		<write echo="ascii"><data>FEB5rpUHIw = GXtyux ^ Lt3hlF\n</data></write>
		<read echo="ascii"><delim> </delim><match><data>\x3E </data></match></read>
		<write echo="ascii"><data>kYOWRmE = Lt3hlF ~ wOoyGh\n</data></write>
		<read echo="ascii"><delim> </delim><match><data>\x3E </data></match></read>
		<write echo="ascii"><data>.p\n</data></write>
<read echo="ascii"><delim>\n</delim><match><data>lt2f2c = |"yV6K","Ht","o","PSCcs1q","QR8","F"|\n</data></match></read>
<read echo="ascii"><delim>\n</delim><match><data>Zletcu = |"yV6K","Ht","o","PSCcs1q","QR8","F"|\n</data></match></read>
<read echo="ascii"><delim>\n</delim><match><data>wOoyGh = ||\n</data></match></read>
<read echo="ascii"><delim>\n</delim><match><data>2YB0rhN = ||\n</data></match></read>
<read echo="ascii"><delim>\n</delim><match><data>Lt3hlF = |"j","AM0NPrh","dmZDJ","ovLOd5w"|\n</data></match></read>
<read echo="ascii"><delim>\n</delim><match><data>cIEVLYE = |"j","AM0NPrh","dmZDJ","ovLOd5w"|\n</data></match></read>
<read echo="ascii"><delim>\n</delim><match><data>Ql7Ayg = |"yV6K","Ht","o","PSCcs1q","QR8","F"|\n</data></match></read>
<read echo="ascii"><delim>\n</delim><match><data>GXtyux = |"yV6K","Ht","o","PSCcs1q","QR8","F","j","AM0NPrh","dmZDJ","ovLOd5w"|\n</data></match></read>
<read echo="ascii"><delim>\n</delim><match><data>FOpDwM = |"j","AM0NPrh","dmZDJ","ovLOd5w","yV6K","Ht","o","PSCcs1q","QR8","F"|\n</data></match></read>
<read echo="ascii"><delim>\n</delim><match><data>Xqsom = |"yV6K","Ht","o","PSCcs1q","QR8","F","j","AM0NPrh","dmZDJ","ovLOd5w"|\n</data></match></read>
<read echo="ascii"><delim>\n</delim><match><data>FEB5rpUHIw = |"j","AM0NPrh","dmZDJ","ovLOd5w"|\n</data></match></read>
<read echo="ascii"><delim>\n</delim><match><data>kYOWRmE = |"j","AM0NPrh","dmZDJ","ovLOd5w"|\n</data></match></read>
		<read echo="ascii"><delim> </delim><match><data>\x3E </data></match></read>
		<write echo="ascii"><data>.l\n</data></write>
	</replay>
</pov>
