<?xml version="1.0" standalone="no" ?>
<!DOCTYPE pov SYSTEM "/usr/share/cgc-docs/replay.dtd"><pov>
	<cbid>CROMU_00011</cbid>
	<replay>
		<read echo="ascii"><delim> </delim><match><data>\x3E </data></match></read>
		<write echo="ascii"><data>BYBiw = |"PW","7J","eScox","tN"|+|"tJOqF","Tuc9","fU7qa","yI"|\n</data></write>
		<read echo="ascii"><delim> </delim><match><data>\x3E </data></match></read>
		<write echo="ascii"><data>7r3nHyvYN0 = BYBiw ^ BYBiw\n</data></write>
		<read echo="ascii"><delim> </delim><match><data>\x3E </data></match></read>
		<write echo="ascii"><data>tAMqE5E = |"eIIUE","ICUy5A","8JT","nik0kod","Ll8UWp","3th2Kk"|^|"vvUD6"|\n</data></write>
		<read echo="ascii"><delim> </delim><match><data>\x3E </data></match></read>
		<write echo="ascii"><data>CvolfO5 = 7r3nHyvYN0 ~ tAMqE5E\n</data></write>
		<read echo="ascii"><delim> </delim><match><data>\x3E </data></match></read>
		<write echo="ascii"><data>RqbII = |"zylN","rsR6","zSF","iceGi","Jj4Y","29OsDm","8lOyu"|+|"Y","Obj7R","RXwF","6DDQ","GXbnyG"|\n</data></write>
		<read echo="ascii"><delim> </delim><match><data>\x3E </data></match></read>
		<write echo="ascii"><data>DVn4i7 = BYBiw + BYBiw\n</data></write>
		<read echo="ascii"><delim> </delim><match><data>\x3E </data></match></read>
		<write echo="ascii"><data>VhZCu = 7r3nHyvYN0 - 7r3nHyvYN0\n</data></write>
		<read echo="ascii"><delim> </delim><match><data>\x3E </data></match></read>
		<write echo="ascii"><data>ZVNIVE = VhZCu + 7r3nHyvYN0\n</data></write>
		<read echo="ascii"><delim> </delim><match><data>\x3E </data></match></read>
		<write echo="ascii"><data>nyGHY = |"3pQAf","SqPt6","8O4AU"|+|"Z38Ox","3pQAf","wHGTbC","v","b"|\n</data></write>
		<read echo="ascii"><delim> </delim><match><data>\x3E </data></match></read>
		<write echo="ascii"><data>ZE942c = |"MTIMFth","08taAYW","TzBX","iJ","Hl","6PGqyNy"|^|"TNcNiC","7Xymy","0VPddqL","iJ"|\n</data></write>
		<read echo="ascii"><delim> </delim><match><data>\x3E </data></match></read>
		<write echo="ascii"><data>dqUKzHu = |"bvwXdR","T2n4gnW","bTPu","SvWoga","1Rk3Ax","L0yhy"|-|"YcGtFm","Vww","PG","h","VEphp","SvWoga"|\n</data></write>
		<read echo="ascii"><delim> </delim><match><data>\x3E </data></match></read>
		<write echo="ascii"><data>qd5mNc = RqbII ^ BYBiw\n</data></write>
		<read echo="ascii"><delim> </delim><match><data>\x3E </data></match></read>
		<write echo="ascii"><data>cSvCq = |"yV","cu","jFTHp5H","Lv6B0","D2V","u6"|\n</data></write>
		<read echo="ascii"><delim> </delim><match><data>\x3E </data></match></read>
		<write echo="ascii"><data>vdTFfB = |"yV","u6","Lv6B0","glpDoA1P6b"|\n</data></write>
		<read echo="ascii"><delim> </delim><match><data>\x3E </data></match></read>
		<write echo="ascii"><data>vdTFfB@cSvCq\n</data></write>
		<read echo="ascii"><delim>\n</delim><match><data>FALSE\n</data></match></read>
		<read echo="ascii"><delim> </delim><match><data>\x3E </data></match></read>
		<write echo="ascii"><data>P7yCUL6 = ZVNIVE - cSvCq\n</data></write>
		<read echo="ascii"><delim> </delim><match><data>\x3E </data></match></read>
		<write echo="ascii"><data>.p\n</data></write>
<read echo="ascii"><delim>\n</delim><match><data>BYBiw = |"PW","7J","eScox","tN","tJOqF","Tuc9","fU7qa","yI"|\n</data></match></read>
<read echo="ascii"><delim>\n</delim><match><data>7r3nHyvYN0 = |"PW","7J","eScox","tN","tJOqF","Tuc9","fU7qa","yI"|\n</data></match></read>
<read echo="ascii"><delim>\n</delim><match><data>tAMqE5E = ||\n</data></match></read>
<read echo="ascii"><delim>\n</delim><match><data>CvolfO5 = |"PW","7J","eScox","tN","tJOqF","Tuc9","fU7qa","yI"|\n</data></match></read>
<read echo="ascii"><delim>\n</delim><match><data>RqbII = |"zylN","rsR6","zSF","iceGi","Jj4Y","29OsDm","8lOyu","Y","Obj7R","RXwF","6DDQ","GXbnyG"|\n</data></match></read>
<read echo="ascii"><delim>\n</delim><match><data>DVn4i7 = |"PW","7J","eScox","tN","tJOqF","Tuc9","fU7qa","yI"|\n</data></match></read>
<read echo="ascii"><delim>\n</delim><match><data>VhZCu = ||\n</data></match></read>
<read echo="ascii"><delim>\n</delim><match><data>ZVNIVE = |"PW","7J","eScox","tN","tJOqF","Tuc9","fU7qa","yI"|\n</data></match></read>
<read echo="ascii"><delim>\n</delim><match><data>nyGHY = |"3pQAf","SqPt6","8O4AU","Z38Ox","wHGTbC","v","b"|\n</data></match></read>
<read echo="ascii"><delim>\n</delim><match><data>ZE942c = |"iJ"|\n</data></match></read>
<read echo="ascii"><delim>\n</delim><match><data>dqUKzHu = |"bvwXdR","T2n4gnW","bTPu","1Rk3Ax","L0yhy"|\n</data></match></read>
<read echo="ascii"><delim>\n</delim><match><data>qd5mNc = ||\n</data></match></read>
<read echo="ascii"><delim>\n</delim><match><data>cSvCq = |"yV","cu","jFTHp5H","Lv6B0","D2V","u6"|\n</data></match></read>
<read echo="ascii"><delim>\n</delim><match><data>vdTFfB = |"yV","u6","Lv6B0","glpDoA1P6b"|\n</data></match></read>
<read echo="ascii"><delim>\n</delim><match><data>P7yCUL6 = |"PW","7J","eScox","tN","tJOqF","Tuc9","fU7qa","yI"|\n</data></match></read>
		<read echo="ascii"><delim> </delim><match><data>\x3E </data></match></read>
		<write echo="ascii"><data>.l\n</data></write>
	</replay>
</pov>
