<?xml version="1.0" standalone="no" ?>
<!DOCTYPE pov SYSTEM "/usr/share/cgc-docs/replay.dtd"><pov>
	<cbid>CROMU_00011</cbid>
	<replay>
		<read echo="ascii"><delim> </delim><match><data>\x3E </data></match></read>
		<write echo="ascii"><data>X5GNIr1 = |"9I","ewoH"|^|"MXPCQm3","9I","MO","dftJV"|\n</data></write>
		<read echo="ascii"><delim> </delim><match><data>\x3E </data></match></read>
		<write echo="ascii"><data>YlsxC = X5GNIr1 + X5GNIr1\n</data></write>
		<read echo="ascii"><delim> </delim><match><data>\x3E </data></match></read>
		<write echo="ascii"><data>zzRxJeJ = |"hr","WH","tkWIOL","w","QV2OTt7"|+|"w","WH","KGeY1","hr","dfdM"|\n</data></write>
		<read echo="ascii"><delim> </delim><match><data>\x3E </data></match></read>
		<write echo="ascii"><data>PIAmfC = |"g","LOnA","w1F","h","VIlpmdP","77"|+|"c","l","LOnA","IQ"|\n</data></write>
		<read echo="ascii"><delim> </delim><match><data>\x3E </data></match></read>
		<write echo="ascii"><data>D30iQt = |"n3h","1j9Da","Cks3F","Eb","7sPJx","blCt3","3aFmUti","zOzL","ocfrr","4n"|\n</data></write>
		<read echo="ascii"><delim> </delim><match><data>\x3E </data></match></read>
		<write echo="ascii"><data>swSl1a = |"Cks3F","3aFmUti","4n","1j9Da","7sPJx","zOzL"|\n</data></write>
		<read echo="ascii"><delim> </delim><match><data>\x3E </data></match></read>
		<write echo="ascii"><data>swSl1a@D30iQt\n</data></write>
		<read echo="ascii"><delim>\n</delim><match><data>TRUE\n</data></match></read>
		<read echo="ascii"><delim> </delim><match><data>\x3E </data></match></read>
		<write echo="ascii"><data>kbuB3 = |"0eHb6","3U6iNGP"|+|"A","egji","2Dfu","o78s4p","nyFLhE","ZTIyb","Ju"|\n</data></write>
		<read echo="ascii"><delim> </delim><match><data>\x3E </data></match></read>
		<write echo="ascii"><data>JdNZn6 = zzRxJeJ + swSl1a\n</data></write>
		<read echo="ascii"><delim> </delim><match><data>\x3E </data></match></read>
		<write echo="ascii"><data>EceNIJ = |"o3b","5NHtwb","zXp0X1","5VpO","KMj21ql"|+|"QTqr6","PcjL","b","NgJbvg","v","eCE9D","dIv"|\n</data></write>
		<read echo="ascii"><delim> </delim><match><data>\x3E </data></match></read>
		<write echo="ascii"><data>QholQ = EceNIJ ~ X5GNIr1\n</data></write>
		<read echo="ascii"><delim> </delim><match><data>\x3E </data></match></read>
		<write echo="ascii"><data>OcEXnL = JdNZn6 + swSl1a\n</data></write>
		<read echo="ascii"><delim> </delim><match><data>\x3E </data></match></read>
		<write echo="ascii"><data>XPTIu8U6T7 = YlsxC ^ zzRxJeJ\n</data></write>
		<read echo="ascii"><delim> </delim><match><data>\x3E </data></match></read>
		<write echo="ascii"><data>7FsDE = |"b69AIy6","9MPrD","Xr1s","yqCt","bJr","vOJzM"|\n</data></write>
		<read echo="ascii"><delim> </delim><match><data>\x3E </data></match></read>
		<write echo="ascii"><data>C1E6hDw = |"b69AIy6","Xr1s","9MPrD","SUh8I2fCWr"|\n</data></write>
		<read echo="ascii"><delim> </delim><match><data>\x3E </data></match></read>
		<write echo="ascii"><data>C1E6hDw@7FsDE\n</data></write>
		<read echo="ascii"><delim>\n</delim><match><data>FALSE\n</data></match></read>
		<read echo="ascii"><delim> </delim><match><data>\x3E </data></match></read>
		<write echo="ascii"><data>Jr4s2 = |"MA6","WVz","4cl","pMyTOP3","Oeo","59rn7u"|^|"59rn7u"|\n</data></write>
		<read echo="ascii"><delim> </delim><match><data>\x3E </data></match></read>
		<write echo="ascii"><data>.p\n</data></write>
<read echo="ascii"><delim>\n</delim><match><data>X5GNIr1 = |"9I"|\n</data></match></read>
<read echo="ascii"><delim>\n</delim><match><data>YlsxC = |"9I"|\n</data></match></read>
<read echo="ascii"><delim>\n</delim><match><data>zzRxJeJ = |"hr","WH","tkWIOL","w","QV2OTt7","KGeY1","dfdM"|\n</data></match></read>
<read echo="ascii"><delim>\n</delim><match><data>PIAmfC = |"g","LOnA","w1F","h","VIlpmdP","77","c","l","IQ"|\n</data></match></read>
<read echo="ascii"><delim>\n</delim><match><data>D30iQt = |"n3h","1j9Da","Cks3F","Eb","7sPJx","blCt3","3aFmUti","zOzL","ocfrr","4n"|\n</data></match></read>
<read echo="ascii"><delim>\n</delim><match><data>swSl1a = |"Cks3F","3aFmUti","4n","1j9Da","7sPJx","zOzL"|\n</data></match></read>
<read echo="ascii"><delim>\n</delim><match><data>kbuB3 = |"0eHb6","3U6iNGP","A","egji","2Dfu","o78s4p","nyFLhE","ZTIyb","Ju"|\n</data></match></read>
<read echo="ascii"><delim>\n</delim><match><data>JdNZn6 = |"hr","WH","tkWIOL","w","QV2OTt7","KGeY1","dfdM","Cks3F","3aFmUti","4n","1j9Da","7sPJx","zOzL"|\n</data></match></read>
<read echo="ascii"><delim>\n</delim><match><data>EceNIJ = |"o3b","5NHtwb","zXp0X1","5VpO","KMj21ql","QTqr6","PcjL","b","NgJbvg","v","eCE9D","dIv"|\n</data></match></read>
<read echo="ascii"><delim>\n</delim><match><data>QholQ = |"o3b","5NHtwb","zXp0X1","5VpO","KMj21ql","QTqr6","PcjL","b","NgJbvg","v","eCE9D","dIv","9I"|\n</data></match></read>
<read echo="ascii"><delim>\n</delim><match><data>OcEXnL = |"hr","WH","tkWIOL","w","QV2OTt7","KGeY1","dfdM","Cks3F","3aFmUti","4n","1j9Da","7sPJx","zOzL"|\n</data></match></read>
<read echo="ascii"><delim>\n</delim><match><data>XPTIu8U6T7 = ||\n</data></match></read>
<read echo="ascii"><delim>\n</delim><match><data>7FsDE = |"b69AIy6","9MPrD","Xr1s","yqCt","bJr","vOJzM"|\n</data></match></read>
<read echo="ascii"><delim>\n</delim><match><data>C1E6hDw = |"b69AIy6","Xr1s","9MPrD","SUh8I2fCWr"|\n</data></match></read>
<read echo="ascii"><delim>\n</delim><match><data>Jr4s2 = |"59rn7u"|\n</data></match></read>
		<read echo="ascii"><delim> </delim><match><data>\x3E </data></match></read>
		<write echo="ascii"><data>.l\n</data></write>
	</replay>
</pov>
