<?xml version="1.0" standalone="no" ?>
<!DOCTYPE pov SYSTEM "/usr/share/cgc-docs/replay.dtd"><pov>
	<cbid>CROMU_00011</cbid>
	<replay>
		<read echo="ascii"><delim> </delim><match><data>\x3E </data></match></read>
		<write echo="ascii"><data>2ObGFP = |"fo","AX","CbAcZv1","bOv","Pzo","al","5ElHL","fyveO","QpvY6A","xqmtGD"|\n</data></write>
		<read echo="ascii"><delim> </delim><match><data>\x3E </data></match></read>
		<write echo="ascii"><data>K49w4Hv = |"fyveO","fo","AX","xqmtGD","OK3tuivvHc"|\n</data></write>
		<read echo="ascii"><delim> </delim><match><data>\x3E </data></match></read>
		<write echo="ascii"><data>K49w4Hv@2ObGFP\n</data></write>
		<read echo="ascii"><delim>\n</delim><match><data>FALSE\n</data></match></read>
		<read echo="ascii"><delim> </delim><match><data>\x3E </data></match></read>
		<write echo="ascii"><data>gYwxN = |"e1SueZI","JcqYFyP","6Pj","PBK","fW","Ru0","DanG"|~|"a4","mYFcH","yX","pL3Z","Ru0","6Pj","DanG"|\n</data></write>
		<read echo="ascii"><delim> </delim><match><data>\x3E </data></match></read>
		<write echo="ascii"><data>J6P1LYT = K49w4Hv + 2ObGFP\n</data></write>
		<read echo="ascii"><delim> </delim><match><data>\x3E </data></match></read>
		<write echo="ascii"><data>Uajy2 = |"D","PvxPtO","sVF","51","tt1k","D7yJL9t"|+|"D","z3Qcwyq","Uqr9uQP"|\n</data></write>
		<read echo="ascii"><delim> </delim><match><data>\x3E </data></match></read>
		<write echo="ascii"><data>BHld6Cj = |"bmrNhR","luSynLK","pGQ","Nj","WC3jpK","1q","6TrrW","YR","4vid"|\n</data></write>
		<read echo="ascii"><delim> </delim><match><data>\x3E </data></match></read>
		<write echo="ascii"><data>H4hnYVe = |"WC3jpK","6TrrW","Nj"|\n</data></write>
		<read echo="ascii"><delim> </delim><match><data>\x3E </data></match></read>
		<write echo="ascii"><data>H4hnYVe@BHld6Cj\n</data></write>
		<read echo="ascii"><delim>\n</delim><match><data>TRUE\n</data></match></read>
		<read echo="ascii"><delim> </delim><match><data>\x3E </data></match></read>
		<write echo="ascii"><data>3gNCz = |"pfz","ZZe","MWYm","oqSsj5","tUM0","f9"|+|"oqSsj5","f9","bQy1"|\n</data></write>
		<read echo="ascii"><delim> </delim><match><data>\x3E </data></match></read>
		<write echo="ascii"><data>geKL6Ue = |"6P1OW","zS","eO7"|-|"iUZD","uA8yV","6P1OW","kL","sD"|\n</data></write>
		<read echo="ascii"><delim> </delim><match><data>\x3E </data></match></read>
		<write echo="ascii"><data>kLGEr = H4hnYVe - geKL6Ue\n</data></write>
		<read echo="ascii"><delim> </delim><match><data>\x3E </data></match></read>
		<write echo="ascii"><data>myBvN = Uajy2 - Uajy2\n</data></write>
		<read echo="ascii"><delim> </delim><match><data>\x3E </data></match></read>
		<write echo="ascii"><data>tP1pe = 3gNCz ^ J6P1LYT\n</data></write>
		<read echo="ascii"><delim> </delim><match><data>\x3E </data></match></read>
		<write echo="ascii"><data>n5QqIu = |"PV8uC0S","zACb","bQu","gI49","zE","6op","0U","0DdT","KI"|\n</data></write>
		<read echo="ascii"><delim> </delim><match><data>\x3E </data></match></read>
		<write echo="ascii"><data>4J8NI65 = |"0DdT","PV8uC0S","gI49","zACb","DvpCdm6QDm"|\n</data></write>
		<read echo="ascii"><delim> </delim><match><data>\x3E </data></match></read>
		<write echo="ascii"><data>4J8NI65@n5QqIu\n</data></write>
		<read echo="ascii"><delim>\n</delim><match><data>FALSE\n</data></match></read>
		<read echo="ascii"><delim> </delim><match><data>\x3E </data></match></read>
		<write echo="ascii"><data>WzudK = |"O","zwbSFj4","G","v7PD1","is","dPt","Hci3"|+|"Z9kj","5M","rlXUTa","O"|\n</data></write>
		<read echo="ascii"><delim> </delim><match><data>\x3E </data></match></read>
		<write echo="ascii"><data>.p\n</data></write>
<read echo="ascii"><delim>\n</delim><match><data>2ObGFP = |"fo","AX","CbAcZv1","bOv","Pzo","al","5ElHL","fyveO","QpvY6A","xqmtGD"|\n</data></match></read>
<read echo="ascii"><delim>\n</delim><match><data>K49w4Hv = |"fyveO","fo","AX","xqmtGD","OK3tuivvHc"|\n</data></match></read>
<read echo="ascii"><delim>\n</delim><match><data>gYwxN = |"e1SueZI","JcqYFyP","PBK","fW","a4","mYFcH","yX","pL3Z"|\n</data></match></read>
<read echo="ascii"><delim>\n</delim><match><data>J6P1LYT = |"fyveO","fo","AX","xqmtGD","OK3tuivvHc","CbAcZv1","bOv","Pzo","al","5ElHL","QpvY6A"|\n</data></match></read>
<read echo="ascii"><delim>\n</delim><match><data>Uajy2 = |"D","PvxPtO","sVF","51","tt1k","D7yJL9t","z3Qcwyq","Uqr9uQP"|\n</data></match></read>
<read echo="ascii"><delim>\n</delim><match><data>BHld6Cj = |"bmrNhR","luSynLK","pGQ","Nj","WC3jpK","1q","6TrrW","YR","4vid"|\n</data></match></read>
<read echo="ascii"><delim>\n</delim><match><data>H4hnYVe = |"WC3jpK","6TrrW","Nj"|\n</data></match></read>
<read echo="ascii"><delim>\n</delim><match><data>3gNCz = |"pfz","ZZe","MWYm","oqSsj5","tUM0","f9","bQy1"|\n</data></match></read>
<read echo="ascii"><delim>\n</delim><match><data>geKL6Ue = |"zS","eO7"|\n</data></match></read>
<read echo="ascii"><delim>\n</delim><match><data>kLGEr = |"WC3jpK","6TrrW","Nj"|\n</data></match></read>
<read echo="ascii"><delim>\n</delim><match><data>myBvN = ||\n</data></match></read>
<read echo="ascii"><delim>\n</delim><match><data>tP1pe = ||\n</data></match></read>
<read echo="ascii"><delim>\n</delim><match><data>n5QqIu = |"PV8uC0S","zACb","bQu","gI49","zE","6op","0U","0DdT","KI"|\n</data></match></read>
<read echo="ascii"><delim>\n</delim><match><data>4J8NI65 = |"0DdT","PV8uC0S","gI49","zACb","DvpCdm6QDm"|\n</data></match></read>
<read echo="ascii"><delim>\n</delim><match><data>WzudK = |"O","zwbSFj4","G","v7PD1","is","dPt","Hci3","Z9kj","5M","rlXUTa"|\n</data></match></read>
		<read echo="ascii"><delim> </delim><match><data>\x3E </data></match></read>
		<write echo="ascii"><data>.l\n</data></write>
	</replay>
</pov>
