<?xml version="1.0" standalone="no" ?>
<!DOCTYPE pov SYSTEM "/usr/share/cgc-docs/replay.dtd"><pov>
	<cbid>CROMU_00011</cbid>
	<replay>
		<read echo="ascii"><delim> </delim><match><data>\x3E </data></match></read>
		<write echo="ascii"><data>TKqYql = |"ip0NdQs","SR1f","ZIyLVhy"|^|"SR1f","ZIyLVhy","WSE"|\n</data></write>
		<read echo="ascii"><delim> </delim><match><data>\x3E </data></match></read>
		<write echo="ascii"><data>QpEgQH = TKqYql + TKqYql\n</data></write>
		<read echo="ascii"><delim> </delim><match><data>\x3E </data></match></read>
		<write echo="ascii"><data>NYGp7Rp = |"7"|~|"FLVA","u","Lc9cL8Z","W","Kc","daf"|\n</data></write>
		<read echo="ascii"><delim> </delim><match><data>\x3E </data></match></read>
		<write echo="ascii"><data>TVjFk5ebh8 = NYGp7Rp ^ TKqYql\n</data></write>
		<read echo="ascii"><delim> </delim><match><data>\x3E </data></match></read>
		<write echo="ascii"><data>kq8qVb = |"11","6oO","Su65q","gx","pUZfS","RwUf7","pq71","aLl"|\n</data></write>
		<read echo="ascii"><delim> </delim><match><data>\x3E </data></match></read>
		<write echo="ascii"><data>fAr2hA = |"Su65q","pq71","aLl"|\n</data></write>
		<read echo="ascii"><delim> </delim><match><data>\x3E </data></match></read>
		<write echo="ascii"><data>fAr2hA@kq8qVb\n</data></write>
		<read echo="ascii"><delim>\n</delim><match><data>TRUE\n</data></match></read>
		<read echo="ascii"><delim> </delim><match><data>\x3E </data></match></read>
		<write echo="ascii"><data>90vKO = NYGp7Rp + TKqYql\n</data></write>
		<read echo="ascii"><delim> </delim><match><data>\x3E </data></match></read>
		<write echo="ascii"><data>zKelceb = |"yAbtEd","22","9","wJY","uIsZ","v2GDr","Lyh"|-|"wJY","BmdY3","v2GDr","VqwXy4E","9","VusLl6","Jkn2sYl"|\n</data></write>
		<read echo="ascii"><delim> </delim><match><data>\x3E </data></match></read>
		<write echo="ascii"><data>qhSBth = 90vKO ^ fAr2hA\n</data></write>
		<read echo="ascii"><delim> </delim><match><data>\x3E </data></match></read>
		<write echo="ascii"><data>JvqAXO = TVjFk5ebh8 ~ NYGp7Rp\n</data></write>
		<read echo="ascii"><delim> </delim><match><data>\x3E </data></match></read>
		<write echo="ascii"><data>WPLW1sD = |"sIKq","hQ","0fyJ"|^|"diF","sIKq","3G9uDv","0fyJ","mBx","fD","Jjrs"|\n</data></write>
		<read echo="ascii"><delim> </delim><match><data>\x3E </data></match></read>
		<write echo="ascii"><data>sEpyIQ = zKelceb ~ TVjFk5ebh8\n</data></write>
		<read echo="ascii"><delim> </delim><match><data>\x3E </data></match></read>
		<write echo="ascii"><data>COpuh83 = |"sXcWn","I","wovfn","xHOh"|-|"uV11","GB5fiRO","I","a1","4vZzqlO","t"|\n</data></write>
		<read echo="ascii"><delim> </delim><match><data>\x3E </data></match></read>
		<write echo="ascii"><data>.p\n</data></write>
<read echo="ascii"><delim>\n</delim><match><data>TKqYql = |"SR1f","ZIyLVhy"|\n</data></match></read>
<read echo="ascii"><delim>\n</delim><match><data>QpEgQH = |"SR1f","ZIyLVhy"|\n</data></match></read>
<read echo="ascii"><delim>\n</delim><match><data>NYGp7Rp = |"7","FLVA","u","Lc9cL8Z","W","Kc","daf"|\n</data></match></read>
<read echo="ascii"><delim>\n</delim><match><data>TVjFk5ebh8 = ||\n</data></match></read>
<read echo="ascii"><delim>\n</delim><match><data>kq8qVb = |"11","6oO","Su65q","gx","pUZfS","RwUf7","pq71","aLl"|\n</data></match></read>
<read echo="ascii"><delim>\n</delim><match><data>fAr2hA = |"Su65q","pq71","aLl"|\n</data></match></read>
<read echo="ascii"><delim>\n</delim><match><data>90vKO = |"7","FLVA","u","Lc9cL8Z","W","Kc","daf","SR1f","ZIyLVhy"|\n</data></match></read>
<read echo="ascii"><delim>\n</delim><match><data>zKelceb = |"yAbtEd","22","uIsZ","Lyh"|\n</data></match></read>
<read echo="ascii"><delim>\n</delim><match><data>qhSBth = ||\n</data></match></read>
<read echo="ascii"><delim>\n</delim><match><data>JvqAXO = |"7","FLVA","u","Lc9cL8Z","W","Kc","daf"|\n</data></match></read>
<read echo="ascii"><delim>\n</delim><match><data>WPLW1sD = |"sIKq","0fyJ"|\n</data></match></read>
<read echo="ascii"><delim>\n</delim><match><data>sEpyIQ = |"yAbtEd","22","uIsZ","Lyh"|\n</data></match></read>
<read echo="ascii"><delim>\n</delim><match><data>COpuh83 = |"sXcWn","wovfn","xHOh"|\n</data></match></read>
		<read echo="ascii"><delim> </delim><match><data>\x3E </data></match></read>
		<write echo="ascii"><data>.l\n</data></write>
	</replay>
</pov>
