<?xml version="1.0" standalone="no" ?>
<!DOCTYPE pov SYSTEM "/usr/share/cgc-docs/replay.dtd"><pov>
	<cbid>CROMU_00011</cbid>
	<replay>
		<read echo="ascii"><delim> </delim><match><data>\x3E </data></match></read>
		<write echo="ascii"><data>xewIHa = |"f7qKlj","wqeylY","bu","9e","tyCV","lg2po","kPVcr","8FFEi","9SudbH"|\n</data></write>
		<read echo="ascii"><delim> </delim><match><data>\x3E </data></match></read>
		<write echo="ascii"><data>ebLNbA = |"8FFEi"|\n</data></write>
		<read echo="ascii"><delim> </delim><match><data>\x3E </data></match></read>
		<write echo="ascii"><data>ebLNbA@xewIHa\n</data></write>
		<read echo="ascii"><delim>\n</delim><match><data>TRUE\n</data></match></read>
		<read echo="ascii"><delim> </delim><match><data>\x3E </data></match></read>
		<write echo="ascii"><data>eDH5xuj = |"Da2YT","Dm9EY0","zb","F6US","vipY8on","Rno","z6U"|\n</data></write>
		<read echo="ascii"><delim> </delim><match><data>\x3E </data></match></read>
		<write echo="ascii"><data>yCa0rg3 = |"z6U"|\n</data></write>
		<read echo="ascii"><delim> </delim><match><data>\x3E </data></match></read>
		<write echo="ascii"><data>yCa0rg3@eDH5xuj\n</data></write>
		<read echo="ascii"><delim>\n</delim><match><data>TRUE\n</data></match></read>
		<read echo="ascii"><delim> </delim><match><data>\x3E </data></match></read>
		<write echo="ascii"><data>MqkatZH = eDH5xuj - yCa0rg3\n</data></write>
		<read echo="ascii"><delim> </delim><match><data>\x3E </data></match></read>
		<write echo="ascii"><data>cGdh0Fp = |"Wr","03","wd","WNj"|-|"WNj","GNYTdfM","Fr3T","VnNxc","Nh","Wr","CJeSB"|\n</data></write>
		<read echo="ascii"><delim> </delim><match><data>\x3E </data></match></read>
		<write echo="ascii"><data>BagC8 = cGdh0Fp ~ yCa0rg3\n</data></write>
		<read echo="ascii"><delim> </delim><match><data>\x3E </data></match></read>
		<write echo="ascii"><data>3EJwhSX6 = yCa0rg3 ^ yCa0rg3\n</data></write>
		<read echo="ascii"><delim> </delim><match><data>\x3E </data></match></read>
		<write echo="ascii"><data>cQ4d67 = eDH5xuj ~ ebLNbA\n</data></write>
		<read echo="ascii"><delim> </delim><match><data>\x3E </data></match></read>
		<write echo="ascii"><data>UtmOcJq = |"519LZ","82hGFy","y","G","i"|-|"519LZ","Hb","xuqod"|\n</data></write>
		<read echo="ascii"><delim> </delim><match><data>\x3E </data></match></read>
		<write echo="ascii"><data>JySeUQ = |"n5yU","SNSE"|+|"S","y","Fue3"|\n</data></write>
		<read echo="ascii"><delim> </delim><match><data>\x3E </data></match></read>
		<write echo="ascii"><data>BD1iTat = |"w","veG","8jhM","J","A8CsE","9P"|+|"Y","J","Quld8nR"|\n</data></write>
		<read echo="ascii"><delim> </delim><match><data>\x3E </data></match></read>
		<write echo="ascii"><data>91Idy = |"i7v"|~|"ku"|\n</data></write>
		<read echo="ascii"><delim> </delim><match><data>\x3E </data></match></read>
		<write echo="ascii"><data>YV70p2Z = |"yV","jDWC","Qk"|-|"Qk","TQDC","jDWC"|\n</data></write>
		<read echo="ascii"><delim> </delim><match><data>\x3E </data></match></read>
		<write echo="ascii"><data>J6y3P18Wd2 = cQ4d67 ^ 91Idy\n</data></write>
		<read echo="ascii"><delim> </delim><match><data>\x3E </data></match></read>
		<write echo="ascii"><data>tkrlb = |"w","JIl9biI","nEd","bmt03WT"|-|"Xu091e","Wo2","1q"|\n</data></write>
		<read echo="ascii"><delim> </delim><match><data>\x3E </data></match></read>
		<write echo="ascii"><data>.p\n</data></write>
<read echo="ascii"><delim>\n</delim><match><data>xewIHa = |"f7qKlj","wqeylY","bu","9e","tyCV","lg2po","kPVcr","8FFEi","9SudbH"|\n</data></match></read>
<read echo="ascii"><delim>\n</delim><match><data>ebLNbA = |"8FFEi"|\n</data></match></read>
<read echo="ascii"><delim>\n</delim><match><data>eDH5xuj = |"Da2YT","Dm9EY0","zb","F6US","vipY8on","Rno","z6U"|\n</data></match></read>
<read echo="ascii"><delim>\n</delim><match><data>yCa0rg3 = |"z6U"|\n</data></match></read>
<read echo="ascii"><delim>\n</delim><match><data>MqkatZH = |"Da2YT","Dm9EY0","zb","F6US","vipY8on","Rno"|\n</data></match></read>
<read echo="ascii"><delim>\n</delim><match><data>cGdh0Fp = |"03","wd"|\n</data></match></read>
<read echo="ascii"><delim>\n</delim><match><data>BagC8 = |"03","wd","z6U"|\n</data></match></read>
<read echo="ascii"><delim>\n</delim><match><data>3EJwhSX6 = |"z6U"|\n</data></match></read>
<read echo="ascii"><delim>\n</delim><match><data>cQ4d67 = |"Da2YT","Dm9EY0","zb","F6US","vipY8on","Rno","z6U","8FFEi"|\n</data></match></read>
<read echo="ascii"><delim>\n</delim><match><data>UtmOcJq = |"82hGFy","y","G","i"|\n</data></match></read>
<read echo="ascii"><delim>\n</delim><match><data>JySeUQ = |"n5yU","SNSE","S","y","Fue3"|\n</data></match></read>
<read echo="ascii"><delim>\n</delim><match><data>BD1iTat = |"w","veG","8jhM","J","A8CsE","9P","Y","Quld8nR"|\n</data></match></read>
<read echo="ascii"><delim>\n</delim><match><data>91Idy = |"i7v","ku"|\n</data></match></read>
<read echo="ascii"><delim>\n</delim><match><data>YV70p2Z = |"yV"|\n</data></match></read>
<read echo="ascii"><delim>\n</delim><match><data>J6y3P18Wd2 = ||\n</data></match></read>
<read echo="ascii"><delim>\n</delim><match><data>tkrlb = |"w","JIl9biI","nEd","bmt03WT"|\n</data></match></read>
		<read echo="ascii"><delim> </delim><match><data>\x3E </data></match></read>
		<write echo="ascii"><data>.l\n</data></write>
	</replay>
</pov>
