<?xml version="1.0" standalone="no" ?>
<!DOCTYPE pov SYSTEM "/usr/share/cgc-docs/replay.dtd"><pov>
	<cbid>CROMU_00011</cbid>
	<replay>
		<read echo="ascii"><delim> </delim><match><data>\x3E </data></match></read>
		<write echo="ascii"><data>zq4eyLL = |"rk9","yfQEk","D5","zXHDTG","WE","MiEPvo","gdr","24r","uvq7J9"|\n</data></write>
		<read echo="ascii"><delim> </delim><match><data>\x3E </data></match></read>
		<write echo="ascii"><data>efVWfP = |"zXHDTG","D5","uvq7J9","MiEPvo","GziPKTXkDH"|\n</data></write>
		<read echo="ascii"><delim> </delim><match><data>\x3E </data></match></read>
		<write echo="ascii"><data>efVWfP@zq4eyLL\n</data></write>
		<read echo="ascii"><delim>\n</delim><match><data>FALSE\n</data></match></read>
		<read echo="ascii"><delim> </delim><match><data>\x3E </data></match></read>
		<write echo="ascii"><data>AcaMy1 = zq4eyLL ^ zq4eyLL\n</data></write>
		<read echo="ascii"><delim> </delim><match><data>\x3E </data></match></read>
		<write echo="ascii"><data>AD4Ib = |"Wih","7c80r","2wJEU","ueqh9","3MF1","kMSxB","8ruFcR"|\n</data></write>
		<read echo="ascii"><delim> </delim><match><data>\x3E </data></match></read>
		<write echo="ascii"><data>GCX0l = |"kMSxB","3MF1","Wih","cJBa3nAWoU"|\n</data></write>
		<read echo="ascii"><delim> </delim><match><data>\x3E </data></match></read>
		<write echo="ascii"><data>GCX0l@AD4Ib\n</data></write>
		<read echo="ascii"><delim>\n</delim><match><data>FALSE\n</data></match></read>
		<read echo="ascii"><delim> </delim><match><data>\x3E </data></match></read>
		<write echo="ascii"><data>2i2urM = |"lssc4","gbm7","DA","EYnl","rCXgHU"|~|"Hn4","a7"|\n</data></write>
		<read echo="ascii"><delim> </delim><match><data>\x3E </data></match></read>
		<write echo="ascii"><data>mRPozO = |"9IG","g8t","2bcjY","1CTW","GFOiSH","uG72","wLYqvIp","4Ofiq7N"|\n</data></write>
		<read echo="ascii"><delim> </delim><match><data>\x3E </data></match></read>
		<write echo="ascii"><data>sZzgEZ = |"g8t","9IG","4Ofiq7N","GFOiSH","uG72"|\n</data></write>
		<read echo="ascii"><delim> </delim><match><data>\x3E </data></match></read>
		<write echo="ascii"><data>sZzgEZ@mRPozO\n</data></write>
		<read echo="ascii"><delim>\n</delim><match><data>TRUE\n</data></match></read>
		<read echo="ascii"><delim> </delim><match><data>\x3E </data></match></read>
		<write echo="ascii"><data>aQFyT = |"Yw"|~|"GzNr0iP","e","kop1u","HJmYxha","vPzYrE"|\n</data></write>
		<read echo="ascii"><delim> </delim><match><data>\x3E </data></match></read>
		<write echo="ascii"><data>TOIvw = efVWfP + 2i2urM\n</data></write>
		<read echo="ascii"><delim> </delim><match><data>\x3E </data></match></read>
		<write echo="ascii"><data>auqTSo = efVWfP + AcaMy1\n</data></write>
		<read echo="ascii"><delim> </delim><match><data>\x3E </data></match></read>
		<write echo="ascii"><data>snFoqMy = AcaMy1 - TOIvw\n</data></write>
		<read echo="ascii"><delim> </delim><match><data>\x3E </data></match></read>
		<write echo="ascii"><data>koL2VeT = GCX0l - snFoqMy\n</data></write>
		<read echo="ascii"><delim> </delim><match><data>\x3E </data></match></read>
		<write echo="ascii"><data>5SWhSbN = |"G7GOae","yN","f6k","kA","p6vS7b"|-|"7z","GZ","WqqfK","3C4wF0s"|\n</data></write>
		<read echo="ascii"><delim> </delim><match><data>\x3E </data></match></read>
		<write echo="ascii"><data>9rgVjBO = |"Kv","Sa9u2","8","0V5xhs6","xvW"|~|"JDaH","0V5xhs6","EHRvjC","Kv"|\n</data></write>
		<read echo="ascii"><delim> </delim><match><data>\x3E </data></match></read>
		<write echo="ascii"><data>F4zKd3 = |"CI6F67K","IoxTdP","gJteA","lk","msG","yT"|+|"ZRU80","c","c41","yT"|\n</data></write>
		<read echo="ascii"><delim> </delim><match><data>\x3E </data></match></read>
		<write echo="ascii"><data>wFujGal = |"yYAR0tV","rOJ"|^|"3vo","kirB","VLynlP","vzJh","fkdJD","YR6Q3f"|\n</data></write>
		<read echo="ascii"><delim> </delim><match><data>\x3E </data></match></read>
		<write echo="ascii"><data>.p\n</data></write>
<read echo="ascii"><delim>\n</delim><match><data>zq4eyLL = |"rk9","yfQEk","D5","zXHDTG","WE","MiEPvo","gdr","24r","uvq7J9"|\n</data></match></read>
<read echo="ascii"><delim>\n</delim><match><data>efVWfP = |"zXHDTG","D5","uvq7J9","MiEPvo","GziPKTXkDH"|\n</data></match></read>
<read echo="ascii"><delim>\n</delim><match><data>AcaMy1 = |"rk9","yfQEk","D5","zXHDTG","WE","MiEPvo","gdr","24r","uvq7J9"|\n</data></match></read>
<read echo="ascii"><delim>\n</delim><match><data>AD4Ib = |"Wih","7c80r","2wJEU","ueqh9","3MF1","kMSxB","8ruFcR"|\n</data></match></read>
<read echo="ascii"><delim>\n</delim><match><data>GCX0l = |"kMSxB","3MF1","Wih","cJBa3nAWoU"|\n</data></match></read>
<read echo="ascii"><delim>\n</delim><match><data>2i2urM = |"lssc4","gbm7","DA","EYnl","rCXgHU","Hn4","a7"|\n</data></match></read>
<read echo="ascii"><delim>\n</delim><match><data>mRPozO = |"9IG","g8t","2bcjY","1CTW","GFOiSH","uG72","wLYqvIp","4Ofiq7N"|\n</data></match></read>
<read echo="ascii"><delim>\n</delim><match><data>sZzgEZ = |"g8t","9IG","4Ofiq7N","GFOiSH","uG72"|\n</data></match></read>
<read echo="ascii"><delim>\n</delim><match><data>aQFyT = |"Yw","GzNr0iP","e","kop1u","HJmYxha","vPzYrE"|\n</data></match></read>
<read echo="ascii"><delim>\n</delim><match><data>TOIvw = |"zXHDTG","D5","uvq7J9","MiEPvo","GziPKTXkDH","lssc4","gbm7","DA","EYnl","rCXgHU","Hn4","a7"|\n</data></match></read>
<read echo="ascii"><delim>\n</delim><match><data>auqTSo = |"zXHDTG","D5","uvq7J9","MiEPvo","GziPKTXkDH","rk9","yfQEk","WE","gdr","24r"|\n</data></match></read>
<read echo="ascii"><delim>\n</delim><match><data>snFoqMy = |"rk9","yfQEk","WE","gdr","24r"|\n</data></match></read>
<read echo="ascii"><delim>\n</delim><match><data>koL2VeT = |"kMSxB","3MF1","Wih","cJBa3nAWoU"|\n</data></match></read>
<read echo="ascii"><delim>\n</delim><match><data>5SWhSbN = |"G7GOae","yN","f6k","kA","p6vS7b"|\n</data></match></read>
<read echo="ascii"><delim>\n</delim><match><data>9rgVjBO = |"Sa9u2","8","xvW","JDaH","EHRvjC"|\n</data></match></read>
<read echo="ascii"><delim>\n</delim><match><data>F4zKd3 = |"CI6F67K","IoxTdP","gJteA","lk","msG","yT","ZRU80","c","c41"|\n</data></match></read>
<read echo="ascii"><delim>\n</delim><match><data>wFujGal = ||\n</data></match></read>
		<read echo="ascii"><delim> </delim><match><data>\x3E </data></match></read>
		<write echo="ascii"><data>.l\n</data></write>
	</replay>
</pov>
