<?xml version="1.0" standalone="no" ?>
<!DOCTYPE pov SYSTEM "/usr/share/cgc-docs/replay.dtd"><pov>
	<cbid>CROMU_00011</cbid>
	<replay>
		<read echo="ascii"><delim> </delim><match><data>\x3E </data></match></read>
		<write echo="ascii"><data>2SaS4 = |"0lnl","lnTJnS5","lGlpWK","swGcRrg","Csh6E"|^|"mh","tcXA"|\n</data></write>
		<read echo="ascii"><delim> </delim><match><data>\x3E </data></match></read>
		<write echo="ascii"><data>DdTxHwU = |"HFDAo","L5dy","RqHoBl","b0","YV"|-|"2tk0Hus","YV","O6pE","06icd","Q1","8jKo","4vacf"|\n</data></write>
		<read echo="ascii"><delim> </delim><match><data>\x3E </data></match></read>
		<write echo="ascii"><data>d7vlND = DdTxHwU ~ 2SaS4\n</data></write>
		<read echo="ascii"><delim> </delim><match><data>\x3E </data></match></read>
		<write echo="ascii"><data>rTch5 = |"ZMkQW","0m1rI","kC8l","9YTkW0","uEK","FfnsGa","b7","4Di"|\n</data></write>
		<read echo="ascii"><delim> </delim><match><data>\x3E </data></match></read>
		<write echo="ascii"><data>oP4Axb = |"uEK","ZMkQW","0m1rI","4Di","FfnsGa","kC8l","b7"|\n</data></write>
		<read echo="ascii"><delim> </delim><match><data>\x3E </data></match></read>
		<write echo="ascii"><data>oP4Axb@rTch5\n</data></write>
		<read echo="ascii"><delim>\n</delim><match><data>TRUE\n</data></match></read>
		<read echo="ascii"><delim> </delim><match><data>\x3E </data></match></read>
		<write echo="ascii"><data>od03GUd = |"pob","NXeBO","Uur87B"|-|"R9gWE","8","kcz1zBI","ttBk54"|\n</data></write>
		<read echo="ascii"><delim> </delim><match><data>\x3E </data></match></read>
		<write echo="ascii"><data>mdDy5 = |"eV","ZZqjQ","lGtYa","O","QJdo"|~|"VnmcN1","lGtYa"|\n</data></write>
		<read echo="ascii"><delim> </delim><match><data>\x3E </data></match></read>
		<write echo="ascii"><data>.p\n</data></write>
<read echo="ascii"><delim>\n</delim><match><data>2SaS4 = ||\n</data></match></read>
<read echo="ascii"><delim>\n</delim><match><data>DdTxHwU = |"HFDAo","L5dy","RqHoBl","b0"|\n</data></match></read>
<read echo="ascii"><delim>\n</delim><match><data>d7vlND = |"HFDAo","L5dy","RqHoBl","b0"|\n</data></match></read>
<read echo="ascii"><delim>\n</delim><match><data>rTch5 = |"ZMkQW","0m1rI","kC8l","9YTkW0","uEK","FfnsGa","b7","4Di"|\n</data></match></read>
<read echo="ascii"><delim>\n</delim><match><data>oP4Axb = |"uEK","ZMkQW","0m1rI","4Di","FfnsGa","kC8l","b7"|\n</data></match></read>
<read echo="ascii"><delim>\n</delim><match><data>od03GUd = |"pob","NXeBO","Uur87B"|\n</data></match></read>
<read echo="ascii"><delim>\n</delim><match><data>mdDy5 = |"eV","ZZqjQ","O","QJdo","VnmcN1"|\n</data></match></read>
		<read echo="ascii"><delim> </delim><match><data>\x3E </data></match></read>
		<write echo="ascii"><data>.l\n</data></write>
	</replay>
</pov>
