<?xml version="1.0" standalone="no" ?>
<!DOCTYPE pov SYSTEM "/usr/share/cgc-docs/replay.dtd"><pov>
	<cbid>CROMU_00011</cbid>
	<replay>
		<read echo="ascii"><delim> </delim><match><data>\x3E </data></match></read>
		<write echo="ascii"><data>J7j8Xi = |"sGXD","Yr7Hkf0","Y9zs1dP","kjlOjw"|+|"cQ7488","N1","fa","Yr7Hkf0"|\n</data></write>
		<read echo="ascii"><delim> </delim><match><data>\x3E </data></match></read>
		<write echo="ascii"><data>PaJK5 = J7j8Xi - J7j8Xi\n</data></write>
		<read echo="ascii"><delim> </delim><match><data>\x3E </data></match></read>
		<write echo="ascii"><data>gnVGqb = |"pOdQTG","xy","rVr","xq3Yy","F","j82j","eJHRiF"|~|"Tur","VvWu","xq3Yy","yiyVO"|\n</data></write>
		<read echo="ascii"><delim> </delim><match><data>\x3E </data></match></read>
		<write echo="ascii"><data>agJzhk4 = |"rBOTO","WqiJ","SF","tusqdP","O2UJK","RVR","HAS4fpH"|-|"L7tsQ4r","iRNzNK","SF","DN","M0NyA","kPrKP"|\n</data></write>
		<read echo="ascii"><delim> </delim><match><data>\x3E </data></match></read>
		<write echo="ascii"><data>svunWYW = |"3X","YhskM"|^|"I1dj","jG","Jd6"|\n</data></write>
		<read echo="ascii"><delim> </delim><match><data>\x3E </data></match></read>
		<write echo="ascii"><data>aLwxnDp = agJzhk4 ~ J7j8Xi\n</data></write>
		<read echo="ascii"><delim> </delim><match><data>\x3E </data></match></read>
		<write echo="ascii"><data>Mct6P = |"wnsDnic","8PT","A1t79I","yiol","qH","Cn","fHvA7","7j","y7RkC","GHBoO6U"|\n</data></write>
		<read echo="ascii"><delim> </delim><match><data>\x3E </data></match></read>
		<write echo="ascii"><data>2p8dG2C = |"fHvA7","Cn","8PT","GHBoO6U","y7RkC","yiol","qH","7j","i3H8PvTQE7"|\n</data></write>
		<read echo="ascii"><delim> </delim><match><data>\x3E </data></match></read>
		<write echo="ascii"><data>2p8dG2C@Mct6P\n</data></write>
		<read echo="ascii"><delim>\n</delim><match><data>FALSE\n</data></match></read>
		<read echo="ascii"><delim> </delim><match><data>\x3E </data></match></read>
		<write echo="ascii"><data>OuQUwqC = |"S79UJw2"|~|"8u7Zgvc"|\n</data></write>
		<read echo="ascii"><delim> </delim><match><data>\x3E </data></match></read>
		<write echo="ascii"><data>cDp9zd = |"4XL","gLc3qI","JJ","mjl","6","5X","7Pj6"|-|"vgyjR","kvQyu","D","yYTlpnI"|\n</data></write>
		<read echo="ascii"><delim> </delim><match><data>\x3E </data></match></read>
		<write echo="ascii"><data>cInol23 = |"hARCq","5yc6","Dn","C"|~|"hARCq","jLBKeK","FIl","9J"|\n</data></write>
		<read echo="ascii"><delim> </delim><match><data>\x3E </data></match></read>
		<write echo="ascii"><data>ayiZZb = OuQUwqC - PaJK5\n</data></write>
		<read echo="ascii"><delim> </delim><match><data>\x3E </data></match></read>
		<write echo="ascii"><data>CSCWym7 = gnVGqb ~ agJzhk4\n</data></write>
		<read echo="ascii"><delim> </delim><match><data>\x3E </data></match></read>
		<write echo="ascii"><data>zJDUG = |"7b","ULGx","H","dNDcL","M6H"|+|"3k9Gq","bPlrF","Sh","dNDcL"|\n</data></write>
		<read echo="ascii"><delim> </delim><match><data>\x3E </data></match></read>
		<write echo="ascii"><data>ozUmLo7f = aLwxnDp ^ CSCWym7\n</data></write>
		<read echo="ascii"><delim> </delim><match><data>\x3E </data></match></read>
		<write echo="ascii"><data>.p\n</data></write>
<read echo="ascii"><delim>\n</delim><match><data>J7j8Xi = |"sGXD","Yr7Hkf0","Y9zs1dP","kjlOjw","cQ7488","N1","fa"|\n</data></match></read>
<read echo="ascii"><delim>\n</delim><match><data>PaJK5 = ||\n</data></match></read>
<read echo="ascii"><delim>\n</delim><match><data>gnVGqb = |"pOdQTG","xy","rVr","F","j82j","eJHRiF","Tur","VvWu","yiyVO"|\n</data></match></read>
<read echo="ascii"><delim>\n</delim><match><data>agJzhk4 = |"rBOTO","WqiJ","tusqdP","O2UJK","RVR","HAS4fpH"|\n</data></match></read>
<read echo="ascii"><delim>\n</delim><match><data>svunWYW = ||\n</data></match></read>
<read echo="ascii"><delim>\n</delim><match><data>aLwxnDp = |"rBOTO","WqiJ","tusqdP","O2UJK","RVR","HAS4fpH","sGXD","Yr7Hkf0","Y9zs1dP","kjlOjw","cQ7488","N1","fa"|\n</data></match></read>
<read echo="ascii"><delim>\n</delim><match><data>Mct6P = |"wnsDnic","8PT","A1t79I","yiol","qH","Cn","fHvA7","7j","y7RkC","GHBoO6U"|\n</data></match></read>
<read echo="ascii"><delim>\n</delim><match><data>2p8dG2C = |"fHvA7","Cn","8PT","GHBoO6U","y7RkC","yiol","qH","7j","i3H8PvTQE7"|\n</data></match></read>
<read echo="ascii"><delim>\n</delim><match><data>OuQUwqC = |"S79UJw2","8u7Zgvc"|\n</data></match></read>
<read echo="ascii"><delim>\n</delim><match><data>cDp9zd = |"4XL","gLc3qI","JJ","mjl","6","5X","7Pj6"|\n</data></match></read>
<read echo="ascii"><delim>\n</delim><match><data>cInol23 = |"5yc6","Dn","C","jLBKeK","FIl","9J"|\n</data></match></read>
<read echo="ascii"><delim>\n</delim><match><data>ayiZZb = |"S79UJw2","8u7Zgvc"|\n</data></match></read>
<read echo="ascii"><delim>\n</delim><match><data>CSCWym7 = |"pOdQTG","xy","rVr","F","j82j","eJHRiF","Tur","VvWu","yiyVO","rBOTO","WqiJ","tusqdP","O2UJK","RVR","HAS4fpH"|\n</data></match></read>
<read echo="ascii"><delim>\n</delim><match><data>zJDUG = |"7b","ULGx","H","dNDcL","M6H","3k9Gq","bPlrF","Sh"|\n</data></match></read>
<read echo="ascii"><delim>\n</delim><match><data>ozUmLo7f = |"rBOTO","WqiJ","tusqdP","O2UJK","RVR","HAS4fpH"|\n</data></match></read>
		<read echo="ascii"><delim> </delim><match><data>\x3E </data></match></read>
		<write echo="ascii"><data>.l\n</data></write>
	</replay>
</pov>
