<?xml version="1.0" standalone="no" ?>
<!DOCTYPE pov SYSTEM "/usr/share/cgc-docs/replay.dtd"><pov>
	<cbid>CROMU_00011</cbid>
	<replay>
		<read echo="ascii"><delim> </delim><match><data>\x3E </data></match></read>
		<write echo="ascii"><data>UtNhD = |"eEdm0Z","Fw4Z7Er","BG","1pxz","qi","MEu5d","eIF"|\n</data></write>
		<read echo="ascii"><delim> </delim><match><data>\x3E </data></match></read>
		<write echo="ascii"><data>bb2vzR = |"Fw4Z7Er","eIF","BG","eEdm0Z","1pxz"|\n</data></write>
		<read echo="ascii"><delim> </delim><match><data>\x3E </data></match></read>
		<write echo="ascii"><data>bb2vzR@UtNhD\n</data></write>
		<read echo="ascii"><delim>\n</delim><match><data>TRUE\n</data></match></read>
		<read echo="ascii"><delim> </delim><match><data>\x3E </data></match></read>
		<write echo="ascii"><data>koUPBq = |"Y8B1y","gu7b4","WrA","OHwC0mv","Yb9v","5R","MCuylt","9Gkk","vW82z"|\n</data></write>
		<read echo="ascii"><delim> </delim><match><data>\x3E </data></match></read>
		<write echo="ascii"><data>NYB6v2s = |"gu7b4","OHwC0mv","Yb9v","9Gkk","HVQp97NeRp"|\n</data></write>
		<read echo="ascii"><delim> </delim><match><data>\x3E </data></match></read>
		<write echo="ascii"><data>NYB6v2s@koUPBq\n</data></write>
		<read echo="ascii"><delim>\n</delim><match><data>FALSE\n</data></match></read>
		<read echo="ascii"><delim> </delim><match><data>\x3E </data></match></read>
		<write echo="ascii"><data>P6qkIBq = koUPBq - koUPBq\n</data></write>
		<read echo="ascii"><delim> </delim><match><data>\x3E </data></match></read>
		<write echo="ascii"><data>IyXCQon = |"ZlSakj","Cy","R8","T8te1","MPT","e3Q","gJ","5O"|\n</data></write>
		<read echo="ascii"><delim> </delim><match><data>\x3E </data></match></read>
		<write echo="ascii"><data>ymzGY = |"Cy","1Q6mjnZBAt"|\n</data></write>
		<read echo="ascii"><delim> </delim><match><data>\x3E </data></match></read>
		<write echo="ascii"><data>ymzGY@IyXCQon\n</data></write>
		<read echo="ascii"><delim>\n</delim><match><data>FALSE\n</data></match></read>
		<read echo="ascii"><delim> </delim><match><data>\x3E </data></match></read>
		<write echo="ascii"><data>mcrHp = ymzGY ~ IyXCQon\n</data></write>
		<read echo="ascii"><delim> </delim><match><data>\x3E </data></match></read>
		<write echo="ascii"><data>wdFRJ = |"s7Lr","z25QmYj","3UP"|-|"k","76Fcr","n"|\n</data></write>
		<read echo="ascii"><delim> </delim><match><data>\x3E </data></match></read>
		<write echo="ascii"><data>.p\n</data></write>
<read echo="ascii"><delim>\n</delim><match><data>UtNhD = |"eEdm0Z","Fw4Z7Er","BG","1pxz","qi","MEu5d","eIF"|\n</data></match></read>
<read echo="ascii"><delim>\n</delim><match><data>bb2vzR = |"Fw4Z7Er","eIF","BG","eEdm0Z","1pxz"|\n</data></match></read>
<read echo="ascii"><delim>\n</delim><match><data>koUPBq = |"Y8B1y","gu7b4","WrA","OHwC0mv","Yb9v","5R","MCuylt","9Gkk","vW82z"|\n</data></match></read>
<read echo="ascii"><delim>\n</delim><match><data>NYB6v2s = |"gu7b4","OHwC0mv","Yb9v","9Gkk","HVQp97NeRp"|\n</data></match></read>
<read echo="ascii"><delim>\n</delim><match><data>P6qkIBq = ||\n</data></match></read>
<read echo="ascii"><delim>\n</delim><match><data>IyXCQon = |"ZlSakj","Cy","R8","T8te1","MPT","e3Q","gJ","5O"|\n</data></match></read>
<read echo="ascii"><delim>\n</delim><match><data>ymzGY = |"Cy","1Q6mjnZBAt"|\n</data></match></read>
<read echo="ascii"><delim>\n</delim><match><data>mcrHp = |"1Q6mjnZBAt","ZlSakj","R8","T8te1","MPT","e3Q","gJ","5O"|\n</data></match></read>
<read echo="ascii"><delim>\n</delim><match><data>wdFRJ = |"s7Lr","z25QmYj","3UP"|\n</data></match></read>
		<read echo="ascii"><delim> </delim><match><data>\x3E </data></match></read>
		<write echo="ascii"><data>.l\n</data></write>
	</replay>
</pov>
