<?xml version="1.0" standalone="no" ?>
<!DOCTYPE pov SYSTEM "/usr/share/cgc-docs/replay.dtd"><pov>
	<cbid>CROMU_00011</cbid>
	<replay>
		<read echo="ascii"><delim> </delim><match><data>\x3E </data></match></read>
		<write echo="ascii"><data>cvpiL71 = |"1C","Hhovg","Ia","aq","Oz","ZxQytC","ZKsJ5","z9B6Dyg"|\n</data></write>
		<read echo="ascii"><delim> </delim><match><data>\x3E </data></match></read>
		<write echo="ascii"><data>YNstP = |"1C","Hhovg","z9B6Dyg","ZKsJ5","aq"|\n</data></write>
		<read echo="ascii"><delim> </delim><match><data>\x3E </data></match></read>
		<write echo="ascii"><data>YNstP@cvpiL71\n</data></write>
		<read echo="ascii"><delim>\n</delim><match><data>TRUE\n</data></match></read>
		<read echo="ascii"><delim> </delim><match><data>\x3E </data></match></read>
		<write echo="ascii"><data>lyJVug = YNstP ~ cvpiL71\n</data></write>
		<read echo="ascii"><delim> </delim><match><data>\x3E </data></match></read>
		<write echo="ascii"><data>FjyxE = YNstP - cvpiL71\n</data></write>
		<read echo="ascii"><delim> </delim><match><data>\x3E </data></match></read>
		<write echo="ascii"><data>c1lLbe = cvpiL71 + lyJVug\n</data></write>
		<read echo="ascii"><delim> </delim><match><data>\x3E </data></match></read>
		<write echo="ascii"><data>3uyG4 = lyJVug ^ lyJVug\n</data></write>
		<read echo="ascii"><delim> </delim><match><data>\x3E </data></match></read>
		<write echo="ascii"><data>oOuUbL1Tra = cvpiL71 ^ 3uyG4\n</data></write>
		<read echo="ascii"><delim> </delim><match><data>\x3E </data></match></read>
		<write echo="ascii"><data>BE8ZSe = |"x4","n8IHwL","xEyB","kJfOYQ","ci","ffjVpqj","Mcqt"|\n</data></write>
		<read echo="ascii"><delim> </delim><match><data>\x3E </data></match></read>
		<write echo="ascii"><data>UjEIl = |"n8IHwL"|\n</data></write>
		<read echo="ascii"><delim> </delim><match><data>\x3E </data></match></read>
		<write echo="ascii"><data>UjEIl@BE8ZSe\n</data></write>
		<read echo="ascii"><delim>\n</delim><match><data>TRUE\n</data></match></read>
		<read echo="ascii"><delim> </delim><match><data>\x3E </data></match></read>
		<write echo="ascii"><data>NESYA = |"R","v","3FGhLxv","kj","7Z1Sf"|~|"nNny1sJ","v"|\n</data></write>
		<read echo="ascii"><delim> </delim><match><data>\x3E </data></match></read>
		<write echo="ascii"><data>icJGiu1 = |"VoM","X3F","DPBjG","Vw5K3X","oZqikR"|-|"oZqikR","l","VoM"|\n</data></write>
		<read echo="ascii"><delim> </delim><match><data>\x3E </data></match></read>
		<write echo="ascii"><data>I8Cychj = cvpiL71 - c1lLbe\n</data></write>
		<read echo="ascii"><delim> </delim><match><data>\x3E </data></match></read>
		<write echo="ascii"><data>w79TU46 = |"DUtL1","R","iz17","fT","kDwT","1"|+|"fT"|\n</data></write>
		<read echo="ascii"><delim> </delim><match><data>\x3E </data></match></read>
		<write echo="ascii"><data>qcGaLGRit = FjyxE ^ oOuUbL1Tra\n</data></write>
		<read echo="ascii"><delim> </delim><match><data>\x3E </data></match></read>
		<write echo="ascii"><data>mSDxbT = |"kl","J"|+|"9GBJ4ge","KTHJvW"|\n</data></write>
		<read echo="ascii"><delim> </delim><match><data>\x3E </data></match></read>
		<write echo="ascii"><data>E4cmeOx = |"c","PjZ","rW","I","hHMkFdv"|-|"o8Sl","jcSngV","V59"|\n</data></write>
		<read echo="ascii"><delim> </delim><match><data>\x3E </data></match></read>
		<write echo="ascii"><data>.p\n</data></write>
<read echo="ascii"><delim>\n</delim><match><data>cvpiL71 = |"1C","Hhovg","Ia","aq","Oz","ZxQytC","ZKsJ5","z9B6Dyg"|\n</data></match></read>
<read echo="ascii"><delim>\n</delim><match><data>YNstP = |"1C","Hhovg","z9B6Dyg","ZKsJ5","aq"|\n</data></match></read>
<read echo="ascii"><delim>\n</delim><match><data>lyJVug = |"Ia","Oz","ZxQytC"|\n</data></match></read>
<read echo="ascii"><delim>\n</delim><match><data>FjyxE = ||\n</data></match></read>
<read echo="ascii"><delim>\n</delim><match><data>c1lLbe = |"1C","Hhovg","Ia","aq","Oz","ZxQytC","ZKsJ5","z9B6Dyg"|\n</data></match></read>
<read echo="ascii"><delim>\n</delim><match><data>3uyG4 = |"Ia","Oz","ZxQytC"|\n</data></match></read>
<read echo="ascii"><delim>\n</delim><match><data>oOuUbL1Tra = |"Ia","Oz","ZxQytC"|\n</data></match></read>
<read echo="ascii"><delim>\n</delim><match><data>BE8ZSe = |"x4","n8IHwL","xEyB","kJfOYQ","ci","ffjVpqj","Mcqt"|\n</data></match></read>
<read echo="ascii"><delim>\n</delim><match><data>UjEIl = |"n8IHwL"|\n</data></match></read>
<read echo="ascii"><delim>\n</delim><match><data>NESYA = |"R","3FGhLxv","kj","7Z1Sf","nNny1sJ"|\n</data></match></read>
<read echo="ascii"><delim>\n</delim><match><data>icJGiu1 = |"X3F","DPBjG","Vw5K3X"|\n</data></match></read>
<read echo="ascii"><delim>\n</delim><match><data>I8Cychj = ||\n</data></match></read>
<read echo="ascii"><delim>\n</delim><match><data>w79TU46 = |"DUtL1","R","iz17","fT","kDwT","1"|\n</data></match></read>
<read echo="ascii"><delim>\n</delim><match><data>qcGaLGRit = ||\n</data></match></read>
<read echo="ascii"><delim>\n</delim><match><data>mSDxbT = |"kl","J","9GBJ4ge","KTHJvW"|\n</data></match></read>
<read echo="ascii"><delim>\n</delim><match><data>E4cmeOx = |"c","PjZ","rW","I","hHMkFdv"|\n</data></match></read>
		<read echo="ascii"><delim> </delim><match><data>\x3E </data></match></read>
		<write echo="ascii"><data>.l\n</data></write>
	</replay>
</pov>
