<?xml version="1.0" standalone="no" ?>
<!DOCTYPE pov SYSTEM "/usr/share/cgc-docs/replay.dtd"><pov>
	<cbid>CROMU_00011</cbid>
	<replay>
		<read echo="ascii"><delim> </delim><match><data>\x3E </data></match></read>
		<write echo="ascii"><data>o8Gjj = |"8","h7Bd","4","sHK","C6trB9","C3","OPV"|~|"gB0C","prPo6","k","Av","pzL1"|\n</data></write>
		<read echo="ascii"><delim> </delim><match><data>\x3E </data></match></read>
		<write echo="ascii"><data>HLMu1 = o8Gjj + o8Gjj\n</data></write>
		<read echo="ascii"><delim> </delim><match><data>\x3E </data></match></read>
		<write echo="ascii"><data>SPrZ5Na = HLMu1 ~ HLMu1\n</data></write>
		<read echo="ascii"><delim> </delim><match><data>\x3E </data></match></read>
		<write echo="ascii"><data>XDtpb = SPrZ5Na ~ SPrZ5Na\n</data></write>
		<read echo="ascii"><delim> </delim><match><data>\x3E </data></match></read>
		<write echo="ascii"><data>Ny4PvzF = |"7FTTEoK","C","JuQ","MnQUAl"|+|"jOZwh","cT6Sd","fCuBf"|\n</data></write>
		<read echo="ascii"><delim> </delim><match><data>\x3E </data></match></read>
		<write echo="ascii"><data>Ht4iNQ = |"YfsWZQ2","CFM","tld"|~|"R","U","Yo","uk5qiko","fPOj"|\n</data></write>
		<read echo="ascii"><delim> </delim><match><data>\x3E </data></match></read>
		<write echo="ascii"><data>7KRWpMG = XDtpb + o8Gjj\n</data></write>
		<read echo="ascii"><delim> </delim><match><data>\x3E </data></match></read>
		<write echo="ascii"><data>O2vYKmC = Ny4PvzF - Ht4iNQ\n</data></write>
		<read echo="ascii"><delim> </delim><match><data>\x3E </data></match></read>
		<write echo="ascii"><data>mENxKt = |"umW","2qOIc","Fs"|+|"MwJ","6","D","abdo"|\n</data></write>
		<read echo="ascii"><delim> </delim><match><data>\x3E </data></match></read>
		<write echo="ascii"><data>KL8dJ = |"Xv6L","8qlrqaW","TKaUq","BU","HFfuP"|~|"5M"|\n</data></write>
		<read echo="ascii"><delim> </delim><match><data>\x3E </data></match></read>
		<write echo="ascii"><data>2l68ZqH = |"op9B","vqllZ","6hG"|~|"ZX2d"|\n</data></write>
		<read echo="ascii"><delim> </delim><match><data>\x3E </data></match></read>
		<write echo="ascii"><data>v1wx4P = Ht4iNQ ~ SPrZ5Na\n</data></write>
		<read echo="ascii"><delim> </delim><match><data>\x3E </data></match></read>
		<write echo="ascii"><data>.p\n</data></write>
<read echo="ascii"><delim>\n</delim><match><data>o8Gjj = |"8","h7Bd","4","sHK","C6trB9","C3","OPV","gB0C","prPo6","k","Av","pzL1"|\n</data></match></read>
<read echo="ascii"><delim>\n</delim><match><data>HLMu1 = |"8","h7Bd","4","sHK","C6trB9","C3","OPV","gB0C","prPo6","k","Av","pzL1"|\n</data></match></read>
<read echo="ascii"><delim>\n</delim><match><data>SPrZ5Na = ||\n</data></match></read>
<read echo="ascii"><delim>\n</delim><match><data>XDtpb = ||\n</data></match></read>
<read echo="ascii"><delim>\n</delim><match><data>Ny4PvzF = |"7FTTEoK","C","JuQ","MnQUAl","jOZwh","cT6Sd","fCuBf"|\n</data></match></read>
<read echo="ascii"><delim>\n</delim><match><data>Ht4iNQ = |"YfsWZQ2","CFM","tld","R","U","Yo","uk5qiko","fPOj"|\n</data></match></read>
<read echo="ascii"><delim>\n</delim><match><data>7KRWpMG = |"8","h7Bd","4","sHK","C6trB9","C3","OPV","gB0C","prPo6","k","Av","pzL1"|\n</data></match></read>
<read echo="ascii"><delim>\n</delim><match><data>O2vYKmC = |"7FTTEoK","C","JuQ","MnQUAl","jOZwh","cT6Sd","fCuBf"|\n</data></match></read>
<read echo="ascii"><delim>\n</delim><match><data>mENxKt = |"umW","2qOIc","Fs","MwJ","6","D","abdo"|\n</data></match></read>
<read echo="ascii"><delim>\n</delim><match><data>KL8dJ = |"Xv6L","8qlrqaW","TKaUq","BU","HFfuP","5M"|\n</data></match></read>
<read echo="ascii"><delim>\n</delim><match><data>2l68ZqH = |"op9B","vqllZ","6hG","ZX2d"|\n</data></match></read>
<read echo="ascii"><delim>\n</delim><match><data>v1wx4P = |"YfsWZQ2","CFM","tld","R","U","Yo","uk5qiko","fPOj"|\n</data></match></read>
		<read echo="ascii"><delim> </delim><match><data>\x3E </data></match></read>
		<write echo="ascii"><data>.l\n</data></write>
	</replay>
</pov>
