<?xml version="1.0" standalone="no" ?>
<!DOCTYPE pov SYSTEM "/usr/share/cgc-docs/replay.dtd"><pov>
	<cbid>CROMU_00011</cbid>
	<replay>
		<read echo="ascii"><delim> </delim><match><data>\x3E </data></match></read>
		<write echo="ascii"><data>D3lFiY = |"E8sx","u"|~|"7Zzu1X5","PE","23","7gs","tG"|\n</data></write>
		<read echo="ascii"><delim> </delim><match><data>\x3E </data></match></read>
		<write echo="ascii"><data>fLcsBy = |"FwWJ7","W3MA","dxb0zlU","Qt8","aKl9dn","pr"|\n</data></write>
		<read echo="ascii"><delim> </delim><match><data>\x3E </data></match></read>
		<write echo="ascii"><data>AcyEwM = |"W3MA","Qt8","pr","dxb0zlU"|\n</data></write>
		<read echo="ascii"><delim> </delim><match><data>\x3E </data></match></read>
		<write echo="ascii"><data>AcyEwM@fLcsBy\n</data></write>
		<read echo="ascii"><delim>\n</delim><match><data>TRUE\n</data></match></read>
		<read echo="ascii"><delim> </delim><match><data>\x3E </data></match></read>
		<write echo="ascii"><data>0A000 = fLcsBy ~ fLcsBy\n</data></write>
		<read echo="ascii"><delim> </delim><match><data>\x3E </data></match></read>
		<write echo="ascii"><data>WWnzGLM = |"N","ECb"|+|"fexd","Xskok","er","tvhZRmJ"|\n</data></write>
		<read echo="ascii"><delim> </delim><match><data>\x3E </data></match></read>
		<write echo="ascii"><data>7gZ4lO = D3lFiY ^ fLcsBy\n</data></write>
		<read echo="ascii"><delim> </delim><match><data>\x3E </data></match></read>
		<write echo="ascii"><data>ThPGhpU = D3lFiY - WWnzGLM\n</data></write>
		<read echo="ascii"><delim> </delim><match><data>\x3E </data></match></read>
		<write echo="ascii"><data>FEFzL0 = 0A000 - 0A000\n</data></write>
		<read echo="ascii"><delim> </delim><match><data>\x3E </data></match></read>
		<write echo="ascii"><data>NQIAn = |"R","P"|+|"XE8GFu2"|\n</data></write>
		<read echo="ascii"><delim> </delim><match><data>\x3E </data></match></read>
		<write echo="ascii"><data>XzACt = 0A000 + ThPGhpU\n</data></write>
		<read echo="ascii"><delim> </delim><match><data>\x3E </data></match></read>
		<write echo="ascii"><data>wV9Bfv = FEFzL0 - 7gZ4lO\n</data></write>
		<read echo="ascii"><delim> </delim><match><data>\x3E </data></match></read>
		<write echo="ascii"><data>.p\n</data></write>
<read echo="ascii"><delim>\n</delim><match><data>D3lFiY = |"E8sx","u","7Zzu1X5","PE","23","7gs","tG"|\n</data></match></read>
<read echo="ascii"><delim>\n</delim><match><data>fLcsBy = |"FwWJ7","W3MA","dxb0zlU","Qt8","aKl9dn","pr"|\n</data></match></read>
<read echo="ascii"><delim>\n</delim><match><data>AcyEwM = |"W3MA","Qt8","pr","dxb0zlU"|\n</data></match></read>
<read echo="ascii"><delim>\n</delim><match><data>0A000 = ||\n</data></match></read>
<read echo="ascii"><delim>\n</delim><match><data>WWnzGLM = |"N","ECb","fexd","Xskok","er","tvhZRmJ"|\n</data></match></read>
<read echo="ascii"><delim>\n</delim><match><data>7gZ4lO = ||\n</data></match></read>
<read echo="ascii"><delim>\n</delim><match><data>ThPGhpU = |"E8sx","u","7Zzu1X5","PE","23","7gs","tG"|\n</data></match></read>
<read echo="ascii"><delim>\n</delim><match><data>FEFzL0 = ||\n</data></match></read>
<read echo="ascii"><delim>\n</delim><match><data>NQIAn = |"R","P","XE8GFu2"|\n</data></match></read>
<read echo="ascii"><delim>\n</delim><match><data>XzACt = |"E8sx","u","7Zzu1X5","PE","23","7gs","tG"|\n</data></match></read>
<read echo="ascii"><delim>\n</delim><match><data>wV9Bfv = ||\n</data></match></read>
		<read echo="ascii"><delim> </delim><match><data>\x3E </data></match></read>
		<write echo="ascii"><data>.l\n</data></write>
	</replay>
</pov>
