<?xml version="1.0" standalone="no" ?>
<!DOCTYPE pov SYSTEM "/usr/share/cgc-docs/replay.dtd"><pov>
	<cbid>CROMU_00011</cbid>
	<replay>
		<read echo="ascii"><delim> </delim><match><data>\x3E </data></match></read>
		<write echo="ascii"><data>Yt9mZGn = |"vaEs2qG","Xtxs9","csJj8","0P08T","cT","4CAZNye"|\n</data></write>
		<read echo="ascii"><delim> </delim><match><data>\x3E </data></match></read>
		<write echo="ascii"><data>7UFBG = |"4CAZNye","Xtxs9","TvB30oRD3V"|\n</data></write>
		<read echo="ascii"><delim> </delim><match><data>\x3E </data></match></read>
		<write echo="ascii"><data>7UFBG@Yt9mZGn\n</data></write>
		<read echo="ascii"><delim>\n</delim><match><data>FALSE\n</data></match></read>
		<read echo="ascii"><delim> </delim><match><data>\x3E </data></match></read>
		<write echo="ascii"><data>MQSyjD = |"XSrIDxJ","tu","dDZZ","Y7HF","7vcM5z","DxMbEi","v4uZzA"|-|"DLpxxD1","Jyb","v4uZzA","6cu","iw3qikj","SJ","4"|\n</data></write>
		<read echo="ascii"><delim> </delim><match><data>\x3E </data></match></read>
		<write echo="ascii"><data>ubGzNg = |"mg"|+|"5Hb","UnL3","IzwVi","ZUl"|\n</data></write>
		<read echo="ascii"><delim> </delim><match><data>\x3E </data></match></read>
		<write echo="ascii"><data>M1taNLq = |"7lWe0","bZ4","x0","m","hPVbjEm","ExVEuz"|+|"DFh3KMr","m"|\n</data></write>
		<read echo="ascii"><delim> </delim><match><data>\x3E </data></match></read>
		<write echo="ascii"><data>O76wu = MQSyjD ^ MQSyjD\n</data></write>
		<read echo="ascii"><delim> </delim><match><data>\x3E </data></match></read>
		<write echo="ascii"><data>ItRNV = |"pAc9g","cqba","AAkbm","RIud4x","0pINLn2","ewXHDV"|\n</data></write>
		<read echo="ascii"><delim> </delim><match><data>\x3E </data></match></read>
		<write echo="ascii"><data>eC0vWd0 = |"0pINLn2","AAkbm","RIud4x","LCt4rfEyjp"|\n</data></write>
		<read echo="ascii"><delim> </delim><match><data>\x3E </data></match></read>
		<write echo="ascii"><data>eC0vWd0@ItRNV\n</data></write>
		<read echo="ascii"><delim>\n</delim><match><data>FALSE\n</data></match></read>
		<read echo="ascii"><delim> </delim><match><data>\x3E </data></match></read>
		<write echo="ascii"><data>eD6AUBN = |"f","ygV","qXVVkN"|+|"r5h","ygV"|\n</data></write>
		<read echo="ascii"><delim> </delim><match><data>\x3E </data></match></read>
		<write echo="ascii"><data>XJDGnO7 = |"V","kHcqUnl","cq","bmmhg","n","tS7d","hO"|-|"ALkqdPj","8Osi","YYnFlD0","mvI1","MVncq","cq","mZst3sg"|\n</data></write>
		<read echo="ascii"><delim> </delim><match><data>\x3E </data></match></read>
		<write echo="ascii"><data>MhMI15JS = ItRNV ^ Yt9mZGn\n</data></write>
		<read echo="ascii"><delim> </delim><match><data>\x3E </data></match></read>
		<write echo="ascii"><data>qJmIf = ubGzNg ^ MQSyjD\n</data></write>
		<read echo="ascii"><delim> </delim><match><data>\x3E </data></match></read>
		<write echo="ascii"><data>y0UIELJFYl = O76wu ^ eC0vWd0\n</data></write>
		<read echo="ascii"><delim> </delim><match><data>\x3E </data></match></read>
		<write echo="ascii"><data>ueyVY8m = |"sAL6cc","2IZM5","z8AlzG","o93nuRG","cwZeNXA","at"|^|"2IZM5","wxb1","xAfl","LL0NU","RD"|\n</data></write>
		<read echo="ascii"><delim> </delim><match><data>\x3E </data></match></read>
		<write echo="ascii"><data>ZUMliBk = |"dm","rkWYS","DesI","uF"|^|"uF","mlsrqx","1ZtfnHn","Q3C0J","1Ty","kcHO","DesI"|\n</data></write>
		<read echo="ascii"><delim> </delim><match><data>\x3E </data></match></read>
		<write echo="ascii"><data>.p\n</data></write>
<read echo="ascii"><delim>\n</delim><match><data>Yt9mZGn = |"vaEs2qG","Xtxs9","csJj8","0P08T","cT","4CAZNye"|\n</data></match></read>
<read echo="ascii"><delim>\n</delim><match><data>7UFBG = |"4CAZNye","Xtxs9","TvB30oRD3V"|\n</data></match></read>
<read echo="ascii"><delim>\n</delim><match><data>MQSyjD = |"XSrIDxJ","tu","dDZZ","Y7HF","7vcM5z","DxMbEi"|\n</data></match></read>
<read echo="ascii"><delim>\n</delim><match><data>ubGzNg = |"mg","5Hb","UnL3","IzwVi","ZUl"|\n</data></match></read>
<read echo="ascii"><delim>\n</delim><match><data>M1taNLq = |"7lWe0","bZ4","x0","m","hPVbjEm","ExVEuz","DFh3KMr"|\n</data></match></read>
<read echo="ascii"><delim>\n</delim><match><data>O76wu = |"XSrIDxJ","tu","dDZZ","Y7HF","7vcM5z","DxMbEi"|\n</data></match></read>
<read echo="ascii"><delim>\n</delim><match><data>ItRNV = |"pAc9g","cqba","AAkbm","RIud4x","0pINLn2","ewXHDV"|\n</data></match></read>
<read echo="ascii"><delim>\n</delim><match><data>eC0vWd0 = |"0pINLn2","AAkbm","RIud4x","LCt4rfEyjp"|\n</data></match></read>
<read echo="ascii"><delim>\n</delim><match><data>eD6AUBN = |"f","ygV","qXVVkN","r5h"|\n</data></match></read>
<read echo="ascii"><delim>\n</delim><match><data>XJDGnO7 = |"V","kHcqUnl","bmmhg","n","tS7d","hO"|\n</data></match></read>
<read echo="ascii"><delim>\n</delim><match><data>MhMI15JS = ||\n</data></match></read>
<read echo="ascii"><delim>\n</delim><match><data>qJmIf = ||\n</data></match></read>
<read echo="ascii"><delim>\n</delim><match><data>y0UIELJFYl = ||\n</data></match></read>
<read echo="ascii"><delim>\n</delim><match><data>ueyVY8m = |"2IZM5"|\n</data></match></read>
<read echo="ascii"><delim>\n</delim><match><data>ZUMliBk = |"DesI","uF"|\n</data></match></read>
		<read echo="ascii"><delim> </delim><match><data>\x3E </data></match></read>
		<write echo="ascii"><data>.l\n</data></write>
	</replay>
</pov>
