<?xml version="1.0" standalone="no" ?>
<!DOCTYPE pov SYSTEM "/usr/share/cgc-docs/replay.dtd"><pov>
	<cbid>CROMU_00011</cbid>
	<replay>
		<read echo="ascii"><delim> </delim><match><data>\x3E </data></match></read>
		<write echo="ascii"><data>z88KP = |"Y99K","0dv","puo1","o44ag","su6d5","eEejg","vQeJAr","W9dTt","wQ","fCYv2GS"|\n</data></write>
		<read echo="ascii"><delim> </delim><match><data>\x3E </data></match></read>
		<write echo="ascii"><data>adG3d = |"su6d5","fCYv2GS","wQ","vQeJAr","OOT7KXc2K2"|\n</data></write>
		<read echo="ascii"><delim> </delim><match><data>\x3E </data></match></read>
		<write echo="ascii"><data>adG3d@z88KP\n</data></write>
		<read echo="ascii"><delim>\n</delim><match><data>FALSE\n</data></match></read>
		<read echo="ascii"><delim> </delim><match><data>\x3E </data></match></read>
		<write echo="ascii"><data>Yv0cd = |"7S","Q9KS","iH4qQEv","3nC","tl","z"|~|"y40","kb","p11","OH5RH","g9yW0Dd","aLSjzO","gTf5"|\n</data></write>
		<read echo="ascii"><delim> </delim><match><data>\x3E </data></match></read>
		<write echo="ascii"><data>wyEgf = |"TbA","5goDUF","X8wx","C","FW","5"|+|"Kw8whG","n9rGy","F31iR","2"|\n</data></write>
		<read echo="ascii"><delim> </delim><match><data>\x3E </data></match></read>
		<write echo="ascii"><data>b8MgFy5 = |"57xUC","V8Y2hVR","ayZNic","X","W7","ZDuOBNh"|~|"ZDuOBNh","57xUC","X","V8Y2hVR","W7","A"|\n</data></write>
		<read echo="ascii"><delim> </delim><match><data>\x3E </data></match></read>
		<write echo="ascii"><data>ZBUzWDm = |"SSy"|~|"bP9N2uL","SSy","hDC9U","o1"|\n</data></write>
		<read echo="ascii"><delim> </delim><match><data>\x3E </data></match></read>
		<write echo="ascii"><data>HpnrEbe = |"j62","TXZ9","mRdQPK","ans","NkOGg"|+|"E0"|\n</data></write>
		<read echo="ascii"><delim> </delim><match><data>\x3E </data></match></read>
		<write echo="ascii"><data>u5DSOb = |"C","1tbWYd","Evnf"|-|"C","qW1","NQTz"|\n</data></write>
		<read echo="ascii"><delim> </delim><match><data>\x3E </data></match></read>
		<write echo="ascii"><data>unFXeTJ = |"G","cTOJ","U3"|+|"8IGXrHW","G","ta"|\n</data></write>
		<read echo="ascii"><delim> </delim><match><data>\x3E </data></match></read>
		<write echo="ascii"><data>TibQa = |"Ajk","ynKtTM3"|^|"0esktfi","qciQOQJ","D4D1","nvrWueY","99M"|\n</data></write>
		<read echo="ascii"><delim> </delim><match><data>\x3E </data></match></read>
		<write echo="ascii"><data>IxVBcJ = |"RMv8","SAy","3","wv2Cp","D"|~|"0"|\n</data></write>
		<read echo="ascii"><delim> </delim><match><data>\x3E </data></match></read>
		<write echo="ascii"><data>PP8JqU = ZBUzWDm + ZBUzWDm\n</data></write>
		<read echo="ascii"><delim> </delim><match><data>\x3E </data></match></read>
		<write echo="ascii"><data>15dIi = u5DSOb ~ TibQa\n</data></write>
		<read echo="ascii"><delim> </delim><match><data>\x3E </data></match></read>
		<write echo="ascii"><data>.p\n</data></write>
<read echo="ascii"><delim>\n</delim><match><data>z88KP = |"Y99K","0dv","puo1","o44ag","su6d5","eEejg","vQeJAr","W9dTt","wQ","fCYv2GS"|\n</data></match></read>
<read echo="ascii"><delim>\n</delim><match><data>adG3d = |"su6d5","fCYv2GS","wQ","vQeJAr","OOT7KXc2K2"|\n</data></match></read>
<read echo="ascii"><delim>\n</delim><match><data>Yv0cd = |"7S","Q9KS","iH4qQEv","3nC","tl","z","y40","kb","p11","OH5RH","g9yW0Dd","aLSjzO","gTf5"|\n</data></match></read>
<read echo="ascii"><delim>\n</delim><match><data>wyEgf = |"TbA","5goDUF","X8wx","C","FW","5","Kw8whG","n9rGy","F31iR","2"|\n</data></match></read>
<read echo="ascii"><delim>\n</delim><match><data>b8MgFy5 = |"ayZNic","A"|\n</data></match></read>
<read echo="ascii"><delim>\n</delim><match><data>ZBUzWDm = |"bP9N2uL","hDC9U","o1"|\n</data></match></read>
<read echo="ascii"><delim>\n</delim><match><data>HpnrEbe = |"j62","TXZ9","mRdQPK","ans","NkOGg","E0"|\n</data></match></read>
<read echo="ascii"><delim>\n</delim><match><data>u5DSOb = |"1tbWYd","Evnf"|\n</data></match></read>
<read echo="ascii"><delim>\n</delim><match><data>unFXeTJ = |"G","cTOJ","U3","8IGXrHW","ta"|\n</data></match></read>
<read echo="ascii"><delim>\n</delim><match><data>TibQa = ||\n</data></match></read>
<read echo="ascii"><delim>\n</delim><match><data>IxVBcJ = |"RMv8","SAy","3","wv2Cp","D","0"|\n</data></match></read>
<read echo="ascii"><delim>\n</delim><match><data>PP8JqU = |"bP9N2uL","hDC9U","o1"|\n</data></match></read>
<read echo="ascii"><delim>\n</delim><match><data>15dIi = |"1tbWYd","Evnf"|\n</data></match></read>
		<read echo="ascii"><delim> </delim><match><data>\x3E </data></match></read>
		<write echo="ascii"><data>.l\n</data></write>
	</replay>
</pov>
