<?xml version="1.0" standalone="no" ?>
<!DOCTYPE pov SYSTEM "/usr/share/cgc-docs/replay.dtd"><pov>
	<cbid>CROMU_00011</cbid>
	<replay>
		<read echo="ascii"><delim> </delim><match><data>\x3E </data></match></read>
		<write echo="ascii"><data>W6vFb0 = |"sKq","C","5rPdi","GX7SRZ"|+|"nrAzRg","5rPdi"|\n</data></write>
		<read echo="ascii"><delim> </delim><match><data>\x3E </data></match></read>
		<write echo="ascii"><data>mn7H467 = |"IdKvZ","8i","GrcW","vy","YZr0","eo","WnW7zJ2","1fe","4UPQnN"|\n</data></write>
		<read echo="ascii"><delim> </delim><match><data>\x3E </data></match></read>
		<write echo="ascii"><data>tm9uCZ = |"vy","4UPQnN"|\n</data></write>
		<read echo="ascii"><delim> </delim><match><data>\x3E </data></match></read>
		<write echo="ascii"><data>tm9uCZ@mn7H467\n</data></write>
		<read echo="ascii"><delim>\n</delim><match><data>TRUE\n</data></match></read>
		<read echo="ascii"><delim> </delim><match><data>\x3E </data></match></read>
		<write echo="ascii"><data>fvU7dVG = |"SJ","BVfhLcO","cmh6ax","ppHQH","NQjzpPq","Jkr"|+|"J","WiMmNYV","ppHQH","7UMdw","Jkr"|\n</data></write>
		<read echo="ascii"><delim> </delim><match><data>\x3E </data></match></read>
		<write echo="ascii"><data>f253Qp = |"MnF","9ZT","U8VMp"|-|"rl","U8VMp","mujxYf"|\n</data></write>
		<read echo="ascii"><delim> </delim><match><data>\x3E </data></match></read>
		<write echo="ascii"><data>pGZXYh = |"2KEEwY","5Bpke","uK0","z","A1ns","WJ"|-|"6HH","BgJni","zy5kb","U","VvrFer","ln","uK0"|\n</data></write>
		<read echo="ascii"><delim> </delim><match><data>\x3E </data></match></read>
		<write echo="ascii"><data>cAl7G = |"ICS3aiQ","fY","2TkUx","Pn","mK2lPO2","AcVJ4","Hkzy2t7","cxRmvJN","0RuQUC"|\n</data></write>
		<read echo="ascii"><delim> </delim><match><data>\x3E </data></match></read>
		<write echo="ascii"><data>Egzjfo = |"AcVJ4","fY","mK2lPO2","xG5osHzEpH"|\n</data></write>
		<read echo="ascii"><delim> </delim><match><data>\x3E </data></match></read>
		<write echo="ascii"><data>Egzjfo@cAl7G\n</data></write>
		<read echo="ascii"><delim>\n</delim><match><data>FALSE\n</data></match></read>
		<read echo="ascii"><delim> </delim><match><data>\x3E </data></match></read>
		<write echo="ascii"><data>8lXvr08 = |"klyuyU","AYt","iJlv","oM9yNc4"|~|"mNu8oC6","GOrOlT","8a","AYt","ckaVaI","l2aRyAa"|\n</data></write>
		<read echo="ascii"><delim> </delim><match><data>\x3E </data></match></read>
		<write echo="ascii"><data>v4olwI8 = |"WWJkIeb","iayxRSc","cswQ","kahR3Z","4zs","pVFWL"|\n</data></write>
		<read echo="ascii"><delim> </delim><match><data>\x3E </data></match></read>
		<write echo="ascii"><data>PGfr2 = |"iayxRSc","cswQ","kahR3Z"|\n</data></write>
		<read echo="ascii"><delim> </delim><match><data>\x3E </data></match></read>
		<write echo="ascii"><data>PGfr2@v4olwI8\n</data></write>
		<read echo="ascii"><delim>\n</delim><match><data>TRUE\n</data></match></read>
		<read echo="ascii"><delim> </delim><match><data>\x3E </data></match></read>
		<write echo="ascii"><data>7WUrhj = |"YseEKG","b4w","cfaMbTL","tTdz","W7OrPY","K8EPlwX","JINdu7Z","s6SHC"|\n</data></write>
		<read echo="ascii"><delim> </delim><match><data>\x3E </data></match></read>
		<write echo="ascii"><data>xKt5dBf = |"JINdu7Z","s6SHC"|\n</data></write>
		<read echo="ascii"><delim> </delim><match><data>\x3E </data></match></read>
		<write echo="ascii"><data>xKt5dBf@7WUrhj\n</data></write>
		<read echo="ascii"><delim>\n</delim><match><data>TRUE\n</data></match></read>
		<read echo="ascii"><delim> </delim><match><data>\x3E </data></match></read>
		<write echo="ascii"><data>cPupwn0q2M = pGZXYh ^ 7WUrhj\n</data></write>
		<read echo="ascii"><delim> </delim><match><data>\x3E </data></match></read>
		<write echo="ascii"><data>1hf2ttA = tm9uCZ + fvU7dVG\n</data></write>
		<read echo="ascii"><delim> </delim><match><data>\x3E </data></match></read>
		<write echo="ascii"><data>PB3eZxla = PGfr2 ^ fvU7dVG\n</data></write>
		<read echo="ascii"><delim> </delim><match><data>\x3E </data></match></read>
		<write echo="ascii"><data>AGQhe = cPupwn0q2M - mn7H467\n</data></write>
		<read echo="ascii"><delim> </delim><match><data>\x3E </data></match></read>
		<write echo="ascii"><data>kVLiOB = |"vu","rPiH","WN","wOO","4rTeGT","iezyo","Hj","HO5","yjtZNhV","yzG"|\n</data></write>
		<read echo="ascii"><delim> </delim><match><data>\x3E </data></match></read>
		<write echo="ascii"><data>pp7EcXk = |"WN","wOO","iezyo","4rTeGT","HO5","vu","rPiH"|\n</data></write>
		<read echo="ascii"><delim> </delim><match><data>\x3E </data></match></read>
		<write echo="ascii"><data>pp7EcXk@kVLiOB\n</data></write>
		<read echo="ascii"><delim>\n</delim><match><data>TRUE\n</data></match></read>
		<read echo="ascii"><delim> </delim><match><data>\x3E </data></match></read>
		<write echo="ascii"><data>.p\n</data></write>
<read echo="ascii"><delim>\n</delim><match><data>W6vFb0 = |"sKq","C","5rPdi","GX7SRZ","nrAzRg"|\n</data></match></read>
<read echo="ascii"><delim>\n</delim><match><data>mn7H467 = |"IdKvZ","8i","GrcW","vy","YZr0","eo","WnW7zJ2","1fe","4UPQnN"|\n</data></match></read>
<read echo="ascii"><delim>\n</delim><match><data>tm9uCZ = |"vy","4UPQnN"|\n</data></match></read>
<read echo="ascii"><delim>\n</delim><match><data>fvU7dVG = |"SJ","BVfhLcO","cmh6ax","ppHQH","NQjzpPq","Jkr","J","WiMmNYV","7UMdw"|\n</data></match></read>
<read echo="ascii"><delim>\n</delim><match><data>f253Qp = |"MnF","9ZT"|\n</data></match></read>
<read echo="ascii"><delim>\n</delim><match><data>pGZXYh = |"2KEEwY","5Bpke","z","A1ns","WJ"|\n</data></match></read>
<read echo="ascii"><delim>\n</delim><match><data>cAl7G = |"ICS3aiQ","fY","2TkUx","Pn","mK2lPO2","AcVJ4","Hkzy2t7","cxRmvJN","0RuQUC"|\n</data></match></read>
<read echo="ascii"><delim>\n</delim><match><data>Egzjfo = |"AcVJ4","fY","mK2lPO2","xG5osHzEpH"|\n</data></match></read>
<read echo="ascii"><delim>\n</delim><match><data>8lXvr08 = |"klyuyU","iJlv","oM9yNc4","mNu8oC6","GOrOlT","8a","ckaVaI","l2aRyAa"|\n</data></match></read>
<read echo="ascii"><delim>\n</delim><match><data>v4olwI8 = |"WWJkIeb","iayxRSc","cswQ","kahR3Z","4zs","pVFWL"|\n</data></match></read>
<read echo="ascii"><delim>\n</delim><match><data>PGfr2 = |"iayxRSc","cswQ","kahR3Z"|\n</data></match></read>
<read echo="ascii"><delim>\n</delim><match><data>7WUrhj = |"YseEKG","b4w","cfaMbTL","tTdz","W7OrPY","K8EPlwX","JINdu7Z","s6SHC"|\n</data></match></read>
<read echo="ascii"><delim>\n</delim><match><data>xKt5dBf = |"JINdu7Z","s6SHC"|\n</data></match></read>
<read echo="ascii"><delim>\n</delim><match><data>cPupwn0q2M = ||\n</data></match></read>
<read echo="ascii"><delim>\n</delim><match><data>1hf2ttA = |"vy","4UPQnN","SJ","BVfhLcO","cmh6ax","ppHQH","NQjzpPq","Jkr","J","WiMmNYV","7UMdw"|\n</data></match></read>
<read echo="ascii"><delim>\n</delim><match><data>PB3eZxla = ||\n</data></match></read>
<read echo="ascii"><delim>\n</delim><match><data>AGQhe = ||\n</data></match></read>
<read echo="ascii"><delim>\n</delim><match><data>kVLiOB = |"vu","rPiH","WN","wOO","4rTeGT","iezyo","Hj","HO5","yjtZNhV","yzG"|\n</data></match></read>
<read echo="ascii"><delim>\n</delim><match><data>pp7EcXk = |"WN","wOO","iezyo","4rTeGT","HO5","vu","rPiH"|\n</data></match></read>
		<read echo="ascii"><delim> </delim><match><data>\x3E </data></match></read>
		<write echo="ascii"><data>.l\n</data></write>
	</replay>
</pov>
