<?xml version="1.0" standalone="no" ?>
<!DOCTYPE pov SYSTEM "/usr/share/cgc-docs/replay.dtd"><pov>
	<cbid>CROMU_00011</cbid>
	<replay>
		<read echo="ascii"><delim> </delim><match><data>\x3E </data></match></read>
		<write echo="ascii"><data>nRcJCim = |"A","ix3xnE","Yz7s0G","hw","aP","232pt","rSkCDG"|-|"232pt","7Z","da","aH","4x"|\n</data></write>
		<read echo="ascii"><delim> </delim><match><data>\x3E </data></match></read>
		<write echo="ascii"><data>TG9dxXq = |"1dy","bWoI4t","5Qx","aZA2xrT","k9deZ6D","HB","cqvBH","9gEZa"|\n</data></write>
		<read echo="ascii"><delim> </delim><match><data>\x3E </data></match></read>
		<write echo="ascii"><data>ld6NZXH = |"k9deZ6D","bWoI4t","cqvBH","9gEZa","5Qx","1dy"|\n</data></write>
		<read echo="ascii"><delim> </delim><match><data>\x3E </data></match></read>
		<write echo="ascii"><data>ld6NZXH@TG9dxXq\n</data></write>
		<read echo="ascii"><delim>\n</delim><match><data>TRUE\n</data></match></read>
		<read echo="ascii"><delim> </delim><match><data>\x3E </data></match></read>
		<write echo="ascii"><data>HTaOs4p = |"fIqeW","t9Ne","VFV","cuoP","BtC16Z","yyEw"|+|"iG"|\n</data></write>
		<read echo="ascii"><delim> </delim><match><data>\x3E </data></match></read>
		<write echo="ascii"><data>lgIFOqJ = |"i90B0s","zYY","uKiK2K8","w"|-|"KNJ","3ut","lzzqsW","iFPWt","Nmu44N"|\n</data></write>
		<read echo="ascii"><delim> </delim><match><data>\x3E </data></match></read>
		<write echo="ascii"><data>HlFrS = |"5","cK8L","a7C","lOfiEtd","4omwpv","piUug2","TuD8Ejt"|-|"j4p65S","4omwpv","r6IoW"|\n</data></write>
		<read echo="ascii"><delim> </delim><match><data>\x3E </data></match></read>
		<write echo="ascii"><data>ERZSlz = ld6NZXH ~ TG9dxXq\n</data></write>
		<read echo="ascii"><delim> </delim><match><data>\x3E </data></match></read>
		<write echo="ascii"><data>7vhqeUiHSW = TG9dxXq ^ HlFrS\n</data></write>
		<read echo="ascii"><delim> </delim><match><data>\x3E </data></match></read>
		<write echo="ascii"><data>UE5U57 = |"2mXb1","7vgNlWp","YfkQ","fGm"|~|"7vgNlWp"|\n</data></write>
		<read echo="ascii"><delim> </delim><match><data>\x3E </data></match></read>
		<write echo="ascii"><data>G8w9W = |"QDR5f","EY18yC5","H7ECSs","u1","IfzNRA","x3Q0l","DD3I3"|^|"rU3x","AnsPA"|\n</data></write>
		<read echo="ascii"><delim> </delim><match><data>\x3E </data></match></read>
		<write echo="ascii"><data>OEQzr9 = |"Xi","AQ","VYD","uIdh","k5S","6S7","MdKMo"|~|"uIdh","rR","C","Xi"|\n</data></write>
		<read echo="ascii"><delim> </delim><match><data>\x3E </data></match></read>
		<write echo="ascii"><data>sH1n90 = |"Kycf","yi9j","ShCzD","ghN","K1yVHDG","TLea"|-|"00Wkd8Z","nCdQ","zeE","ghN"|\n</data></write>
		<read echo="ascii"><delim> </delim><match><data>\x3E </data></match></read>
		<write echo="ascii"><data>krTANOwy = UE5U57 ^ OEQzr9\n</data></write>
		<read echo="ascii"><delim> </delim><match><data>\x3E </data></match></read>
		<write echo="ascii"><data>.p\n</data></write>
<read echo="ascii"><delim>\n</delim><match><data>nRcJCim = |"A","ix3xnE","Yz7s0G","hw","aP","rSkCDG"|\n</data></match></read>
<read echo="ascii"><delim>\n</delim><match><data>TG9dxXq = |"1dy","bWoI4t","5Qx","aZA2xrT","k9deZ6D","HB","cqvBH","9gEZa"|\n</data></match></read>
<read echo="ascii"><delim>\n</delim><match><data>ld6NZXH = |"k9deZ6D","bWoI4t","cqvBH","9gEZa","5Qx","1dy"|\n</data></match></read>
<read echo="ascii"><delim>\n</delim><match><data>HTaOs4p = |"fIqeW","t9Ne","VFV","cuoP","BtC16Z","yyEw","iG"|\n</data></match></read>
<read echo="ascii"><delim>\n</delim><match><data>lgIFOqJ = |"i90B0s","zYY","uKiK2K8","w"|\n</data></match></read>
<read echo="ascii"><delim>\n</delim><match><data>HlFrS = |"5","cK8L","a7C","lOfiEtd","piUug2","TuD8Ejt"|\n</data></match></read>
<read echo="ascii"><delim>\n</delim><match><data>ERZSlz = |"aZA2xrT","HB"|\n</data></match></read>
<read echo="ascii"><delim>\n</delim><match><data>7vhqeUiHSW = ||\n</data></match></read>
<read echo="ascii"><delim>\n</delim><match><data>UE5U57 = |"2mXb1","YfkQ","fGm"|\n</data></match></read>
<read echo="ascii"><delim>\n</delim><match><data>G8w9W = ||\n</data></match></read>
<read echo="ascii"><delim>\n</delim><match><data>OEQzr9 = |"AQ","VYD","k5S","6S7","MdKMo","rR","C"|\n</data></match></read>
<read echo="ascii"><delim>\n</delim><match><data>sH1n90 = |"Kycf","yi9j","ShCzD","K1yVHDG","TLea"|\n</data></match></read>
<read echo="ascii"><delim>\n</delim><match><data>krTANOwy = ||\n</data></match></read>
		<read echo="ascii"><delim> </delim><match><data>\x3E </data></match></read>
		<write echo="ascii"><data>.l\n</data></write>
	</replay>
</pov>
