<?xml version="1.0" standalone="no" ?>
<!DOCTYPE pov SYSTEM "/usr/share/cgc-docs/replay.dtd"><pov>
	<cbid>CROMU_00011</cbid>
	<replay>
		<read echo="ascii"><delim> </delim><match><data>\x3E </data></match></read>
		<write echo="ascii"><data>bv5ekIT = |"k97","IUjC","OLG5","2h","fDU","rG","DORz"|-|"5oIA","fDU","NQKX2Pe","DORz"|\n</data></write>
		<read echo="ascii"><delim> </delim><match><data>\x3E </data></match></read>
		<write echo="ascii"><data>ONG9ERjN = bv5ekIT ^ bv5ekIT\n</data></write>
		<read echo="ascii"><delim> </delim><match><data>\x3E </data></match></read>
		<write echo="ascii"><data>Kp600a = |"8eS","kNo4K","oezuLjF","nhTBG","6U","ZVn","3Ls","W0V8","A1f9vK"|\n</data></write>
		<read echo="ascii"><delim> </delim><match><data>\x3E </data></match></read>
		<write echo="ascii"><data>kMaQm = |"kNo4K","W0V8"|\n</data></write>
		<read echo="ascii"><delim> </delim><match><data>\x3E </data></match></read>
		<write echo="ascii"><data>kMaQm@Kp600a\n</data></write>
		<read echo="ascii"><delim>\n</delim><match><data>TRUE\n</data></match></read>
		<read echo="ascii"><delim> </delim><match><data>\x3E </data></match></read>
		<write echo="ascii"><data>apJUIsp = |"Kho","4Sh2N","Bm5evH","M1yY","0sh77U","Wb8E0N","tnb","mmyZQ"|\n</data></write>
		<read echo="ascii"><delim> </delim><match><data>\x3E </data></match></read>
		<write echo="ascii"><data>5GYCwNl = |"mmyZQ","Kho"|\n</data></write>
		<read echo="ascii"><delim> </delim><match><data>\x3E </data></match></read>
		<write echo="ascii"><data>5GYCwNl@apJUIsp\n</data></write>
		<read echo="ascii"><delim>\n</delim><match><data>TRUE\n</data></match></read>
		<read echo="ascii"><delim> </delim><match><data>\x3E </data></match></read>
		<write echo="ascii"><data>LIDTE = ONG9ERjN - ONG9ERjN\n</data></write>
		<read echo="ascii"><delim> </delim><match><data>\x3E </data></match></read>
		<write echo="ascii"><data>YgZNG = kMaQm ^ LIDTE\n</data></write>
		<read echo="ascii"><delim> </delim><match><data>\x3E </data></match></read>
		<write echo="ascii"><data>r9YoU = |"MLB","btIB","Izrr2t","Ul","sSfM"|+|"HlXtWd","5","Ixe","qB3","4za"|\n</data></write>
		<read echo="ascii"><delim> </delim><match><data>\x3E </data></match></read>
		<write echo="ascii"><data>fXoFn = ONG9ERjN ~ kMaQm\n</data></write>
		<read echo="ascii"><delim> </delim><match><data>\x3E </data></match></read>
		<write echo="ascii"><data>RzzWW = kMaQm ^ kMaQm\n</data></write>
		<read echo="ascii"><delim> </delim><match><data>\x3E </data></match></read>
		<write echo="ascii"><data>.p\n</data></write>
<read echo="ascii"><delim>\n</delim><match><data>bv5ekIT = |"k97","IUjC","OLG5","2h","rG"|\n</data></match></read>
<read echo="ascii"><delim>\n</delim><match><data>ONG9ERjN = |"k97","IUjC","OLG5","2h","rG"|\n</data></match></read>
<read echo="ascii"><delim>\n</delim><match><data>Kp600a = |"8eS","kNo4K","oezuLjF","nhTBG","6U","ZVn","3Ls","W0V8","A1f9vK"|\n</data></match></read>
<read echo="ascii"><delim>\n</delim><match><data>kMaQm = |"kNo4K","W0V8"|\n</data></match></read>
<read echo="ascii"><delim>\n</delim><match><data>apJUIsp = |"Kho","4Sh2N","Bm5evH","M1yY","0sh77U","Wb8E0N","tnb","mmyZQ"|\n</data></match></read>
<read echo="ascii"><delim>\n</delim><match><data>5GYCwNl = |"mmyZQ","Kho"|\n</data></match></read>
<read echo="ascii"><delim>\n</delim><match><data>LIDTE = ||\n</data></match></read>
<read echo="ascii"><delim>\n</delim><match><data>YgZNG = ||\n</data></match></read>
<read echo="ascii"><delim>\n</delim><match><data>r9YoU = |"MLB","btIB","Izrr2t","Ul","sSfM","HlXtWd","5","Ixe","qB3","4za"|\n</data></match></read>
<read echo="ascii"><delim>\n</delim><match><data>fXoFn = |"k97","IUjC","OLG5","2h","rG","kNo4K","W0V8"|\n</data></match></read>
<read echo="ascii"><delim>\n</delim><match><data>RzzWW = |"kNo4K","W0V8"|\n</data></match></read>
		<read echo="ascii"><delim> </delim><match><data>\x3E </data></match></read>
		<write echo="ascii"><data>.l\n</data></write>
	</replay>
</pov>
