<?xml version="1.0" standalone="no" ?>
<!DOCTYPE pov SYSTEM "/usr/share/cgc-docs/replay.dtd"><pov>
	<cbid>CROMU_00011</cbid>
	<replay>
		<read echo="ascii"><delim> </delim><match><data>\x3E </data></match></read>
		<write echo="ascii"><data>6QZITAD = |"tX","2tp","fw","Jl4","mAxLJ4"|-|"4LG0Q","4ogqsJ","feVy","BApRpG","7j1X"|\n</data></write>
		<read echo="ascii"><delim> </delim><match><data>\x3E </data></match></read>
		<write echo="ascii"><data>29p6k8g = 6QZITAD ~ 6QZITAD\n</data></write>
		<read echo="ascii"><delim> </delim><match><data>\x3E </data></match></read>
		<write echo="ascii"><data>0g9gCES = |"ue9l","3ffuK"|~|"EjA","xh","PO","E","aWy","ue9l","kAK"|\n</data></write>
		<read echo="ascii"><delim> </delim><match><data>\x3E </data></match></read>
		<write echo="ascii"><data>5ewiAPo = |"Yi","dDz7rUz"|^|"by1dQPW","LMXr1s","hnDR"|\n</data></write>
		<read echo="ascii"><delim> </delim><match><data>\x3E </data></match></read>
		<write echo="ascii"><data>4okg3Jf = |"1MarA","Y6tVA","wTApWTh","02XTC","9CW","r7","m5rc","gTE","bmj"|\n</data></write>
		<read echo="ascii"><delim> </delim><match><data>\x3E </data></match></read>
		<write echo="ascii"><data>pQ1th = |"gTE","r7","1MarA","Y6tVA","02XTC","m5rc","wTApWTh","axy4Ppo83u"|\n</data></write>
		<read echo="ascii"><delim> </delim><match><data>\x3E </data></match></read>
		<write echo="ascii"><data>pQ1th@4okg3Jf\n</data></write>
		<read echo="ascii"><delim>\n</delim><match><data>FALSE\n</data></match></read>
		<read echo="ascii"><delim> </delim><match><data>\x3E </data></match></read>
		<write echo="ascii"><data>eeCzIL = |"FUNct","uXf","DExtWV3","sP4","8AL3","Nn"|\n</data></write>
		<read echo="ascii"><delim> </delim><match><data>\x3E </data></match></read>
		<write echo="ascii"><data>7vMLQTt = |"uXf","8AL3"|\n</data></write>
		<read echo="ascii"><delim> </delim><match><data>\x3E </data></match></read>
		<write echo="ascii"><data>7vMLQTt@eeCzIL\n</data></write>
		<read echo="ascii"><delim>\n</delim><match><data>TRUE\n</data></match></read>
		<read echo="ascii"><delim> </delim><match><data>\x3E </data></match></read>
		<write echo="ascii"><data>pVwu4Nu = |"Q1hW5nd","JO3PD"|^|"RK","JO3PD","lsHlL"|\n</data></write>
		<read echo="ascii"><delim> </delim><match><data>\x3E </data></match></read>
		<write echo="ascii"><data>spuOo0Y = 0g9gCES + pQ1th\n</data></write>
		<read echo="ascii"><delim> </delim><match><data>\x3E </data></match></read>
		<write echo="ascii"><data>pYjJC = |"OubqKf","M","2xFJ","2Xw12","YS206","P6","D0"|~|"Y9","U","2xFJ","b","Ou3Scu","Gn","0en"|\n</data></write>
		<read echo="ascii"><delim> </delim><match><data>\x3E </data></match></read>
		<write echo="ascii"><data>277Mk = |"7OY6v","u1HSyiF","9ImI","U88e4","ZbaM5ZI","UywV","6f","wcywfNw","eq"|\n</data></write>
		<read echo="ascii"><delim> </delim><match><data>\x3E </data></match></read>
		<write echo="ascii"><data>e2n0SQ = |"eq","7OY6v"|\n</data></write>
		<read echo="ascii"><delim> </delim><match><data>\x3E </data></match></read>
		<write echo="ascii"><data>e2n0SQ@277Mk\n</data></write>
		<read echo="ascii"><delim>\n</delim><match><data>TRUE\n</data></match></read>
		<read echo="ascii"><delim> </delim><match><data>\x3E </data></match></read>
		<write echo="ascii"><data>jAAgb = 0g9gCES ~ pQ1th\n</data></write>
		<read echo="ascii"><delim> </delim><match><data>\x3E </data></match></read>
		<write echo="ascii"><data>rnetin = |"TQy","rji","fgOXQ","FPl","Ejz","HTv","xpcMjS","I3JkV"|\n</data></write>
		<read echo="ascii"><delim> </delim><match><data>\x3E </data></match></read>
		<write echo="ascii"><data>OVXUBTE = |"I3JkV","Ejz","rji","TQy"|\n</data></write>
		<read echo="ascii"><delim> </delim><match><data>\x3E </data></match></read>
		<write echo="ascii"><data>OVXUBTE@rnetin\n</data></write>
		<read echo="ascii"><delim>\n</delim><match><data>TRUE\n</data></match></read>
		<read echo="ascii"><delim> </delim><match><data>\x3E </data></match></read>
		<write echo="ascii"><data>.p\n</data></write>
<read echo="ascii"><delim>\n</delim><match><data>6QZITAD = |"tX","2tp","fw","Jl4","mAxLJ4"|\n</data></match></read>
<read echo="ascii"><delim>\n</delim><match><data>29p6k8g = ||\n</data></match></read>
<read echo="ascii"><delim>\n</delim><match><data>0g9gCES = |"3ffuK","EjA","xh","PO","E","aWy","kAK"|\n</data></match></read>
<read echo="ascii"><delim>\n</delim><match><data>5ewiAPo = ||\n</data></match></read>
<read echo="ascii"><delim>\n</delim><match><data>4okg3Jf = |"1MarA","Y6tVA","wTApWTh","02XTC","9CW","r7","m5rc","gTE","bmj"|\n</data></match></read>
<read echo="ascii"><delim>\n</delim><match><data>pQ1th = |"gTE","r7","1MarA","Y6tVA","02XTC","m5rc","wTApWTh","axy4Ppo83u"|\n</data></match></read>
<read echo="ascii"><delim>\n</delim><match><data>eeCzIL = |"FUNct","uXf","DExtWV3","sP4","8AL3","Nn"|\n</data></match></read>
<read echo="ascii"><delim>\n</delim><match><data>7vMLQTt = |"uXf","8AL3"|\n</data></match></read>
<read echo="ascii"><delim>\n</delim><match><data>pVwu4Nu = |"JO3PD"|\n</data></match></read>
<read echo="ascii"><delim>\n</delim><match><data>spuOo0Y = |"3ffuK","EjA","xh","PO","E","aWy","kAK","gTE","r7","1MarA","Y6tVA","02XTC","m5rc","wTApWTh","axy4Ppo83u"|\n</data></match></read>
<read echo="ascii"><delim>\n</delim><match><data>pYjJC = |"OubqKf","M","2Xw12","YS206","P6","D0","Y9","U","b","Ou3Scu","Gn","0en"|\n</data></match></read>
<read echo="ascii"><delim>\n</delim><match><data>277Mk = |"7OY6v","u1HSyiF","9ImI","U88e4","ZbaM5ZI","UywV","6f","wcywfNw","eq"|\n</data></match></read>
<read echo="ascii"><delim>\n</delim><match><data>e2n0SQ = |"eq","7OY6v"|\n</data></match></read>
<read echo="ascii"><delim>\n</delim><match><data>jAAgb = |"3ffuK","EjA","xh","PO","E","aWy","kAK","gTE","r7","1MarA","Y6tVA","02XTC","m5rc","wTApWTh","axy4Ppo83u"|\n</data></match></read>
<read echo="ascii"><delim>\n</delim><match><data>rnetin = |"TQy","rji","fgOXQ","FPl","Ejz","HTv","xpcMjS","I3JkV"|\n</data></match></read>
<read echo="ascii"><delim>\n</delim><match><data>OVXUBTE = |"I3JkV","Ejz","rji","TQy"|\n</data></match></read>
		<read echo="ascii"><delim> </delim><match><data>\x3E </data></match></read>
		<write echo="ascii"><data>.l\n</data></write>
	</replay>
</pov>
