<?xml version="1.0" standalone="no" ?>
<!DOCTYPE pov SYSTEM "/usr/share/cgc-docs/replay.dtd"><pov>
	<cbid>CROMU_00011</cbid>
	<replay>
		<read echo="ascii"><delim> </delim><match><data>\x3E </data></match></read>
		<write echo="ascii"><data>iL8MdAB = |"DHBO","GaI","YAjSu29","yGGzWOV","zl8Nhve","i"|+|"YAjSu29","tZ1","BFT","7","jXZ","i"|\n</data></write>
		<read echo="ascii"><delim> </delim><match><data>\x3E </data></match></read>
		<write echo="ascii"><data>X9GfBtd = |"Sks5","8engA","OQ","ldJ","c7Ib3","LAv"|\n</data></write>
		<read echo="ascii"><delim> </delim><match><data>\x3E </data></match></read>
		<write echo="ascii"><data>hnZXrk0 = |"8engA","OQ","ldJ","c7Ib3","LAv","wQL007Lm3D"|\n</data></write>
		<read echo="ascii"><delim> </delim><match><data>\x3E </data></match></read>
		<write echo="ascii"><data>hnZXrk0@X9GfBtd\n</data></write>
		<read echo="ascii"><delim>\n</delim><match><data>FALSE\n</data></match></read>
		<read echo="ascii"><delim> </delim><match><data>\x3E </data></match></read>
		<write echo="ascii"><data>KDiTcU = |"dGEt","N6CIWe","rylNQ","sX","ds","ZGAWObp"|\n</data></write>
		<read echo="ascii"><delim> </delim><match><data>\x3E </data></match></read>
		<write echo="ascii"><data>l6WVq = |"sX","cQ048HgzFU"|\n</data></write>
		<read echo="ascii"><delim> </delim><match><data>\x3E </data></match></read>
		<write echo="ascii"><data>l6WVq@KDiTcU\n</data></write>
		<read echo="ascii"><delim>\n</delim><match><data>FALSE\n</data></match></read>
		<read echo="ascii"><delim> </delim><match><data>\x3E </data></match></read>
		<write echo="ascii"><data>MEu4YgJ = |"U","IqqC","RXtW","UDbb"|-|"RXtW","0NZR","P","6k","IF44YIZ","ZaW"|\n</data></write>
		<read echo="ascii"><delim> </delim><match><data>\x3E </data></match></read>
		<write echo="ascii"><data>iVCc4Oo = iL8MdAB ~ l6WVq\n</data></write>
		<read echo="ascii"><delim> </delim><match><data>\x3E </data></match></read>
		<write echo="ascii"><data>6Pdjj = |"yKoyr","9AMi3"|^|"UN","E0","eD","BWQE2h"|\n</data></write>
		<read echo="ascii"><delim> </delim><match><data>\x3E </data></match></read>
		<write echo="ascii"><data>Gv823PI = |"XvTn","7bt1s","rTb7Tw","Lf","9JW","bzBguhF","BRj9NP","A1pe","74naBcV"|\n</data></write>
		<read echo="ascii"><delim> </delim><match><data>\x3E </data></match></read>
		<write echo="ascii"><data>HFnBStW = |"74naBcV","BRj9NP","A1pe","XvTn","Lf","rTb7Tw","7bt1s","w2OaQyEo11"|\n</data></write>
		<read echo="ascii"><delim> </delim><match><data>\x3E </data></match></read>
		<write echo="ascii"><data>HFnBStW@Gv823PI\n</data></write>
		<read echo="ascii"><delim>\n</delim><match><data>FALSE\n</data></match></read>
		<read echo="ascii"><delim> </delim><match><data>\x3E </data></match></read>
		<write echo="ascii"><data>EUCZj = |"5q4","PZ","TbNE","g76wpLk"|~|"BcX","Bgh","mueTm3","AFIly","5KYLOs"|\n</data></write>
		<read echo="ascii"><delim> </delim><match><data>\x3E </data></match></read>
		<write echo="ascii"><data>PCfU6 = |"lIn","CmTVD7","sgGtZx","jn2WI","ReL","ZIr","BYw"|\n</data></write>
		<read echo="ascii"><delim> </delim><match><data>\x3E </data></match></read>
		<write echo="ascii"><data>FD8mYV2 = |"lIn","jn2WI","sgGtZx"|\n</data></write>
		<read echo="ascii"><delim> </delim><match><data>\x3E </data></match></read>
		<write echo="ascii"><data>FD8mYV2@PCfU6\n</data></write>
		<read echo="ascii"><delim>\n</delim><match><data>TRUE\n</data></match></read>
		<read echo="ascii"><delim> </delim><match><data>\x3E </data></match></read>
		<write echo="ascii"><data>MRrw6 = |"7g","z","J91u","uT8iUO","McRr","3cbHC0W","LYWzv4m"|~|"0sh7","vjh"|\n</data></write>
		<read echo="ascii"><delim> </delim><match><data>\x3E </data></match></read>
		<write echo="ascii"><data>Ft9nM = |"ncUSX","86p0Vd","8POVHs","aB","Jbgmk","Ypt","y21dMn"|^|"p0VkEYT","qzx","y21dMn","4veieQ","Jbgmk","jyRRE"|\n</data></write>
		<read echo="ascii"><delim> </delim><match><data>\x3E </data></match></read>
		<write echo="ascii"><data>.p\n</data></write>
<read echo="ascii"><delim>\n</delim><match><data>iL8MdAB = |"DHBO","GaI","YAjSu29","yGGzWOV","zl8Nhve","i","tZ1","BFT","7","jXZ"|\n</data></match></read>
<read echo="ascii"><delim>\n</delim><match><data>X9GfBtd = |"Sks5","8engA","OQ","ldJ","c7Ib3","LAv"|\n</data></match></read>
<read echo="ascii"><delim>\n</delim><match><data>hnZXrk0 = |"8engA","OQ","ldJ","c7Ib3","LAv","wQL007Lm3D"|\n</data></match></read>
<read echo="ascii"><delim>\n</delim><match><data>KDiTcU = |"dGEt","N6CIWe","rylNQ","sX","ds","ZGAWObp"|\n</data></match></read>
<read echo="ascii"><delim>\n</delim><match><data>l6WVq = |"sX","cQ048HgzFU"|\n</data></match></read>
<read echo="ascii"><delim>\n</delim><match><data>MEu4YgJ = |"U","IqqC","UDbb"|\n</data></match></read>
<read echo="ascii"><delim>\n</delim><match><data>iVCc4Oo = |"DHBO","GaI","YAjSu29","yGGzWOV","zl8Nhve","i","tZ1","BFT","7","jXZ","sX","cQ048HgzFU"|\n</data></match></read>
<read echo="ascii"><delim>\n</delim><match><data>6Pdjj = ||\n</data></match></read>
<read echo="ascii"><delim>\n</delim><match><data>Gv823PI = |"XvTn","7bt1s","rTb7Tw","Lf","9JW","bzBguhF","BRj9NP","A1pe","74naBcV"|\n</data></match></read>
<read echo="ascii"><delim>\n</delim><match><data>HFnBStW = |"74naBcV","BRj9NP","A1pe","XvTn","Lf","rTb7Tw","7bt1s","w2OaQyEo11"|\n</data></match></read>
<read echo="ascii"><delim>\n</delim><match><data>EUCZj = |"5q4","PZ","TbNE","g76wpLk","BcX","Bgh","mueTm3","AFIly","5KYLOs"|\n</data></match></read>
<read echo="ascii"><delim>\n</delim><match><data>PCfU6 = |"lIn","CmTVD7","sgGtZx","jn2WI","ReL","ZIr","BYw"|\n</data></match></read>
<read echo="ascii"><delim>\n</delim><match><data>FD8mYV2 = |"lIn","jn2WI","sgGtZx"|\n</data></match></read>
<read echo="ascii"><delim>\n</delim><match><data>MRrw6 = |"7g","z","J91u","uT8iUO","McRr","3cbHC0W","LYWzv4m","0sh7","vjh"|\n</data></match></read>
<read echo="ascii"><delim>\n</delim><match><data>Ft9nM = |"Jbgmk","y21dMn"|\n</data></match></read>
		<read echo="ascii"><delim> </delim><match><data>\x3E </data></match></read>
		<write echo="ascii"><data>.l\n</data></write>
	</replay>
</pov>
