<?xml version="1.0" standalone="no" ?>
<!DOCTYPE pov SYSTEM "/usr/share/cgc-docs/replay.dtd"><pov>
	<cbid>CROMU_00011</cbid>
	<replay>
		<read echo="ascii"><delim> </delim><match><data>\x3E </data></match></read>
		<write echo="ascii"><data>pYqxbE = |"Br33ySD","qSb","k8w","8IVtl1Y","bUhLu","eFtfJe"|\n</data></write>
		<read echo="ascii"><delim> </delim><match><data>\x3E </data></match></read>
		<write echo="ascii"><data>Iq1Ue8Y = |"Br33ySD","k8w","qSb","eFtfJe","8IVtl1Y"|\n</data></write>
		<read echo="ascii"><delim> </delim><match><data>\x3E </data></match></read>
		<write echo="ascii"><data>Iq1Ue8Y@pYqxbE\n</data></write>
		<read echo="ascii"><delim>\n</delim><match><data>TRUE\n</data></match></read>
		<read echo="ascii"><delim> </delim><match><data>\x3E </data></match></read>
		<write echo="ascii"><data>UZP1KeR = |"W","R","FIRy"|~|"4WOemw","tW4kqqq"|\n</data></write>
		<read echo="ascii"><delim> </delim><match><data>\x3E </data></match></read>
		<write echo="ascii"><data>8qEUWbJ = |"Yt302d"|~|"3V9"|\n</data></write>
		<read echo="ascii"><delim> </delim><match><data>\x3E </data></match></read>
		<write echo="ascii"><data>AUY8sz = |"2R"|+|"tTe","f21ui","RIlcd9","v7Z","EW","2R"|\n</data></write>
		<read echo="ascii"><delim> </delim><match><data>\x3E </data></match></read>
		<write echo="ascii"><data>NyqurfObCZ = pYqxbE ^ UZP1KeR\n</data></write>
		<read echo="ascii"><delim> </delim><match><data>\x3E </data></match></read>
		<write echo="ascii"><data>IAY6G3 = |"NKEZYU","ucMOBoB","0Tmlje","CQ"|-|"oC","ucMOBoB","r","A","CQ","0Tmlje","hc6B"|\n</data></write>
		<read echo="ascii"><delim> </delim><match><data>\x3E </data></match></read>
		<write echo="ascii"><data>KpJHu8 = |"pt9f","dHh","cxc","Ce","r3Iok","KXJ"|-|"KXJ","Wz","km","FEEguy","ce","WTMdgzy","u0L"|\n</data></write>
		<read echo="ascii"><delim> </delim><match><data>\x3E </data></match></read>
		<write echo="ascii"><data>lshb5I = |"xSY3Dp8","JnND","ArR09zM","fTxAc","Qw","zD051"|^|"xSY3Dp8","ArR09zM","HRF"|\n</data></write>
		<read echo="ascii"><delim> </delim><match><data>\x3E </data></match></read>
		<write echo="ascii"><data>lvvZaLG = |"SYMvwp","fVm","UqFR8"|^|"etumpXJ"|\n</data></write>
		<read echo="ascii"><delim> </delim><match><data>\x3E </data></match></read>
		<write echo="ascii"><data>BXB01 = |"Id","tMpbd","be7d","rIwK","URNL","1yMSx","cuv","ZD3PyBb","REG9Se"|\n</data></write>
		<read echo="ascii"><delim> </delim><match><data>\x3E </data></match></read>
		<write echo="ascii"><data>xOnnz = |"tMpbd","cuv","1yMSx","URNL","3y78KLyymt"|\n</data></write>
		<read echo="ascii"><delim> </delim><match><data>\x3E </data></match></read>
		<write echo="ascii"><data>xOnnz@BXB01\n</data></write>
		<read echo="ascii"><delim>\n</delim><match><data>FALSE\n</data></match></read>
		<read echo="ascii"><delim> </delim><match><data>\x3E </data></match></read>
		<write echo="ascii"><data>NiJ7jB = |"sz6jUlK","jZ","Uop","7jABcH","3Ji","mEbtPQw"|-|"v","C","tGhurfa"|\n</data></write>
		<read echo="ascii"><delim> </delim><match><data>\x3E </data></match></read>
		<write echo="ascii"><data>JN42pkl = |"fr5k8Tp","tyT7dOc","DPjJlbm"|-|"PIH102f","mRknWep","GJ","6j80QVI"|\n</data></write>
		<read echo="ascii"><delim> </delim><match><data>\x3E </data></match></read>
		<write echo="ascii"><data>j6DXS = |"ErZc","GigPT2m","LdkM"|+|"r3LxwA","bS2","fut","cpd","j","5w0lx"|\n</data></write>
		<read echo="ascii"><delim> </delim><match><data>\x3E </data></match></read>
		<write echo="ascii"><data>.p\n</data></write>
<read echo="ascii"><delim>\n</delim><match><data>pYqxbE = |"Br33ySD","qSb","k8w","8IVtl1Y","bUhLu","eFtfJe"|\n</data></match></read>
<read echo="ascii"><delim>\n</delim><match><data>Iq1Ue8Y = |"Br33ySD","k8w","qSb","eFtfJe","8IVtl1Y"|\n</data></match></read>
<read echo="ascii"><delim>\n</delim><match><data>UZP1KeR = |"W","R","FIRy","4WOemw","tW4kqqq"|\n</data></match></read>
<read echo="ascii"><delim>\n</delim><match><data>8qEUWbJ = |"Yt302d","3V9"|\n</data></match></read>
<read echo="ascii"><delim>\n</delim><match><data>AUY8sz = |"2R","tTe","f21ui","RIlcd9","v7Z","EW"|\n</data></match></read>
<read echo="ascii"><delim>\n</delim><match><data>NyqurfObCZ = ||\n</data></match></read>
<read echo="ascii"><delim>\n</delim><match><data>IAY6G3 = |"NKEZYU"|\n</data></match></read>
<read echo="ascii"><delim>\n</delim><match><data>KpJHu8 = |"pt9f","dHh","cxc","Ce","r3Iok"|\n</data></match></read>
<read echo="ascii"><delim>\n</delim><match><data>lshb5I = |"xSY3Dp8","ArR09zM"|\n</data></match></read>
<read echo="ascii"><delim>\n</delim><match><data>lvvZaLG = ||\n</data></match></read>
<read echo="ascii"><delim>\n</delim><match><data>BXB01 = |"Id","tMpbd","be7d","rIwK","URNL","1yMSx","cuv","ZD3PyBb","REG9Se"|\n</data></match></read>
<read echo="ascii"><delim>\n</delim><match><data>xOnnz = |"tMpbd","cuv","1yMSx","URNL","3y78KLyymt"|\n</data></match></read>
<read echo="ascii"><delim>\n</delim><match><data>NiJ7jB = |"sz6jUlK","jZ","Uop","7jABcH","3Ji","mEbtPQw"|\n</data></match></read>
<read echo="ascii"><delim>\n</delim><match><data>JN42pkl = |"fr5k8Tp","tyT7dOc","DPjJlbm"|\n</data></match></read>
<read echo="ascii"><delim>\n</delim><match><data>j6DXS = |"ErZc","GigPT2m","LdkM","r3LxwA","bS2","fut","cpd","j","5w0lx"|\n</data></match></read>
		<read echo="ascii"><delim> </delim><match><data>\x3E </data></match></read>
		<write echo="ascii"><data>.l\n</data></write>
	</replay>
</pov>
