<?xml version="1.0" standalone="no" ?>
<!DOCTYPE pov SYSTEM "/usr/share/cgc-docs/replay.dtd"><pov>
	<cbid>CROMU_00011</cbid>
	<replay>
		<read echo="ascii"><delim> </delim><match><data>\x3E </data></match></read>
		<write echo="ascii"><data>Gobam = |"WIOXA","Bx98","7qXgk","VolPc","DqL5YI7","S6g"|-|"HQU","6ktAoQ","q"|\n</data></write>
		<read echo="ascii"><delim> </delim><match><data>\x3E </data></match></read>
		<write echo="ascii"><data>4KJfEf7zmX = Gobam ^ Gobam\n</data></write>
		<read echo="ascii"><delim> </delim><match><data>\x3E </data></match></read>
		<write echo="ascii"><data>qcAJl = Gobam ~ Gobam\n</data></write>
		<read echo="ascii"><delim> </delim><match><data>\x3E </data></match></read>
		<write echo="ascii"><data>bDd3ZO = Gobam - qcAJl\n</data></write>
		<read echo="ascii"><delim> </delim><match><data>\x3E </data></match></read>
		<write echo="ascii"><data>fLnSSV3 = bDd3ZO ^ qcAJl\n</data></write>
		<read echo="ascii"><delim> </delim><match><data>\x3E </data></match></read>
		<write echo="ascii"><data>AbjDWTV = qcAJl ~ bDd3ZO\n</data></write>
		<read echo="ascii"><delim> </delim><match><data>\x3E </data></match></read>
		<write echo="ascii"><data>M0ycV = fLnSSV3 ~ qcAJl\n</data></write>
		<read echo="ascii"><delim> </delim><match><data>\x3E </data></match></read>
		<write echo="ascii"><data>Vfq2H = 4KJfEf7zmX + M0ycV\n</data></write>
		<read echo="ascii"><delim> </delim><match><data>\x3E </data></match></read>
		<write echo="ascii"><data>m6CtR5 = |"MlFtQ","ysppTJb","3","AC","w6P70"|-|"w6P70","3","TByAxNx"|\n</data></write>
		<read echo="ascii"><delim> </delim><match><data>\x3E </data></match></read>
		<write echo="ascii"><data>.p\n</data></write>
<read echo="ascii"><delim>\n</delim><match><data>Gobam = |"WIOXA","Bx98","7qXgk","VolPc","DqL5YI7","S6g"|\n</data></match></read>
<read echo="ascii"><delim>\n</delim><match><data>4KJfEf7zmX = |"WIOXA","Bx98","7qXgk","VolPc","DqL5YI7","S6g"|\n</data></match></read>
<read echo="ascii"><delim>\n</delim><match><data>qcAJl = ||\n</data></match></read>
<read echo="ascii"><delim>\n</delim><match><data>bDd3ZO = |"WIOXA","Bx98","7qXgk","VolPc","DqL5YI7","S6g"|\n</data></match></read>
<read echo="ascii"><delim>\n</delim><match><data>fLnSSV3 = ||\n</data></match></read>
<read echo="ascii"><delim>\n</delim><match><data>AbjDWTV = |"WIOXA","Bx98","7qXgk","VolPc","DqL5YI7","S6g"|\n</data></match></read>
<read echo="ascii"><delim>\n</delim><match><data>M0ycV = ||\n</data></match></read>
<read echo="ascii"><delim>\n</delim><match><data>Vfq2H = |"WIOXA","Bx98","7qXgk","VolPc","DqL5YI7","S6g"|\n</data></match></read>
<read echo="ascii"><delim>\n</delim><match><data>m6CtR5 = |"MlFtQ","ysppTJb","AC"|\n</data></match></read>
		<read echo="ascii"><delim> </delim><match><data>\x3E </data></match></read>
		<write echo="ascii"><data>.l\n</data></write>
	</replay>
</pov>
