<?xml version="1.0" standalone="no" ?>
<!DOCTYPE pov SYSTEM "/usr/share/cgc-docs/replay.dtd"><pov>
	<cbid>CROMU_00011</cbid>
	<replay>
		<read echo="ascii"><delim> </delim><match><data>\x3E </data></match></read>
		<write echo="ascii"><data>0VAv24p = |"835hf7","b9aSO2"|~|"HGer9a","49ebG8","SmIGV","Ulg3"|\n</data></write>
		<read echo="ascii"><delim> </delim><match><data>\x3E </data></match></read>
		<write echo="ascii"><data>eQaMKj = |"W0","HSqN","5gRgJG2","qfSc6e"|-|"Whoa","zQJWY","H","Z31w","tkBHQa","W0"|\n</data></write>
		<read echo="ascii"><delim> </delim><match><data>\x3E </data></match></read>
		<write echo="ascii"><data>8UyYlOu6UH = 0VAv24p ^ eQaMKj\n</data></write>
		<read echo="ascii"><delim> </delim><match><data>\x3E </data></match></read>
		<write echo="ascii"><data>MkOHE = 0VAv24p ~ 8UyYlOu6UH\n</data></write>
		<read echo="ascii"><delim> </delim><match><data>\x3E </data></match></read>
		<write echo="ascii"><data>r8iQbu = |"USKvj","oLOQ","ZBNiEV","qVvdtr","jYZ0"|^|"w9HB29","qQY","ePvCo","sdj","lMHbTA","oLOQ","Xju"|\n</data></write>
		<read echo="ascii"><delim> </delim><match><data>\x3E </data></match></read>
		<write echo="ascii"><data>JSrBcOM = MkOHE + eQaMKj\n</data></write>
		<read echo="ascii"><delim> </delim><match><data>\x3E </data></match></read>
		<write echo="ascii"><data>A3Dag = MkOHE - r8iQbu\n</data></write>
		<read echo="ascii"><delim> </delim><match><data>\x3E </data></match></read>
		<write echo="ascii"><data>sw5MnUY = 8UyYlOu6UH ~ r8iQbu\n</data></write>
		<read echo="ascii"><delim> </delim><match><data>\x3E </data></match></read>
		<write echo="ascii"><data>E6f07 = |"pfS8Gg1","J4Td","9","y"|+|"pfS8Gg1","gtak7uP"|\n</data></write>
		<read echo="ascii"><delim> </delim><match><data>\x3E </data></match></read>
		<write echo="ascii"><data>Xm4xJpR = |"DsjMMb","V","Y0"|-|"jGTi","n","RCn","DsjMMb","83v","n6","w"|\n</data></write>
		<read echo="ascii"><delim> </delim><match><data>\x3E </data></match></read>
		<write echo="ascii"><data>GyB65cN = eQaMKj ^ r8iQbu\n</data></write>
		<read echo="ascii"><delim> </delim><match><data>\x3E </data></match></read>
		<write echo="ascii"><data>Wclavwc = MkOHE + r8iQbu\n</data></write>
		<read echo="ascii"><delim> </delim><match><data>\x3E </data></match></read>
		<write echo="ascii"><data>01nK4 = |"cYo","ebXu","7MazNLv","IdCmr2"|~|"dp","6EmFX"|\n</data></write>
		<read echo="ascii"><delim> </delim><match><data>\x3E </data></match></read>
		<write echo="ascii"><data>3MOoGvT1 = 8UyYlOu6UH ^ MkOHE\n</data></write>
		<read echo="ascii"><delim> </delim><match><data>\x3E </data></match></read>
		<write echo="ascii"><data>.p\n</data></write>
<read echo="ascii"><delim>\n</delim><match><data>0VAv24p = |"835hf7","b9aSO2","HGer9a","49ebG8","SmIGV","Ulg3"|\n</data></match></read>
<read echo="ascii"><delim>\n</delim><match><data>eQaMKj = |"HSqN","5gRgJG2","qfSc6e"|\n</data></match></read>
<read echo="ascii"><delim>\n</delim><match><data>8UyYlOu6UH = ||\n</data></match></read>
<read echo="ascii"><delim>\n</delim><match><data>MkOHE = |"835hf7","b9aSO2","HGer9a","49ebG8","SmIGV","Ulg3"|\n</data></match></read>
<read echo="ascii"><delim>\n</delim><match><data>r8iQbu = |"oLOQ"|\n</data></match></read>
<read echo="ascii"><delim>\n</delim><match><data>JSrBcOM = |"835hf7","b9aSO2","HGer9a","49ebG8","SmIGV","Ulg3","HSqN","5gRgJG2","qfSc6e"|\n</data></match></read>
<read echo="ascii"><delim>\n</delim><match><data>A3Dag = |"835hf7","b9aSO2","HGer9a","49ebG8","SmIGV","Ulg3"|\n</data></match></read>
<read echo="ascii"><delim>\n</delim><match><data>sw5MnUY = |"oLOQ"|\n</data></match></read>
<read echo="ascii"><delim>\n</delim><match><data>E6f07 = |"pfS8Gg1","J4Td","9","y","gtak7uP"|\n</data></match></read>
<read echo="ascii"><delim>\n</delim><match><data>Xm4xJpR = |"V","Y0"|\n</data></match></read>
<read echo="ascii"><delim>\n</delim><match><data>GyB65cN = ||\n</data></match></read>
<read echo="ascii"><delim>\n</delim><match><data>Wclavwc = |"835hf7","b9aSO2","HGer9a","49ebG8","SmIGV","Ulg3","oLOQ"|\n</data></match></read>
<read echo="ascii"><delim>\n</delim><match><data>01nK4 = |"cYo","ebXu","7MazNLv","IdCmr2","dp","6EmFX"|\n</data></match></read>
<read echo="ascii"><delim>\n</delim><match><data>3MOoGvT1 = ||\n</data></match></read>
		<read echo="ascii"><delim> </delim><match><data>\x3E </data></match></read>
		<write echo="ascii"><data>.l\n</data></write>
	</replay>
</pov>
