<?xml version="1.0" standalone="no" ?>
<!DOCTYPE pov SYSTEM "/usr/share/cgc-docs/replay.dtd"><pov>
	<cbid>CROMU_00011</cbid>
	<replay>
		<read echo="ascii"><delim> </delim><match><data>\x3E </data></match></read>
		<write echo="ascii"><data>CvR7qYK = |"g91ZjM","j9","nWpBUb","Y74Xm","Pq","wa","glglyr"|+|"G3","j9"|\n</data></write>
		<read echo="ascii"><delim> </delim><match><data>\x3E </data></match></read>
		<write echo="ascii"><data>WPJbvDGMI = CvR7qYK ^ CvR7qYK\n</data></write>
		<read echo="ascii"><delim> </delim><match><data>\x3E </data></match></read>
		<write echo="ascii"><data>O7uPMi = |"Q1T"|+|"mTWYaTr","iVF","9B","jDLSBKP"|\n</data></write>
		<read echo="ascii"><delim> </delim><match><data>\x3E </data></match></read>
		<write echo="ascii"><data>6L0hW9 = WPJbvDGMI ^ CvR7qYK\n</data></write>
		<read echo="ascii"><delim> </delim><match><data>\x3E </data></match></read>
		<write echo="ascii"><data>KIDRoPb = 6L0hW9 + CvR7qYK\n</data></write>
		<read echo="ascii"><delim> </delim><match><data>\x3E </data></match></read>
		<write echo="ascii"><data>ICJb9 = KIDRoPb ~ O7uPMi\n</data></write>
		<read echo="ascii"><delim> </delim><match><data>\x3E </data></match></read>
		<write echo="ascii"><data>DdFOHJy = |"XjJI2","0R1","jr7","InlUkd"|^|"3WpXt","OYlnw"|\n</data></write>
		<read echo="ascii"><delim> </delim><match><data>\x3E </data></match></read>
		<write echo="ascii"><data>Ubgjb7 = DdFOHJy ~ CvR7qYK\n</data></write>
		<read echo="ascii"><delim> </delim><match><data>\x3E </data></match></read>
		<write echo="ascii"><data>j4XM7j = |"9R","FHZeJff","k4XQZn"|~|"C","9U4mP","wsrWV7G","zEu","rtz","UzC","rmAH"|\n</data></write>
		<read echo="ascii"><delim> </delim><match><data>\x3E </data></match></read>
		<write echo="ascii"><data>.p\n</data></write>
<read echo="ascii"><delim>\n</delim><match><data>CvR7qYK = |"g91ZjM","j9","nWpBUb","Y74Xm","Pq","wa","glglyr","G3"|\n</data></match></read>
<read echo="ascii"><delim>\n</delim><match><data>WPJbvDGMI = |"g91ZjM","j9","nWpBUb","Y74Xm","Pq","wa","glglyr","G3"|\n</data></match></read>
<read echo="ascii"><delim>\n</delim><match><data>O7uPMi = |"Q1T","mTWYaTr","iVF","9B","jDLSBKP"|\n</data></match></read>
<read echo="ascii"><delim>\n</delim><match><data>6L0hW9 = |"g91ZjM","j9","nWpBUb","Y74Xm","Pq","wa","glglyr","G3"|\n</data></match></read>
<read echo="ascii"><delim>\n</delim><match><data>KIDRoPb = |"g91ZjM","j9","nWpBUb","Y74Xm","Pq","wa","glglyr","G3"|\n</data></match></read>
<read echo="ascii"><delim>\n</delim><match><data>ICJb9 = |"g91ZjM","j9","nWpBUb","Y74Xm","Pq","wa","glglyr","G3","Q1T","mTWYaTr","iVF","9B","jDLSBKP"|\n</data></match></read>
<read echo="ascii"><delim>\n</delim><match><data>DdFOHJy = ||\n</data></match></read>
<read echo="ascii"><delim>\n</delim><match><data>Ubgjb7 = |"g91ZjM","j9","nWpBUb","Y74Xm","Pq","wa","glglyr","G3"|\n</data></match></read>
<read echo="ascii"><delim>\n</delim><match><data>j4XM7j = |"9R","FHZeJff","k4XQZn","C","9U4mP","wsrWV7G","zEu","rtz","UzC","rmAH"|\n</data></match></read>
		<read echo="ascii"><delim> </delim><match><data>\x3E </data></match></read>
		<write echo="ascii"><data>.l\n</data></write>
	</replay>
</pov>
