<?xml version="1.0" standalone="no" ?>
<!DOCTYPE pov SYSTEM "/usr/share/cgc-docs/replay.dtd"><pov>
	<cbid>CROMU_00011</cbid>
	<replay>
		<read echo="ascii"><delim> </delim><match><data>\x3E </data></match></read>
		<write echo="ascii"><data>vmYlgQT = |"poj4","FTDnL","oYbXG","RGtw0qW"|^|"RGtw0qW","MSDv","poj4","pdaen0M"|\n</data></write>
		<read echo="ascii"><delim> </delim><match><data>\x3E </data></match></read>
		<write echo="ascii"><data>ur87T = |"j9aexXR","ERzghP","q8d","ol50","5np0","cUr2","f5JmUM9"|\n</data></write>
		<read echo="ascii"><delim> </delim><match><data>\x3E </data></match></read>
		<write echo="ascii"><data>BL0YP7X = |"j9aexXR","PbOVNbiaDk"|\n</data></write>
		<read echo="ascii"><delim> </delim><match><data>\x3E </data></match></read>
		<write echo="ascii"><data>BL0YP7X@ur87T\n</data></write>
		<read echo="ascii"><delim>\n</delim><match><data>FALSE\n</data></match></read>
		<read echo="ascii"><delim> </delim><match><data>\x3E </data></match></read>
		<write echo="ascii"><data>oUABbDC = BL0YP7X - vmYlgQT\n</data></write>
		<read echo="ascii"><delim> </delim><match><data>\x3E </data></match></read>
		<write echo="ascii"><data>2WzcLR = |"t","JWO3ov","BR9ZYdY","eHCwDye","a"|~|"xVvZX65"|\n</data></write>
		<read echo="ascii"><delim> </delim><match><data>\x3E </data></match></read>
		<write echo="ascii"><data>AHPm4Lk = 2WzcLR ^ 2WzcLR\n</data></write>
		<read echo="ascii"><delim> </delim><match><data>\x3E </data></match></read>
		<write echo="ascii"><data>nVwiUv = |"Up95","sAOW","NIy98s","4V7T","wbzOO"|~|"JbGmO","Up95","H8i3anz","nwA","3mAM6","FKj9Q7L"|\n</data></write>
		<read echo="ascii"><delim> </delim><match><data>\x3E </data></match></read>
		<write echo="ascii"><data>NWMPq = oUABbDC + 2WzcLR\n</data></write>
		<read echo="ascii"><delim> </delim><match><data>\x3E </data></match></read>
		<write echo="ascii"><data>iDo8Xy = nVwiUv ~ nVwiUv\n</data></write>
		<read echo="ascii"><delim> </delim><match><data>\x3E </data></match></read>
		<write echo="ascii"><data>71dw8Z = |"hL7"|~|"Qlo"|\n</data></write>
		<read echo="ascii"><delim> </delim><match><data>\x3E </data></match></read>
		<write echo="ascii"><data>c1qMay = |"Jan","1Pe","6cE","Qwa7","Zqj","MRT7","R"|-|"1Pe","6n2Lb","pa9jz"|\n</data></write>
		<read echo="ascii"><delim> </delim><match><data>\x3E </data></match></read>
		<write echo="ascii"><data>.p\n</data></write>
<read echo="ascii"><delim>\n</delim><match><data>vmYlgQT = |"poj4","RGtw0qW"|\n</data></match></read>
<read echo="ascii"><delim>\n</delim><match><data>ur87T = |"j9aexXR","ERzghP","q8d","ol50","5np0","cUr2","f5JmUM9"|\n</data></match></read>
<read echo="ascii"><delim>\n</delim><match><data>BL0YP7X = |"j9aexXR","PbOVNbiaDk"|\n</data></match></read>
<read echo="ascii"><delim>\n</delim><match><data>oUABbDC = |"j9aexXR","PbOVNbiaDk"|\n</data></match></read>
<read echo="ascii"><delim>\n</delim><match><data>2WzcLR = |"t","JWO3ov","BR9ZYdY","eHCwDye","a","xVvZX65"|\n</data></match></read>
<read echo="ascii"><delim>\n</delim><match><data>AHPm4Lk = |"t","JWO3ov","BR9ZYdY","eHCwDye","a","xVvZX65"|\n</data></match></read>
<read echo="ascii"><delim>\n</delim><match><data>nVwiUv = |"sAOW","NIy98s","4V7T","wbzOO","JbGmO","H8i3anz","nwA","3mAM6","FKj9Q7L"|\n</data></match></read>
<read echo="ascii"><delim>\n</delim><match><data>NWMPq = |"j9aexXR","PbOVNbiaDk","t","JWO3ov","BR9ZYdY","eHCwDye","a","xVvZX65"|\n</data></match></read>
<read echo="ascii"><delim>\n</delim><match><data>iDo8Xy = ||\n</data></match></read>
<read echo="ascii"><delim>\n</delim><match><data>71dw8Z = |"hL7","Qlo"|\n</data></match></read>
<read echo="ascii"><delim>\n</delim><match><data>c1qMay = |"Jan","6cE","Qwa7","Zqj","MRT7","R"|\n</data></match></read>
		<read echo="ascii"><delim> </delim><match><data>\x3E </data></match></read>
		<write echo="ascii"><data>.l\n</data></write>
	</replay>
</pov>
