<?xml version="1.0" standalone="no" ?>
<!DOCTYPE pov SYSTEM "/usr/share/cgc-docs/replay.dtd"><pov>
	<cbid>CROMU_00011</cbid>
	<replay>
		<read echo="ascii"><delim> </delim><match><data>\x3E </data></match></read>
		<write echo="ascii"><data>khoDz = |"cNQvm","s","LBz75","aNuG0TI","1d","Om1ty","H0bS"|~|"FscUJ","UmDYnW","c"|\n</data></write>
		<read echo="ascii"><delim> </delim><match><data>\x3E </data></match></read>
		<write echo="ascii"><data>fq4P2 = khoDz - khoDz\n</data></write>
		<read echo="ascii"><delim> </delim><match><data>\x3E </data></match></read>
		<write echo="ascii"><data>gaZUj = khoDz ~ fq4P2\n</data></write>
		<read echo="ascii"><delim> </delim><match><data>\x3E </data></match></read>
		<write echo="ascii"><data>Q9FI3Pw = gaZUj ^ gaZUj\n</data></write>
		<read echo="ascii"><delim> </delim><match><data>\x3E </data></match></read>
		<write echo="ascii"><data>SwoDvU = fq4P2 ^ gaZUj\n</data></write>
		<read echo="ascii"><delim> </delim><match><data>\x3E </data></match></read>
		<write echo="ascii"><data>To1J39Q = khoDz ~ SwoDvU\n</data></write>
		<read echo="ascii"><delim> </delim><match><data>\x3E </data></match></read>
		<write echo="ascii"><data>8ATZnU = gaZUj - gaZUj\n</data></write>
		<read echo="ascii"><delim> </delim><match><data>\x3E </data></match></read>
		<write echo="ascii"><data>GmqVDxW = 8ATZnU + To1J39Q\n</data></write>
		<read echo="ascii"><delim> </delim><match><data>\x3E </data></match></read>
		<write echo="ascii"><data>tJCh7 = |"x8G","HKV","eZ2Gl5","4Y6nK","vsUhxu","JxWmN","tADLN"|^|"VOoB","oqAz","nVspr","bCvi5"|\n</data></write>
		<read echo="ascii"><delim> </delim><match><data>\x3E </data></match></read>
		<write echo="ascii"><data>gXlaem = |"Ozow","2VH2X","U0jR","xQMiUB"|+|"FQ8f5ZA","l","iTO","wf"|\n</data></write>
		<read echo="ascii"><delim> </delim><match><data>\x3E </data></match></read>
		<write echo="ascii"><data>.p\n</data></write>
<read echo="ascii"><delim>\n</delim><match><data>khoDz = |"cNQvm","s","LBz75","aNuG0TI","1d","Om1ty","H0bS","FscUJ","UmDYnW","c"|\n</data></match></read>
<read echo="ascii"><delim>\n</delim><match><data>fq4P2 = ||\n</data></match></read>
<read echo="ascii"><delim>\n</delim><match><data>gaZUj = |"cNQvm","s","LBz75","aNuG0TI","1d","Om1ty","H0bS","FscUJ","UmDYnW","c"|\n</data></match></read>
<read echo="ascii"><delim>\n</delim><match><data>Q9FI3Pw = |"cNQvm","s","LBz75","aNuG0TI","1d","Om1ty","H0bS","FscUJ","UmDYnW","c"|\n</data></match></read>
<read echo="ascii"><delim>\n</delim><match><data>SwoDvU = ||\n</data></match></read>
<read echo="ascii"><delim>\n</delim><match><data>To1J39Q = |"cNQvm","s","LBz75","aNuG0TI","1d","Om1ty","H0bS","FscUJ","UmDYnW","c"|\n</data></match></read>
<read echo="ascii"><delim>\n</delim><match><data>8ATZnU = ||\n</data></match></read>
<read echo="ascii"><delim>\n</delim><match><data>GmqVDxW = |"cNQvm","s","LBz75","aNuG0TI","1d","Om1ty","H0bS","FscUJ","UmDYnW","c"|\n</data></match></read>
<read echo="ascii"><delim>\n</delim><match><data>tJCh7 = ||\n</data></match></read>
<read echo="ascii"><delim>\n</delim><match><data>gXlaem = |"Ozow","2VH2X","U0jR","xQMiUB","FQ8f5ZA","l","iTO","wf"|\n</data></match></read>
		<read echo="ascii"><delim> </delim><match><data>\x3E </data></match></read>
		<write echo="ascii"><data>.l\n</data></write>
	</replay>
</pov>
