<?xml version="1.0" standalone="no" ?>
<!DOCTYPE pov SYSTEM "/usr/share/cgc-docs/replay.dtd"><pov>
	<cbid>CROMU_00011</cbid>
	<replay>
		<read echo="ascii"><delim> </delim><match><data>\x3E </data></match></read>
		<write echo="ascii"><data>qgNTd = |"gRCIVzi","u3","w5M"|-|"FFe","X","GOBYEkf","0v2Mq","ptliUFa","5uBZYy"|\n</data></write>
		<read echo="ascii"><delim> </delim><match><data>\x3E </data></match></read>
		<write echo="ascii"><data>y1PIjhZ = qgNTd + qgNTd\n</data></write>
		<read echo="ascii"><delim> </delim><match><data>\x3E </data></match></read>
		<write echo="ascii"><data>JL2bO = |"ud","pso0XU","pAV","MOE2","EH","7gU","hIcJK1","rknQt","DwX"|\n</data></write>
		<read echo="ascii"><delim> </delim><match><data>\x3E </data></match></read>
		<write echo="ascii"><data>C0JJx = |"7gU","pAV"|\n</data></write>
		<read echo="ascii"><delim> </delim><match><data>\x3E </data></match></read>
		<write echo="ascii"><data>C0JJx@JL2bO\n</data></write>
		<read echo="ascii"><delim>\n</delim><match><data>TRUE\n</data></match></read>
		<read echo="ascii"><delim> </delim><match><data>\x3E </data></match></read>
		<write echo="ascii"><data>biRT26 = C0JJx - y1PIjhZ\n</data></write>
		<read echo="ascii"><delim> </delim><match><data>\x3E </data></match></read>
		<write echo="ascii"><data>9AMP5h = |"zoe","Oe9jT","SD","ODIh4","Uzn1","XZgxRXE","OkEJ","JqDP","Ir","B75vCY"|\n</data></write>
		<read echo="ascii"><delim> </delim><match><data>\x3E </data></match></read>
		<write echo="ascii"><data>rMPpz = |"OkEJ","Oe9jT","JqDP","Uzn1","B75vCY","XZgxRXE","zoe","ODIh4","Ir"|\n</data></write>
		<read echo="ascii"><delim> </delim><match><data>\x3E </data></match></read>
		<write echo="ascii"><data>rMPpz@9AMP5h\n</data></write>
		<read echo="ascii"><delim>\n</delim><match><data>TRUE\n</data></match></read>
		<read echo="ascii"><delim> </delim><match><data>\x3E </data></match></read>
		<write echo="ascii"><data>PnMSoF = |"XRBtHZF","cl","eN6X0c","KY8COV","gKi0I"|^|"gKi0I","S9uXBt","KY8COV","LGwCX","garVMA","bTZ4","lT8"|\n</data></write>
		<read echo="ascii"><delim> </delim><match><data>\x3E </data></match></read>
		<write echo="ascii"><data>cB7fev = y1PIjhZ ~ 9AMP5h\n</data></write>
		<read echo="ascii"><delim> </delim><match><data>\x3E </data></match></read>
		<write echo="ascii"><data>4ZlAplF = 9AMP5h ~ y1PIjhZ\n</data></write>
		<read echo="ascii"><delim> </delim><match><data>\x3E </data></match></read>
		<write echo="ascii"><data>g6N5ih = y1PIjhZ ^ cB7fev\n</data></write>
		<read echo="ascii"><delim> </delim><match><data>\x3E </data></match></read>
		<write echo="ascii"><data>OlLH4A = |"95eN","JJD","8By1Qt","zxH","Q5bR","v"|-|"dBeliP9","RkhKrt","PEJGNo","JJD","v","Q5bR"|\n</data></write>
		<read echo="ascii"><delim> </delim><match><data>\x3E </data></match></read>
		<write echo="ascii"><data>cimMK = |"5Ay","Ef23"|~|"MdPe","EfJb"|\n</data></write>
		<read echo="ascii"><delim> </delim><match><data>\x3E </data></match></read>
		<write echo="ascii"><data>7blcFUU = y1PIjhZ + cimMK\n</data></write>
		<read echo="ascii"><delim> </delim><match><data>\x3E </data></match></read>
		<write echo="ascii"><data>8uOdGE = C0JJx - cB7fev\n</data></write>
		<read echo="ascii"><delim> </delim><match><data>\x3E </data></match></read>
		<write echo="ascii"><data>.p\n</data></write>
<read echo="ascii"><delim>\n</delim><match><data>qgNTd = |"gRCIVzi","u3","w5M"|\n</data></match></read>
<read echo="ascii"><delim>\n</delim><match><data>y1PIjhZ = |"gRCIVzi","u3","w5M"|\n</data></match></read>
<read echo="ascii"><delim>\n</delim><match><data>JL2bO = |"ud","pso0XU","pAV","MOE2","EH","7gU","hIcJK1","rknQt","DwX"|\n</data></match></read>
<read echo="ascii"><delim>\n</delim><match><data>C0JJx = |"7gU","pAV"|\n</data></match></read>
<read echo="ascii"><delim>\n</delim><match><data>biRT26 = |"7gU","pAV"|\n</data></match></read>
<read echo="ascii"><delim>\n</delim><match><data>9AMP5h = |"zoe","Oe9jT","SD","ODIh4","Uzn1","XZgxRXE","OkEJ","JqDP","Ir","B75vCY"|\n</data></match></read>
<read echo="ascii"><delim>\n</delim><match><data>rMPpz = |"OkEJ","Oe9jT","JqDP","Uzn1","B75vCY","XZgxRXE","zoe","ODIh4","Ir"|\n</data></match></read>
<read echo="ascii"><delim>\n</delim><match><data>PnMSoF = |"KY8COV","gKi0I"|\n</data></match></read>
<read echo="ascii"><delim>\n</delim><match><data>cB7fev = |"gRCIVzi","u3","w5M","zoe","Oe9jT","SD","ODIh4","Uzn1","XZgxRXE","OkEJ","JqDP","Ir","B75vCY"|\n</data></match></read>
<read echo="ascii"><delim>\n</delim><match><data>4ZlAplF = |"zoe","Oe9jT","SD","ODIh4","Uzn1","XZgxRXE","OkEJ","JqDP","Ir","B75vCY","gRCIVzi","u3","w5M"|\n</data></match></read>
<read echo="ascii"><delim>\n</delim><match><data>g6N5ih = |"gRCIVzi","u3","w5M"|\n</data></match></read>
<read echo="ascii"><delim>\n</delim><match><data>OlLH4A = |"95eN","8By1Qt","zxH"|\n</data></match></read>
<read echo="ascii"><delim>\n</delim><match><data>cimMK = |"5Ay","Ef23","MdPe","EfJb"|\n</data></match></read>
<read echo="ascii"><delim>\n</delim><match><data>7blcFUU = |"gRCIVzi","u3","w5M","5Ay","Ef23","MdPe","EfJb"|\n</data></match></read>
<read echo="ascii"><delim>\n</delim><match><data>8uOdGE = |"7gU","pAV"|\n</data></match></read>
		<read echo="ascii"><delim> </delim><match><data>\x3E </data></match></read>
		<write echo="ascii"><data>.l\n</data></write>
	</replay>
</pov>
