<?xml version="1.0" standalone="no" ?>
<!DOCTYPE pov SYSTEM "/usr/share/cgc-docs/replay.dtd"><pov>
	<cbid>CROMU_00011</cbid>
	<replay>
		<read echo="ascii"><delim> </delim><match><data>\x3E </data></match></read>
		<write echo="ascii"><data>dU5YG = |"rkP76k","SlEtQ","PvtqS","wLFOfi"|^|"xQcW83","wI2"|\n</data></write>
		<read echo="ascii"><delim> </delim><match><data>\x3E </data></match></read>
		<write echo="ascii"><data>o09QVU = |"eoG","aVfh4EV","nC"|~|"oqLRxYn","eoG","P5vUeE","aVfh4EV","sQ1ZBrY"|\n</data></write>
		<read echo="ascii"><delim> </delim><match><data>\x3E </data></match></read>
		<write echo="ascii"><data>m5UI40y = o09QVU - o09QVU\n</data></write>
		<read echo="ascii"><delim> </delim><match><data>\x3E </data></match></read>
		<write echo="ascii"><data>VkfKmKv = |"CGN5","vf7x"|~|"CbUM6"|\n</data></write>
		<read echo="ascii"><delim> </delim><match><data>\x3E </data></match></read>
		<write echo="ascii"><data>ca34JT8 = m5UI40y - dU5YG\n</data></write>
		<read echo="ascii"><delim> </delim><match><data>\x3E </data></match></read>
		<write echo="ascii"><data>9HN7wiRq5C = dU5YG ^ m5UI40y\n</data></write>
		<read echo="ascii"><delim> </delim><match><data>\x3E </data></match></read>
		<write echo="ascii"><data>BhzXQ = |"fmjnTcV","hn","4d1","evtIeAK"|^|"V7BO","s086q","fmjnTcV","hn","4L","YKF","8BiIWR"|\n</data></write>
		<read echo="ascii"><delim> </delim><match><data>\x3E </data></match></read>
		<write echo="ascii"><data>qgEJqVqNyj = dU5YG ^ o09QVU\n</data></write>
		<read echo="ascii"><delim> </delim><match><data>\x3E </data></match></read>
		<write echo="ascii"><data>OJ6prcg = |"EiYFd7g","ss","TF","RgArfbV"|~|"KkvCD","Nc","hnqH0","l38s9FR","aEO"|\n</data></write>
		<read echo="ascii"><delim> </delim><match><data>\x3E </data></match></read>
		<write echo="ascii"><data>3I4LlI1 = |"rOCL","zy","AflY","uNNV","nZ4N"|~|"nPu8oh"|\n</data></write>
		<read echo="ascii"><delim> </delim><match><data>\x3E </data></match></read>
		<write echo="ascii"><data>Z14PgH = |"t","OUBy6","ahcW9"|+|"8Nr9z","lVu","f2wA45","ahcW9","pqVI","0x","OUBy6"|\n</data></write>
		<read echo="ascii"><delim> </delim><match><data>\x3E </data></match></read>
		<write echo="ascii"><data>k7royWX = o09QVU - OJ6prcg\n</data></write>
		<read echo="ascii"><delim> </delim><match><data>\x3E </data></match></read>
		<write echo="ascii"><data>.p\n</data></write>
<read echo="ascii"><delim>\n</delim><match><data>dU5YG = ||\n</data></match></read>
<read echo="ascii"><delim>\n</delim><match><data>o09QVU = |"nC","oqLRxYn","P5vUeE","sQ1ZBrY"|\n</data></match></read>
<read echo="ascii"><delim>\n</delim><match><data>m5UI40y = ||\n</data></match></read>
<read echo="ascii"><delim>\n</delim><match><data>VkfKmKv = |"CGN5","vf7x","CbUM6"|\n</data></match></read>
<read echo="ascii"><delim>\n</delim><match><data>ca34JT8 = ||\n</data></match></read>
<read echo="ascii"><delim>\n</delim><match><data>9HN7wiRq5C = ||\n</data></match></read>
<read echo="ascii"><delim>\n</delim><match><data>BhzXQ = |"fmjnTcV","hn"|\n</data></match></read>
<read echo="ascii"><delim>\n</delim><match><data>qgEJqVqNyj = ||\n</data></match></read>
<read echo="ascii"><delim>\n</delim><match><data>OJ6prcg = |"EiYFd7g","ss","TF","RgArfbV","KkvCD","Nc","hnqH0","l38s9FR","aEO"|\n</data></match></read>
<read echo="ascii"><delim>\n</delim><match><data>3I4LlI1 = |"rOCL","zy","AflY","uNNV","nZ4N","nPu8oh"|\n</data></match></read>
<read echo="ascii"><delim>\n</delim><match><data>Z14PgH = |"t","OUBy6","ahcW9","8Nr9z","lVu","f2wA45","pqVI","0x"|\n</data></match></read>
<read echo="ascii"><delim>\n</delim><match><data>k7royWX = |"nC","oqLRxYn","P5vUeE","sQ1ZBrY"|\n</data></match></read>
		<read echo="ascii"><delim> </delim><match><data>\x3E </data></match></read>
		<write echo="ascii"><data>.l\n</data></write>
	</replay>
</pov>
