<?xml version="1.0" standalone="no" ?>
<!DOCTYPE pov SYSTEM "/usr/share/cgc-docs/replay.dtd"><pov>
	<cbid>CROMU_00011</cbid>
	<replay>
		<read echo="ascii"><delim> </delim><match><data>\x3E </data></match></read>
		<write echo="ascii"><data>qt9i4 = |"Vs","HeZ6B9o","SOhyX","Eeky5Jw","TxZQe5","5IQI","Icp6"|\n</data></write>
		<read echo="ascii"><delim> </delim><match><data>\x3E </data></match></read>
		<write echo="ascii"><data>l8zHxyO = |"SOhyX","Eeky5Jw","5IQI","HeZ6B9o","TxZQe5","W3Xxj8tGhF"|\n</data></write>
		<read echo="ascii"><delim> </delim><match><data>\x3E </data></match></read>
		<write echo="ascii"><data>l8zHxyO@qt9i4\n</data></write>
		<read echo="ascii"><delim>\n</delim><match><data>FALSE\n</data></match></read>
		<read echo="ascii"><delim> </delim><match><data>\x3E </data></match></read>
		<write echo="ascii"><data>RLDYZn1 = |"Vcl0K"|^|"OWqN","DB","R88","izaNl"|\n</data></write>
		<read echo="ascii"><delim> </delim><match><data>\x3E </data></match></read>
		<write echo="ascii"><data>rWYs8o = qt9i4 ~ qt9i4\n</data></write>
		<read echo="ascii"><delim> </delim><match><data>\x3E </data></match></read>
		<write echo="ascii"><data>l80g5EJ = l8zHxyO ^ rWYs8o\n</data></write>
		<read echo="ascii"><delim> </delim><match><data>\x3E </data></match></read>
		<write echo="ascii"><data>2MRud3 = l8zHxyO + RLDYZn1\n</data></write>
		<read echo="ascii"><delim> </delim><match><data>\x3E </data></match></read>
		<write echo="ascii"><data>6G89S3 = 2MRud3 - rWYs8o\n</data></write>
		<read echo="ascii"><delim> </delim><match><data>\x3E </data></match></read>
		<write echo="ascii"><data>MtQNSsF = l8zHxyO - RLDYZn1\n</data></write>
		<read echo="ascii"><delim> </delim><match><data>\x3E </data></match></read>
		<write echo="ascii"><data>bpf03C = |"o","HS4U"|+|"lFl0LDP","LWpT","fW","r3q0","2"|\n</data></write>
		<read echo="ascii"><delim> </delim><match><data>\x3E </data></match></read>
		<write echo="ascii"><data>M2rXE7Q = |"Pva","zf"|^|"4dQg","YBXHTFh","g7NV","04ErMJ","zf","Cj"|\n</data></write>
		<read echo="ascii"><delim> </delim><match><data>\x3E </data></match></read>
		<write echo="ascii"><data>y74H4A = |"AZ","YwoIq","WmZrQPA","i9n0u","1Xn","UcEWom"|\n</data></write>
		<read echo="ascii"><delim> </delim><match><data>\x3E </data></match></read>
		<write echo="ascii"><data>MpkGwHV = |"WmZrQPA","UcEWom","1Xn","i9n0u","YwoIq","AOuuOeiJ7m"|\n</data></write>
		<read echo="ascii"><delim> </delim><match><data>\x3E </data></match></read>
		<write echo="ascii"><data>MpkGwHV@y74H4A\n</data></write>
		<read echo="ascii"><delim>\n</delim><match><data>FALSE\n</data></match></read>
		<read echo="ascii"><delim> </delim><match><data>\x3E </data></match></read>
		<write echo="ascii"><data>4Tizwq = M2rXE7Q ~ l80g5EJ\n</data></write>
		<read echo="ascii"><delim> </delim><match><data>\x3E </data></match></read>
		<write echo="ascii"><data>.p\n</data></write>
<read echo="ascii"><delim>\n</delim><match><data>qt9i4 = |"Vs","HeZ6B9o","SOhyX","Eeky5Jw","TxZQe5","5IQI","Icp6"|\n</data></match></read>
<read echo="ascii"><delim>\n</delim><match><data>l8zHxyO = |"SOhyX","Eeky5Jw","5IQI","HeZ6B9o","TxZQe5","W3Xxj8tGhF"|\n</data></match></read>
<read echo="ascii"><delim>\n</delim><match><data>RLDYZn1 = ||\n</data></match></read>
<read echo="ascii"><delim>\n</delim><match><data>rWYs8o = ||\n</data></match></read>
<read echo="ascii"><delim>\n</delim><match><data>l80g5EJ = ||\n</data></match></read>
<read echo="ascii"><delim>\n</delim><match><data>2MRud3 = |"SOhyX","Eeky5Jw","5IQI","HeZ6B9o","TxZQe5","W3Xxj8tGhF"|\n</data></match></read>
<read echo="ascii"><delim>\n</delim><match><data>6G89S3 = |"SOhyX","Eeky5Jw","5IQI","HeZ6B9o","TxZQe5","W3Xxj8tGhF"|\n</data></match></read>
<read echo="ascii"><delim>\n</delim><match><data>MtQNSsF = |"SOhyX","Eeky5Jw","5IQI","HeZ6B9o","TxZQe5","W3Xxj8tGhF"|\n</data></match></read>
<read echo="ascii"><delim>\n</delim><match><data>bpf03C = |"o","HS4U","lFl0LDP","LWpT","fW","r3q0","2"|\n</data></match></read>
<read echo="ascii"><delim>\n</delim><match><data>M2rXE7Q = |"zf"|\n</data></match></read>
<read echo="ascii"><delim>\n</delim><match><data>y74H4A = |"AZ","YwoIq","WmZrQPA","i9n0u","1Xn","UcEWom"|\n</data></match></read>
<read echo="ascii"><delim>\n</delim><match><data>MpkGwHV = |"WmZrQPA","UcEWom","1Xn","i9n0u","YwoIq","AOuuOeiJ7m"|\n</data></match></read>
<read echo="ascii"><delim>\n</delim><match><data>4Tizwq = |"zf"|\n</data></match></read>
		<read echo="ascii"><delim> </delim><match><data>\x3E </data></match></read>
		<write echo="ascii"><data>.l\n</data></write>
	</replay>
</pov>
