<?xml version="1.0" standalone="no" ?>
<!DOCTYPE pov SYSTEM "/usr/share/cgc-docs/replay.dtd"><pov>
	<cbid>CROMU_00011</cbid>
	<replay>
		<read echo="ascii"><delim> </delim><match><data>\x3E </data></match></read>
		<write echo="ascii"><data>V1BkGP = |"9E9lX7","SW6"|+|"14","Xu9Byo"|\n</data></write>
		<read echo="ascii"><delim> </delim><match><data>\x3E </data></match></read>
		<write echo="ascii"><data>L3KgOfog = V1BkGP ^ V1BkGP\n</data></write>
		<read echo="ascii"><delim> </delim><match><data>\x3E </data></match></read>
		<write echo="ascii"><data>9VC0pA2 = |"97","uybslXI","FjSbpoT","NUt","a01w"|+|"eYZKXQE","iE","Cbiee","jJuIR","4","x","Dp3"|\n</data></write>
		<read echo="ascii"><delim> </delim><match><data>\x3E </data></match></read>
		<write echo="ascii"><data>hFpw44M3 = V1BkGP ^ L3KgOfog\n</data></write>
		<read echo="ascii"><delim> </delim><match><data>\x3E </data></match></read>
		<write echo="ascii"><data>8WAiS9 = |"fWl5","UyGrJq","t3MWi5","s8jQ"|+|"kl","NYB6ggN","s8jQ","G","S7q9"|\n</data></write>
		<read echo="ascii"><delim> </delim><match><data>\x3E </data></match></read>
		<write echo="ascii"><data>p7xtMnCHFE = 9VC0pA2 ^ 9VC0pA2\n</data></write>
		<read echo="ascii"><delim> </delim><match><data>\x3E </data></match></read>
		<write echo="ascii"><data>fJQ54 = L3KgOfog ~ L3KgOfog\n</data></write>
		<read echo="ascii"><delim> </delim><match><data>\x3E </data></match></read>
		<write echo="ascii"><data>2CGbd7sUW = 8WAiS9 ^ hFpw44M3\n</data></write>
		<read echo="ascii"><delim> </delim><match><data>\x3E </data></match></read>
		<write echo="ascii"><data>ws6SiK = V1BkGP + fJQ54\n</data></write>
		<read echo="ascii"><delim> </delim><match><data>\x3E </data></match></read>
		<write echo="ascii"><data>o7hETU = p7xtMnCHFE - V1BkGP\n</data></write>
		<read echo="ascii"><delim> </delim><match><data>\x3E </data></match></read>
		<write echo="ascii"><data>aUDBu = |"kE","NuodtZ","BzXrx","9","B","K","1HNs1Me"|-|"SQgU","9","KR5","BzXrx"|\n</data></write>
		<read echo="ascii"><delim> </delim><match><data>\x3E </data></match></read>
		<write echo="ascii"><data>gl07CHI = aUDBu ~ aUDBu\n</data></write>
		<read echo="ascii"><delim> </delim><match><data>\x3E </data></match></read>
		<write echo="ascii"><data>lgBaqve = |"SrnZMy","d2","8grLpj","4y","XZmQN","t2U","Lf","54BqkBu"|\n</data></write>
		<read echo="ascii"><delim> </delim><match><data>\x3E </data></match></read>
		<write echo="ascii"><data>PLxwq = |"d2","4y","Lf","t2U","XZmQN","8grLpj","54BqkBu"|\n</data></write>
		<read echo="ascii"><delim> </delim><match><data>\x3E </data></match></read>
		<write echo="ascii"><data>PLxwq@lgBaqve\n</data></write>
		<read echo="ascii"><delim>\n</delim><match><data>TRUE\n</data></match></read>
		<read echo="ascii"><delim> </delim><match><data>\x3E </data></match></read>
		<write echo="ascii"><data>VtcHcbs = |"jA8kh2c","Ofc","Q8KuifX","7a","5dC","qBu"|\n</data></write>
		<read echo="ascii"><delim> </delim><match><data>\x3E </data></match></read>
		<write echo="ascii"><data>vpus8sC = |"5dC","qBu","Ofc","Q8KuifX","s4FQdpyxnT"|\n</data></write>
		<read echo="ascii"><delim> </delim><match><data>\x3E </data></match></read>
		<write echo="ascii"><data>vpus8sC@VtcHcbs\n</data></write>
		<read echo="ascii"><delim>\n</delim><match><data>FALSE\n</data></match></read>
		<read echo="ascii"><delim> </delim><match><data>\x3E </data></match></read>
		<write echo="ascii"><data>.p\n</data></write>
<read echo="ascii"><delim>\n</delim><match><data>V1BkGP = |"9E9lX7","SW6","14","Xu9Byo"|\n</data></match></read>
<read echo="ascii"><delim>\n</delim><match><data>L3KgOfog = |"9E9lX7","SW6","14","Xu9Byo"|\n</data></match></read>
<read echo="ascii"><delim>\n</delim><match><data>9VC0pA2 = |"97","uybslXI","FjSbpoT","NUt","a01w","eYZKXQE","iE","Cbiee","jJuIR","4","x","Dp3"|\n</data></match></read>
<read echo="ascii"><delim>\n</delim><match><data>hFpw44M3 = |"9E9lX7","SW6","14","Xu9Byo"|\n</data></match></read>
<read echo="ascii"><delim>\n</delim><match><data>8WAiS9 = |"fWl5","UyGrJq","t3MWi5","s8jQ","kl","NYB6ggN","G","S7q9"|\n</data></match></read>
<read echo="ascii"><delim>\n</delim><match><data>p7xtMnCHFE = |"97","uybslXI","FjSbpoT","NUt","a01w","eYZKXQE","iE","Cbiee","jJuIR","4","x","Dp3"|\n</data></match></read>
<read echo="ascii"><delim>\n</delim><match><data>fJQ54 = ||\n</data></match></read>
<read echo="ascii"><delim>\n</delim><match><data>2CGbd7sUW = ||\n</data></match></read>
<read echo="ascii"><delim>\n</delim><match><data>ws6SiK = |"9E9lX7","SW6","14","Xu9Byo"|\n</data></match></read>
<read echo="ascii"><delim>\n</delim><match><data>o7hETU = |"97","uybslXI","FjSbpoT","NUt","a01w","eYZKXQE","iE","Cbiee","jJuIR","4","x","Dp3"|\n</data></match></read>
<read echo="ascii"><delim>\n</delim><match><data>aUDBu = |"kE","NuodtZ","B","K","1HNs1Me"|\n</data></match></read>
<read echo="ascii"><delim>\n</delim><match><data>gl07CHI = ||\n</data></match></read>
<read echo="ascii"><delim>\n</delim><match><data>lgBaqve = |"SrnZMy","d2","8grLpj","4y","XZmQN","t2U","Lf","54BqkBu"|\n</data></match></read>
<read echo="ascii"><delim>\n</delim><match><data>PLxwq = |"d2","4y","Lf","t2U","XZmQN","8grLpj","54BqkBu"|\n</data></match></read>
<read echo="ascii"><delim>\n</delim><match><data>VtcHcbs = |"jA8kh2c","Ofc","Q8KuifX","7a","5dC","qBu"|\n</data></match></read>
<read echo="ascii"><delim>\n</delim><match><data>vpus8sC = |"5dC","qBu","Ofc","Q8KuifX","s4FQdpyxnT"|\n</data></match></read>
		<read echo="ascii"><delim> </delim><match><data>\x3E </data></match></read>
		<write echo="ascii"><data>.l\n</data></write>
	</replay>
</pov>
