<?xml version="1.0" standalone="no" ?>
<!DOCTYPE pov SYSTEM "/usr/share/cgc-docs/replay.dtd"><pov>
	<cbid>CROMU_00011</cbid>
	<replay>
		<read echo="ascii"><delim> </delim><match><data>\x3E </data></match></read>
		<write echo="ascii"><data>vzjv9p = |"h6","6TzA7u","cO96l"|-|"8","6TzA7u","7hhd6V4","lP2","7GFfuL"|\n</data></write>
		<read echo="ascii"><delim> </delim><match><data>\x3E </data></match></read>
		<write echo="ascii"><data>f02vJhC = |"wqY6QWZ","Dz","rdN","Z9J26","EDIhGND","k9Xk","aRW9SH"|\n</data></write>
		<read echo="ascii"><delim> </delim><match><data>\x3E </data></match></read>
		<write echo="ascii"><data>nDDMmx = |"Z9J26","EDIhGND","wqY6QWZ","aRW9SH","k9Xk","V7R8KY4XZE"|\n</data></write>
		<read echo="ascii"><delim> </delim><match><data>\x3E </data></match></read>
		<write echo="ascii"><data>nDDMmx@f02vJhC\n</data></write>
		<read echo="ascii"><delim>\n</delim><match><data>FALSE\n</data></match></read>
		<read echo="ascii"><delim> </delim><match><data>\x3E </data></match></read>
		<write echo="ascii"><data>UjrbVp = nDDMmx + nDDMmx\n</data></write>
		<read echo="ascii"><delim> </delim><match><data>\x3E </data></match></read>
		<write echo="ascii"><data>hHUM5r = nDDMmx ~ nDDMmx\n</data></write>
		<read echo="ascii"><delim> </delim><match><data>\x3E </data></match></read>
		<write echo="ascii"><data>mi887dh = |"CMhub","986E","FdOMi8p","BIcp","mVpRx","cZRp","wvy9"|-|"wvy9","GNNLVMa","e"|\n</data></write>
		<read echo="ascii"><delim> </delim><match><data>\x3E </data></match></read>
		<write echo="ascii"><data>l2u80 = vzjv9p - nDDMmx\n</data></write>
		<read echo="ascii"><delim> </delim><match><data>\x3E </data></match></read>
		<write echo="ascii"><data>HC7YyTt = |"H6T","Xn2ZM0I","jP","b77QrU4","Pi2bwOO"|^|"jP"|\n</data></write>
		<read echo="ascii"><delim> </delim><match><data>\x3E </data></match></read>
		<write echo="ascii"><data>XdI0DFS = |"3AamU"|^|"wq","FY","H05ft","DsiK9Lp","XbytxQ","qDYvmy"|\n</data></write>
		<read echo="ascii"><delim> </delim><match><data>\x3E </data></match></read>
		<write echo="ascii"><data>VItJmY = |"UOXWj","Fshd","DqY4IJ","V","6fIN","nJXcrBw"|-|"6fIN","2FYsBp","qRe2pN"|\n</data></write>
		<read echo="ascii"><delim> </delim><match><data>\x3E </data></match></read>
		<write echo="ascii"><data>6rU8nYNhW = vzjv9p ^ nDDMmx\n</data></write>
		<read echo="ascii"><delim> </delim><match><data>\x3E </data></match></read>
		<write echo="ascii"><data>xRch7R = VItJmY - nDDMmx\n</data></write>
		<read echo="ascii"><delim> </delim><match><data>\x3E </data></match></read>
		<write echo="ascii"><data>.p\n</data></write>
<read echo="ascii"><delim>\n</delim><match><data>vzjv9p = |"h6","cO96l"|\n</data></match></read>
<read echo="ascii"><delim>\n</delim><match><data>f02vJhC = |"wqY6QWZ","Dz","rdN","Z9J26","EDIhGND","k9Xk","aRW9SH"|\n</data></match></read>
<read echo="ascii"><delim>\n</delim><match><data>nDDMmx = |"Z9J26","EDIhGND","wqY6QWZ","aRW9SH","k9Xk","V7R8KY4XZE"|\n</data></match></read>
<read echo="ascii"><delim>\n</delim><match><data>UjrbVp = |"Z9J26","EDIhGND","wqY6QWZ","aRW9SH","k9Xk","V7R8KY4XZE"|\n</data></match></read>
<read echo="ascii"><delim>\n</delim><match><data>hHUM5r = ||\n</data></match></read>
<read echo="ascii"><delim>\n</delim><match><data>mi887dh = |"CMhub","986E","FdOMi8p","BIcp","mVpRx","cZRp"|\n</data></match></read>
<read echo="ascii"><delim>\n</delim><match><data>l2u80 = |"h6","cO96l"|\n</data></match></read>
<read echo="ascii"><delim>\n</delim><match><data>HC7YyTt = |"jP"|\n</data></match></read>
<read echo="ascii"><delim>\n</delim><match><data>XdI0DFS = ||\n</data></match></read>
<read echo="ascii"><delim>\n</delim><match><data>VItJmY = |"UOXWj","Fshd","DqY4IJ","V","nJXcrBw"|\n</data></match></read>
<read echo="ascii"><delim>\n</delim><match><data>6rU8nYNhW = ||\n</data></match></read>
<read echo="ascii"><delim>\n</delim><match><data>xRch7R = |"UOXWj","Fshd","DqY4IJ","V","nJXcrBw"|\n</data></match></read>
		<read echo="ascii"><delim> </delim><match><data>\x3E </data></match></read>
		<write echo="ascii"><data>.l\n</data></write>
	</replay>
</pov>
