<?xml version="1.0" standalone="no" ?>
<!DOCTYPE pov SYSTEM "/usr/share/cgc-docs/replay.dtd"><pov>
	<cbid>CROMU_00011</cbid>
	<replay>
		<read echo="ascii"><delim> </delim><match><data>\x3E </data></match></read>
		<write echo="ascii"><data>KNzBnr = |"nEyhaWY","DJpq3ev","Q4NSP"|^|"N9bXa","ARVWB","WLvp3sM","DBF","Y3Pypa"|\n</data></write>
		<read echo="ascii"><delim> </delim><match><data>\x3E </data></match></read>
		<write echo="ascii"><data>TX2uu = |"sik7","ehBeWv"|~|"i","WN"|\n</data></write>
		<read echo="ascii"><delim> </delim><match><data>\x3E </data></match></read>
		<write echo="ascii"><data>yJ5zVBsa = KNzBnr ^ KNzBnr\n</data></write>
		<read echo="ascii"><delim> </delim><match><data>\x3E </data></match></read>
		<write echo="ascii"><data>nStbvud = TX2uu + KNzBnr\n</data></write>
		<read echo="ascii"><delim> </delim><match><data>\x3E </data></match></read>
		<write echo="ascii"><data>iHaA7vE = yJ5zVBsa + KNzBnr\n</data></write>
		<read echo="ascii"><delim> </delim><match><data>\x3E </data></match></read>
		<write echo="ascii"><data>oAgIs = |"6uO","BNa","Nc","pNS","NUHfa"|+|"pXYv","U0QG"|\n</data></write>
		<read echo="ascii"><delim> </delim><match><data>\x3E </data></match></read>
		<write echo="ascii"><data>ck99vKY = |"Bu","ZBI","PP32zc"|~|"nJGL","WUX","s6z12O"|\n</data></write>
		<read echo="ascii"><delim> </delim><match><data>\x3E </data></match></read>
		<write echo="ascii"><data>DKSUT2w = |"kDfjYj","G873","nPlElt","QZ6L5Rl","Ei","e6","L2ez7y"|^|"nPlElt","QZ6L5Rl","4LA","e6"|\n</data></write>
		<read echo="ascii"><delim> </delim><match><data>\x3E </data></match></read>
		<write echo="ascii"><data>k7FpJ = iHaA7vE ^ iHaA7vE\n</data></write>
		<read echo="ascii"><delim> </delim><match><data>\x3E </data></match></read>
		<write echo="ascii"><data>P8YIWy = KNzBnr + yJ5zVBsa\n</data></write>
		<read echo="ascii"><delim> </delim><match><data>\x3E </data></match></read>
		<write echo="ascii"><data>.p\n</data></write>
<read echo="ascii"><delim>\n</delim><match><data>KNzBnr = ||\n</data></match></read>
<read echo="ascii"><delim>\n</delim><match><data>TX2uu = |"sik7","ehBeWv","i","WN"|\n</data></match></read>
<read echo="ascii"><delim>\n</delim><match><data>yJ5zVBsa = ||\n</data></match></read>
<read echo="ascii"><delim>\n</delim><match><data>nStbvud = |"sik7","ehBeWv","i","WN"|\n</data></match></read>
<read echo="ascii"><delim>\n</delim><match><data>iHaA7vE = ||\n</data></match></read>
<read echo="ascii"><delim>\n</delim><match><data>oAgIs = |"6uO","BNa","Nc","pNS","NUHfa","pXYv","U0QG"|\n</data></match></read>
<read echo="ascii"><delim>\n</delim><match><data>ck99vKY = |"Bu","ZBI","PP32zc","nJGL","WUX","s6z12O"|\n</data></match></read>
<read echo="ascii"><delim>\n</delim><match><data>DKSUT2w = |"nPlElt","QZ6L5Rl","e6"|\n</data></match></read>
<read echo="ascii"><delim>\n</delim><match><data>k7FpJ = ||\n</data></match></read>
<read echo="ascii"><delim>\n</delim><match><data>P8YIWy = ||\n</data></match></read>
		<read echo="ascii"><delim> </delim><match><data>\x3E </data></match></read>
		<write echo="ascii"><data>.l\n</data></write>
	</replay>
</pov>
