<?xml version="1.0" standalone="no" ?>
<!DOCTYPE pov SYSTEM "/usr/share/cgc-docs/replay.dtd"><pov>
	<cbid>CROMU_00011</cbid>
	<replay>
		<read echo="ascii"><delim> </delim><match><data>\x3E </data></match></read>
		<write echo="ascii"><data>n7ju5Dv = |"DTN","aF","t","C3EUab"|-|"aF","lLcQZ","zC0glJ","HCIvt","DTN"|\n</data></write>
		<read echo="ascii"><delim> </delim><match><data>\x3E </data></match></read>
		<write echo="ascii"><data>WKMNfF = n7ju5Dv + n7ju5Dv\n</data></write>
		<read echo="ascii"><delim> </delim><match><data>\x3E </data></match></read>
		<write echo="ascii"><data>64GLgd = WKMNfF ~ WKMNfF\n</data></write>
		<read echo="ascii"><delim> </delim><match><data>\x3E </data></match></read>
		<write echo="ascii"><data>LvwATPO = |"gtZ","oJq","Zg","mY","K","WR9b6"|-|"iq","paY0Psn","vv","3Xzy","D5zZ","zJl0","3M"|\n</data></write>
		<read echo="ascii"><delim> </delim><match><data>\x3E </data></match></read>
		<write echo="ascii"><data>dUAAh = |"FIU9pL","eqP6ima","JDo","llqOW3h"|^|"bL","yz","gaqvn","aFRt20w","AKA","cnFl"|\n</data></write>
		<read echo="ascii"><delim> </delim><match><data>\x3E </data></match></read>
		<write echo="ascii"><data>VlSyoh = |"ik","6o1cyc","g7PHvjL","LitdT","IE","VbrzdU","eEM"|+|"ZKx","m","YNrkY1","LYm3c6p","Nbwfx","LitdT","eEM"|\n</data></write>
		<read echo="ascii"><delim> </delim><match><data>\x3E </data></match></read>
		<write echo="ascii"><data>HjUgvTP = |"cp","gG5e0QN"|^|"fvAI","cp","S2cWiNu","pnKzyKO","jCxzt","LP"|\n</data></write>
		<read echo="ascii"><delim> </delim><match><data>\x3E </data></match></read>
		<write echo="ascii"><data>bn5oNwS = |"Xcm","A","G"|~|"9","l0urUQr","xln5","t","A","ykeFg"|\n</data></write>
		<read echo="ascii"><delim> </delim><match><data>\x3E </data></match></read>
		<write echo="ascii"><data>vDITlr = |"bXW9","l0","Dag","j"|+|"j","VB","oMgISQD","Rk","0","bXW9"|\n</data></write>
		<read echo="ascii"><delim> </delim><match><data>\x3E </data></match></read>
		<write echo="ascii"><data>.p\n</data></write>
<read echo="ascii"><delim>\n</delim><match><data>n7ju5Dv = |"t","C3EUab"|\n</data></match></read>
<read echo="ascii"><delim>\n</delim><match><data>WKMNfF = |"t","C3EUab"|\n</data></match></read>
<read echo="ascii"><delim>\n</delim><match><data>64GLgd = ||\n</data></match></read>
<read echo="ascii"><delim>\n</delim><match><data>LvwATPO = |"gtZ","oJq","Zg","mY","K","WR9b6"|\n</data></match></read>
<read echo="ascii"><delim>\n</delim><match><data>dUAAh = ||\n</data></match></read>
<read echo="ascii"><delim>\n</delim><match><data>VlSyoh = |"ik","6o1cyc","g7PHvjL","LitdT","IE","VbrzdU","eEM","ZKx","m","YNrkY1","LYm3c6p","Nbwfx"|\n</data></match></read>
<read echo="ascii"><delim>\n</delim><match><data>HjUgvTP = |"cp"|\n</data></match></read>
<read echo="ascii"><delim>\n</delim><match><data>bn5oNwS = |"Xcm","G","9","l0urUQr","xln5","t","ykeFg"|\n</data></match></read>
<read echo="ascii"><delim>\n</delim><match><data>vDITlr = |"bXW9","l0","Dag","j","VB","oMgISQD","Rk","0"|\n</data></match></read>
		<read echo="ascii"><delim> </delim><match><data>\x3E </data></match></read>
		<write echo="ascii"><data>.l\n</data></write>
	</replay>
</pov>
