<?xml version="1.0" standalone="no" ?>
<!DOCTYPE pov SYSTEM "/usr/share/cgc-docs/replay.dtd"><pov>
	<cbid>CROMU_00011</cbid>
	<replay>
		<read echo="ascii"><delim> </delim><match><data>\x3E </data></match></read>
		<write echo="ascii"><data>fqxcT1d = |"I1feK","vJkd"|^|"J2","m5dJQK","ZCDq2","MbeQTX"|\n</data></write>
		<read echo="ascii"><delim> </delim><match><data>\x3E </data></match></read>
		<write echo="ascii"><data>R45Nu = |"5okVOn","oQs11","p"|-|"oQs11","HXz","ei"|\n</data></write>
		<read echo="ascii"><delim> </delim><match><data>\x3E </data></match></read>
		<write echo="ascii"><data>JYD1rLc = R45Nu + fqxcT1d\n</data></write>
		<read echo="ascii"><delim> </delim><match><data>\x3E </data></match></read>
		<write echo="ascii"><data>vZDvD = fqxcT1d + R45Nu\n</data></write>
		<read echo="ascii"><delim> </delim><match><data>\x3E </data></match></read>
		<write echo="ascii"><data>1X7GMO = JYD1rLc ~ R45Nu\n</data></write>
		<read echo="ascii"><delim> </delim><match><data>\x3E </data></match></read>
		<write echo="ascii"><data>fYcNSt1 = JYD1rLc ~ fqxcT1d\n</data></write>
		<read echo="ascii"><delim> </delim><match><data>\x3E </data></match></read>
		<write echo="ascii"><data>sJZQ1y = |"a"|~|"lneZ","f7tkQE","1p","a","vmLau","K5ywQ"|\n</data></write>
		<read echo="ascii"><delim> </delim><match><data>\x3E </data></match></read>
		<write echo="ascii"><data>6knIUnW = |"0NVMYfU","P","kT"|+|"N"|\n</data></write>
		<read echo="ascii"><delim> </delim><match><data>\x3E </data></match></read>
		<write echo="ascii"><data>rOuVyW = 6knIUnW ~ fqxcT1d\n</data></write>
		<read echo="ascii"><delim> </delim><match><data>\x3E </data></match></read>
		<write echo="ascii"><data>wx6s0pBx = JYD1rLc ^ fYcNSt1\n</data></write>
		<read echo="ascii"><delim> </delim><match><data>\x3E </data></match></read>
		<write echo="ascii"><data>GnRiO = 1X7GMO - fYcNSt1\n</data></write>
		<read echo="ascii"><delim> </delim><match><data>\x3E </data></match></read>
		<write echo="ascii"><data>.p\n</data></write>
<read echo="ascii"><delim>\n</delim><match><data>fqxcT1d = ||\n</data></match></read>
<read echo="ascii"><delim>\n</delim><match><data>R45Nu = |"5okVOn","p"|\n</data></match></read>
<read echo="ascii"><delim>\n</delim><match><data>JYD1rLc = |"5okVOn","p"|\n</data></match></read>
<read echo="ascii"><delim>\n</delim><match><data>vZDvD = |"5okVOn","p"|\n</data></match></read>
<read echo="ascii"><delim>\n</delim><match><data>1X7GMO = ||\n</data></match></read>
<read echo="ascii"><delim>\n</delim><match><data>fYcNSt1 = |"5okVOn","p"|\n</data></match></read>
<read echo="ascii"><delim>\n</delim><match><data>sJZQ1y = |"lneZ","f7tkQE","1p","vmLau","K5ywQ"|\n</data></match></read>
<read echo="ascii"><delim>\n</delim><match><data>6knIUnW = |"0NVMYfU","P","kT","N"|\n</data></match></read>
<read echo="ascii"><delim>\n</delim><match><data>rOuVyW = |"0NVMYfU","P","kT","N"|\n</data></match></read>
<read echo="ascii"><delim>\n</delim><match><data>wx6s0pBx = |"5okVOn","p"|\n</data></match></read>
<read echo="ascii"><delim>\n</delim><match><data>GnRiO = ||\n</data></match></read>
		<read echo="ascii"><delim> </delim><match><data>\x3E </data></match></read>
		<write echo="ascii"><data>.l\n</data></write>
	</replay>
</pov>
