<?xml version="1.0" standalone="no" ?>
<!DOCTYPE pov SYSTEM "/usr/share/cgc-docs/replay.dtd"><pov>
	<cbid>CROMU_00011</cbid>
	<replay>
		<read echo="ascii"><delim> </delim><match><data>\x3E </data></match></read>
		<write echo="ascii"><data>5C1gM = |"ZB5Un"|+|"F","CEjji","Qm5VT","wcrN0","kfP"|\n</data></write>
		<read echo="ascii"><delim> </delim><match><data>\x3E </data></match></read>
		<write echo="ascii"><data>NoAeI = |"hEa4MSD","Dd","DO"|^|"nKnbcm"|\n</data></write>
		<read echo="ascii"><delim> </delim><match><data>\x3E </data></match></read>
		<write echo="ascii"><data>yFlof = |"s5e666","TZc3T","n4i","SEUFM","K","3Vvqk","PfTzHoX"|+|"MPXur","ztzEzuT"|\n</data></write>
		<read echo="ascii"><delim> </delim><match><data>\x3E </data></match></read>
		<write echo="ascii"><data>v5fomjjPRV = NoAeI ^ NoAeI\n</data></write>
		<read echo="ascii"><delim> </delim><match><data>\x3E </data></match></read>
		<write echo="ascii"><data>MyYqL = yFlof + v5fomjjPRV\n</data></write>
		<read echo="ascii"><delim> </delim><match><data>\x3E </data></match></read>
		<write echo="ascii"><data>1dWL2BdYh = yFlof ^ MyYqL\n</data></write>
		<read echo="ascii"><delim> </delim><match><data>\x3E </data></match></read>
		<write echo="ascii"><data>XykwN = |"Bdsnx","sF","8h3Y0","9P","S97","q"|-|"x","Gj92c","pHAdJ","NoEPj","8h3Y0","sezR","nxy"|\n</data></write>
		<read echo="ascii"><delim> </delim><match><data>\x3E </data></match></read>
		<write echo="ascii"><data>tny85uA = |"B1UQB","isnm00","O9qB9cb","Aqi4G","3hrDs","gS5b","P3mZU"|\n</data></write>
		<read echo="ascii"><delim> </delim><match><data>\x3E </data></match></read>
		<write echo="ascii"><data>A0weA07 = |"gS5b","QIJGoV2S8P"|\n</data></write>
		<read echo="ascii"><delim> </delim><match><data>\x3E </data></match></read>
		<write echo="ascii"><data>A0weA07@tny85uA\n</data></write>
		<read echo="ascii"><delim>\n</delim><match><data>FALSE\n</data></match></read>
		<read echo="ascii"><delim> </delim><match><data>\x3E </data></match></read>
		<write echo="ascii"><data>0v54u = 1dWL2BdYh + v5fomjjPRV\n</data></write>
		<read echo="ascii"><delim> </delim><match><data>\x3E </data></match></read>
		<write echo="ascii"><data>kcBjNBn = tny85uA ~ A0weA07\n</data></write>
		<read echo="ascii"><delim> </delim><match><data>\x3E </data></match></read>
		<write echo="ascii"><data>jJ9Wa3c = A0weA07 + kcBjNBn\n</data></write>
		<read echo="ascii"><delim> </delim><match><data>\x3E </data></match></read>
		<write echo="ascii"><data>a1DsV3 = 5C1gM + yFlof\n</data></write>
		<read echo="ascii"><delim> </delim><match><data>\x3E </data></match></read>
		<write echo="ascii"><data>o4Fw4 = |"EMIR6i","Re2elCj","x8","JU3QDyf","kOyuniP"|^|"l7","thdoX","XNUjN"|\n</data></write>
		<read echo="ascii"><delim> </delim><match><data>\x3E </data></match></read>
		<write echo="ascii"><data>R5GYy0m = tny85uA - A0weA07\n</data></write>
		<read echo="ascii"><delim> </delim><match><data>\x3E </data></match></read>
		<write echo="ascii"><data>mBqSm = |"vbi","gR6QC9","gzA","t","t9b","tu5rN"|~|"PqpYP8u","d7gW","F"|\n</data></write>
		<read echo="ascii"><delim> </delim><match><data>\x3E </data></match></read>
		<write echo="ascii"><data>.p\n</data></write>
<read echo="ascii"><delim>\n</delim><match><data>5C1gM = |"ZB5Un","F","CEjji","Qm5VT","wcrN0","kfP"|\n</data></match></read>
<read echo="ascii"><delim>\n</delim><match><data>NoAeI = ||\n</data></match></read>
<read echo="ascii"><delim>\n</delim><match><data>yFlof = |"s5e666","TZc3T","n4i","SEUFM","K","3Vvqk","PfTzHoX","MPXur","ztzEzuT"|\n</data></match></read>
<read echo="ascii"><delim>\n</delim><match><data>v5fomjjPRV = ||\n</data></match></read>
<read echo="ascii"><delim>\n</delim><match><data>MyYqL = |"s5e666","TZc3T","n4i","SEUFM","K","3Vvqk","PfTzHoX","MPXur","ztzEzuT"|\n</data></match></read>
<read echo="ascii"><delim>\n</delim><match><data>1dWL2BdYh = |"s5e666","TZc3T","n4i","SEUFM","K","3Vvqk","PfTzHoX","MPXur","ztzEzuT"|\n</data></match></read>
<read echo="ascii"><delim>\n</delim><match><data>XykwN = |"Bdsnx","sF","9P","S97","q"|\n</data></match></read>
<read echo="ascii"><delim>\n</delim><match><data>tny85uA = |"B1UQB","isnm00","O9qB9cb","Aqi4G","3hrDs","gS5b","P3mZU"|\n</data></match></read>
<read echo="ascii"><delim>\n</delim><match><data>A0weA07 = |"gS5b","QIJGoV2S8P"|\n</data></match></read>
<read echo="ascii"><delim>\n</delim><match><data>0v54u = |"s5e666","TZc3T","n4i","SEUFM","K","3Vvqk","PfTzHoX","MPXur","ztzEzuT"|\n</data></match></read>
<read echo="ascii"><delim>\n</delim><match><data>kcBjNBn = |"B1UQB","isnm00","O9qB9cb","Aqi4G","3hrDs","P3mZU","QIJGoV2S8P"|\n</data></match></read>
<read echo="ascii"><delim>\n</delim><match><data>jJ9Wa3c = |"gS5b","QIJGoV2S8P","B1UQB","isnm00","O9qB9cb","Aqi4G","3hrDs","P3mZU"|\n</data></match></read>
<read echo="ascii"><delim>\n</delim><match><data>a1DsV3 = |"ZB5Un","F","CEjji","Qm5VT","wcrN0","kfP","s5e666","TZc3T","n4i","SEUFM","K","3Vvqk","PfTzHoX","MPXur","ztzEzuT"|\n</data></match></read>
<read echo="ascii"><delim>\n</delim><match><data>o4Fw4 = ||\n</data></match></read>
<read echo="ascii"><delim>\n</delim><match><data>R5GYy0m = |"B1UQB","isnm00","O9qB9cb","Aqi4G","3hrDs","P3mZU"|\n</data></match></read>
<read echo="ascii"><delim>\n</delim><match><data>mBqSm = |"vbi","gR6QC9","gzA","t","t9b","tu5rN","PqpYP8u","d7gW","F"|\n</data></match></read>
		<read echo="ascii"><delim> </delim><match><data>\x3E </data></match></read>
		<write echo="ascii"><data>.l\n</data></write>
	</replay>
</pov>
