<?xml version="1.0" standalone="no" ?>
<!DOCTYPE pov SYSTEM "/usr/share/cgc-docs/replay.dtd"><pov>
	<cbid>CROMU_00011</cbid>
	<replay>
		<read echo="ascii"><delim> </delim><match><data>\x3E </data></match></read>
		<write echo="ascii"><data>GsPIlF = |"gYH","cfwJKK","kQ","QfrdG","VZZ","EoCRa9j"|\n</data></write>
		<read echo="ascii"><delim> </delim><match><data>\x3E </data></match></read>
		<write echo="ascii"><data>wpy7YX = |"EoCRa9j","gYH","cfwJKK","QfrdG","z87g5jB6PS"|\n</data></write>
		<read echo="ascii"><delim> </delim><match><data>\x3E </data></match></read>
		<write echo="ascii"><data>wpy7YX@GsPIlF\n</data></write>
		<read echo="ascii"><delim>\n</delim><match><data>FALSE\n</data></match></read>
		<read echo="ascii"><delim> </delim><match><data>\x3E </data></match></read>
		<write echo="ascii"><data>5MvSWS = |"kF","zDHUILR","R9"|-|"dL","h","cDuuv","zDHUILR","oI"|\n</data></write>
		<read echo="ascii"><delim> </delim><match><data>\x3E </data></match></read>
		<write echo="ascii"><data>UgzwRwpSw0 = GsPIlF ^ GsPIlF\n</data></write>
		<read echo="ascii"><delim> </delim><match><data>\x3E </data></match></read>
		<write echo="ascii"><data>RqfQ5Xf = |"Fi361","Oit4aW","5Jid","IO8","7pQ","9Kx"|\n</data></write>
		<read echo="ascii"><delim> </delim><match><data>\x3E </data></match></read>
		<write echo="ascii"><data>c0Zphw = |"Oit4aW"|\n</data></write>
		<read echo="ascii"><delim> </delim><match><data>\x3E </data></match></read>
		<write echo="ascii"><data>c0Zphw@RqfQ5Xf\n</data></write>
		<read echo="ascii"><delim>\n</delim><match><data>TRUE\n</data></match></read>
		<read echo="ascii"><delim> </delim><match><data>\x3E </data></match></read>
		<write echo="ascii"><data>gHFmyu5 = UgzwRwpSw0 ^ 5MvSWS\n</data></write>
		<read echo="ascii"><delim> </delim><match><data>\x3E </data></match></read>
		<write echo="ascii"><data>96jBf5HVw = UgzwRwpSw0 ^ UgzwRwpSw0\n</data></write>
		<read echo="ascii"><delim> </delim><match><data>\x3E </data></match></read>
		<write echo="ascii"><data>L57UB8 = gHFmyu5 ~ UgzwRwpSw0\n</data></write>
		<read echo="ascii"><delim> </delim><match><data>\x3E </data></match></read>
		<write echo="ascii"><data>HjEVGh = |"QKe","1y1H","zPmNR","9TS","iR"|^|"wxz","aCYQ0","tXQ"|\n</data></write>
		<read echo="ascii"><delim> </delim><match><data>\x3E </data></match></read>
		<write echo="ascii"><data>r64vp8 = |"9UuWW","OQ1DO","oWv","NkS","YJtS","w175Fq","WosY"|+|"w175Fq","e","vH0kCXy","GKGggRe"|\n</data></write>
		<read echo="ascii"><delim> </delim><match><data>\x3E </data></match></read>
		<write echo="ascii"><data>CcAU8rP = c0Zphw ^ HjEVGh\n</data></write>
		<read echo="ascii"><delim> </delim><match><data>\x3E </data></match></read>
		<write echo="ascii"><data>csFtkrU = |"zaUJJ","NKA0OW","90vrBlP","bB0J","hAR7","M"|~|"zaUJJ","qS76YRu","hAR7","GlP","fBD"|\n</data></write>
		<read echo="ascii"><delim> </delim><match><data>\x3E </data></match></read>
		<write echo="ascii"><data>6t7Lr0pC = L57UB8 ^ 5MvSWS\n</data></write>
		<read echo="ascii"><delim> </delim><match><data>\x3E </data></match></read>
		<write echo="ascii"><data>.p\n</data></write>
<read echo="ascii"><delim>\n</delim><match><data>GsPIlF = |"gYH","cfwJKK","kQ","QfrdG","VZZ","EoCRa9j"|\n</data></match></read>
<read echo="ascii"><delim>\n</delim><match><data>wpy7YX = |"EoCRa9j","gYH","cfwJKK","QfrdG","z87g5jB6PS"|\n</data></match></read>
<read echo="ascii"><delim>\n</delim><match><data>5MvSWS = |"kF","R9"|\n</data></match></read>
<read echo="ascii"><delim>\n</delim><match><data>UgzwRwpSw0 = |"gYH","cfwJKK","kQ","QfrdG","VZZ","EoCRa9j"|\n</data></match></read>
<read echo="ascii"><delim>\n</delim><match><data>RqfQ5Xf = |"Fi361","Oit4aW","5Jid","IO8","7pQ","9Kx"|\n</data></match></read>
<read echo="ascii"><delim>\n</delim><match><data>c0Zphw = |"Oit4aW"|\n</data></match></read>
<read echo="ascii"><delim>\n</delim><match><data>gHFmyu5 = ||\n</data></match></read>
<read echo="ascii"><delim>\n</delim><match><data>96jBf5HVw = |"gYH","cfwJKK","kQ","QfrdG","VZZ","EoCRa9j"|\n</data></match></read>
<read echo="ascii"><delim>\n</delim><match><data>L57UB8 = |"gYH","cfwJKK","kQ","QfrdG","VZZ","EoCRa9j"|\n</data></match></read>
<read echo="ascii"><delim>\n</delim><match><data>HjEVGh = ||\n</data></match></read>
<read echo="ascii"><delim>\n</delim><match><data>r64vp8 = |"9UuWW","OQ1DO","oWv","NkS","YJtS","w175Fq","WosY","e","vH0kCXy","GKGggRe"|\n</data></match></read>
<read echo="ascii"><delim>\n</delim><match><data>CcAU8rP = ||\n</data></match></read>
<read echo="ascii"><delim>\n</delim><match><data>csFtkrU = |"NKA0OW","90vrBlP","bB0J","M","qS76YRu","GlP","fBD"|\n</data></match></read>
<read echo="ascii"><delim>\n</delim><match><data>6t7Lr0pC = ||\n</data></match></read>
		<read echo="ascii"><delim> </delim><match><data>\x3E </data></match></read>
		<write echo="ascii"><data>.l\n</data></write>
	</replay>
</pov>
