<?xml version="1.0" standalone="no" ?>
<!DOCTYPE pov SYSTEM "/usr/share/cgc-docs/replay.dtd"><pov>
	<cbid>CROMU_00011</cbid>
	<replay>
		<read echo="ascii"><delim> </delim><match><data>\x3E </data></match></read>
		<write echo="ascii"><data>9XqRE4 = |"9OHi","SMkOsar","ir","0BBcZ","qBvrO","zJjS"|-|"oM","d445i5","SMkOsar","71OZ6"|\n</data></write>
		<read echo="ascii"><delim> </delim><match><data>\x3E </data></match></read>
		<write echo="ascii"><data>41YTM = |"pqw"|+|"lkU","9"|\n</data></write>
		<read echo="ascii"><delim> </delim><match><data>\x3E </data></match></read>
		<write echo="ascii"><data>LkrU5 = |"iRTc9mX","k"|+|"BQIEM","iRTc9mX","X32Uu","BOQ"|\n</data></write>
		<read echo="ascii"><delim> </delim><match><data>\x3E </data></match></read>
		<write echo="ascii"><data>ncqmu5 = |"w","l","ju"|~|"iBroB","V56","I7CLp","5","ANpTx","u","Qn"|\n</data></write>
		<read echo="ascii"><delim> </delim><match><data>\x3E </data></match></read>
		<write echo="ascii"><data>tSc5aX = 41YTM ^ LkrU5\n</data></write>
		<read echo="ascii"><delim> </delim><match><data>\x3E </data></match></read>
		<write echo="ascii"><data>kMTJlYG = |"TZg5oGM","4O","Me2v","Nss"|-|"tMlv8","4O","0","TiFTU","c"|\n</data></write>
		<read echo="ascii"><delim> </delim><match><data>\x3E </data></match></read>
		<write echo="ascii"><data>gbyN3 = |"vU2O7LV","gF719E","GC2D2p","nl3lxNn","A6BH"|~|"o","vU2O7LV"|\n</data></write>
		<read echo="ascii"><delim> </delim><match><data>\x3E </data></match></read>
		<write echo="ascii"><data>JsbbOU = kMTJlYG + tSc5aX\n</data></write>
		<read echo="ascii"><delim> </delim><match><data>\x3E </data></match></read>
		<write echo="ascii"><data>2PuhFA = ncqmu5 - 41YTM\n</data></write>
		<read echo="ascii"><delim> </delim><match><data>\x3E </data></match></read>
		<write echo="ascii"><data>RcwAWBh = |"QHF0s","36mwats","84zN"|~|"Vzyj"|\n</data></write>
		<read echo="ascii"><delim> </delim><match><data>\x3E </data></match></read>
		<write echo="ascii"><data>sdv5J = |"SacrpDZ","we0h","oL9vzn","N67","9RJ","nLO","ezx4DW","56","lf3rEvH"|\n</data></write>
		<read echo="ascii"><delim> </delim><match><data>\x3E </data></match></read>
		<write echo="ascii"><data>BA7sCPe = |"nLO","we0h","SacrpDZ","N67","ezx4DW","lf3rEvH","9RJ","oL9vzn"|\n</data></write>
		<read echo="ascii"><delim> </delim><match><data>\x3E </data></match></read>
		<write echo="ascii"><data>BA7sCPe@sdv5J\n</data></write>
		<read echo="ascii"><delim>\n</delim><match><data>TRUE\n</data></match></read>
		<read echo="ascii"><delim> </delim><match><data>\x3E </data></match></read>
		<write echo="ascii"><data>k1FiX = JsbbOU - 41YTM\n</data></write>
		<read echo="ascii"><delim> </delim><match><data>\x3E </data></match></read>
		<write echo="ascii"><data>kSV5SQ = kMTJlYG ~ k1FiX\n</data></write>
		<read echo="ascii"><delim> </delim><match><data>\x3E </data></match></read>
		<write echo="ascii"><data>IITQPkXnr9 = sdv5J ^ tSc5aX\n</data></write>
		<read echo="ascii"><delim> </delim><match><data>\x3E </data></match></read>
		<write echo="ascii"><data>.p\n</data></write>
<read echo="ascii"><delim>\n</delim><match><data>9XqRE4 = |"9OHi","ir","0BBcZ","qBvrO","zJjS"|\n</data></match></read>
<read echo="ascii"><delim>\n</delim><match><data>41YTM = |"pqw","lkU","9"|\n</data></match></read>
<read echo="ascii"><delim>\n</delim><match><data>LkrU5 = |"iRTc9mX","k","BQIEM","X32Uu","BOQ"|\n</data></match></read>
<read echo="ascii"><delim>\n</delim><match><data>ncqmu5 = |"w","l","ju","iBroB","V56","I7CLp","5","ANpTx","u","Qn"|\n</data></match></read>
<read echo="ascii"><delim>\n</delim><match><data>tSc5aX = ||\n</data></match></read>
<read echo="ascii"><delim>\n</delim><match><data>kMTJlYG = |"TZg5oGM","Me2v","Nss"|\n</data></match></read>
<read echo="ascii"><delim>\n</delim><match><data>gbyN3 = |"gF719E","GC2D2p","nl3lxNn","A6BH","o"|\n</data></match></read>
<read echo="ascii"><delim>\n</delim><match><data>JsbbOU = |"TZg5oGM","Me2v","Nss"|\n</data></match></read>
<read echo="ascii"><delim>\n</delim><match><data>2PuhFA = |"w","l","ju","iBroB","V56","I7CLp","5","ANpTx","u","Qn"|\n</data></match></read>
<read echo="ascii"><delim>\n</delim><match><data>RcwAWBh = |"QHF0s","36mwats","84zN","Vzyj"|\n</data></match></read>
<read echo="ascii"><delim>\n</delim><match><data>sdv5J = |"SacrpDZ","we0h","oL9vzn","N67","9RJ","nLO","ezx4DW","56","lf3rEvH"|\n</data></match></read>
<read echo="ascii"><delim>\n</delim><match><data>BA7sCPe = |"nLO","we0h","SacrpDZ","N67","ezx4DW","lf3rEvH","9RJ","oL9vzn"|\n</data></match></read>
<read echo="ascii"><delim>\n</delim><match><data>k1FiX = |"TZg5oGM","Me2v","Nss"|\n</data></match></read>
<read echo="ascii"><delim>\n</delim><match><data>kSV5SQ = ||\n</data></match></read>
<read echo="ascii"><delim>\n</delim><match><data>IITQPkXnr9 = ||\n</data></match></read>
		<read echo="ascii"><delim> </delim><match><data>\x3E </data></match></read>
		<write echo="ascii"><data>.l\n</data></write>
	</replay>
</pov>
