<?xml version="1.0" standalone="no" ?>
<!DOCTYPE pov SYSTEM "/usr/share/cgc-docs/replay.dtd"><pov>
	<cbid>CROMU_00011</cbid>
	<replay>
		<read echo="ascii"><delim> </delim><match><data>\x3E </data></match></read>
		<write echo="ascii"><data>SWABg = |"kpo","Hrf","iu7xhh","AQKq","XRkz","Q"|~|"Q","EZdm4X"|\n</data></write>
		<read echo="ascii"><delim> </delim><match><data>\x3E </data></match></read>
		<write echo="ascii"><data>PUVyqFy = |"nvf9d","JkUD","q","C37","oHfUZF"|-|"5El","Fz","nvf9d"|\n</data></write>
		<read echo="ascii"><delim> </delim><match><data>\x3E </data></match></read>
		<write echo="ascii"><data>cfzURO = |"NA","dHf"|+|"YS","15JM2","vz","j","ApxN"|\n</data></write>
		<read echo="ascii"><delim> </delim><match><data>\x3E </data></match></read>
		<write echo="ascii"><data>JCBcCl = |"hy","Bg5mkGL","JK"|-|"R","1ab","DWKSeAy","6","VdQH"|\n</data></write>
		<read echo="ascii"><delim> </delim><match><data>\x3E </data></match></read>
		<write echo="ascii"><data>jcPwp3K = PUVyqFy ~ PUVyqFy\n</data></write>
		<read echo="ascii"><delim> </delim><match><data>\x3E </data></match></read>
		<write echo="ascii"><data>fKC92 = cfzURO - PUVyqFy\n</data></write>
		<read echo="ascii"><delim> </delim><match><data>\x3E </data></match></read>
		<write echo="ascii"><data>wubHX = |"DWmI","kX","G"|~|"uXa","f7PZP","E","v"|\n</data></write>
		<read echo="ascii"><delim> </delim><match><data>\x3E </data></match></read>
		<write echo="ascii"><data>j9NkRZ4 = |"a","IKKVvW","U9cpIek","qu","FhBzP","Mv3fr","JDbll"|-|"qu","JDbll","FhBzP","a","jQ4","13Dy953","ey"|\n</data></write>
		<read echo="ascii"><delim> </delim><match><data>\x3E </data></match></read>
		<write echo="ascii"><data>cKgOl6r = |"CSqF7rr","zUKf","hSBg2jv","dBEJT","HJhuei"|^|"nkSk"|\n</data></write>
		<read echo="ascii"><delim> </delim><match><data>\x3E </data></match></read>
		<write echo="ascii"><data>qb3Ru = SWABg + JCBcCl\n</data></write>
		<read echo="ascii"><delim> </delim><match><data>\x3E </data></match></read>
		<write echo="ascii"><data>wIo9TG = cKgOl6r ~ PUVyqFy\n</data></write>
		<read echo="ascii"><delim> </delim><match><data>\x3E </data></match></read>
		<write echo="ascii"><data>qL4A9i = |"POXsD","2","D","n6MGdI","aloEcI3"|~|"l","DKK8NfK","PcPhwR","65","n6MGdI"|\n</data></write>
		<read echo="ascii"><delim> </delim><match><data>\x3E </data></match></read>
		<write echo="ascii"><data>m3q4IHlO = qL4A9i ^ cfzURO\n</data></write>
		<read echo="ascii"><delim> </delim><match><data>\x3E </data></match></read>
		<write echo="ascii"><data>.p\n</data></write>
<read echo="ascii"><delim>\n</delim><match><data>SWABg = |"kpo","Hrf","iu7xhh","AQKq","XRkz","EZdm4X"|\n</data></match></read>
<read echo="ascii"><delim>\n</delim><match><data>PUVyqFy = |"JkUD","q","C37","oHfUZF"|\n</data></match></read>
<read echo="ascii"><delim>\n</delim><match><data>cfzURO = |"NA","dHf","YS","15JM2","vz","j","ApxN"|\n</data></match></read>
<read echo="ascii"><delim>\n</delim><match><data>JCBcCl = |"hy","Bg5mkGL","JK"|\n</data></match></read>
<read echo="ascii"><delim>\n</delim><match><data>jcPwp3K = ||\n</data></match></read>
<read echo="ascii"><delim>\n</delim><match><data>fKC92 = |"NA","dHf","YS","15JM2","vz","j","ApxN"|\n</data></match></read>
<read echo="ascii"><delim>\n</delim><match><data>wubHX = |"DWmI","kX","G","uXa","f7PZP","E","v"|\n</data></match></read>
<read echo="ascii"><delim>\n</delim><match><data>j9NkRZ4 = |"IKKVvW","U9cpIek","Mv3fr"|\n</data></match></read>
<read echo="ascii"><delim>\n</delim><match><data>cKgOl6r = ||\n</data></match></read>
<read echo="ascii"><delim>\n</delim><match><data>qb3Ru = |"kpo","Hrf","iu7xhh","AQKq","XRkz","EZdm4X","hy","Bg5mkGL","JK"|\n</data></match></read>
<read echo="ascii"><delim>\n</delim><match><data>wIo9TG = |"JkUD","q","C37","oHfUZF"|\n</data></match></read>
<read echo="ascii"><delim>\n</delim><match><data>qL4A9i = |"POXsD","2","D","aloEcI3","l","DKK8NfK","PcPhwR","65"|\n</data></match></read>
<read echo="ascii"><delim>\n</delim><match><data>m3q4IHlO = ||\n</data></match></read>
		<read echo="ascii"><delim> </delim><match><data>\x3E </data></match></read>
		<write echo="ascii"><data>.l\n</data></write>
	</replay>
</pov>
