<?xml version="1.0" standalone="no" ?>
<!DOCTYPE pov SYSTEM "/usr/share/cgc-docs/replay.dtd"><pov>
	<cbid>CROMU_00011</cbid>
	<replay>
		<read echo="ascii"><delim> </delim><match><data>\x3E </data></match></read>
		<write echo="ascii"><data>MtWGah = |"vy3omq","B","IDnib9","rj"|+|"rj"|\n</data></write>
		<read echo="ascii"><delim> </delim><match><data>\x3E </data></match></read>
		<write echo="ascii"><data>Bz4Atwz = MtWGah ~ MtWGah\n</data></write>
		<read echo="ascii"><delim> </delim><match><data>\x3E </data></match></read>
		<write echo="ascii"><data>f5FXz = |"lsYuI3","mza","HsJw49P","qOBWBG","O4Iylr"|-|"BQ","NIW8","l"|\n</data></write>
		<read echo="ascii"><delim> </delim><match><data>\x3E </data></match></read>
		<write echo="ascii"><data>xuVadL4 = |"OIM","Lx","8XUCP","0II","VPm1","G6p67"|^|"VPm1","ke9d","sOpYT","MB6bKQ","OIM","BzD"|\n</data></write>
		<read echo="ascii"><delim> </delim><match><data>\x3E </data></match></read>
		<write echo="ascii"><data>647a7tj = |"K7w25Zp","DVC","PH7dIT","PqPYAZ"|^|"GLiIRy","PH7dIT","ubR","ZW68qQ","je1tHB","RARjN"|\n</data></write>
		<read echo="ascii"><delim> </delim><match><data>\x3E </data></match></read>
		<write echo="ascii"><data>r4J3bDJ = 647a7tj + 647a7tj\n</data></write>
		<read echo="ascii"><delim> </delim><match><data>\x3E </data></match></read>
		<write echo="ascii"><data>ZvslVUq = |"2qehXvS","6lxR4","by","j"|~|"j","bFTqAy","by"|\n</data></write>
		<read echo="ascii"><delim> </delim><match><data>\x3E </data></match></read>
		<write echo="ascii"><data>LyjPN = ZvslVUq ~ MtWGah\n</data></write>
		<read echo="ascii"><delim> </delim><match><data>\x3E </data></match></read>
		<write echo="ascii"><data>PTL4fa = Bz4Atwz + ZvslVUq\n</data></write>
		<read echo="ascii"><delim> </delim><match><data>\x3E </data></match></read>
		<write echo="ascii"><data>DTzbZ00 = f5FXz ~ PTL4fa\n</data></write>
		<read echo="ascii"><delim> </delim><match><data>\x3E </data></match></read>
		<write echo="ascii"><data>SqwZ8y2 = |"v","rgft","7","OW","WDBi","9k"|+|"zgQf"|\n</data></write>
		<read echo="ascii"><delim> </delim><match><data>\x3E </data></match></read>
		<write echo="ascii"><data>mFfHto = |"8sbwHL"|^|"XwTVED","KhC","MrV","tX39WN","Iu","45oir","NCyh"|\n</data></write>
		<read echo="ascii"><delim> </delim><match><data>\x3E </data></match></read>
		<write echo="ascii"><data>.p\n</data></write>
<read echo="ascii"><delim>\n</delim><match><data>MtWGah = |"vy3omq","B","IDnib9","rj"|\n</data></match></read>
<read echo="ascii"><delim>\n</delim><match><data>Bz4Atwz = ||\n</data></match></read>
<read echo="ascii"><delim>\n</delim><match><data>f5FXz = |"lsYuI3","mza","HsJw49P","qOBWBG","O4Iylr"|\n</data></match></read>
<read echo="ascii"><delim>\n</delim><match><data>xuVadL4 = |"OIM","VPm1"|\n</data></match></read>
<read echo="ascii"><delim>\n</delim><match><data>647a7tj = |"PH7dIT"|\n</data></match></read>
<read echo="ascii"><delim>\n</delim><match><data>r4J3bDJ = |"PH7dIT"|\n</data></match></read>
<read echo="ascii"><delim>\n</delim><match><data>ZvslVUq = |"2qehXvS","6lxR4","bFTqAy"|\n</data></match></read>
<read echo="ascii"><delim>\n</delim><match><data>LyjPN = |"2qehXvS","6lxR4","bFTqAy","vy3omq","B","IDnib9","rj"|\n</data></match></read>
<read echo="ascii"><delim>\n</delim><match><data>PTL4fa = |"2qehXvS","6lxR4","bFTqAy"|\n</data></match></read>
<read echo="ascii"><delim>\n</delim><match><data>DTzbZ00 = |"lsYuI3","mza","HsJw49P","qOBWBG","O4Iylr","2qehXvS","6lxR4","bFTqAy"|\n</data></match></read>
<read echo="ascii"><delim>\n</delim><match><data>SqwZ8y2 = |"v","rgft","7","OW","WDBi","9k","zgQf"|\n</data></match></read>
<read echo="ascii"><delim>\n</delim><match><data>mFfHto = ||\n</data></match></read>
		<read echo="ascii"><delim> </delim><match><data>\x3E </data></match></read>
		<write echo="ascii"><data>.l\n</data></write>
	</replay>
</pov>
