<?xml version="1.0" standalone="no" ?>
<!DOCTYPE pov SYSTEM "/usr/share/cgc-docs/replay.dtd"><pov>
	<cbid>CROMU_00011</cbid>
	<replay>
		<read echo="ascii"><delim> </delim><match><data>\x3E </data></match></read>
		<write echo="ascii"><data>B3I2r = |"0zBrG","S1czr","y","eL47z","Jh"|-|"rd1W","S1czr","bk","jD","tcE"|\n</data></write>
		<read echo="ascii"><delim> </delim><match><data>\x3E </data></match></read>
		<write echo="ascii"><data>9qQZz3n = B3I2r ^ B3I2r\n</data></write>
		<read echo="ascii"><delim> </delim><match><data>\x3E </data></match></read>
		<write echo="ascii"><data>zzTC3X = |"0RJ","lpY","Utd1NL","goF","2z","JRyD","iZC2W","JNZEUV","gd5"|\n</data></write>
		<read echo="ascii"><delim> </delim><match><data>\x3E </data></match></read>
		<write echo="ascii"><data>SFXlhia = |"lpY","goF","2z","JRyD","iZC2W","gd5","JNZEUV"|\n</data></write>
		<read echo="ascii"><delim> </delim><match><data>\x3E </data></match></read>
		<write echo="ascii"><data>SFXlhia@zzTC3X\n</data></write>
		<read echo="ascii"><delim>\n</delim><match><data>TRUE\n</data></match></read>
		<read echo="ascii"><delim> </delim><match><data>\x3E </data></match></read>
		<write echo="ascii"><data>HTOrY = |"d5tWP","4jzy54","V2K","Bk","b91","xmdw6q"|\n</data></write>
		<read echo="ascii"><delim> </delim><match><data>\x3E </data></match></read>
		<write echo="ascii"><data>9dEnz = |"Bk","4jzy54","d5tWP"|\n</data></write>
		<read echo="ascii"><delim> </delim><match><data>\x3E </data></match></read>
		<write echo="ascii"><data>9dEnz@HTOrY\n</data></write>
		<read echo="ascii"><delim>\n</delim><match><data>TRUE\n</data></match></read>
		<read echo="ascii"><delim> </delim><match><data>\x3E </data></match></read>
		<write echo="ascii"><data>XsSsv2hS = HTOrY ^ HTOrY\n</data></write>
		<read echo="ascii"><delim> </delim><match><data>\x3E </data></match></read>
		<write echo="ascii"><data>n4bkY4HjZt = zzTC3X ^ zzTC3X\n</data></write>
		<read echo="ascii"><delim> </delim><match><data>\x3E </data></match></read>
		<write echo="ascii"><data>o6HOy = |"rsBFHi","7Tdvx","3PiYdb","CpiK"|^|"cJ","N2lT","ROt","Szr381","hLVVSH"|\n</data></write>
		<read echo="ascii"><delim> </delim><match><data>\x3E </data></match></read>
		<write echo="ascii"><data>zSqrWEg = SFXlhia - 9qQZz3n\n</data></write>
		<read echo="ascii"><delim> </delim><match><data>\x3E </data></match></read>
		<write echo="ascii"><data>W0eql6 = |"tMlsDD","nQbJ"|+|"jpu","bhULw4","Y8"|\n</data></write>
		<read echo="ascii"><delim> </delim><match><data>\x3E </data></match></read>
		<write echo="ascii"><data>dUqRD = |"bL3j4","Mdc59","1F","yMF","8Lf","E","2S"|-|"2n9c","E","PllS","p0pG1WX","Mdc59","4i29QS"|\n</data></write>
		<read echo="ascii"><delim> </delim><match><data>\x3E </data></match></read>
		<write echo="ascii"><data>qXhwOt = |"jEPtRIQ","mw","XVxALQ","yO"|-|"GYUHh","yO","lx7xm8"|\n</data></write>
		<read echo="ascii"><delim> </delim><match><data>\x3E </data></match></read>
		<write echo="ascii"><data>Y8ccPhf = SFXlhia + 9qQZz3n\n</data></write>
		<read echo="ascii"><delim> </delim><match><data>\x3E </data></match></read>
		<write echo="ascii"><data>1qX1C = |"MHE","pm8Sp6","YeHqt","9z47"|-|"FLWC","B","c","0qk6K8D","E","ffrza"|\n</data></write>
		<read echo="ascii"><delim> </delim><match><data>\x3E </data></match></read>
		<write echo="ascii"><data>2CKkOk7 = |"YBYM1k","Hx5w4","1sHMg","HGvBmx","ub6","Qg20Zlm"|\n</data></write>
		<read echo="ascii"><delim> </delim><match><data>\x3E </data></match></read>
		<write echo="ascii"><data>jXlGT = |"1sHMg","YBYM1k","Hx5w4","Qg20Zlm","ub6"|\n</data></write>
		<read echo="ascii"><delim> </delim><match><data>\x3E </data></match></read>
		<write echo="ascii"><data>jXlGT@2CKkOk7\n</data></write>
		<read echo="ascii"><delim>\n</delim><match><data>TRUE\n</data></match></read>
		<read echo="ascii"><delim> </delim><match><data>\x3E </data></match></read>
		<write echo="ascii"><data>ldSxzg0 = |"hNE","IlB2Z","EU","0Ha","a65mtUg","Ps7S","HIAD"|\n</data></write>
		<read echo="ascii"><delim> </delim><match><data>\x3E </data></match></read>
		<write echo="ascii"><data>VWsWye = |"IlB2Z","0Ha","hNE","EU","PGSJpeQw2Y"|\n</data></write>
		<read echo="ascii"><delim> </delim><match><data>\x3E </data></match></read>
		<write echo="ascii"><data>VWsWye@ldSxzg0\n</data></write>
		<read echo="ascii"><delim>\n</delim><match><data>FALSE\n</data></match></read>
		<read echo="ascii"><delim> </delim><match><data>\x3E </data></match></read>
		<write echo="ascii"><data>.p\n</data></write>
<read echo="ascii"><delim>\n</delim><match><data>B3I2r = |"0zBrG","y","eL47z","Jh"|\n</data></match></read>
<read echo="ascii"><delim>\n</delim><match><data>9qQZz3n = |"0zBrG","y","eL47z","Jh"|\n</data></match></read>
<read echo="ascii"><delim>\n</delim><match><data>zzTC3X = |"0RJ","lpY","Utd1NL","goF","2z","JRyD","iZC2W","JNZEUV","gd5"|\n</data></match></read>
<read echo="ascii"><delim>\n</delim><match><data>SFXlhia = |"lpY","goF","2z","JRyD","iZC2W","gd5","JNZEUV"|\n</data></match></read>
<read echo="ascii"><delim>\n</delim><match><data>HTOrY = |"d5tWP","4jzy54","V2K","Bk","b91","xmdw6q"|\n</data></match></read>
<read echo="ascii"><delim>\n</delim><match><data>9dEnz = |"Bk","4jzy54","d5tWP"|\n</data></match></read>
<read echo="ascii"><delim>\n</delim><match><data>XsSsv2hS = |"d5tWP","4jzy54","V2K","Bk","b91","xmdw6q"|\n</data></match></read>
<read echo="ascii"><delim>\n</delim><match><data>n4bkY4HjZt = |"0RJ","lpY","Utd1NL","goF","2z","JRyD","iZC2W","JNZEUV","gd5"|\n</data></match></read>
<read echo="ascii"><delim>\n</delim><match><data>o6HOy = ||\n</data></match></read>
<read echo="ascii"><delim>\n</delim><match><data>zSqrWEg = |"lpY","goF","2z","JRyD","iZC2W","gd5","JNZEUV"|\n</data></match></read>
<read echo="ascii"><delim>\n</delim><match><data>W0eql6 = |"tMlsDD","nQbJ","jpu","bhULw4","Y8"|\n</data></match></read>
<read echo="ascii"><delim>\n</delim><match><data>dUqRD = |"bL3j4","1F","yMF","8Lf","2S"|\n</data></match></read>
<read echo="ascii"><delim>\n</delim><match><data>qXhwOt = |"jEPtRIQ","mw","XVxALQ"|\n</data></match></read>
<read echo="ascii"><delim>\n</delim><match><data>Y8ccPhf = |"lpY","goF","2z","JRyD","iZC2W","gd5","JNZEUV","0zBrG","y","eL47z","Jh"|\n</data></match></read>
<read echo="ascii"><delim>\n</delim><match><data>1qX1C = |"MHE","pm8Sp6","YeHqt","9z47"|\n</data></match></read>
<read echo="ascii"><delim>\n</delim><match><data>2CKkOk7 = |"YBYM1k","Hx5w4","1sHMg","HGvBmx","ub6","Qg20Zlm"|\n</data></match></read>
<read echo="ascii"><delim>\n</delim><match><data>jXlGT = |"1sHMg","YBYM1k","Hx5w4","Qg20Zlm","ub6"|\n</data></match></read>
<read echo="ascii"><delim>\n</delim><match><data>ldSxzg0 = |"hNE","IlB2Z","EU","0Ha","a65mtUg","Ps7S","HIAD"|\n</data></match></read>
<read echo="ascii"><delim>\n</delim><match><data>VWsWye = |"IlB2Z","0Ha","hNE","EU","PGSJpeQw2Y"|\n</data></match></read>
		<read echo="ascii"><delim> </delim><match><data>\x3E </data></match></read>
		<write echo="ascii"><data>.l\n</data></write>
	</replay>
</pov>
