<?xml version="1.0" standalone="no" ?>
<!DOCTYPE pov SYSTEM "/usr/share/cgc-docs/replay.dtd"><pov>
	<cbid>CROMU_00011</cbid>
	<replay>
		<read echo="ascii"><delim> </delim><match><data>\x3E </data></match></read>
		<write echo="ascii"><data>WQkrqrj = |"nXwIXI","4zvI","EiTlFNk","3SaPT3q","OpYieKI","X2O3","PRgfDU"|\n</data></write>
		<read echo="ascii"><delim> </delim><match><data>\x3E </data></match></read>
		<write echo="ascii"><data>GXr1E = |"3SaPT3q","X2O3"|\n</data></write>
		<read echo="ascii"><delim> </delim><match><data>\x3E </data></match></read>
		<write echo="ascii"><data>GXr1E@WQkrqrj\n</data></write>
		<read echo="ascii"><delim>\n</delim><match><data>TRUE\n</data></match></read>
		<read echo="ascii"><delim> </delim><match><data>\x3E </data></match></read>
		<write echo="ascii"><data>fUew1H = |"xk5XM3s","dGE1bg","FBGXT8h","OF8","Z","3V","EFMY6"|~|"OF8","o","kxETigz","EFMY6","saun5Gk","FBGXT8h","L"|\n</data></write>
		<read echo="ascii"><delim> </delim><match><data>\x3E </data></match></read>
		<write echo="ascii"><data>UEAMG = |"iBebyCH","G","T2TDGBP","gMS1JP2","muV30Ek","VH85hx2"|-|"ixXN7","8G","zMKoCBb","3"|\n</data></write>
		<read echo="ascii"><delim> </delim><match><data>\x3E </data></match></read>
		<write echo="ascii"><data>xni2D = fUew1H - GXr1E\n</data></write>
		<read echo="ascii"><delim> </delim><match><data>\x3E </data></match></read>
		<write echo="ascii"><data>uBEXj = |"Txd","6d","XEP","LI","4fqYyJ"|-|"b9c","r4AwpF","RbWMi","XEP","Bdfk1MJ","FxXr7"|\n</data></write>
		<read echo="ascii"><delim> </delim><match><data>\x3E </data></match></read>
		<write echo="ascii"><data>VKQp1t = |"RHYiMPz","RYPD1PJ","ILm1l"|~|"vDnC","RHYiMPz","ILm1l","qVGXH","smwfywO"|\n</data></write>
		<read echo="ascii"><delim> </delim><match><data>\x3E </data></match></read>
		<write echo="ascii"><data>9gl6oC = |"VW","wq3gsoC","RPf9SA","lA","Vo","1av","Z0qm"|\n</data></write>
		<read echo="ascii"><delim> </delim><match><data>\x3E </data></match></read>
		<write echo="ascii"><data>87zeNS = |"Vo","VW","RPf9SA","1av","wq3gsoC"|\n</data></write>
		<read echo="ascii"><delim> </delim><match><data>\x3E </data></match></read>
		<write echo="ascii"><data>87zeNS@9gl6oC\n</data></write>
		<read echo="ascii"><delim>\n</delim><match><data>TRUE\n</data></match></read>
		<read echo="ascii"><delim> </delim><match><data>\x3E </data></match></read>
		<write echo="ascii"><data>sJyliX = |"EFmkcD","TT8","N5K","vw","DD1KMOr","WZ","d8fVNJf","LaeJJit","h5XrG"|\n</data></write>
		<read echo="ascii"><delim> </delim><match><data>\x3E </data></match></read>
		<write echo="ascii"><data>wcFugdK = |"N5K","LaeJJit","vw","WZ","EFmkcD","h5XrG","IW8EMIUcx7"|\n</data></write>
		<read echo="ascii"><delim> </delim><match><data>\x3E </data></match></read>
		<write echo="ascii"><data>wcFugdK@sJyliX\n</data></write>
		<read echo="ascii"><delim>\n</delim><match><data>FALSE\n</data></match></read>
		<read echo="ascii"><delim> </delim><match><data>\x3E </data></match></read>
		<write echo="ascii"><data>Qzwl7 = |"C9yK76","tBm9L7","x"|-|"zGp54","QmQ","Ibb5g80","Y","v6pl"|\n</data></write>
		<read echo="ascii"><delim> </delim><match><data>\x3E </data></match></read>
		<write echo="ascii"><data>mvpQgvfA = uBEXj ^ VKQp1t\n</data></write>
		<read echo="ascii"><delim> </delim><match><data>\x3E </data></match></read>
		<write echo="ascii"><data>hXeuJ = |"bcM6","LWJL7b","Sjm","mdEW","WUu","AK9","HpJo"|\n</data></write>
		<read echo="ascii"><delim> </delim><match><data>\x3E </data></match></read>
		<write echo="ascii"><data>EjpmzAq = |"Sjm"|\n</data></write>
		<read echo="ascii"><delim> </delim><match><data>\x3E </data></match></read>
		<write echo="ascii"><data>EjpmzAq@hXeuJ\n</data></write>
		<read echo="ascii"><delim>\n</delim><match><data>TRUE\n</data></match></read>
		<read echo="ascii"><delim> </delim><match><data>\x3E </data></match></read>
		<write echo="ascii"><data>623FZB = mvpQgvfA ^ 9gl6oC\n</data></write>
		<read echo="ascii"><delim> </delim><match><data>\x3E </data></match></read>
		<write echo="ascii"><data>7jkMb = |"OFRj","Dhk","pjTIzw7","cSZUxWi"|~|"P","Th9I3","nu","01O","l6YzH"|\n</data></write>
		<read echo="ascii"><delim> </delim><match><data>\x3E </data></match></read>
		<write echo="ascii"><data>Gg3Fz = uBEXj ^ xni2D\n</data></write>
		<read echo="ascii"><delim> </delim><match><data>\x3E </data></match></read>
		<write echo="ascii"><data>.p\n</data></write>
<read echo="ascii"><delim>\n</delim><match><data>WQkrqrj = |"nXwIXI","4zvI","EiTlFNk","3SaPT3q","OpYieKI","X2O3","PRgfDU"|\n</data></match></read>
<read echo="ascii"><delim>\n</delim><match><data>GXr1E = |"3SaPT3q","X2O3"|\n</data></match></read>
<read echo="ascii"><delim>\n</delim><match><data>fUew1H = |"xk5XM3s","dGE1bg","Z","3V","o","kxETigz","saun5Gk","L"|\n</data></match></read>
<read echo="ascii"><delim>\n</delim><match><data>UEAMG = |"iBebyCH","G","T2TDGBP","gMS1JP2","muV30Ek","VH85hx2"|\n</data></match></read>
<read echo="ascii"><delim>\n</delim><match><data>xni2D = |"xk5XM3s","dGE1bg","Z","3V","o","kxETigz","saun5Gk","L"|\n</data></match></read>
<read echo="ascii"><delim>\n</delim><match><data>uBEXj = |"Txd","6d","LI","4fqYyJ"|\n</data></match></read>
<read echo="ascii"><delim>\n</delim><match><data>VKQp1t = |"RYPD1PJ","vDnC","qVGXH","smwfywO"|\n</data></match></read>
<read echo="ascii"><delim>\n</delim><match><data>9gl6oC = |"VW","wq3gsoC","RPf9SA","lA","Vo","1av","Z0qm"|\n</data></match></read>
<read echo="ascii"><delim>\n</delim><match><data>87zeNS = |"Vo","VW","RPf9SA","1av","wq3gsoC"|\n</data></match></read>
<read echo="ascii"><delim>\n</delim><match><data>sJyliX = |"EFmkcD","TT8","N5K","vw","DD1KMOr","WZ","d8fVNJf","LaeJJit","h5XrG"|\n</data></match></read>
<read echo="ascii"><delim>\n</delim><match><data>wcFugdK = |"N5K","LaeJJit","vw","WZ","EFmkcD","h5XrG","IW8EMIUcx7"|\n</data></match></read>
<read echo="ascii"><delim>\n</delim><match><data>Qzwl7 = |"C9yK76","tBm9L7","x"|\n</data></match></read>
<read echo="ascii"><delim>\n</delim><match><data>mvpQgvfA = ||\n</data></match></read>
<read echo="ascii"><delim>\n</delim><match><data>hXeuJ = |"bcM6","LWJL7b","Sjm","mdEW","WUu","AK9","HpJo"|\n</data></match></read>
<read echo="ascii"><delim>\n</delim><match><data>EjpmzAq = |"Sjm"|\n</data></match></read>
<read echo="ascii"><delim>\n</delim><match><data>623FZB = ||\n</data></match></read>
<read echo="ascii"><delim>\n</delim><match><data>7jkMb = |"OFRj","Dhk","pjTIzw7","cSZUxWi","P","Th9I3","nu","01O","l6YzH"|\n</data></match></read>
<read echo="ascii"><delim>\n</delim><match><data>Gg3Fz = ||\n</data></match></read>
		<read echo="ascii"><delim> </delim><match><data>\x3E </data></match></read>
		<write echo="ascii"><data>.l\n</data></write>
	</replay>
</pov>
