<?xml version="1.0" standalone="no" ?>
<!DOCTYPE pov SYSTEM "/usr/share/cgc-docs/replay.dtd"><pov>
	<cbid>CROMU_00011</cbid>
	<replay>
		<read echo="ascii"><delim> </delim><match><data>\x3E </data></match></read>
		<write echo="ascii"><data>v3wWknC = |"NUN6One","x2yv","1","Kei","J8tI0Zs","f68TCH8","Q3"|-|"x2yv","yFEgPz7","9Pab"|\n</data></write>
		<read echo="ascii"><delim> </delim><match><data>\x3E </data></match></read>
		<write echo="ascii"><data>88ucNO = |"1aWUj","gjk0T4I","7","fV3","2tOXgAv"|-|"6bpjzOu","gjk0T4I","7","qbV","ZOhjD4y","2Q","0D6iRk"|\n</data></write>
		<read echo="ascii"><delim> </delim><match><data>\x3E </data></match></read>
		<write echo="ascii"><data>47PO4 = |"Zwlu","TT9OVA","1Vlr","9kMj","vEbtMHD","6o"|\n</data></write>
		<read echo="ascii"><delim> </delim><match><data>\x3E </data></match></read>
		<write echo="ascii"><data>J72qCxh = |"Zwlu","vEbtMHD"|\n</data></write>
		<read echo="ascii"><delim> </delim><match><data>\x3E </data></match></read>
		<write echo="ascii"><data>J72qCxh@47PO4\n</data></write>
		<read echo="ascii"><delim>\n</delim><match><data>TRUE\n</data></match></read>
		<read echo="ascii"><delim> </delim><match><data>\x3E </data></match></read>
		<write echo="ascii"><data>AZWwD = J72qCxh ~ 47PO4\n</data></write>
		<read echo="ascii"><delim> </delim><match><data>\x3E </data></match></read>
		<write echo="ascii"><data>yhZb7 = 88ucNO - 88ucNO\n</data></write>
		<read echo="ascii"><delim> </delim><match><data>\x3E </data></match></read>
		<write echo="ascii"><data>PrCoNf = |"FA","d80","3xAgPD","m6GZ","JkWumDm","zV7YnX"|^|"d80","m6GZ","nv","Te5blC1","zV7YnX","WW","abii"|\n</data></write>
		<read echo="ascii"><delim> </delim><match><data>\x3E </data></match></read>
		<write echo="ascii"><data>aLd9Uq = |"pfAu6","RGoAfMP","3Kts","xpZ","K4","JzCZ"|^|"2vRF","Flk","fHFN","RGoAfMP","JzCZ"|\n</data></write>
		<read echo="ascii"><delim> </delim><match><data>\x3E </data></match></read>
		<write echo="ascii"><data>ZPQf5s = v3wWknC ~ v3wWknC\n</data></write>
		<read echo="ascii"><delim> </delim><match><data>\x3E </data></match></read>
		<write echo="ascii"><data>sBs05g = ZPQf5s ^ PrCoNf\n</data></write>
		<read echo="ascii"><delim> </delim><match><data>\x3E </data></match></read>
		<write echo="ascii"><data>.p\n</data></write>
<read echo="ascii"><delim>\n</delim><match><data>v3wWknC = |"NUN6One","1","Kei","J8tI0Zs","f68TCH8","Q3"|\n</data></match></read>
<read echo="ascii"><delim>\n</delim><match><data>88ucNO = |"1aWUj","fV3","2tOXgAv"|\n</data></match></read>
<read echo="ascii"><delim>\n</delim><match><data>47PO4 = |"Zwlu","TT9OVA","1Vlr","9kMj","vEbtMHD","6o"|\n</data></match></read>
<read echo="ascii"><delim>\n</delim><match><data>J72qCxh = |"Zwlu","vEbtMHD"|\n</data></match></read>
<read echo="ascii"><delim>\n</delim><match><data>AZWwD = |"TT9OVA","1Vlr","9kMj","6o"|\n</data></match></read>
<read echo="ascii"><delim>\n</delim><match><data>yhZb7 = ||\n</data></match></read>
<read echo="ascii"><delim>\n</delim><match><data>PrCoNf = |"d80","m6GZ","zV7YnX"|\n</data></match></read>
<read echo="ascii"><delim>\n</delim><match><data>aLd9Uq = |"RGoAfMP","JzCZ"|\n</data></match></read>
<read echo="ascii"><delim>\n</delim><match><data>ZPQf5s = ||\n</data></match></read>
<read echo="ascii"><delim>\n</delim><match><data>sBs05g = ||\n</data></match></read>
		<read echo="ascii"><delim> </delim><match><data>\x3E </data></match></read>
		<write echo="ascii"><data>.l\n</data></write>
	</replay>
</pov>
