<?xml version="1.0" standalone="no" ?>
<!DOCTYPE pov SYSTEM "/usr/share/cgc-docs/replay.dtd"><pov>
	<cbid>CROMU_00011</cbid>
	<replay>
		<read echo="ascii"><delim> </delim><match><data>\x3E </data></match></read>
		<write echo="ascii"><data>ZFPLl = |"iZG9C","Two","QKWg","f","wnF","2"|~|"GGf","f"|\n</data></write>
		<read echo="ascii"><delim> </delim><match><data>\x3E </data></match></read>
		<write echo="ascii"><data>ZzHY0 = ZFPLl + ZFPLl\n</data></write>
		<read echo="ascii"><delim> </delim><match><data>\x3E </data></match></read>
		<write echo="ascii"><data>dfYJZ = ZFPLl ~ ZFPLl\n</data></write>
		<read echo="ascii"><delim> </delim><match><data>\x3E </data></match></read>
		<write echo="ascii"><data>cawvM = ZFPLl - ZzHY0\n</data></write>
		<read echo="ascii"><delim> </delim><match><data>\x3E </data></match></read>
		<write echo="ascii"><data>LUi0x0D = ZFPLl ~ dfYJZ\n</data></write>
		<read echo="ascii"><delim> </delim><match><data>\x3E </data></match></read>
		<write echo="ascii"><data>35QDua = ZFPLl ~ ZFPLl\n</data></write>
		<read echo="ascii"><delim> </delim><match><data>\x3E </data></match></read>
		<write echo="ascii"><data>MDiO5UD = |"iq","rAMR","yc","Nl7YqY","Jz5pIv","jmNkXi5","26KvOP","FKW","q3Y","0E63"|\n</data></write>
		<read echo="ascii"><delim> </delim><match><data>\x3E </data></match></read>
		<write echo="ascii"><data>r9yo3 = |"q3Y","jmNkXi5","VgPIJXZErB"|\n</data></write>
		<read echo="ascii"><delim> </delim><match><data>\x3E </data></match></read>
		<write echo="ascii"><data>r9yo3@MDiO5UD\n</data></write>
		<read echo="ascii"><delim>\n</delim><match><data>FALSE\n</data></match></read>
		<read echo="ascii"><delim> </delim><match><data>\x3E </data></match></read>
		<write echo="ascii"><data>OFbzN8B = 35QDua + dfYJZ\n</data></write>
		<read echo="ascii"><delim> </delim><match><data>\x3E </data></match></read>
		<write echo="ascii"><data>viSSaz = |"824rY","dXNIK","M4U","MAl"|-|"iNyDX","ra","824rY","3nIwBq","Z2dpR","XqGs"|\n</data></write>
		<read echo="ascii"><delim> </delim><match><data>\x3E </data></match></read>
		<write echo="ascii"><data>VwOeVOeKN = LUi0x0D ^ ZFPLl\n</data></write>
		<read echo="ascii"><delim> </delim><match><data>\x3E </data></match></read>
		<write echo="ascii"><data>.p\n</data></write>
<read echo="ascii"><delim>\n</delim><match><data>ZFPLl = |"iZG9C","Two","QKWg","wnF","2","GGf"|\n</data></match></read>
<read echo="ascii"><delim>\n</delim><match><data>ZzHY0 = |"iZG9C","Two","QKWg","wnF","2","GGf"|\n</data></match></read>
<read echo="ascii"><delim>\n</delim><match><data>dfYJZ = ||\n</data></match></read>
<read echo="ascii"><delim>\n</delim><match><data>cawvM = ||\n</data></match></read>
<read echo="ascii"><delim>\n</delim><match><data>LUi0x0D = |"iZG9C","Two","QKWg","wnF","2","GGf"|\n</data></match></read>
<read echo="ascii"><delim>\n</delim><match><data>35QDua = ||\n</data></match></read>
<read echo="ascii"><delim>\n</delim><match><data>MDiO5UD = |"iq","rAMR","yc","Nl7YqY","Jz5pIv","jmNkXi5","26KvOP","FKW","q3Y","0E63"|\n</data></match></read>
<read echo="ascii"><delim>\n</delim><match><data>r9yo3 = |"q3Y","jmNkXi5","VgPIJXZErB"|\n</data></match></read>
<read echo="ascii"><delim>\n</delim><match><data>OFbzN8B = ||\n</data></match></read>
<read echo="ascii"><delim>\n</delim><match><data>viSSaz = |"dXNIK","M4U","MAl"|\n</data></match></read>
<read echo="ascii"><delim>\n</delim><match><data>VwOeVOeKN = |"iZG9C","Two","QKWg","wnF","2","GGf"|\n</data></match></read>
		<read echo="ascii"><delim> </delim><match><data>\x3E </data></match></read>
		<write echo="ascii"><data>.l\n</data></write>
	</replay>
</pov>
