<?xml version="1.0" standalone="no" ?>
<!DOCTYPE pov SYSTEM "/usr/share/cgc-docs/replay.dtd"><pov>
	<cbid>CROMU_00011</cbid>
	<replay>
		<read echo="ascii"><delim> </delim><match><data>\x3E </data></match></read>
		<write echo="ascii"><data>bePkIv = |"9nf","RkLf3n","tVKV1","Yrv7a","wmep"|-|"X3WU","DGhz","9nf","DVHmiGi","tVKV1","aD","KzHh"|\n</data></write>
		<read echo="ascii"><delim> </delim><match><data>\x3E </data></match></read>
		<write echo="ascii"><data>D63wba = |"R9uBhB","yJ050f","um34","6VKCf00","QRewqbr","69DFAqr"|\n</data></write>
		<read echo="ascii"><delim> </delim><match><data>\x3E </data></match></read>
		<write echo="ascii"><data>fBzHu = |"69DFAqr","6VKCf00","KEPtNPTPc3"|\n</data></write>
		<read echo="ascii"><delim> </delim><match><data>\x3E </data></match></read>
		<write echo="ascii"><data>fBzHu@D63wba\n</data></write>
		<read echo="ascii"><delim>\n</delim><match><data>FALSE\n</data></match></read>
		<read echo="ascii"><delim> </delim><match><data>\x3E </data></match></read>
		<write echo="ascii"><data>9zaf6C = |"G","H2QCHe","nh7FX6R","o3OM3jZ"|+|"datOM","6","LLs"|\n</data></write>
		<read echo="ascii"><delim> </delim><match><data>\x3E </data></match></read>
		<write echo="ascii"><data>vX4CHKM = fBzHu - 9zaf6C\n</data></write>
		<read echo="ascii"><delim> </delim><match><data>\x3E </data></match></read>
		<write echo="ascii"><data>A8c3ma = |"wPmq5SO","ZGf","nnlG","KCGqj","E9wp","iq","K2Vu"|^|"6DGpKy","n4","17","Xwu","miSaYm"|\n</data></write>
		<read echo="ascii"><delim> </delim><match><data>\x3E </data></match></read>
		<write echo="ascii"><data>hQ8hrI = |"u","HwnFF","oYJoP"|+|"g"|\n</data></write>
		<read echo="ascii"><delim> </delim><match><data>\x3E </data></match></read>
		<write echo="ascii"><data>GbWPlp = |"ZejadDX","MskD","aGPuw","jB0N","84","GN3M","e72n5"|\n</data></write>
		<read echo="ascii"><delim> </delim><match><data>\x3E </data></match></read>
		<write echo="ascii"><data>qhp6zo = |"MskD","aGPuw","ZejadDX","84","e72n5","6coeNBrEMX"|\n</data></write>
		<read echo="ascii"><delim> </delim><match><data>\x3E </data></match></read>
		<write echo="ascii"><data>qhp6zo@GbWPlp\n</data></write>
		<read echo="ascii"><delim>\n</delim><match><data>FALSE\n</data></match></read>
		<read echo="ascii"><delim> </delim><match><data>\x3E </data></match></read>
		<write echo="ascii"><data>nMhhZR = GbWPlp + hQ8hrI\n</data></write>
		<read echo="ascii"><delim> </delim><match><data>\x3E </data></match></read>
		<write echo="ascii"><data>Ky7tY = qhp6zo ~ GbWPlp\n</data></write>
		<read echo="ascii"><delim> </delim><match><data>\x3E </data></match></read>
		<write echo="ascii"><data>f4I8wI8 = |"x0BzYA9","XL899Ys","H3POmLz","EPycG","5JZw","0X4","ND","NaKZCs","BYNEw"|\n</data></write>
		<read echo="ascii"><delim> </delim><match><data>\x3E </data></match></read>
		<write echo="ascii"><data>shbn16e = |"ND","NaKZCs","EPycG","8rSPV5fUKq"|\n</data></write>
		<read echo="ascii"><delim> </delim><match><data>\x3E </data></match></read>
		<write echo="ascii"><data>shbn16e@f4I8wI8\n</data></write>
		<read echo="ascii"><delim>\n</delim><match><data>FALSE\n</data></match></read>
		<read echo="ascii"><delim> </delim><match><data>\x3E </data></match></read>
		<write echo="ascii"><data>L9nS8Yp = |"pQL","EQh","Rg0rQ","0I6KX0b","i13","og2","ce","Tc"|\n</data></write>
		<read echo="ascii"><delim> </delim><match><data>\x3E </data></match></read>
		<write echo="ascii"><data>maKb5S = |"Tc","i13","Rg0rQ","ce","0I6KX0b","e0411Q6gbC"|\n</data></write>
		<read echo="ascii"><delim> </delim><match><data>\x3E </data></match></read>
		<write echo="ascii"><data>maKb5S@L9nS8Yp\n</data></write>
		<read echo="ascii"><delim>\n</delim><match><data>FALSE\n</data></match></read>
		<read echo="ascii"><delim> </delim><match><data>\x3E </data></match></read>
		<write echo="ascii"><data>KKxZYo = hQ8hrI ^ GbWPlp\n</data></write>
		<read echo="ascii"><delim> </delim><match><data>\x3E </data></match></read>
		<write echo="ascii"><data>wS4VS9 = |"Mhnp","VONLc","110","0qXcZL","ZL6Wh","YG","tu2ME"|\n</data></write>
		<read echo="ascii"><delim> </delim><match><data>\x3E </data></match></read>
		<write echo="ascii"><data>IdfYq = |"YG","ZL6Wh","0qXcZL","ormqoDFbC1"|\n</data></write>
		<read echo="ascii"><delim> </delim><match><data>\x3E </data></match></read>
		<write echo="ascii"><data>IdfYq@wS4VS9\n</data></write>
		<read echo="ascii"><delim>\n</delim><match><data>FALSE\n</data></match></read>
		<read echo="ascii"><delim> </delim><match><data>\x3E </data></match></read>
		<write echo="ascii"><data>.p\n</data></write>
<read echo="ascii"><delim>\n</delim><match><data>bePkIv = |"RkLf3n","Yrv7a","wmep"|\n</data></match></read>
<read echo="ascii"><delim>\n</delim><match><data>D63wba = |"R9uBhB","yJ050f","um34","6VKCf00","QRewqbr","69DFAqr"|\n</data></match></read>
<read echo="ascii"><delim>\n</delim><match><data>fBzHu = |"69DFAqr","6VKCf00","KEPtNPTPc3"|\n</data></match></read>
<read echo="ascii"><delim>\n</delim><match><data>9zaf6C = |"G","H2QCHe","nh7FX6R","o3OM3jZ","datOM","6","LLs"|\n</data></match></read>
<read echo="ascii"><delim>\n</delim><match><data>vX4CHKM = |"69DFAqr","6VKCf00","KEPtNPTPc3"|\n</data></match></read>
<read echo="ascii"><delim>\n</delim><match><data>A8c3ma = ||\n</data></match></read>
<read echo="ascii"><delim>\n</delim><match><data>hQ8hrI = |"u","HwnFF","oYJoP","g"|\n</data></match></read>
<read echo="ascii"><delim>\n</delim><match><data>GbWPlp = |"ZejadDX","MskD","aGPuw","jB0N","84","GN3M","e72n5"|\n</data></match></read>
<read echo="ascii"><delim>\n</delim><match><data>qhp6zo = |"MskD","aGPuw","ZejadDX","84","e72n5","6coeNBrEMX"|\n</data></match></read>
<read echo="ascii"><delim>\n</delim><match><data>nMhhZR = |"ZejadDX","MskD","aGPuw","jB0N","84","GN3M","e72n5","u","HwnFF","oYJoP","g"|\n</data></match></read>
<read echo="ascii"><delim>\n</delim><match><data>Ky7tY = |"6coeNBrEMX","jB0N","GN3M"|\n</data></match></read>
<read echo="ascii"><delim>\n</delim><match><data>f4I8wI8 = |"x0BzYA9","XL899Ys","H3POmLz","EPycG","5JZw","0X4","ND","NaKZCs","BYNEw"|\n</data></match></read>
<read echo="ascii"><delim>\n</delim><match><data>shbn16e = |"ND","NaKZCs","EPycG","8rSPV5fUKq"|\n</data></match></read>
<read echo="ascii"><delim>\n</delim><match><data>L9nS8Yp = |"pQL","EQh","Rg0rQ","0I6KX0b","i13","og2","ce","Tc"|\n</data></match></read>
<read echo="ascii"><delim>\n</delim><match><data>maKb5S = |"Tc","i13","Rg0rQ","ce","0I6KX0b","e0411Q6gbC"|\n</data></match></read>
<read echo="ascii"><delim>\n</delim><match><data>KKxZYo = ||\n</data></match></read>
<read echo="ascii"><delim>\n</delim><match><data>wS4VS9 = |"Mhnp","VONLc","110","0qXcZL","ZL6Wh","YG","tu2ME"|\n</data></match></read>
<read echo="ascii"><delim>\n</delim><match><data>IdfYq = |"YG","ZL6Wh","0qXcZL","ormqoDFbC1"|\n</data></match></read>
		<read echo="ascii"><delim> </delim><match><data>\x3E </data></match></read>
		<write echo="ascii"><data>.l\n</data></write>
	</replay>
</pov>
