<?xml version="1.0" standalone="no" ?>
<!DOCTYPE pov SYSTEM "/usr/share/cgc-docs/replay.dtd"><pov>
	<cbid>CROMU_00011</cbid>
	<replay>
		<read echo="ascii"><delim> </delim><match><data>\x3E </data></match></read>
		<write echo="ascii"><data>L9dpG = |"YJj69","Vg","51ZICR","wmwUBd","ZVC","xJrBx"|^|"xJrBx","Vg","ELz4Ns4","YJj69","0qLd2","tjfsx"|\n</data></write>
		<read echo="ascii"><delim> </delim><match><data>\x3E </data></match></read>
		<write echo="ascii"><data>HyHJn1kjjr = L9dpG ^ L9dpG\n</data></write>
		<read echo="ascii"><delim> </delim><match><data>\x3E </data></match></read>
		<write echo="ascii"><data>rxnWdeq = |"M"|~|"M","go0i","I","lW7"|\n</data></write>
		<read echo="ascii"><delim> </delim><match><data>\x3E </data></match></read>
		<write echo="ascii"><data>X47np89 = |"NZf1","B8NnN","gZnz8Gf","pmR8Os","YTpq","NiN","rGYv"|\n</data></write>
		<read echo="ascii"><delim> </delim><match><data>\x3E </data></match></read>
		<write echo="ascii"><data>t3y8Yp = |"pmR8Os","PcKGcC3y8W"|\n</data></write>
		<read echo="ascii"><delim> </delim><match><data>\x3E </data></match></read>
		<write echo="ascii"><data>t3y8Yp@X47np89\n</data></write>
		<read echo="ascii"><delim>\n</delim><match><data>FALSE\n</data></match></read>
		<read echo="ascii"><delim> </delim><match><data>\x3E </data></match></read>
		<write echo="ascii"><data>ud4CHiX = |"g4lin4n","gcVdx","BYcnb","zc0h0T","XLtm","IILzhn","UC","os","fO6ySg"|\n</data></write>
		<read echo="ascii"><delim> </delim><match><data>\x3E </data></match></read>
		<write echo="ascii"><data>oTjhQxe = |"g4lin4n","IILzhn","UC","fO6ySg"|\n</data></write>
		<read echo="ascii"><delim> </delim><match><data>\x3E </data></match></read>
		<write echo="ascii"><data>oTjhQxe@ud4CHiX\n</data></write>
		<read echo="ascii"><delim>\n</delim><match><data>TRUE\n</data></match></read>
		<read echo="ascii"><delim> </delim><match><data>\x3E </data></match></read>
		<write echo="ascii"><data>uzSBhD = |"SWf1","h2BNG","42d82","t7j0","G"|-|"42d82","wsKKwGH","LUBb","T0evl2Y","C","KmFy"|\n</data></write>
		<read echo="ascii"><delim> </delim><match><data>\x3E </data></match></read>
		<write echo="ascii"><data>Io5uQ = |"FiuJqk","JE"|^|"OPE","XiD4n","TfTqK","hPNwTbp"|\n</data></write>
		<read echo="ascii"><delim> </delim><match><data>\x3E </data></match></read>
		<write echo="ascii"><data>5YQ9R = |"unW","xW33Zs4","wWz3","8Eh7TWo"|-|"a","Ni9","3R7","dgKvQI","wWz3","C"|\n</data></write>
		<read echo="ascii"><delim> </delim><match><data>\x3E </data></match></read>
		<write echo="ascii"><data>TAMO65 = |"RuqGTqb","st0B3","vqjEH","Kmyyd","tMjsA0","2wvY"|\n</data></write>
		<read echo="ascii"><delim> </delim><match><data>\x3E </data></match></read>
		<write echo="ascii"><data>7yTe1 = |"Kmyyd","st0B3","2wvY","pk6CaHr08s"|\n</data></write>
		<read echo="ascii"><delim> </delim><match><data>\x3E </data></match></read>
		<write echo="ascii"><data>7yTe1@TAMO65\n</data></write>
		<read echo="ascii"><delim>\n</delim><match><data>FALSE\n</data></match></read>
		<read echo="ascii"><delim> </delim><match><data>\x3E </data></match></read>
		<write echo="ascii"><data>OubSk = |"KrE","WiaRC"|~|"vjSaO8z"|\n</data></write>
		<read echo="ascii"><delim> </delim><match><data>\x3E </data></match></read>
		<write echo="ascii"><data>.p\n</data></write>
<read echo="ascii"><delim>\n</delim><match><data>L9dpG = |"YJj69","Vg","xJrBx"|\n</data></match></read>
<read echo="ascii"><delim>\n</delim><match><data>HyHJn1kjjr = |"YJj69","Vg","xJrBx"|\n</data></match></read>
<read echo="ascii"><delim>\n</delim><match><data>rxnWdeq = |"go0i","I","lW7"|\n</data></match></read>
<read echo="ascii"><delim>\n</delim><match><data>X47np89 = |"NZf1","B8NnN","gZnz8Gf","pmR8Os","YTpq","NiN","rGYv"|\n</data></match></read>
<read echo="ascii"><delim>\n</delim><match><data>t3y8Yp = |"pmR8Os","PcKGcC3y8W"|\n</data></match></read>
<read echo="ascii"><delim>\n</delim><match><data>ud4CHiX = |"g4lin4n","gcVdx","BYcnb","zc0h0T","XLtm","IILzhn","UC","os","fO6ySg"|\n</data></match></read>
<read echo="ascii"><delim>\n</delim><match><data>oTjhQxe = |"g4lin4n","IILzhn","UC","fO6ySg"|\n</data></match></read>
<read echo="ascii"><delim>\n</delim><match><data>uzSBhD = |"SWf1","h2BNG","t7j0","G"|\n</data></match></read>
<read echo="ascii"><delim>\n</delim><match><data>Io5uQ = ||\n</data></match></read>
<read echo="ascii"><delim>\n</delim><match><data>5YQ9R = |"unW","xW33Zs4","8Eh7TWo"|\n</data></match></read>
<read echo="ascii"><delim>\n</delim><match><data>TAMO65 = |"RuqGTqb","st0B3","vqjEH","Kmyyd","tMjsA0","2wvY"|\n</data></match></read>
<read echo="ascii"><delim>\n</delim><match><data>7yTe1 = |"Kmyyd","st0B3","2wvY","pk6CaHr08s"|\n</data></match></read>
<read echo="ascii"><delim>\n</delim><match><data>OubSk = |"KrE","WiaRC","vjSaO8z"|\n</data></match></read>
		<read echo="ascii"><delim> </delim><match><data>\x3E </data></match></read>
		<write echo="ascii"><data>.l\n</data></write>
	</replay>
</pov>
