<?xml version="1.0" standalone="no" ?>
<!DOCTYPE pov SYSTEM "/usr/share/cgc-docs/replay.dtd"><pov>
	<cbid>CROMU_00011</cbid>
	<replay>
		<read echo="ascii"><delim> </delim><match><data>\x3E </data></match></read>
		<write echo="ascii"><data>448Zqnk = |"cMoNEOv","BmUs","6X"|-|"6X","WK4","d"|\n</data></write>
		<read echo="ascii"><delim> </delim><match><data>\x3E </data></match></read>
		<write echo="ascii"><data>omaJQb = 448Zqnk ~ 448Zqnk\n</data></write>
		<read echo="ascii"><delim> </delim><match><data>\x3E </data></match></read>
		<write echo="ascii"><data>wPnBY = |"VTT","R1T","Tp1OB","WPTSXy","wWi","rOu2y5","Cq8","myDss"|\n</data></write>
		<read echo="ascii"><delim> </delim><match><data>\x3E </data></match></read>
		<write echo="ascii"><data>9KFSQ = |"WPTSXy","R1T","K3CXAPaWnF"|\n</data></write>
		<read echo="ascii"><delim> </delim><match><data>\x3E </data></match></read>
		<write echo="ascii"><data>9KFSQ@wPnBY\n</data></write>
		<read echo="ascii"><delim>\n</delim><match><data>FALSE\n</data></match></read>
		<read echo="ascii"><delim> </delim><match><data>\x3E </data></match></read>
		<write echo="ascii"><data>MjarZ = 9KFSQ + omaJQb\n</data></write>
		<read echo="ascii"><delim> </delim><match><data>\x3E </data></match></read>
		<write echo="ascii"><data>5LQp4 = |"VBPQ","9zFxohg","74FYoq2"|~|"gKLragf","60yx","PUCET8"|\n</data></write>
		<read echo="ascii"><delim> </delim><match><data>\x3E </data></match></read>
		<write echo="ascii"><data>foSKjI = |"YmMBY","O3t","UIMqznE","Hzgfk","t","zr9Q"|~|"Hy"|\n</data></write>
		<read echo="ascii"><delim> </delim><match><data>\x3E </data></match></read>
		<write echo="ascii"><data>k8mZ4X = |"6Q","w35D","kuPhMcI","nKC","zggbMqz","RRAmUEG"|^|"BM","zggbMqz","kuPhMcI","nKC","RHar"|\n</data></write>
		<read echo="ascii"><delim> </delim><match><data>\x3E </data></match></read>
		<write echo="ascii"><data>6nIyjul = |"l3k","IVm","Zqgk"|-|"Zqgk","bwAbk","uw"|\n</data></write>
		<read echo="ascii"><delim> </delim><match><data>\x3E </data></match></read>
		<write echo="ascii"><data>iloKbe = k8mZ4X - omaJQb\n</data></write>
		<read echo="ascii"><delim> </delim><match><data>\x3E </data></match></read>
		<write echo="ascii"><data>HAuNcVL = |"eT","KbEgc"|+|"2anBGz","cWDEJQ"|\n</data></write>
		<read echo="ascii"><delim> </delim><match><data>\x3E </data></match></read>
		<write echo="ascii"><data>jsQvh = |"Oe6Q","mnaNH","B","LrIydr"|+|"z4MdmL","mnaNH"|\n</data></write>
		<read echo="ascii"><delim> </delim><match><data>\x3E </data></match></read>
		<write echo="ascii"><data>15ksH = |"3PRW","57aJ"|+|"3PRW","FmI"|\n</data></write>
		<read echo="ascii"><delim> </delim><match><data>\x3E </data></match></read>
		<write echo="ascii"><data>HMgDOzT = |"pIhEqZ","T","YwfR","paYN3F","I07i"|~|"o1ybGB","pSBE","paYN3F","eB","Mj1hIh","S0bji"|\n</data></write>
		<read echo="ascii"><delim> </delim><match><data>\x3E </data></match></read>
		<write echo="ascii"><data>AmNra3 = |"Z9Ac","ghZqzvC","g4DXhmG"|~|"gd9n","HTY"|\n</data></write>
		<read echo="ascii"><delim> </delim><match><data>\x3E </data></match></read>
		<write echo="ascii"><data>fh4UqP = |"sX","bA","IEeK"|~|"yC"|\n</data></write>
		<read echo="ascii"><delim> </delim><match><data>\x3E </data></match></read>
		<write echo="ascii"><data>.p\n</data></write>
<read echo="ascii"><delim>\n</delim><match><data>448Zqnk = |"cMoNEOv","BmUs"|\n</data></match></read>
<read echo="ascii"><delim>\n</delim><match><data>omaJQb = ||\n</data></match></read>
<read echo="ascii"><delim>\n</delim><match><data>wPnBY = |"VTT","R1T","Tp1OB","WPTSXy","wWi","rOu2y5","Cq8","myDss"|\n</data></match></read>
<read echo="ascii"><delim>\n</delim><match><data>9KFSQ = |"WPTSXy","R1T","K3CXAPaWnF"|\n</data></match></read>
<read echo="ascii"><delim>\n</delim><match><data>MjarZ = |"WPTSXy","R1T","K3CXAPaWnF"|\n</data></match></read>
<read echo="ascii"><delim>\n</delim><match><data>5LQp4 = |"VBPQ","9zFxohg","74FYoq2","gKLragf","60yx","PUCET8"|\n</data></match></read>
<read echo="ascii"><delim>\n</delim><match><data>foSKjI = |"YmMBY","O3t","UIMqznE","Hzgfk","t","zr9Q","Hy"|\n</data></match></read>
<read echo="ascii"><delim>\n</delim><match><data>k8mZ4X = |"kuPhMcI","nKC","zggbMqz"|\n</data></match></read>
<read echo="ascii"><delim>\n</delim><match><data>6nIyjul = |"l3k","IVm"|\n</data></match></read>
<read echo="ascii"><delim>\n</delim><match><data>iloKbe = |"kuPhMcI","nKC","zggbMqz"|\n</data></match></read>
<read echo="ascii"><delim>\n</delim><match><data>HAuNcVL = |"eT","KbEgc","2anBGz","cWDEJQ"|\n</data></match></read>
<read echo="ascii"><delim>\n</delim><match><data>jsQvh = |"Oe6Q","mnaNH","B","LrIydr","z4MdmL"|\n</data></match></read>
<read echo="ascii"><delim>\n</delim><match><data>15ksH = |"3PRW","57aJ","FmI"|\n</data></match></read>
<read echo="ascii"><delim>\n</delim><match><data>HMgDOzT = |"pIhEqZ","T","YwfR","I07i","o1ybGB","pSBE","eB","Mj1hIh","S0bji"|\n</data></match></read>
<read echo="ascii"><delim>\n</delim><match><data>AmNra3 = |"Z9Ac","ghZqzvC","g4DXhmG","gd9n","HTY"|\n</data></match></read>
<read echo="ascii"><delim>\n</delim><match><data>fh4UqP = |"sX","bA","IEeK","yC"|\n</data></match></read>
		<read echo="ascii"><delim> </delim><match><data>\x3E </data></match></read>
		<write echo="ascii"><data>.l\n</data></write>
	</replay>
</pov>
