<?xml version="1.0" standalone="no" ?>
<!DOCTYPE pov SYSTEM "/usr/share/cgc-docs/replay.dtd"><pov>
	<cbid>CROMU_00011</cbid>
	<replay>
		<read echo="ascii"><delim> </delim><match><data>\x3E </data></match></read>
		<write echo="ascii"><data>76bHNC = |"quG","fSJ","hu","QBCtR","9DK","YJmbA","pU"|-|"c","T","quG","j","hu","etLKHR"|\n</data></write>
		<read echo="ascii"><delim> </delim><match><data>\x3E </data></match></read>
		<write echo="ascii"><data>DBBN6 = |"Js","EiB5"|+|"dO1w08I","v25pIjK","EEG5"|\n</data></write>
		<read echo="ascii"><delim> </delim><match><data>\x3E </data></match></read>
		<write echo="ascii"><data>16MUD3G = DBBN6 ~ 76bHNC\n</data></write>
		<read echo="ascii"><delim> </delim><match><data>\x3E </data></match></read>
		<write echo="ascii"><data>0VeyC = |"yzpfI1n","5D","3XjkEX2","C9Y12pZ","GU00br","xH"|-|"Szq0zM","3XjkEX2","g","1xbr","cXqx"|\n</data></write>
		<read echo="ascii"><delim> </delim><match><data>\x3E </data></match></read>
		<write echo="ascii"><data>Tiu71F = DBBN6 + 16MUD3G\n</data></write>
		<read echo="ascii"><delim> </delim><match><data>\x3E </data></match></read>
		<write echo="ascii"><data>27HsTus = Tiu71F ~ 16MUD3G\n</data></write>
		<read echo="ascii"><delim> </delim><match><data>\x3E </data></match></read>
		<write echo="ascii"><data>XZcjs = |"OxIEke","LRbz","oWsRG","AqmWP5","55Rfzk"|~|"55Rfzk","tj8Dc","XSPqJnm"|\n</data></write>
		<read echo="ascii"><delim> </delim><match><data>\x3E </data></match></read>
		<write echo="ascii"><data>iWwhe = 76bHNC ~ Tiu71F\n</data></write>
		<read echo="ascii"><delim> </delim><match><data>\x3E </data></match></read>
		<write echo="ascii"><data>WWBC7zI = |"tgwn","2Vhq4N","xmua","U","A7","WNOoC"|-|"vW6g","3bKsL","mg","vEeVZ","A7","nseeo"|\n</data></write>
		<read echo="ascii"><delim> </delim><match><data>\x3E </data></match></read>
		<write echo="ascii"><data>1chitQ9 = |"XNlA","8H"|~|"8H","YR","Dg","AtwgNV6","lZB"|\n</data></write>
		<read echo="ascii"><delim> </delim><match><data>\x3E </data></match></read>
		<write echo="ascii"><data>LMU6aFE = Tiu71F - Tiu71F\n</data></write>
		<read echo="ascii"><delim> </delim><match><data>\x3E </data></match></read>
		<write echo="ascii"><data>zYNwsQ = |"wD","rMVe","aDyE","2U","rQ5bAvv","iQD"|+|"cF8qA4"|\n</data></write>
		<read echo="ascii"><delim> </delim><match><data>\x3E </data></match></read>
		<write echo="ascii"><data>ZXFeM1Y = Tiu71F + 76bHNC\n</data></write>
		<read echo="ascii"><delim> </delim><match><data>\x3E </data></match></read>
		<write echo="ascii"><data>tGXjYDv = 0VeyC ~ DBBN6\n</data></write>
		<read echo="ascii"><delim> </delim><match><data>\x3E </data></match></read>
		<write echo="ascii"><data>VfBbS8V = iWwhe ~ 16MUD3G\n</data></write>
		<read echo="ascii"><delim> </delim><match><data>\x3E </data></match></read>
		<write echo="ascii"><data>.p\n</data></write>
<read echo="ascii"><delim>\n</delim><match><data>76bHNC = |"fSJ","QBCtR","9DK","YJmbA","pU"|\n</data></match></read>
<read echo="ascii"><delim>\n</delim><match><data>DBBN6 = |"Js","EiB5","dO1w08I","v25pIjK","EEG5"|\n</data></match></read>
<read echo="ascii"><delim>\n</delim><match><data>16MUD3G = |"Js","EiB5","dO1w08I","v25pIjK","EEG5","fSJ","QBCtR","9DK","YJmbA","pU"|\n</data></match></read>
<read echo="ascii"><delim>\n</delim><match><data>0VeyC = |"yzpfI1n","5D","C9Y12pZ","GU00br","xH"|\n</data></match></read>
<read echo="ascii"><delim>\n</delim><match><data>Tiu71F = |"Js","EiB5","dO1w08I","v25pIjK","EEG5","fSJ","QBCtR","9DK","YJmbA","pU"|\n</data></match></read>
<read echo="ascii"><delim>\n</delim><match><data>27HsTus = ||\n</data></match></read>
<read echo="ascii"><delim>\n</delim><match><data>XZcjs = |"OxIEke","LRbz","oWsRG","AqmWP5","tj8Dc","XSPqJnm"|\n</data></match></read>
<read echo="ascii"><delim>\n</delim><match><data>iWwhe = |"Js","EiB5","dO1w08I","v25pIjK","EEG5"|\n</data></match></read>
<read echo="ascii"><delim>\n</delim><match><data>WWBC7zI = |"tgwn","2Vhq4N","xmua","U","WNOoC"|\n</data></match></read>
<read echo="ascii"><delim>\n</delim><match><data>1chitQ9 = |"XNlA","YR","Dg","AtwgNV6","lZB"|\n</data></match></read>
<read echo="ascii"><delim>\n</delim><match><data>LMU6aFE = ||\n</data></match></read>
<read echo="ascii"><delim>\n</delim><match><data>zYNwsQ = |"wD","rMVe","aDyE","2U","rQ5bAvv","iQD","cF8qA4"|\n</data></match></read>
<read echo="ascii"><delim>\n</delim><match><data>ZXFeM1Y = |"Js","EiB5","dO1w08I","v25pIjK","EEG5","fSJ","QBCtR","9DK","YJmbA","pU"|\n</data></match></read>
<read echo="ascii"><delim>\n</delim><match><data>tGXjYDv = |"yzpfI1n","5D","C9Y12pZ","GU00br","xH","Js","EiB5","dO1w08I","v25pIjK","EEG5"|\n</data></match></read>
<read echo="ascii"><delim>\n</delim><match><data>VfBbS8V = |"fSJ","QBCtR","9DK","YJmbA","pU"|\n</data></match></read>
		<read echo="ascii"><delim> </delim><match><data>\x3E </data></match></read>
		<write echo="ascii"><data>.l\n</data></write>
	</replay>
</pov>
