<?xml version="1.0" standalone="no" ?>
<!DOCTYPE pov SYSTEM "/usr/share/cgc-docs/replay.dtd"><pov>
	<cbid>CROMU_00011</cbid>
	<replay>
		<read echo="ascii"><delim> </delim><match><data>\x3E </data></match></read>
		<write echo="ascii"><data>DOze0 = |"fYg","8y","6J","b1","tAcsL4z","eM3Z"|\n</data></write>
		<read echo="ascii"><delim> </delim><match><data>\x3E </data></match></read>
		<write echo="ascii"><data>wVUUT = |"6J"|\n</data></write>
		<read echo="ascii"><delim> </delim><match><data>\x3E </data></match></read>
		<write echo="ascii"><data>wVUUT@DOze0\n</data></write>
		<read echo="ascii"><delim>\n</delim><match><data>TRUE\n</data></match></read>
		<read echo="ascii"><delim> </delim><match><data>\x3E </data></match></read>
		<write echo="ascii"><data>5eRkZe = |"ryT","2","4","qqzKE"|-|"T","fpmP","xgnu"|\n</data></write>
		<read echo="ascii"><delim> </delim><match><data>\x3E </data></match></read>
		<write echo="ascii"><data>dVhhM = DOze0 - 5eRkZe\n</data></write>
		<read echo="ascii"><delim> </delim><match><data>\x3E </data></match></read>
		<write echo="ascii"><data>tESv7 = DOze0 + wVUUT\n</data></write>
		<read echo="ascii"><delim> </delim><match><data>\x3E </data></match></read>
		<write echo="ascii"><data>FS3Psp = |"xYjaik"|^|"w1","pMqm","hllUnX1","h2lCsu2"|\n</data></write>
		<read echo="ascii"><delim> </delim><match><data>\x3E </data></match></read>
		<write echo="ascii"><data>Qm3tn3 = |"2cGRdC2","JwLPr","Hyt83A","nNDg4W","co","mz3E"|^|"fjdx","co"|\n</data></write>
		<read echo="ascii"><delim> </delim><match><data>\x3E </data></match></read>
		<write echo="ascii"><data>AYzOx = wVUUT ^ DOze0\n</data></write>
		<read echo="ascii"><delim> </delim><match><data>\x3E </data></match></read>
		<write echo="ascii"><data>Ndx8jEN = dVhhM ~ FS3Psp\n</data></write>
		<read echo="ascii"><delim> </delim><match><data>\x3E </data></match></read>
		<write echo="ascii"><data>qBsqI = |"gtD","7l","Czat","g4vJ","tTPvp","Xcqi","U"|-|"U","8uBya","HRi"|\n</data></write>
		<read echo="ascii"><delim> </delim><match><data>\x3E </data></match></read>
		<write echo="ascii"><data>NZJc0 = |"ssjfMl","DNC","NFrs"|-|"V","a7","ssjfMl","N","U3","YcinR","g4W7hK"|\n</data></write>
		<read echo="ascii"><delim> </delim><match><data>\x3E </data></match></read>
		<write echo="ascii"><data>JaemYv = NZJc0 ~ Qm3tn3\n</data></write>
		<read echo="ascii"><delim> </delim><match><data>\x3E </data></match></read>
		<write echo="ascii"><data>blIc1Z6 = NZJc0 - dVhhM\n</data></write>
		<read echo="ascii"><delim> </delim><match><data>\x3E </data></match></read>
		<write echo="ascii"><data>3qnm5 = FS3Psp + FS3Psp\n</data></write>
		<read echo="ascii"><delim> </delim><match><data>\x3E </data></match></read>
		<write echo="ascii"><data>GgcTfuy = Qm3tn3 - dVhhM\n</data></write>
		<read echo="ascii"><delim> </delim><match><data>\x3E </data></match></read>
		<write echo="ascii"><data>.p\n</data></write>
<read echo="ascii"><delim>\n</delim><match><data>DOze0 = |"fYg","8y","6J","b1","tAcsL4z","eM3Z"|\n</data></match></read>
<read echo="ascii"><delim>\n</delim><match><data>wVUUT = |"6J"|\n</data></match></read>
<read echo="ascii"><delim>\n</delim><match><data>5eRkZe = |"ryT","2","4","qqzKE"|\n</data></match></read>
<read echo="ascii"><delim>\n</delim><match><data>dVhhM = |"fYg","8y","6J","b1","tAcsL4z","eM3Z"|\n</data></match></read>
<read echo="ascii"><delim>\n</delim><match><data>tESv7 = |"fYg","8y","6J","b1","tAcsL4z","eM3Z"|\n</data></match></read>
<read echo="ascii"><delim>\n</delim><match><data>FS3Psp = ||\n</data></match></read>
<read echo="ascii"><delim>\n</delim><match><data>Qm3tn3 = |"co"|\n</data></match></read>
<read echo="ascii"><delim>\n</delim><match><data>AYzOx = |"6J"|\n</data></match></read>
<read echo="ascii"><delim>\n</delim><match><data>Ndx8jEN = |"fYg","8y","6J","b1","tAcsL4z","eM3Z"|\n</data></match></read>
<read echo="ascii"><delim>\n</delim><match><data>qBsqI = |"gtD","7l","Czat","g4vJ","tTPvp","Xcqi"|\n</data></match></read>
<read echo="ascii"><delim>\n</delim><match><data>NZJc0 = |"DNC","NFrs"|\n</data></match></read>
<read echo="ascii"><delim>\n</delim><match><data>JaemYv = |"DNC","NFrs","co"|\n</data></match></read>
<read echo="ascii"><delim>\n</delim><match><data>blIc1Z6 = |"DNC","NFrs"|\n</data></match></read>
<read echo="ascii"><delim>\n</delim><match><data>3qnm5 = ||\n</data></match></read>
<read echo="ascii"><delim>\n</delim><match><data>GgcTfuy = |"co"|\n</data></match></read>
		<read echo="ascii"><delim> </delim><match><data>\x3E </data></match></read>
		<write echo="ascii"><data>.l\n</data></write>
	</replay>
</pov>
