<?xml version="1.0" standalone="no" ?>
<!DOCTYPE pov SYSTEM "/usr/share/cgc-docs/replay.dtd"><pov>
	<cbid>CROMU_00011</cbid>
	<replay>
		<read echo="ascii"><delim> </delim><match><data>\x3E </data></match></read>
		<write echo="ascii"><data>U7hhC = |"Bq","IXmT","Wp1","PFP","t3etDF8","frh","Jvg","bgd","DxIz","KyItZ"|\n</data></write>
		<read echo="ascii"><delim> </delim><match><data>\x3E </data></match></read>
		<write echo="ascii"><data>DAp9EP = |"Jvg","Wp1","bgd","Bq","frh"|\n</data></write>
		<read echo="ascii"><delim> </delim><match><data>\x3E </data></match></read>
		<write echo="ascii"><data>DAp9EP@U7hhC\n</data></write>
		<read echo="ascii"><delim>\n</delim><match><data>TRUE\n</data></match></read>
		<read echo="ascii"><delim> </delim><match><data>\x3E </data></match></read>
		<write echo="ascii"><data>QIDHwj = DAp9EP ~ U7hhC\n</data></write>
		<read echo="ascii"><delim> </delim><match><data>\x3E </data></match></read>
		<write echo="ascii"><data>g9KJjZ = DAp9EP - U7hhC\n</data></write>
		<read echo="ascii"><delim> </delim><match><data>\x3E </data></match></read>
		<write echo="ascii"><data>rqZ40h = |"CwZVZ","vc","YK"|-|"vc","ta","oLt0"|\n</data></write>
		<read echo="ascii"><delim> </delim><match><data>\x3E </data></match></read>
		<write echo="ascii"><data>qijNd9 = |"BH","DVPRo","wRshw2"|-|"4Li","DVPRo","3nNQV","A","BUIl3E8","Ihihx","M"|\n</data></write>
		<read echo="ascii"><delim> </delim><match><data>\x3E </data></match></read>
		<write echo="ascii"><data>uqWWd = |"S","ktpONmC","Y","4Luov","C"|+|"1dT"|\n</data></write>
		<read echo="ascii"><delim> </delim><match><data>\x3E </data></match></read>
		<write echo="ascii"><data>eViU70 = |"d3lDzIJ","YQJ","KO4","5GfVY","d6","ZhD"|\n</data></write>
		<read echo="ascii"><delim> </delim><match><data>\x3E </data></match></read>
		<write echo="ascii"><data>9OD4N4 = |"YQJ","d6","EUDArqC3M6"|\n</data></write>
		<read echo="ascii"><delim> </delim><match><data>\x3E </data></match></read>
		<write echo="ascii"><data>9OD4N4@eViU70\n</data></write>
		<read echo="ascii"><delim>\n</delim><match><data>FALSE\n</data></match></read>
		<read echo="ascii"><delim> </delim><match><data>\x3E </data></match></read>
		<write echo="ascii"><data>eHLcau = |"vNa","Wsu","H","FEHcc","PM"|-|"8O","DGF","ET"|\n</data></write>
		<read echo="ascii"><delim> </delim><match><data>\x3E </data></match></read>
		<write echo="ascii"><data>4o6lf = rqZ40h ~ 9OD4N4\n</data></write>
		<read echo="ascii"><delim> </delim><match><data>\x3E </data></match></read>
		<write echo="ascii"><data>lytVuk = |"QaRgj","dL","JdkCN6O","3DWV","Mxgt","GDLW","Z1YNj"|+|"dL","Dr0TrE","QaRgj"|\n</data></write>
		<read echo="ascii"><delim> </delim><match><data>\x3E </data></match></read>
		<write echo="ascii"><data>FDHt4Z1 = |"sET2l","sN","Ig","OC","IsAGCWi","McCIAk","KT7d","zUqnY5J","SvQUt","I0Ag"|\n</data></write>
		<read echo="ascii"><delim> </delim><match><data>\x3E </data></match></read>
		<write echo="ascii"><data>nvSwA = |"OC","IsAGCWi","sN","Ig","SvQUt","sKICTuRp4Q"|\n</data></write>
		<read echo="ascii"><delim> </delim><match><data>\x3E </data></match></read>
		<write echo="ascii"><data>nvSwA@FDHt4Z1\n</data></write>
		<read echo="ascii"><delim>\n</delim><match><data>FALSE\n</data></match></read>
		<read echo="ascii"><delim> </delim><match><data>\x3E </data></match></read>
		<write echo="ascii"><data>.p\n</data></write>
<read echo="ascii"><delim>\n</delim><match><data>U7hhC = |"Bq","IXmT","Wp1","PFP","t3etDF8","frh","Jvg","bgd","DxIz","KyItZ"|\n</data></match></read>
<read echo="ascii"><delim>\n</delim><match><data>DAp9EP = |"Jvg","Wp1","bgd","Bq","frh"|\n</data></match></read>
<read echo="ascii"><delim>\n</delim><match><data>QIDHwj = |"IXmT","PFP","t3etDF8","DxIz","KyItZ"|\n</data></match></read>
<read echo="ascii"><delim>\n</delim><match><data>g9KJjZ = ||\n</data></match></read>
<read echo="ascii"><delim>\n</delim><match><data>rqZ40h = |"CwZVZ","YK"|\n</data></match></read>
<read echo="ascii"><delim>\n</delim><match><data>qijNd9 = |"BH","wRshw2"|\n</data></match></read>
<read echo="ascii"><delim>\n</delim><match><data>uqWWd = |"S","ktpONmC","Y","4Luov","C","1dT"|\n</data></match></read>
<read echo="ascii"><delim>\n</delim><match><data>eViU70 = |"d3lDzIJ","YQJ","KO4","5GfVY","d6","ZhD"|\n</data></match></read>
<read echo="ascii"><delim>\n</delim><match><data>9OD4N4 = |"YQJ","d6","EUDArqC3M6"|\n</data></match></read>
<read echo="ascii"><delim>\n</delim><match><data>eHLcau = |"vNa","Wsu","H","FEHcc","PM"|\n</data></match></read>
<read echo="ascii"><delim>\n</delim><match><data>4o6lf = |"CwZVZ","YK","YQJ","d6","EUDArqC3M6"|\n</data></match></read>
<read echo="ascii"><delim>\n</delim><match><data>lytVuk = |"QaRgj","dL","JdkCN6O","3DWV","Mxgt","GDLW","Z1YNj","Dr0TrE"|\n</data></match></read>
<read echo="ascii"><delim>\n</delim><match><data>FDHt4Z1 = |"sET2l","sN","Ig","OC","IsAGCWi","McCIAk","KT7d","zUqnY5J","SvQUt","I0Ag"|\n</data></match></read>
<read echo="ascii"><delim>\n</delim><match><data>nvSwA = |"OC","IsAGCWi","sN","Ig","SvQUt","sKICTuRp4Q"|\n</data></match></read>
		<read echo="ascii"><delim> </delim><match><data>\x3E </data></match></read>
		<write echo="ascii"><data>.l\n</data></write>
	</replay>
</pov>
