<?xml version="1.0" standalone="no" ?>
<!DOCTYPE pov SYSTEM "/usr/share/cgc-docs/replay.dtd"><pov>
	<cbid>CROMU_00011</cbid>
	<replay>
		<read echo="ascii"><delim> </delim><match><data>\x3E </data></match></read>
		<write echo="ascii"><data>cBLLL = |"BuQHT","qcnz9","dF1","7kdQ1N","27b6IR","24dm7X","nr24"|^|"FDt2c2","PK"|\n</data></write>
		<read echo="ascii"><delim> </delim><match><data>\x3E </data></match></read>
		<write echo="ascii"><data>cIqkefb = |"nZS","apvK","m7","IIjSy","Fhz"|-|"nZS","PNvB4E","m7","r","OR"|\n</data></write>
		<read echo="ascii"><delim> </delim><match><data>\x3E </data></match></read>
		<write echo="ascii"><data>8y5B94IK = cIqkefb ^ cIqkefb\n</data></write>
		<read echo="ascii"><delim> </delim><match><data>\x3E </data></match></read>
		<write echo="ascii"><data>5Bl7I = |"6n3Ytq"|+|"p","c"|\n</data></write>
		<read echo="ascii"><delim> </delim><match><data>\x3E </data></match></read>
		<write echo="ascii"><data>MrzSu = |"sMbT"|^|"HV8","bu","HB","ZBB8EY1"|\n</data></write>
		<read echo="ascii"><delim> </delim><match><data>\x3E </data></match></read>
		<write echo="ascii"><data>pqN0pV = |"7","o","vY"|-|"f9NesY","PwEYLa","yx","7","081VW7K","wX"|\n</data></write>
		<read echo="ascii"><delim> </delim><match><data>\x3E </data></match></read>
		<write echo="ascii"><data>lGT3A = cIqkefb - 8y5B94IK\n</data></write>
		<read echo="ascii"><delim> </delim><match><data>\x3E </data></match></read>
		<write echo="ascii"><data>xR12i = |"nsF7EgF","Q","vUKmtF"|+|"E2Cbww"|\n</data></write>
		<read echo="ascii"><delim> </delim><match><data>\x3E </data></match></read>
		<write echo="ascii"><data>EFtJUJp = |"xv","loxu9C","mgq","z4xtnlv","IVrz","vRm"|~|"vRm","9","VqG","YtzRr","N16cAug","E"|\n</data></write>
		<read echo="ascii"><delim> </delim><match><data>\x3E </data></match></read>
		<write echo="ascii"><data>jOH0GL = |"bJjz4","VxK","44Xo1v","I4TsRZu","8Mcu","WXj0Am","q4Xt","0csY"|\n</data></write>
		<read echo="ascii"><delim> </delim><match><data>\x3E </data></match></read>
		<write echo="ascii"><data>Lyi9V5 = |"44Xo1v","ySZpEKPbJC"|\n</data></write>
		<read echo="ascii"><delim> </delim><match><data>\x3E </data></match></read>
		<write echo="ascii"><data>Lyi9V5@jOH0GL\n</data></write>
		<read echo="ascii"><delim>\n</delim><match><data>FALSE\n</data></match></read>
		<read echo="ascii"><delim> </delim><match><data>\x3E </data></match></read>
		<write echo="ascii"><data>.p\n</data></write>
<read echo="ascii"><delim>\n</delim><match><data>cBLLL = ||\n</data></match></read>
<read echo="ascii"><delim>\n</delim><match><data>cIqkefb = |"apvK","IIjSy","Fhz"|\n</data></match></read>
<read echo="ascii"><delim>\n</delim><match><data>8y5B94IK = |"apvK","IIjSy","Fhz"|\n</data></match></read>
<read echo="ascii"><delim>\n</delim><match><data>5Bl7I = |"6n3Ytq","p","c"|\n</data></match></read>
<read echo="ascii"><delim>\n</delim><match><data>MrzSu = ||\n</data></match></read>
<read echo="ascii"><delim>\n</delim><match><data>pqN0pV = |"o","vY"|\n</data></match></read>
<read echo="ascii"><delim>\n</delim><match><data>lGT3A = ||\n</data></match></read>
<read echo="ascii"><delim>\n</delim><match><data>xR12i = |"nsF7EgF","Q","vUKmtF","E2Cbww"|\n</data></match></read>
<read echo="ascii"><delim>\n</delim><match><data>EFtJUJp = |"xv","loxu9C","mgq","z4xtnlv","IVrz","9","VqG","YtzRr","N16cAug","E"|\n</data></match></read>
<read echo="ascii"><delim>\n</delim><match><data>jOH0GL = |"bJjz4","VxK","44Xo1v","I4TsRZu","8Mcu","WXj0Am","q4Xt","0csY"|\n</data></match></read>
<read echo="ascii"><delim>\n</delim><match><data>Lyi9V5 = |"44Xo1v","ySZpEKPbJC"|\n</data></match></read>
		<read echo="ascii"><delim> </delim><match><data>\x3E </data></match></read>
		<write echo="ascii"><data>.l\n</data></write>
	</replay>
</pov>
