<?xml version="1.0" standalone="no" ?>
<!DOCTYPE pov SYSTEM "/usr/share/cgc-docs/replay.dtd"><pov>
	<cbid>CROMU_00011</cbid>
	<replay>
		<read echo="ascii"><delim> </delim><match><data>\x3E </data></match></read>
		<write echo="ascii"><data>Q7p0ynE = |"4vzx5","UjtqzjQ","C5Rmo","vzjY32","xC1","bV","Q8Of"|~|"irV9AJY","HRxz","T4QXX","xC1","E"|\n</data></write>
		<read echo="ascii"><delim> </delim><match><data>\x3E </data></match></read>
		<write echo="ascii"><data>gLp4U = Q7p0ynE - Q7p0ynE\n</data></write>
		<read echo="ascii"><delim> </delim><match><data>\x3E </data></match></read>
		<write echo="ascii"><data>iaXwPb = |"ZDKMWz","dt9jJid","czGmof","cCYN3","CLtoJd1","iqnN","J4c"|\n</data></write>
		<read echo="ascii"><delim> </delim><match><data>\x3E </data></match></read>
		<write echo="ascii"><data>kUqcLa = |"dt9jJid","czGmof","cCYN3","ZDKMWz","CLtoJd1","iqnN","faL0Aa15PR"|\n</data></write>
		<read echo="ascii"><delim> </delim><match><data>\x3E </data></match></read>
		<write echo="ascii"><data>kUqcLa@iaXwPb\n</data></write>
		<read echo="ascii"><delim>\n</delim><match><data>FALSE\n</data></match></read>
		<read echo="ascii"><delim> </delim><match><data>\x3E </data></match></read>
		<write echo="ascii"><data>rAFOYdC = |"ZF5sJ3","6r4","mTGKmL","qd8rVl","4F","Tf3O8a","z3KUc","zv2B","3Cdzz1"|\n</data></write>
		<read echo="ascii"><delim> </delim><match><data>\x3E </data></match></read>
		<write echo="ascii"><data>2IlwX1 = |"6r4","9zAR3ocDiP"|\n</data></write>
		<read echo="ascii"><delim> </delim><match><data>\x3E </data></match></read>
		<write echo="ascii"><data>2IlwX1@rAFOYdC\n</data></write>
		<read echo="ascii"><delim>\n</delim><match><data>FALSE\n</data></match></read>
		<read echo="ascii"><delim> </delim><match><data>\x3E </data></match></read>
		<write echo="ascii"><data>CBZ5rA = |"6","xsBdU","K"|-|"u8erRQq","E","aFF0N"|\n</data></write>
		<read echo="ascii"><delim> </delim><match><data>\x3E </data></match></read>
		<write echo="ascii"><data>ivvvfq = CBZ5rA + iaXwPb\n</data></write>
		<read echo="ascii"><delim> </delim><match><data>\x3E </data></match></read>
		<write echo="ascii"><data>FfPKs = |"1nlcVX","hrHyuGL","5nR","wrql","Sv7T6","RjSsH","jMeO","wO"|\n</data></write>
		<read echo="ascii"><delim> </delim><match><data>\x3E </data></match></read>
		<write echo="ascii"><data>5TrcL1 = |"5nR"|\n</data></write>
		<read echo="ascii"><delim> </delim><match><data>\x3E </data></match></read>
		<write echo="ascii"><data>5TrcL1@FfPKs\n</data></write>
		<read echo="ascii"><delim>\n</delim><match><data>TRUE\n</data></match></read>
		<read echo="ascii"><delim> </delim><match><data>\x3E </data></match></read>
		<write echo="ascii"><data>96YNG = |"CJw","qCDD","6c","0","BoRUDnA","prH","eGy1s9n"|~|"X1Y","Y","RbCO","CJw","0","6c"|\n</data></write>
		<read echo="ascii"><delim> </delim><match><data>\x3E </data></match></read>
		<write echo="ascii"><data>QSA27n = |"sAfSIu","08tc2","7XlC","oPtIk","6AKuIwI","H5E9","O5bX"|^|"2P","ZrmU","ep","7XlC"|\n</data></write>
		<read echo="ascii"><delim> </delim><match><data>\x3E </data></match></read>
		<write echo="ascii"><data>BpmwB6 = FfPKs ^ 96YNG\n</data></write>
		<read echo="ascii"><delim> </delim><match><data>\x3E </data></match></read>
		<write echo="ascii"><data>.p\n</data></write>
<read echo="ascii"><delim>\n</delim><match><data>Q7p0ynE = |"4vzx5","UjtqzjQ","C5Rmo","vzjY32","bV","Q8Of","irV9AJY","HRxz","T4QXX","E"|\n</data></match></read>
<read echo="ascii"><delim>\n</delim><match><data>gLp4U = ||\n</data></match></read>
<read echo="ascii"><delim>\n</delim><match><data>iaXwPb = |"ZDKMWz","dt9jJid","czGmof","cCYN3","CLtoJd1","iqnN","J4c"|\n</data></match></read>
<read echo="ascii"><delim>\n</delim><match><data>kUqcLa = |"dt9jJid","czGmof","cCYN3","ZDKMWz","CLtoJd1","iqnN","faL0Aa15PR"|\n</data></match></read>
<read echo="ascii"><delim>\n</delim><match><data>rAFOYdC = |"ZF5sJ3","6r4","mTGKmL","qd8rVl","4F","Tf3O8a","z3KUc","zv2B","3Cdzz1"|\n</data></match></read>
<read echo="ascii"><delim>\n</delim><match><data>2IlwX1 = |"6r4","9zAR3ocDiP"|\n</data></match></read>
<read echo="ascii"><delim>\n</delim><match><data>CBZ5rA = |"6","xsBdU","K"|\n</data></match></read>
<read echo="ascii"><delim>\n</delim><match><data>ivvvfq = |"6","xsBdU","K","ZDKMWz","dt9jJid","czGmof","cCYN3","CLtoJd1","iqnN","J4c"|\n</data></match></read>
<read echo="ascii"><delim>\n</delim><match><data>FfPKs = |"1nlcVX","hrHyuGL","5nR","wrql","Sv7T6","RjSsH","jMeO","wO"|\n</data></match></read>
<read echo="ascii"><delim>\n</delim><match><data>5TrcL1 = |"5nR"|\n</data></match></read>
<read echo="ascii"><delim>\n</delim><match><data>96YNG = |"qCDD","BoRUDnA","prH","eGy1s9n","X1Y","Y","RbCO"|\n</data></match></read>
<read echo="ascii"><delim>\n</delim><match><data>QSA27n = |"7XlC"|\n</data></match></read>
<read echo="ascii"><delim>\n</delim><match><data>BpmwB6 = ||\n</data></match></read>
		<read echo="ascii"><delim> </delim><match><data>\x3E </data></match></read>
		<write echo="ascii"><data>.l\n</data></write>
	</replay>
</pov>
