<?xml version="1.0" standalone="no" ?>
<!DOCTYPE pov SYSTEM "/usr/share/cgc-docs/replay.dtd"><pov>
	<cbid>CROMU_00011</cbid>
	<replay>
		<read echo="ascii"><delim> </delim><match><data>\x3E </data></match></read>
		<write echo="ascii"><data>DtAUR = |"jUhi7","0w9x","UCLaGwH","QXeM","khcLe","QcWWr"|\n</data></write>
		<read echo="ascii"><delim> </delim><match><data>\x3E </data></match></read>
		<write echo="ascii"><data>xAXAy = |"jUhi7","UCLaGwH"|\n</data></write>
		<read echo="ascii"><delim> </delim><match><data>\x3E </data></match></read>
		<write echo="ascii"><data>xAXAy@DtAUR\n</data></write>
		<read echo="ascii"><delim>\n</delim><match><data>TRUE\n</data></match></read>
		<read echo="ascii"><delim> </delim><match><data>\x3E </data></match></read>
		<write echo="ascii"><data>oI4h9 = |"XZ1c"|+|"qW"|\n</data></write>
		<read echo="ascii"><delim> </delim><match><data>\x3E </data></match></read>
		<write echo="ascii"><data>peTA3 = |"xLOIpes","2JJaa","TTZr","fE6ux","Txu7"|~|"ZM","0O0","TTZr","Txu7"|\n</data></write>
		<read echo="ascii"><delim> </delim><match><data>\x3E </data></match></read>
		<write echo="ascii"><data>FeNLZCA3w = oI4h9 ^ peTA3\n</data></write>
		<read echo="ascii"><delim> </delim><match><data>\x3E </data></match></read>
		<write echo="ascii"><data>rhQEtP = FeNLZCA3w ~ peTA3\n</data></write>
		<read echo="ascii"><delim> </delim><match><data>\x3E </data></match></read>
		<write echo="ascii"><data>80tPV = DtAUR - DtAUR\n</data></write>
		<read echo="ascii"><delim> </delim><match><data>\x3E </data></match></read>
		<write echo="ascii"><data>2gIkfRU = oI4h9 - 80tPV\n</data></write>
		<read echo="ascii"><delim> </delim><match><data>\x3E </data></match></read>
		<write echo="ascii"><data>SnWIdZj = |"LBe","x","2Wxru","T","nWuAM"|~|"LBe","ImbXZ","xqCDa","IS8"|\n</data></write>
		<read echo="ascii"><delim> </delim><match><data>\x3E </data></match></read>
		<write echo="ascii"><data>8ZVvJ = 2gIkfRU - SnWIdZj\n</data></write>
		<read echo="ascii"><delim> </delim><match><data>\x3E </data></match></read>
		<write echo="ascii"><data>UmQEQ = peTA3 ^ 8ZVvJ\n</data></write>
		<read echo="ascii"><delim> </delim><match><data>\x3E </data></match></read>
		<write echo="ascii"><data>o2EzO = |"x4","2H","2jB","yMJ","g","QA"|~|"qBU7"|\n</data></write>
		<read echo="ascii"><delim> </delim><match><data>\x3E </data></match></read>
		<write echo="ascii"><data>3cGbQq = oI4h9 ~ 2gIkfRU\n</data></write>
		<read echo="ascii"><delim> </delim><match><data>\x3E </data></match></read>
		<write echo="ascii"><data>DR3jQCz = |"Em4MmXv","msXlp","xVrn0g","jBKMm","F0b0","ev1J8k","eykJyw","aQeXT"|\n</data></write>
		<read echo="ascii"><delim> </delim><match><data>\x3E </data></match></read>
		<write echo="ascii"><data>Gi1Ap = |"F0b0","jBKMm","aQeXT","msXlp","gmIsphenaG"|\n</data></write>
		<read echo="ascii"><delim> </delim><match><data>\x3E </data></match></read>
		<write echo="ascii"><data>Gi1Ap@DR3jQCz\n</data></write>
		<read echo="ascii"><delim>\n</delim><match><data>FALSE\n</data></match></read>
		<read echo="ascii"><delim> </delim><match><data>\x3E </data></match></read>
		<write echo="ascii"><data>0BRjtZPbQ4 = 2gIkfRU ^ oI4h9\n</data></write>
		<read echo="ascii"><delim> </delim><match><data>\x3E </data></match></read>
		<write echo="ascii"><data>22gPGC1 = |"ahFYw93","CMNY"|^|"1NUS1O","P8E4","ahFYw93"|\n</data></write>
		<read echo="ascii"><delim> </delim><match><data>\x3E </data></match></read>
		<write echo="ascii"><data>.p\n</data></write>
<read echo="ascii"><delim>\n</delim><match><data>DtAUR = |"jUhi7","0w9x","UCLaGwH","QXeM","khcLe","QcWWr"|\n</data></match></read>
<read echo="ascii"><delim>\n</delim><match><data>xAXAy = |"jUhi7","UCLaGwH"|\n</data></match></read>
<read echo="ascii"><delim>\n</delim><match><data>oI4h9 = |"XZ1c","qW"|\n</data></match></read>
<read echo="ascii"><delim>\n</delim><match><data>peTA3 = |"xLOIpes","2JJaa","fE6ux","ZM","0O0"|\n</data></match></read>
<read echo="ascii"><delim>\n</delim><match><data>FeNLZCA3w = ||\n</data></match></read>
<read echo="ascii"><delim>\n</delim><match><data>rhQEtP = |"xLOIpes","2JJaa","fE6ux","ZM","0O0"|\n</data></match></read>
<read echo="ascii"><delim>\n</delim><match><data>80tPV = ||\n</data></match></read>
<read echo="ascii"><delim>\n</delim><match><data>2gIkfRU = |"XZ1c","qW"|\n</data></match></read>
<read echo="ascii"><delim>\n</delim><match><data>SnWIdZj = |"x","2Wxru","T","nWuAM","ImbXZ","xqCDa","IS8"|\n</data></match></read>
<read echo="ascii"><delim>\n</delim><match><data>8ZVvJ = |"XZ1c","qW"|\n</data></match></read>
<read echo="ascii"><delim>\n</delim><match><data>UmQEQ = ||\n</data></match></read>
<read echo="ascii"><delim>\n</delim><match><data>o2EzO = |"x4","2H","2jB","yMJ","g","QA","qBU7"|\n</data></match></read>
<read echo="ascii"><delim>\n</delim><match><data>3cGbQq = ||\n</data></match></read>
<read echo="ascii"><delim>\n</delim><match><data>DR3jQCz = |"Em4MmXv","msXlp","xVrn0g","jBKMm","F0b0","ev1J8k","eykJyw","aQeXT"|\n</data></match></read>
<read echo="ascii"><delim>\n</delim><match><data>Gi1Ap = |"F0b0","jBKMm","aQeXT","msXlp","gmIsphenaG"|\n</data></match></read>
<read echo="ascii"><delim>\n</delim><match><data>0BRjtZPbQ4 = |"XZ1c","qW"|\n</data></match></read>
<read echo="ascii"><delim>\n</delim><match><data>22gPGC1 = |"ahFYw93"|\n</data></match></read>
		<read echo="ascii"><delim> </delim><match><data>\x3E </data></match></read>
		<write echo="ascii"><data>.l\n</data></write>
	</replay>
</pov>
