<?xml version="1.0" standalone="no" ?>
<!DOCTYPE pov SYSTEM "/usr/share/cgc-docs/replay.dtd"><pov>
	<cbid>CROMU_00011</cbid>
	<replay>
		<read echo="ascii"><delim> </delim><match><data>\x3E </data></match></read>
		<write echo="ascii"><data>qmoqH = |"fNg6YB","4hN","u6SOa","yVO","IR6D","mGephwL","qnWtsL","4phvMRZ"|\n</data></write>
		<read echo="ascii"><delim> </delim><match><data>\x3E </data></match></read>
		<write echo="ascii"><data>T2s2kfQ = |"fNg6YB","4phvMRZ"|\n</data></write>
		<read echo="ascii"><delim> </delim><match><data>\x3E </data></match></read>
		<write echo="ascii"><data>T2s2kfQ@qmoqH\n</data></write>
		<read echo="ascii"><delim>\n</delim><match><data>TRUE\n</data></match></read>
		<read echo="ascii"><delim> </delim><match><data>\x3E </data></match></read>
		<write echo="ascii"><data>CbUQf = |"QUKsctQ","fE2RgN","s","2YF","Ebh","krIaKW"|-|"2YF","l2k","QUKsctQ"|\n</data></write>
		<read echo="ascii"><delim> </delim><match><data>\x3E </data></match></read>
		<write echo="ascii"><data>6nE94 = |"vnqH","jy","euN9s","Kv7","1HQX","JHzrO","rRb93k","5gdO2i"|\n</data></write>
		<read echo="ascii"><delim> </delim><match><data>\x3E </data></match></read>
		<write echo="ascii"><data>POYWo = |"JHzrO","jy","rRb93k","euN9s"|\n</data></write>
		<read echo="ascii"><delim> </delim><match><data>\x3E </data></match></read>
		<write echo="ascii"><data>POYWo@6nE94\n</data></write>
		<read echo="ascii"><delim>\n</delim><match><data>TRUE\n</data></match></read>
		<read echo="ascii"><delim> </delim><match><data>\x3E </data></match></read>
		<write echo="ascii"><data>6vBxZK8 = |"mwxnWqP","ru","PWaqJ","lc2i","lK8Z","pmU4","j8trID","Dxws","XcH"|\n</data></write>
		<read echo="ascii"><delim> </delim><match><data>\x3E </data></match></read>
		<write echo="ascii"><data>bO7eKD4 = |"mwxnWqP","XcH"|\n</data></write>
		<read echo="ascii"><delim> </delim><match><data>\x3E </data></match></read>
		<write echo="ascii"><data>bO7eKD4@6vBxZK8\n</data></write>
		<read echo="ascii"><delim>\n</delim><match><data>TRUE\n</data></match></read>
		<read echo="ascii"><delim> </delim><match><data>\x3E </data></match></read>
		<write echo="ascii"><data>NZtCV = |"9PARakc","4TkqX","pfoxM","6mu7","pVY1"|~|"flCxSy","z9","kSiTT","zFG","7kkei"|\n</data></write>
		<read echo="ascii"><delim> </delim><match><data>\x3E </data></match></read>
		<write echo="ascii"><data>cad4bp = |"5pzESZ","jCKfLA","uC","zkccl2Z","NX","Qd","1UMqbwQ"|~|"NX","Hp","xIwxnmK","jJMO","NI"|\n</data></write>
		<read echo="ascii"><delim> </delim><match><data>\x3E </data></match></read>
		<write echo="ascii"><data>D2m4QG = POYWo ~ NZtCV\n</data></write>
		<read echo="ascii"><delim> </delim><match><data>\x3E </data></match></read>
		<write echo="ascii"><data>wxlOX = |"G5","1T7","NpK2F","Tc","GAa1","66LVJQN","diiLr","Ztou9Ug"|\n</data></write>
		<read echo="ascii"><delim> </delim><match><data>\x3E </data></match></read>
		<write echo="ascii"><data>Q1C3Gk = |"G5","66LVJQN","1T7","diiLr"|\n</data></write>
		<read echo="ascii"><delim> </delim><match><data>\x3E </data></match></read>
		<write echo="ascii"><data>Q1C3Gk@wxlOX\n</data></write>
		<read echo="ascii"><delim>\n</delim><match><data>TRUE\n</data></match></read>
		<read echo="ascii"><delim> </delim><match><data>\x3E </data></match></read>
		<write echo="ascii"><data>l7vWx6M = |"ox9Yin","g","8","h","WlY4"|+|"43G","vdPac","8"|\n</data></write>
		<read echo="ascii"><delim> </delim><match><data>\x3E </data></match></read>
		<write echo="ascii"><data>OZKju57k = 6vBxZK8 ^ POYWo\n</data></write>
		<read echo="ascii"><delim> </delim><match><data>\x3E </data></match></read>
		<write echo="ascii"><data>yaOL5gF = |"oD","lh4Qq0","6x","a6Y","qMwqNmC","PzhO0ch"|~|"qMwqNmC","kP2u7","vKX","Ios","1lWT","jVYOR"|\n</data></write>
		<read echo="ascii"><delim> </delim><match><data>\x3E </data></match></read>
		<write echo="ascii"><data>.p\n</data></write>
<read echo="ascii"><delim>\n</delim><match><data>qmoqH = |"fNg6YB","4hN","u6SOa","yVO","IR6D","mGephwL","qnWtsL","4phvMRZ"|\n</data></match></read>
<read echo="ascii"><delim>\n</delim><match><data>T2s2kfQ = |"fNg6YB","4phvMRZ"|\n</data></match></read>
<read echo="ascii"><delim>\n</delim><match><data>CbUQf = |"fE2RgN","s","Ebh","krIaKW"|\n</data></match></read>
<read echo="ascii"><delim>\n</delim><match><data>6nE94 = |"vnqH","jy","euN9s","Kv7","1HQX","JHzrO","rRb93k","5gdO2i"|\n</data></match></read>
<read echo="ascii"><delim>\n</delim><match><data>POYWo = |"JHzrO","jy","rRb93k","euN9s"|\n</data></match></read>
<read echo="ascii"><delim>\n</delim><match><data>6vBxZK8 = |"mwxnWqP","ru","PWaqJ","lc2i","lK8Z","pmU4","j8trID","Dxws","XcH"|\n</data></match></read>
<read echo="ascii"><delim>\n</delim><match><data>bO7eKD4 = |"mwxnWqP","XcH"|\n</data></match></read>
<read echo="ascii"><delim>\n</delim><match><data>NZtCV = |"9PARakc","4TkqX","pfoxM","6mu7","pVY1","flCxSy","z9","kSiTT","zFG","7kkei"|\n</data></match></read>
<read echo="ascii"><delim>\n</delim><match><data>cad4bp = |"5pzESZ","jCKfLA","uC","zkccl2Z","Qd","1UMqbwQ","Hp","xIwxnmK","jJMO","NI"|\n</data></match></read>
<read echo="ascii"><delim>\n</delim><match><data>D2m4QG = |"JHzrO","jy","rRb93k","euN9s","9PARakc","4TkqX","pfoxM","6mu7","pVY1","flCxSy","z9","kSiTT","zFG","7kkei"|\n</data></match></read>
<read echo="ascii"><delim>\n</delim><match><data>wxlOX = |"G5","1T7","NpK2F","Tc","GAa1","66LVJQN","diiLr","Ztou9Ug"|\n</data></match></read>
<read echo="ascii"><delim>\n</delim><match><data>Q1C3Gk = |"G5","66LVJQN","1T7","diiLr"|\n</data></match></read>
<read echo="ascii"><delim>\n</delim><match><data>l7vWx6M = |"ox9Yin","g","8","h","WlY4","43G","vdPac"|\n</data></match></read>
<read echo="ascii"><delim>\n</delim><match><data>OZKju57k = ||\n</data></match></read>
<read echo="ascii"><delim>\n</delim><match><data>yaOL5gF = |"oD","lh4Qq0","6x","a6Y","PzhO0ch","kP2u7","vKX","Ios","1lWT","jVYOR"|\n</data></match></read>
		<read echo="ascii"><delim> </delim><match><data>\x3E </data></match></read>
		<write echo="ascii"><data>.l\n</data></write>
	</replay>
</pov>
