<?xml version="1.0" standalone="no" ?>
<!DOCTYPE pov SYSTEM "/usr/share/cgc-docs/replay.dtd"><pov>
	<cbid>CROMU_00011</cbid>
	<replay>
		<read echo="ascii"><delim> </delim><match><data>\x3E </data></match></read>
		<write echo="ascii"><data>w2ilV3 = |"SBrP98","LM"|^|"NTG","xZJO","CPz8F","9c1","u3DUob"|\n</data></write>
		<read echo="ascii"><delim> </delim><match><data>\x3E </data></match></read>
		<write echo="ascii"><data>wKjIE = |"f","Z6tOJ4","HJ","vZIVqm6","q0yLqB"|~|"Y","vZIVqm6"|\n</data></write>
		<read echo="ascii"><delim> </delim><match><data>\x3E </data></match></read>
		<write echo="ascii"><data>Dk2rcB = w2ilV3 ~ w2ilV3\n</data></write>
		<read echo="ascii"><delim> </delim><match><data>\x3E </data></match></read>
		<write echo="ascii"><data>fMJyJ = |"teatjON","bw"|^|"fuOh2"|\n</data></write>
		<read echo="ascii"><delim> </delim><match><data>\x3E </data></match></read>
		<write echo="ascii"><data>NWtIKs8 = |"gUND","aas0EK","RFplW","lE6hX","iX3dN","SPAB8T9","pMYvm","tF","ud47Z","bg41"|\n</data></write>
		<read echo="ascii"><delim> </delim><match><data>\x3E </data></match></read>
		<write echo="ascii"><data>TpVhvk = |"gUND","aas0EK","RFplW","lE6hX","iX3dN","RGHAa8nQyX"|\n</data></write>
		<read echo="ascii"><delim> </delim><match><data>\x3E </data></match></read>
		<write echo="ascii"><data>TpVhvk@NWtIKs8\n</data></write>
		<read echo="ascii"><delim>\n</delim><match><data>FALSE\n</data></match></read>
		<read echo="ascii"><delim> </delim><match><data>\x3E </data></match></read>
		<write echo="ascii"><data>ZhCBRQ = wKjIE + w2ilV3\n</data></write>
		<read echo="ascii"><delim> </delim><match><data>\x3E </data></match></read>
		<write echo="ascii"><data>UEbeJA9 = |"u2fUML8","7LqH","5S","XPgk","MUs","OWH"|^|"aaE","6WD2","OWH"|\n</data></write>
		<read echo="ascii"><delim> </delim><match><data>\x3E </data></match></read>
		<write echo="ascii"><data>RVGzTM = |"RUFGVL","cs","nFCUeEF","G9gZvQ","fj","PTZEH","OHD"|^|"OHD","kGK1xhV","nFCUeEF","4JJ","kLYtQ","aY","WH5"|\n</data></write>
		<read echo="ascii"><delim> </delim><match><data>\x3E </data></match></read>
		<write echo="ascii"><data>3s7mu = UEbeJA9 + UEbeJA9\n</data></write>
		<read echo="ascii"><delim> </delim><match><data>\x3E </data></match></read>
		<write echo="ascii"><data>MeGrGiu = |"marMXx","chIdC","vWn","vuu","hK"|~|"C6gw7","hK","vuu","ITCf57a","A23PV","z"|\n</data></write>
		<read echo="ascii"><delim> </delim><match><data>\x3E </data></match></read>
		<write echo="ascii"><data>o2Q5Vo = |"NQB","GQz08i","55XK","ia","bHKr","lhrC59"|~|"ry","bHKr","lhrC59","cO"|\n</data></write>
		<read echo="ascii"><delim> </delim><match><data>\x3E </data></match></read>
		<write echo="ascii"><data>Rm5yCt5 = |"L","6OPw","pPXRoRl","H42rf","Q","wk5VPZ"|-|"aUDSWXz","VpwdN","L4Yw"|\n</data></write>
		<read echo="ascii"><delim> </delim><match><data>\x3E </data></match></read>
		<write echo="ascii"><data>1mbfrnN = fMJyJ ^ RVGzTM\n</data></write>
		<read echo="ascii"><delim> </delim><match><data>\x3E </data></match></read>
		<write echo="ascii"><data>.p\n</data></write>
<read echo="ascii"><delim>\n</delim><match><data>w2ilV3 = ||\n</data></match></read>
<read echo="ascii"><delim>\n</delim><match><data>wKjIE = |"f","Z6tOJ4","HJ","q0yLqB","Y"|\n</data></match></read>
<read echo="ascii"><delim>\n</delim><match><data>Dk2rcB = ||\n</data></match></read>
<read echo="ascii"><delim>\n</delim><match><data>fMJyJ = ||\n</data></match></read>
<read echo="ascii"><delim>\n</delim><match><data>NWtIKs8 = |"gUND","aas0EK","RFplW","lE6hX","iX3dN","SPAB8T9","pMYvm","tF","ud47Z","bg41"|\n</data></match></read>
<read echo="ascii"><delim>\n</delim><match><data>TpVhvk = |"gUND","aas0EK","RFplW","lE6hX","iX3dN","RGHAa8nQyX"|\n</data></match></read>
<read echo="ascii"><delim>\n</delim><match><data>ZhCBRQ = |"f","Z6tOJ4","HJ","q0yLqB","Y"|\n</data></match></read>
<read echo="ascii"><delim>\n</delim><match><data>UEbeJA9 = |"OWH"|\n</data></match></read>
<read echo="ascii"><delim>\n</delim><match><data>RVGzTM = |"nFCUeEF","OHD"|\n</data></match></read>
<read echo="ascii"><delim>\n</delim><match><data>3s7mu = |"OWH"|\n</data></match></read>
<read echo="ascii"><delim>\n</delim><match><data>MeGrGiu = |"marMXx","chIdC","vWn","C6gw7","ITCf57a","A23PV","z"|\n</data></match></read>
<read echo="ascii"><delim>\n</delim><match><data>o2Q5Vo = |"NQB","GQz08i","55XK","ia","ry","cO"|\n</data></match></read>
<read echo="ascii"><delim>\n</delim><match><data>Rm5yCt5 = |"L","6OPw","pPXRoRl","H42rf","Q","wk5VPZ"|\n</data></match></read>
<read echo="ascii"><delim>\n</delim><match><data>1mbfrnN = ||\n</data></match></read>
		<read echo="ascii"><delim> </delim><match><data>\x3E </data></match></read>
		<write echo="ascii"><data>.l\n</data></write>
	</replay>
</pov>
