<?xml version="1.0" standalone="no" ?>
<!DOCTYPE pov SYSTEM "/usr/share/cgc-docs/replay.dtd"><pov>
	<cbid>CROMU_00011</cbid>
	<replay>
		<read echo="ascii"><delim> </delim><match><data>\x3E </data></match></read>
		<write echo="ascii"><data>UhXH8o = |"LhZI","yrq","b7bb6","s","oy6ZYL"|~|"s","8R","U2nI","L","FjvIg","iVlOiY","oy6ZYL"|\n</data></write>
		<read echo="ascii"><delim> </delim><match><data>\x3E </data></match></read>
		<write echo="ascii"><data>s8Y8Z = UhXH8o - UhXH8o\n</data></write>
		<read echo="ascii"><delim> </delim><match><data>\x3E </data></match></read>
		<write echo="ascii"><data>VYW1NCm = |"XuTZdH","8FNV","2"|-|"Dtqn","2","xwZ","433Gy","l","8FNV","e42Y2P"|\n</data></write>
		<read echo="ascii"><delim> </delim><match><data>\x3E </data></match></read>
		<write echo="ascii"><data>ECLCdD = VYW1NCm + s8Y8Z\n</data></write>
		<read echo="ascii"><delim> </delim><match><data>\x3E </data></match></read>
		<write echo="ascii"><data>KKj6T = |"8aCz","Gv7X","0Vm","x4gc","Yll","0cYOn9","onoji"|\n</data></write>
		<read echo="ascii"><delim> </delim><match><data>\x3E </data></match></read>
		<write echo="ascii"><data>cvs2pWG = |"Gv7X","0Vm"|\n</data></write>
		<read echo="ascii"><delim> </delim><match><data>\x3E </data></match></read>
		<write echo="ascii"><data>cvs2pWG@KKj6T\n</data></write>
		<read echo="ascii"><delim>\n</delim><match><data>TRUE\n</data></match></read>
		<read echo="ascii"><delim> </delim><match><data>\x3E </data></match></read>
		<write echo="ascii"><data>NXfib0n = |"Fs24k","eJod","6kxlI7V","I9HML5a","sr3o","9l"|\n</data></write>
		<read echo="ascii"><delim> </delim><match><data>\x3E </data></match></read>
		<write echo="ascii"><data>UUMdxmV = |"9l"|\n</data></write>
		<read echo="ascii"><delim> </delim><match><data>\x3E </data></match></read>
		<write echo="ascii"><data>UUMdxmV@NXfib0n\n</data></write>
		<read echo="ascii"><delim>\n</delim><match><data>TRUE\n</data></match></read>
		<read echo="ascii"><delim> </delim><match><data>\x3E </data></match></read>
		<write echo="ascii"><data>rKvoz5 = |"nx9bE","eOHgxm"|+|"G","Ir7D","RLDwGbT","T7tuG","2sV","ke"|\n</data></write>
		<read echo="ascii"><delim> </delim><match><data>\x3E </data></match></read>
		<write echo="ascii"><data>SbLze = cvs2pWG ~ VYW1NCm\n</data></write>
		<read echo="ascii"><delim> </delim><match><data>\x3E </data></match></read>
		<write echo="ascii"><data>jyUn6 = |"2N","ivmLkHe","j","8","FhGA"|-|"ZqhSY","Ft","ps","GaxILW"|\n</data></write>
		<read echo="ascii"><delim> </delim><match><data>\x3E </data></match></read>
		<write echo="ascii"><data>mpr67Bt = cvs2pWG - rKvoz5\n</data></write>
		<read echo="ascii"><delim> </delim><match><data>\x3E </data></match></read>
		<write echo="ascii"><data>zRlhpMy = KKj6T ~ SbLze\n</data></write>
		<read echo="ascii"><delim> </delim><match><data>\x3E </data></match></read>
		<write echo="ascii"><data>.p\n</data></write>
<read echo="ascii"><delim>\n</delim><match><data>UhXH8o = |"LhZI","yrq","b7bb6","8R","U2nI","L","FjvIg","iVlOiY"|\n</data></match></read>
<read echo="ascii"><delim>\n</delim><match><data>s8Y8Z = ||\n</data></match></read>
<read echo="ascii"><delim>\n</delim><match><data>VYW1NCm = |"XuTZdH"|\n</data></match></read>
<read echo="ascii"><delim>\n</delim><match><data>ECLCdD = |"XuTZdH"|\n</data></match></read>
<read echo="ascii"><delim>\n</delim><match><data>KKj6T = |"8aCz","Gv7X","0Vm","x4gc","Yll","0cYOn9","onoji"|\n</data></match></read>
<read echo="ascii"><delim>\n</delim><match><data>cvs2pWG = |"Gv7X","0Vm"|\n</data></match></read>
<read echo="ascii"><delim>\n</delim><match><data>NXfib0n = |"Fs24k","eJod","6kxlI7V","I9HML5a","sr3o","9l"|\n</data></match></read>
<read echo="ascii"><delim>\n</delim><match><data>UUMdxmV = |"9l"|\n</data></match></read>
<read echo="ascii"><delim>\n</delim><match><data>rKvoz5 = |"nx9bE","eOHgxm","G","Ir7D","RLDwGbT","T7tuG","2sV","ke"|\n</data></match></read>
<read echo="ascii"><delim>\n</delim><match><data>SbLze = |"Gv7X","0Vm","XuTZdH"|\n</data></match></read>
<read echo="ascii"><delim>\n</delim><match><data>jyUn6 = |"2N","ivmLkHe","j","8","FhGA"|\n</data></match></read>
<read echo="ascii"><delim>\n</delim><match><data>mpr67Bt = |"Gv7X","0Vm"|\n</data></match></read>
<read echo="ascii"><delim>\n</delim><match><data>zRlhpMy = |"8aCz","x4gc","Yll","0cYOn9","onoji","XuTZdH"|\n</data></match></read>
		<read echo="ascii"><delim> </delim><match><data>\x3E </data></match></read>
		<write echo="ascii"><data>.l\n</data></write>
	</replay>
</pov>
