<?xml version="1.0" standalone="no" ?>
<!DOCTYPE pov SYSTEM "/usr/share/cgc-docs/replay.dtd"><pov>
	<cbid>CROMU_00011</cbid>
	<replay>
		<read echo="ascii"><delim> </delim><match><data>\x3E </data></match></read>
		<write echo="ascii"><data>FwwVCd4 = |"t","J","C","zdsT"|~|"zdsT"|\n</data></write>
		<read echo="ascii"><delim> </delim><match><data>\x3E </data></match></read>
		<write echo="ascii"><data>Sq9Lc8 = FwwVCd4 - FwwVCd4\n</data></write>
		<read echo="ascii"><delim> </delim><match><data>\x3E </data></match></read>
		<write echo="ascii"><data>jNRPOCF = FwwVCd4 ~ Sq9Lc8\n</data></write>
		<read echo="ascii"><delim> </delim><match><data>\x3E </data></match></read>
		<write echo="ascii"><data>OzsL0 = jNRPOCF - jNRPOCF\n</data></write>
		<read echo="ascii"><delim> </delim><match><data>\x3E </data></match></read>
		<write echo="ascii"><data>M4feH = |"NePsIzn","r1Q","D2MK","nWPCB6W","k","bjNV"|-|"r4KceT","bjNV","RZRT","ylobYtz","oHWCj"|\n</data></write>
		<read echo="ascii"><delim> </delim><match><data>\x3E </data></match></read>
		<write echo="ascii"><data>VQ8Ydst = |"YjT","FM2zn","2JN","1z","o","Ri","PigxC"|~|"8X3I","Ri","E"|\n</data></write>
		<read echo="ascii"><delim> </delim><match><data>\x3E </data></match></read>
		<write echo="ascii"><data>V2T92xw = |"qwtZG","Hyx9Y","vO8oc2"|-|"vttA","H","krrYS0s"|\n</data></write>
		<read echo="ascii"><delim> </delim><match><data>\x3E </data></match></read>
		<write echo="ascii"><data>k45N8 = M4feH + VQ8Ydst\n</data></write>
		<read echo="ascii"><delim> </delim><match><data>\x3E </data></match></read>
		<write echo="ascii"><data>.p\n</data></write>
<read echo="ascii"><delim>\n</delim><match><data>FwwVCd4 = |"t","J","C"|\n</data></match></read>
<read echo="ascii"><delim>\n</delim><match><data>Sq9Lc8 = ||\n</data></match></read>
<read echo="ascii"><delim>\n</delim><match><data>jNRPOCF = |"t","J","C"|\n</data></match></read>
<read echo="ascii"><delim>\n</delim><match><data>OzsL0 = ||\n</data></match></read>
<read echo="ascii"><delim>\n</delim><match><data>M4feH = |"NePsIzn","r1Q","D2MK","nWPCB6W","k"|\n</data></match></read>
<read echo="ascii"><delim>\n</delim><match><data>VQ8Ydst = |"YjT","FM2zn","2JN","1z","o","PigxC","8X3I","E"|\n</data></match></read>
<read echo="ascii"><delim>\n</delim><match><data>V2T92xw = |"qwtZG","Hyx9Y","vO8oc2"|\n</data></match></read>
<read echo="ascii"><delim>\n</delim><match><data>k45N8 = |"NePsIzn","r1Q","D2MK","nWPCB6W","k","YjT","FM2zn","2JN","1z","o","PigxC","8X3I","E"|\n</data></match></read>
		<read echo="ascii"><delim> </delim><match><data>\x3E </data></match></read>
		<write echo="ascii"><data>.l\n</data></write>
	</replay>
</pov>
