<?xml version="1.0" standalone="no" ?>
<!DOCTYPE pov SYSTEM "/usr/share/cgc-docs/replay.dtd"><pov>
	<cbid>CROMU_00011</cbid>
	<replay>
		<read echo="ascii"><delim> </delim><match><data>\x3E </data></match></read>
		<write echo="ascii"><data>N11Idr = |"dSrM6q","ip3qpi","1iUE3vi"|-|"mcy3WhZ","dSrM6q","0W8","bNgB","8qcu"|\n</data></write>
		<read echo="ascii"><delim> </delim><match><data>\x3E </data></match></read>
		<write echo="ascii"><data>gGXXieC = |"ZrcsUXf","5","N1a","4bKDIQ","iEajC4","HQcM"|-|"HQcM","ap","YsxUS","lnp0Bj","6dtbtn","2Xj","mgSk"|\n</data></write>
		<read echo="ascii"><delim> </delim><match><data>\x3E </data></match></read>
		<write echo="ascii"><data>jzx4y = |"YH","IrSnR","xr39UE","ZjPD3h","Iznp","4zYJsY","s7a6H"|+|"xr39UE","U"|\n</data></write>
		<read echo="ascii"><delim> </delim><match><data>\x3E </data></match></read>
		<write echo="ascii"><data>9sO0LF = |"2LEn","0hTyi5s","d","Jr"|-|"EQLKE","pv7Ncc3","pAVKj","b3Pqb"|\n</data></write>
		<read echo="ascii"><delim> </delim><match><data>\x3E </data></match></read>
		<write echo="ascii"><data>Bil3DAW = jzx4y ~ 9sO0LF\n</data></write>
		<read echo="ascii"><delim> </delim><match><data>\x3E </data></match></read>
		<write echo="ascii"><data>Sxcgc = |"86"|^|"D8uQeCc","sUgBSE","bMTP0C"|\n</data></write>
		<read echo="ascii"><delim> </delim><match><data>\x3E </data></match></read>
		<write echo="ascii"><data>cGCIaGo = Sxcgc ~ Sxcgc\n</data></write>
		<read echo="ascii"><delim> </delim><match><data>\x3E </data></match></read>
		<write echo="ascii"><data>9L7M4Tw = |"6EB40dF"|~|"8FIE","ZhXXE","A","FgMUa","zBlI1","YvmWe","5aNqO2"|\n</data></write>
		<read echo="ascii"><delim> </delim><match><data>\x3E </data></match></read>
		<write echo="ascii"><data>N6DhwK = |"KJZJ","BR1SD9","c9vEBB"|^|"Vvp3Lv","Hj","3xYQQMn","b4l"|\n</data></write>
		<read echo="ascii"><delim> </delim><match><data>\x3E </data></match></read>
		<write echo="ascii"><data>IfrDT0 = 9sO0LF - 9L7M4Tw\n</data></write>
		<read echo="ascii"><delim> </delim><match><data>\x3E </data></match></read>
		<write echo="ascii"><data>pml5r3 = |"Kk","gNyZ","dFqj","QlrY","GtvmWgN","wIAQZ5","t8ex","9oDSCVM","E5","HdDmJ"|\n</data></write>
		<read echo="ascii"><delim> </delim><match><data>\x3E </data></match></read>
		<write echo="ascii"><data>zAHKFoB = |"QlrY","gNyZ","E5","GtvmWgN","Kk","przDvzZ4qj"|\n</data></write>
		<read echo="ascii"><delim> </delim><match><data>\x3E </data></match></read>
		<write echo="ascii"><data>zAHKFoB@pml5r3\n</data></write>
		<read echo="ascii"><delim>\n</delim><match><data>FALSE\n</data></match></read>
		<read echo="ascii"><delim> </delim><match><data>\x3E </data></match></read>
		<write echo="ascii"><data>nSXGNi = |"x","c","Rp"|-|"LfQHmJS","kutj","t4ML2xW","id1dXhP","nac6j2l"|\n</data></write>
		<read echo="ascii"><delim> </delim><match><data>\x3E </data></match></read>
		<write echo="ascii"><data>nKoVssK = |"dMDRMU","iO3fSR","Thzbwv","2yLWU"|+|"OyFrz","Q","Pv","8nCSO","3","On8nEJP"|\n</data></write>
		<read echo="ascii"><delim> </delim><match><data>\x3E </data></match></read>
		<write echo="ascii"><data>BiSsRVd = |"gZ","2b"|^|"y34"|\n</data></write>
		<read echo="ascii"><delim> </delim><match><data>\x3E </data></match></read>
		<write echo="ascii"><data>.p\n</data></write>
<read echo="ascii"><delim>\n</delim><match><data>N11Idr = |"ip3qpi","1iUE3vi"|\n</data></match></read>
<read echo="ascii"><delim>\n</delim><match><data>gGXXieC = |"ZrcsUXf","5","N1a","4bKDIQ","iEajC4"|\n</data></match></read>
<read echo="ascii"><delim>\n</delim><match><data>jzx4y = |"YH","IrSnR","xr39UE","ZjPD3h","Iznp","4zYJsY","s7a6H","U"|\n</data></match></read>
<read echo="ascii"><delim>\n</delim><match><data>9sO0LF = |"2LEn","0hTyi5s","d","Jr"|\n</data></match></read>
<read echo="ascii"><delim>\n</delim><match><data>Bil3DAW = |"YH","IrSnR","xr39UE","ZjPD3h","Iznp","4zYJsY","s7a6H","U","2LEn","0hTyi5s","d","Jr"|\n</data></match></read>
<read echo="ascii"><delim>\n</delim><match><data>Sxcgc = ||\n</data></match></read>
<read echo="ascii"><delim>\n</delim><match><data>cGCIaGo = ||\n</data></match></read>
<read echo="ascii"><delim>\n</delim><match><data>9L7M4Tw = |"6EB40dF","8FIE","ZhXXE","A","FgMUa","zBlI1","YvmWe","5aNqO2"|\n</data></match></read>
<read echo="ascii"><delim>\n</delim><match><data>N6DhwK = ||\n</data></match></read>
<read echo="ascii"><delim>\n</delim><match><data>IfrDT0 = |"2LEn","0hTyi5s","d","Jr"|\n</data></match></read>
<read echo="ascii"><delim>\n</delim><match><data>pml5r3 = |"Kk","gNyZ","dFqj","QlrY","GtvmWgN","wIAQZ5","t8ex","9oDSCVM","E5","HdDmJ"|\n</data></match></read>
<read echo="ascii"><delim>\n</delim><match><data>zAHKFoB = |"QlrY","gNyZ","E5","GtvmWgN","Kk","przDvzZ4qj"|\n</data></match></read>
<read echo="ascii"><delim>\n</delim><match><data>nSXGNi = |"x","c","Rp"|\n</data></match></read>
<read echo="ascii"><delim>\n</delim><match><data>nKoVssK = |"dMDRMU","iO3fSR","Thzbwv","2yLWU","OyFrz","Q","Pv","8nCSO","3","On8nEJP"|\n</data></match></read>
<read echo="ascii"><delim>\n</delim><match><data>BiSsRVd = ||\n</data></match></read>
		<read echo="ascii"><delim> </delim><match><data>\x3E </data></match></read>
		<write echo="ascii"><data>.l\n</data></write>
	</replay>
</pov>
