<?xml version="1.0" standalone="no" ?>
<!DOCTYPE pov SYSTEM "/usr/share/cgc-docs/replay.dtd"><pov>
	<cbid>CROMU_00011</cbid>
	<replay>
		<read echo="ascii"><delim> </delim><match><data>\x3E </data></match></read>
		<write echo="ascii"><data>FqcaA = |"K6Mk","v8BPGI","3","8g"|~|"3","yRf","dkP","0uyL","4tbT0"|\n</data></write>
		<read echo="ascii"><delim> </delim><match><data>\x3E </data></match></read>
		<write echo="ascii"><data>vhXi16wKe = FqcaA ^ FqcaA\n</data></write>
		<read echo="ascii"><delim> </delim><match><data>\x3E </data></match></read>
		<write echo="ascii"><data>p4qw5 = |"Arpbg1g","aAkPW","eL","4v"|^|"aAkPW","AFve","mE","Xbs9oe4","k3G7","Lpw","6RxSWPq"|\n</data></write>
		<read echo="ascii"><delim> </delim><match><data>\x3E </data></match></read>
		<write echo="ascii"><data>KMVlLme = |"MFJ1JVR","EJeSSxN","I8U","UFI8z","VXUK"|^|"M2Tgs2","kuLW4u8"|\n</data></write>
		<read echo="ascii"><delim> </delim><match><data>\x3E </data></match></read>
		<write echo="ascii"><data>4hf4GNM = |"vt2NQT","EtEBVXx","6fWkI2s"|-|"W8oefqr","2WquLI","wxZ","b","M"|\n</data></write>
		<read echo="ascii"><delim> </delim><match><data>\x3E </data></match></read>
		<write echo="ascii"><data>ZK8ukQ = |"52Ps","0","btP7egi","8CD1Li","k"|-|"HM","nTszXz","cJTBK","gb","JO82p0C","Ref"|\n</data></write>
		<read echo="ascii"><delim> </delim><match><data>\x3E </data></match></read>
		<write echo="ascii"><data>0qQHaZ = vhXi16wKe - p4qw5\n</data></write>
		<read echo="ascii"><delim> </delim><match><data>\x3E </data></match></read>
		<write echo="ascii"><data>RV54gko = |"E","wk","pQ2B4B","Rg74vdH","Evzxie"|+|"Xr","1"|\n</data></write>
		<read echo="ascii"><delim> </delim><match><data>\x3E </data></match></read>
		<write echo="ascii"><data>Akq2c2l = |"Z6g","l9iTeDB","3rlU","VqpCLj","PiTh8cp"|^|"1d","Z6g","dDpqp","AbAr6PT","JnG","Jvp","3rlU"|\n</data></write>
		<read echo="ascii"><delim> </delim><match><data>\x3E </data></match></read>
		<write echo="ascii"><data>S2m2x3 = |"26","ynDL","0AOG","5vEk"|~|"0AOG","dl"|\n</data></write>
		<read echo="ascii"><delim> </delim><match><data>\x3E </data></match></read>
		<write echo="ascii"><data>JH5fr = vhXi16wKe ~ 0qQHaZ\n</data></write>
		<read echo="ascii"><delim> </delim><match><data>\x3E </data></match></read>
		<write echo="ascii"><data>SIKBKSn = Akq2c2l ~ vhXi16wKe\n</data></write>
		<read echo="ascii"><delim> </delim><match><data>\x3E </data></match></read>
		<write echo="ascii"><data>8xhwV = S2m2x3 - Akq2c2l\n</data></write>
		<read echo="ascii"><delim> </delim><match><data>\x3E </data></match></read>
		<write echo="ascii"><data>.p\n</data></write>
<read echo="ascii"><delim>\n</delim><match><data>FqcaA = |"K6Mk","v8BPGI","8g","yRf","dkP","0uyL","4tbT0"|\n</data></match></read>
<read echo="ascii"><delim>\n</delim><match><data>vhXi16wKe = |"K6Mk","v8BPGI","8g","yRf","dkP","0uyL","4tbT0"|\n</data></match></read>
<read echo="ascii"><delim>\n</delim><match><data>p4qw5 = |"aAkPW"|\n</data></match></read>
<read echo="ascii"><delim>\n</delim><match><data>KMVlLme = ||\n</data></match></read>
<read echo="ascii"><delim>\n</delim><match><data>4hf4GNM = |"vt2NQT","EtEBVXx","6fWkI2s"|\n</data></match></read>
<read echo="ascii"><delim>\n</delim><match><data>ZK8ukQ = |"52Ps","0","btP7egi","8CD1Li","k"|\n</data></match></read>
<read echo="ascii"><delim>\n</delim><match><data>0qQHaZ = |"K6Mk","v8BPGI","8g","yRf","dkP","0uyL","4tbT0"|\n</data></match></read>
<read echo="ascii"><delim>\n</delim><match><data>RV54gko = |"E","wk","pQ2B4B","Rg74vdH","Evzxie","Xr","1"|\n</data></match></read>
<read echo="ascii"><delim>\n</delim><match><data>Akq2c2l = |"Z6g","3rlU"|\n</data></match></read>
<read echo="ascii"><delim>\n</delim><match><data>S2m2x3 = |"26","ynDL","5vEk","dl"|\n</data></match></read>
<read echo="ascii"><delim>\n</delim><match><data>JH5fr = ||\n</data></match></read>
<read echo="ascii"><delim>\n</delim><match><data>SIKBKSn = |"Z6g","3rlU","K6Mk","v8BPGI","8g","yRf","dkP","0uyL","4tbT0"|\n</data></match></read>
<read echo="ascii"><delim>\n</delim><match><data>8xhwV = |"26","ynDL","5vEk","dl"|\n</data></match></read>
		<read echo="ascii"><delim> </delim><match><data>\x3E </data></match></read>
		<write echo="ascii"><data>.l\n</data></write>
	</replay>
</pov>
