<?xml version="1.0" standalone="no" ?>
<!DOCTYPE pov SYSTEM "/usr/share/cgc-docs/replay.dtd"><pov>
	<cbid>CROMU_00011</cbid>
	<replay>
		<read echo="ascii"><delim> </delim><match><data>\x3E </data></match></read>
		<write echo="ascii"><data>YEpn7u = |"7uh","VuK","s5","cNW"|-|"S68gE","omKGHuG","vvKZaHx"|\n</data></write>
		<read echo="ascii"><delim> </delim><match><data>\x3E </data></match></read>
		<write echo="ascii"><data>oiI4R = |"ruXe"|^|"s3","uuDcy","SwjfM1","MTeF09J"|\n</data></write>
		<read echo="ascii"><delim> </delim><match><data>\x3E </data></match></read>
		<write echo="ascii"><data>LfvRd = oiI4R - oiI4R\n</data></write>
		<read echo="ascii"><delim> </delim><match><data>\x3E </data></match></read>
		<write echo="ascii"><data>bcFkH = oiI4R ^ LfvRd\n</data></write>
		<read echo="ascii"><delim> </delim><match><data>\x3E </data></match></read>
		<write echo="ascii"><data>J2ekwj = |"aX2","JFTX","OmvT","3e7","2idad","aR5"|-|"F","edMua2","7k4Ri","S3cFE"|\n</data></write>
		<read echo="ascii"><delim> </delim><match><data>\x3E </data></match></read>
		<write echo="ascii"><data>mEdhOVD = |"g4ge"|+|"USsfQS","Nue4G","IMp","J","YhhsB","n8UP5c8","g4ge"|\n</data></write>
		<read echo="ascii"><delim> </delim><match><data>\x3E </data></match></read>
		<write echo="ascii"><data>BW2os = |"I","q1AOYz","HrcF","q"|-|"NHKHk","hD","BZKYjp","2H","n","I","bNo"|\n</data></write>
		<read echo="ascii"><delim> </delim><match><data>\x3E </data></match></read>
		<write echo="ascii"><data>N1Bdw = |"AFlzz7","LbvO","fV276","HdsrDH","ERV0K","zZXkmU","zJ"|^|"zZXkmU","ERV0K"|\n</data></write>
		<read echo="ascii"><delim> </delim><match><data>\x3E </data></match></read>
		<write echo="ascii"><data>.p\n</data></write>
<read echo="ascii"><delim>\n</delim><match><data>YEpn7u = |"7uh","VuK","s5","cNW"|\n</data></match></read>
<read echo="ascii"><delim>\n</delim><match><data>oiI4R = ||\n</data></match></read>
<read echo="ascii"><delim>\n</delim><match><data>LfvRd = ||\n</data></match></read>
<read echo="ascii"><delim>\n</delim><match><data>bcFkH = ||\n</data></match></read>
<read echo="ascii"><delim>\n</delim><match><data>J2ekwj = |"aX2","JFTX","OmvT","3e7","2idad","aR5"|\n</data></match></read>
<read echo="ascii"><delim>\n</delim><match><data>mEdhOVD = |"g4ge","USsfQS","Nue4G","IMp","J","YhhsB","n8UP5c8"|\n</data></match></read>
<read echo="ascii"><delim>\n</delim><match><data>BW2os = |"q1AOYz","HrcF","q"|\n</data></match></read>
<read echo="ascii"><delim>\n</delim><match><data>N1Bdw = |"ERV0K","zZXkmU"|\n</data></match></read>
		<read echo="ascii"><delim> </delim><match><data>\x3E </data></match></read>
		<write echo="ascii"><data>.l\n</data></write>
	</replay>
</pov>
