<?xml version="1.0" standalone="no" ?>
<!DOCTYPE pov SYSTEM "/usr/share/cgc-docs/replay.dtd"><pov>
	<cbid>CROMU_00011</cbid>
	<replay>
		<read echo="ascii"><delim> </delim><match><data>\x3E </data></match></read>
		<write echo="ascii"><data>M08Szk = |"DN","5yOKl","ieesVa8","LzikHUd","So2V1","DHCtWj","Xl","GnEhk"|\n</data></write>
		<read echo="ascii"><delim> </delim><match><data>\x3E </data></match></read>
		<write echo="ascii"><data>joMRW = |"DHCtWj","Xl","gAIPkfEhHJ"|\n</data></write>
		<read echo="ascii"><delim> </delim><match><data>\x3E </data></match></read>
		<write echo="ascii"><data>joMRW@M08Szk\n</data></write>
		<read echo="ascii"><delim>\n</delim><match><data>FALSE\n</data></match></read>
		<read echo="ascii"><delim> </delim><match><data>\x3E </data></match></read>
		<write echo="ascii"><data>XvyOP = M08Szk - M08Szk\n</data></write>
		<read echo="ascii"><delim> </delim><match><data>\x3E </data></match></read>
		<write echo="ascii"><data>cvaoGl2 = |"S","Fbh9t","QiL","Nax"|-|"Snomx","AQEj","DGcoAZ"|\n</data></write>
		<read echo="ascii"><delim> </delim><match><data>\x3E </data></match></read>
		<write echo="ascii"><data>Vh7HKG = cvaoGl2 ^ cvaoGl2\n</data></write>
		<read echo="ascii"><delim> </delim><match><data>\x3E </data></match></read>
		<write echo="ascii"><data>R8H5FJf = M08Szk ~ cvaoGl2\n</data></write>
		<read echo="ascii"><delim> </delim><match><data>\x3E </data></match></read>
		<write echo="ascii"><data>KdVlvkBREu = XvyOP ^ R8H5FJf\n</data></write>
		<read echo="ascii"><delim> </delim><match><data>\x3E </data></match></read>
		<write echo="ascii"><data>uIjK1 = |"DMNqDn","duFnOWQ","13LQeRF","OXl","eIVP"|^|"7n","bvqy","G1f8c","7D","UwsPwg","DMNqDn","Y9D"|\n</data></write>
		<read echo="ascii"><delim> </delim><match><data>\x3E </data></match></read>
		<write echo="ascii"><data>74u80K = R8H5FJf - KdVlvkBREu\n</data></write>
		<read echo="ascii"><delim> </delim><match><data>\x3E </data></match></read>
		<write echo="ascii"><data>vcN9j = |"ZjKG8","8h","0SMGJN5","wdzgH","2r","TDe"|^|"6Bf9Z","2r"|\n</data></write>
		<read echo="ascii"><delim> </delim><match><data>\x3E </data></match></read>
		<write echo="ascii"><data>WYxOtSu = |"0IZXV","TeDyK","G2a","Sc1lL"|+|"FQDxHcl","QLS","G2a","mjsb","nOR13bt","VGj"|\n</data></write>
		<read echo="ascii"><delim> </delim><match><data>\x3E </data></match></read>
		<write echo="ascii"><data>PSmeic = 74u80K ^ M08Szk\n</data></write>
		<read echo="ascii"><delim> </delim><match><data>\x3E </data></match></read>
		<write echo="ascii"><data>.p\n</data></write>
<read echo="ascii"><delim>\n</delim><match><data>M08Szk = |"DN","5yOKl","ieesVa8","LzikHUd","So2V1","DHCtWj","Xl","GnEhk"|\n</data></match></read>
<read echo="ascii"><delim>\n</delim><match><data>joMRW = |"DHCtWj","Xl","gAIPkfEhHJ"|\n</data></match></read>
<read echo="ascii"><delim>\n</delim><match><data>XvyOP = ||\n</data></match></read>
<read echo="ascii"><delim>\n</delim><match><data>cvaoGl2 = |"S","Fbh9t","QiL","Nax"|\n</data></match></read>
<read echo="ascii"><delim>\n</delim><match><data>Vh7HKG = |"S","Fbh9t","QiL","Nax"|\n</data></match></read>
<read echo="ascii"><delim>\n</delim><match><data>R8H5FJf = |"DN","5yOKl","ieesVa8","LzikHUd","So2V1","DHCtWj","Xl","GnEhk","S","Fbh9t","QiL","Nax"|\n</data></match></read>
<read echo="ascii"><delim>\n</delim><match><data>KdVlvkBREu = ||\n</data></match></read>
<read echo="ascii"><delim>\n</delim><match><data>uIjK1 = |"DMNqDn"|\n</data></match></read>
<read echo="ascii"><delim>\n</delim><match><data>74u80K = |"DN","5yOKl","ieesVa8","LzikHUd","So2V1","DHCtWj","Xl","GnEhk","S","Fbh9t","QiL","Nax"|\n</data></match></read>
<read echo="ascii"><delim>\n</delim><match><data>vcN9j = |"2r"|\n</data></match></read>
<read echo="ascii"><delim>\n</delim><match><data>WYxOtSu = |"0IZXV","TeDyK","G2a","Sc1lL","FQDxHcl","QLS","mjsb","nOR13bt","VGj"|\n</data></match></read>
<read echo="ascii"><delim>\n</delim><match><data>PSmeic = |"DN","5yOKl","ieesVa8","LzikHUd","So2V1","DHCtWj","Xl","GnEhk"|\n</data></match></read>
		<read echo="ascii"><delim> </delim><match><data>\x3E </data></match></read>
		<write echo="ascii"><data>.l\n</data></write>
	</replay>
</pov>
