<?xml version="1.0" standalone="no" ?>
<!DOCTYPE pov SYSTEM "/usr/share/cgc-docs/replay.dtd"><pov>
	<cbid>CROMU_00011</cbid>
	<replay>
		<read echo="ascii"><delim> </delim><match><data>\x3E </data></match></read>
		<write echo="ascii"><data>cfF43G = |"q2Z0Tt","B","FU","G","BDCP","9","YS1"|-|"FU","7g","YS1","sC"|\n</data></write>
		<read echo="ascii"><delim> </delim><match><data>\x3E </data></match></read>
		<write echo="ascii"><data>X8isgNm = |"lI8a7C"|~|"p5"|\n</data></write>
		<read echo="ascii"><delim> </delim><match><data>\x3E </data></match></read>
		<write echo="ascii"><data>MszC3F9 = cfF43G ~ X8isgNm\n</data></write>
		<read echo="ascii"><delim> </delim><match><data>\x3E </data></match></read>
		<write echo="ascii"><data>fk236sd = cfF43G ^ MszC3F9\n</data></write>
		<read echo="ascii"><delim> </delim><match><data>\x3E </data></match></read>
		<write echo="ascii"><data>IFmZ7Rw = |"OtL","5sje1Y","Btsvt1h","E8","j","a32"|-|"h3dQ9I","V67J7Il","ZFupi","a32","j"|\n</data></write>
		<read echo="ascii"><delim> </delim><match><data>\x3E </data></match></read>
		<write echo="ascii"><data>ocLXkG = |"3q","EHLn","VtSK","T","dUT8","H"|~|"EHLn"|\n</data></write>
		<read echo="ascii"><delim> </delim><match><data>\x3E </data></match></read>
		<write echo="ascii"><data>N0bBDn = |"idH","5izLvq","MNj"|+|"P"|\n</data></write>
		<read echo="ascii"><delim> </delim><match><data>\x3E </data></match></read>
		<write echo="ascii"><data>DVGJ8X = |"YIG","9lazdG","wVl6","Nb","wyle8h","PcR"|\n</data></write>
		<read echo="ascii"><delim> </delim><match><data>\x3E </data></match></read>
		<write echo="ascii"><data>kVebi3 = |"wyle8h"|\n</data></write>
		<read echo="ascii"><delim> </delim><match><data>\x3E </data></match></read>
		<write echo="ascii"><data>kVebi3@DVGJ8X\n</data></write>
		<read echo="ascii"><delim>\n</delim><match><data>TRUE\n</data></match></read>
		<read echo="ascii"><delim> </delim><match><data>\x3E </data></match></read>
		<write echo="ascii"><data>g6OQgxe = |"OTokZr8","VJgDm3","nbcMr","vCCWHKK","wGlEt"|^|"OFW","hBe","gw1Xun","1NZBaE","AThJ"|\n</data></write>
		<read echo="ascii"><delim> </delim><match><data>\x3E </data></match></read>
		<write echo="ascii"><data>RZgOMJ = kVebi3 - MszC3F9\n</data></write>
		<read echo="ascii"><delim> </delim><match><data>\x3E </data></match></read>
		<write echo="ascii"><data>AtwEG = N0bBDn ^ X8isgNm\n</data></write>
		<read echo="ascii"><delim> </delim><match><data>\x3E </data></match></read>
		<write echo="ascii"><data>uXDBHy = DVGJ8X ^ MszC3F9\n</data></write>
		<read echo="ascii"><delim> </delim><match><data>\x3E </data></match></read>
		<write echo="ascii"><data>.p\n</data></write>
<read echo="ascii"><delim>\n</delim><match><data>cfF43G = |"q2Z0Tt","B","G","BDCP","9"|\n</data></match></read>
<read echo="ascii"><delim>\n</delim><match><data>X8isgNm = |"lI8a7C","p5"|\n</data></match></read>
<read echo="ascii"><delim>\n</delim><match><data>MszC3F9 = |"q2Z0Tt","B","G","BDCP","9","lI8a7C","p5"|\n</data></match></read>
<read echo="ascii"><delim>\n</delim><match><data>fk236sd = |"q2Z0Tt","B","G","BDCP","9"|\n</data></match></read>
<read echo="ascii"><delim>\n</delim><match><data>IFmZ7Rw = |"OtL","5sje1Y","Btsvt1h","E8"|\n</data></match></read>
<read echo="ascii"><delim>\n</delim><match><data>ocLXkG = |"3q","VtSK","T","dUT8","H"|\n</data></match></read>
<read echo="ascii"><delim>\n</delim><match><data>N0bBDn = |"idH","5izLvq","MNj","P"|\n</data></match></read>
<read echo="ascii"><delim>\n</delim><match><data>DVGJ8X = |"YIG","9lazdG","wVl6","Nb","wyle8h","PcR"|\n</data></match></read>
<read echo="ascii"><delim>\n</delim><match><data>kVebi3 = |"wyle8h"|\n</data></match></read>
<read echo="ascii"><delim>\n</delim><match><data>g6OQgxe = ||\n</data></match></read>
<read echo="ascii"><delim>\n</delim><match><data>RZgOMJ = |"wyle8h"|\n</data></match></read>
<read echo="ascii"><delim>\n</delim><match><data>AtwEG = ||\n</data></match></read>
<read echo="ascii"><delim>\n</delim><match><data>uXDBHy = ||\n</data></match></read>
		<read echo="ascii"><delim> </delim><match><data>\x3E </data></match></read>
		<write echo="ascii"><data>.l\n</data></write>
	</replay>
</pov>
