<?xml version="1.0" standalone="no" ?>
<!DOCTYPE pov SYSTEM "/usr/share/cgc-docs/replay.dtd"><pov>
	<cbid>CROMU_00011</cbid>
	<replay>
		<read echo="ascii"><delim> </delim><match><data>\x3E </data></match></read>
		<write echo="ascii"><data>PE1L71 = |"5tyGDYz","ACi","7bso","oRnXz1w","Bn1pw"|^|"qQ"|\n</data></write>
		<read echo="ascii"><delim> </delim><match><data>\x3E </data></match></read>
		<write echo="ascii"><data>gBLPDIa = PE1L71 + PE1L71\n</data></write>
		<read echo="ascii"><delim> </delim><match><data>\x3E </data></match></read>
		<write echo="ascii"><data>0lcJkCJ = |"EvE1","sytZ","jb594","Pv5mvg"|-|"FJ8tCP","m","5Pl","3cpJel2","VbtBY"|\n</data></write>
		<read echo="ascii"><delim> </delim><match><data>\x3E </data></match></read>
		<write echo="ascii"><data>dZS37fI = 0lcJkCJ - gBLPDIa\n</data></write>
		<read echo="ascii"><delim> </delim><match><data>\x3E </data></match></read>
		<write echo="ascii"><data>Ylorv = 0lcJkCJ + 0lcJkCJ\n</data></write>
		<read echo="ascii"><delim> </delim><match><data>\x3E </data></match></read>
		<write echo="ascii"><data>1beUX = PE1L71 + 0lcJkCJ\n</data></write>
		<read echo="ascii"><delim> </delim><match><data>\x3E </data></match></read>
		<write echo="ascii"><data>DgVT3S = |"UIdV8","8mDpYSt","v6tPn"|~|"efQB","D7wqmvg","u","v6tPn","X77Am","hJWR"|\n</data></write>
		<read echo="ascii"><delim> </delim><match><data>\x3E </data></match></read>
		<write echo="ascii"><data>yCE5j6 = gBLPDIa ~ PE1L71\n</data></write>
		<read echo="ascii"><delim> </delim><match><data>\x3E </data></match></read>
		<write echo="ascii"><data>uDelMgk = |"sDP","1F"|~|"Wa","lSHk"|\n</data></write>
		<read echo="ascii"><delim> </delim><match><data>\x3E </data></match></read>
		<write echo="ascii"><data>LQUZNKd = |"6C","o","uKKCDoF"|+|"of1","OJn","lE1","zsIzd","6aKdt"|\n</data></write>
		<read echo="ascii"><delim> </delim><match><data>\x3E </data></match></read>
		<write echo="ascii"><data>icy36s = |"vF6O","f9T","gDM3sKg","zc","gg3KQH","hkJum"|~|"v39V1n","SPGFd","TAX"|\n</data></write>
		<read echo="ascii"><delim> </delim><match><data>\x3E </data></match></read>
		<write echo="ascii"><data>nybBowYK = LQUZNKd ^ Ylorv\n</data></write>
		<read echo="ascii"><delim> </delim><match><data>\x3E </data></match></read>
		<write echo="ascii"><data>9yO9LCD = DgVT3S ~ gBLPDIa\n</data></write>
		<read echo="ascii"><delim> </delim><match><data>\x3E </data></match></read>
		<write echo="ascii"><data>.p\n</data></write>
<read echo="ascii"><delim>\n</delim><match><data>PE1L71 = ||\n</data></match></read>
<read echo="ascii"><delim>\n</delim><match><data>gBLPDIa = ||\n</data></match></read>
<read echo="ascii"><delim>\n</delim><match><data>0lcJkCJ = |"EvE1","sytZ","jb594","Pv5mvg"|\n</data></match></read>
<read echo="ascii"><delim>\n</delim><match><data>dZS37fI = |"EvE1","sytZ","jb594","Pv5mvg"|\n</data></match></read>
<read echo="ascii"><delim>\n</delim><match><data>Ylorv = |"EvE1","sytZ","jb594","Pv5mvg"|\n</data></match></read>
<read echo="ascii"><delim>\n</delim><match><data>1beUX = |"EvE1","sytZ","jb594","Pv5mvg"|\n</data></match></read>
<read echo="ascii"><delim>\n</delim><match><data>DgVT3S = |"UIdV8","8mDpYSt","efQB","D7wqmvg","u","X77Am","hJWR"|\n</data></match></read>
<read echo="ascii"><delim>\n</delim><match><data>yCE5j6 = ||\n</data></match></read>
<read echo="ascii"><delim>\n</delim><match><data>uDelMgk = |"sDP","1F","Wa","lSHk"|\n</data></match></read>
<read echo="ascii"><delim>\n</delim><match><data>LQUZNKd = |"6C","o","uKKCDoF","of1","OJn","lE1","zsIzd","6aKdt"|\n</data></match></read>
<read echo="ascii"><delim>\n</delim><match><data>icy36s = |"vF6O","f9T","gDM3sKg","zc","gg3KQH","hkJum","v39V1n","SPGFd","TAX"|\n</data></match></read>
<read echo="ascii"><delim>\n</delim><match><data>nybBowYK = ||\n</data></match></read>
<read echo="ascii"><delim>\n</delim><match><data>9yO9LCD = |"UIdV8","8mDpYSt","efQB","D7wqmvg","u","X77Am","hJWR"|\n</data></match></read>
		<read echo="ascii"><delim> </delim><match><data>\x3E </data></match></read>
		<write echo="ascii"><data>.l\n</data></write>
	</replay>
</pov>
