<?xml version="1.0" standalone="no" ?>
<!DOCTYPE pov SYSTEM "/usr/share/cgc-docs/replay.dtd"><pov>
	<cbid>CROMU_00011</cbid>
	<replay>
		<read echo="ascii"><delim> </delim><match><data>\x3E </data></match></read>
		<write echo="ascii"><data>XaQVBnw = |"RO","1K","N","Hz","Cj"|~|"uEBXP6","J","DR","Dy6E56r","Cj"|\n</data></write>
		<read echo="ascii"><delim> </delim><match><data>\x3E </data></match></read>
		<write echo="ascii"><data>yr3JF47 = XaQVBnw + XaQVBnw\n</data></write>
		<read echo="ascii"><delim> </delim><match><data>\x3E </data></match></read>
		<write echo="ascii"><data>lA7hHA = |"8Q","vYNK9F","MBIkv3","4Pt7p","TrO","8Y"|\n</data></write>
		<read echo="ascii"><delim> </delim><match><data>\x3E </data></match></read>
		<write echo="ascii"><data>xMILQ7N = |"8Q","TrO","4Pt7p","vYNK9F","jqXx6yHopZ"|\n</data></write>
		<read echo="ascii"><delim> </delim><match><data>\x3E </data></match></read>
		<write echo="ascii"><data>xMILQ7N@lA7hHA\n</data></write>
		<read echo="ascii"><delim>\n</delim><match><data>FALSE\n</data></match></read>
		<read echo="ascii"><delim> </delim><match><data>\x3E </data></match></read>
		<write echo="ascii"><data>Yz5Vn0 = xMILQ7N - lA7hHA\n</data></write>
		<read echo="ascii"><delim> </delim><match><data>\x3E </data></match></read>
		<write echo="ascii"><data>TPQwAHI = |"2po4","CEWf","5xywx1","gG","3j"|^|"rq"|\n</data></write>
		<read echo="ascii"><delim> </delim><match><data>\x3E </data></match></read>
		<write echo="ascii"><data>uhuQg = XaQVBnw ~ Yz5Vn0\n</data></write>
		<read echo="ascii"><delim> </delim><match><data>\x3E </data></match></read>
		<write echo="ascii"><data>AsWlwh0 = |"Nq"|^|"Nq","ZHR4"|\n</data></write>
		<read echo="ascii"><delim> </delim><match><data>\x3E </data></match></read>
		<write echo="ascii"><data>CXDi6o = yr3JF47 - yr3JF47\n</data></write>
		<read echo="ascii"><delim> </delim><match><data>\x3E </data></match></read>
		<write echo="ascii"><data>X12ipC = lA7hHA - CXDi6o\n</data></write>
		<read echo="ascii"><delim> </delim><match><data>\x3E </data></match></read>
		<write echo="ascii"><data>Kstj9CW = |"NUC","Nedlp7O","xAqkT","Ko8","M4GX3"|+|"NUC","J","JzxH","fQ","Pnc3x4r"|\n</data></write>
		<read echo="ascii"><delim> </delim><match><data>\x3E </data></match></read>
		<write echo="ascii"><data>SgxPdU2 = |"ksWu","cA"|~|"x"|\n</data></write>
		<read echo="ascii"><delim> </delim><match><data>\x3E </data></match></read>
		<write echo="ascii"><data>vZniKH = |"WoN9JUC","Z1JVsk","IjQ0d","IwMLbuC","MqMN","UaoRx"|~|"F","0","Tt9","nf7","C3lb"|\n</data></write>
		<read echo="ascii"><delim> </delim><match><data>\x3E </data></match></read>
		<write echo="ascii"><data>jeZB7I = Kstj9CW + X12ipC\n</data></write>
		<read echo="ascii"><delim> </delim><match><data>\x3E </data></match></read>
		<write echo="ascii"><data>JuBIBu = |"KtS7ool","xiiEz","KFkYl9","VT9qyU","5CKPivh","F0OZ0mn"|+|"KtS7ool","7pjv"|\n</data></write>
		<read echo="ascii"><delim> </delim><match><data>\x3E </data></match></read>
		<write echo="ascii"><data>.p\n</data></write>
<read echo="ascii"><delim>\n</delim><match><data>XaQVBnw = |"RO","1K","N","Hz","uEBXP6","J","DR","Dy6E56r"|\n</data></match></read>
<read echo="ascii"><delim>\n</delim><match><data>yr3JF47 = |"RO","1K","N","Hz","uEBXP6","J","DR","Dy6E56r"|\n</data></match></read>
<read echo="ascii"><delim>\n</delim><match><data>lA7hHA = |"8Q","vYNK9F","MBIkv3","4Pt7p","TrO","8Y"|\n</data></match></read>
<read echo="ascii"><delim>\n</delim><match><data>xMILQ7N = |"8Q","TrO","4Pt7p","vYNK9F","jqXx6yHopZ"|\n</data></match></read>
<read echo="ascii"><delim>\n</delim><match><data>Yz5Vn0 = |"jqXx6yHopZ"|\n</data></match></read>
<read echo="ascii"><delim>\n</delim><match><data>TPQwAHI = ||\n</data></match></read>
<read echo="ascii"><delim>\n</delim><match><data>uhuQg = |"RO","1K","N","Hz","uEBXP6","J","DR","Dy6E56r","jqXx6yHopZ"|\n</data></match></read>
<read echo="ascii"><delim>\n</delim><match><data>AsWlwh0 = |"Nq"|\n</data></match></read>
<read echo="ascii"><delim>\n</delim><match><data>CXDi6o = ||\n</data></match></read>
<read echo="ascii"><delim>\n</delim><match><data>X12ipC = |"8Q","vYNK9F","MBIkv3","4Pt7p","TrO","8Y"|\n</data></match></read>
<read echo="ascii"><delim>\n</delim><match><data>Kstj9CW = |"NUC","Nedlp7O","xAqkT","Ko8","M4GX3","J","JzxH","fQ","Pnc3x4r"|\n</data></match></read>
<read echo="ascii"><delim>\n</delim><match><data>SgxPdU2 = |"ksWu","cA","x"|\n</data></match></read>
<read echo="ascii"><delim>\n</delim><match><data>vZniKH = |"WoN9JUC","Z1JVsk","IjQ0d","IwMLbuC","MqMN","UaoRx","F","0","Tt9","nf7","C3lb"|\n</data></match></read>
<read echo="ascii"><delim>\n</delim><match><data>jeZB7I = |"NUC","Nedlp7O","xAqkT","Ko8","M4GX3","J","JzxH","fQ","Pnc3x4r","8Q","vYNK9F","MBIkv3","4Pt7p","TrO","8Y"|\n</data></match></read>
<read echo="ascii"><delim>\n</delim><match><data>JuBIBu = |"KtS7ool","xiiEz","KFkYl9","VT9qyU","5CKPivh","F0OZ0mn","7pjv"|\n</data></match></read>
		<read echo="ascii"><delim> </delim><match><data>\x3E </data></match></read>
		<write echo="ascii"><data>.l\n</data></write>
	</replay>
</pov>
