<?xml version="1.0" standalone="no" ?>
<!DOCTYPE pov SYSTEM "/usr/share/cgc-docs/replay.dtd"><pov>
	<cbid>CROMU_00011</cbid>
	<replay>
		<read echo="ascii"><delim> </delim><match><data>\x3E </data></match></read>
		<write echo="ascii"><data>iNxTIgL = |"pTr8","g"|+|"zwDuc","yugCKvA","F","R","H","Fb0N"|\n</data></write>
		<read echo="ascii"><delim> </delim><match><data>\x3E </data></match></read>
		<write echo="ascii"><data>RmYXVQi = |"SYiNxN","uy","ur","b814b","Jv1iMjP","I","5c8"|+|"5c8"|\n</data></write>
		<read echo="ascii"><delim> </delim><match><data>\x3E </data></match></read>
		<write echo="ascii"><data>HlrpZfO = |"TVZMrXq","GcMC","DffXqg","5ba","pX","ZB"|\n</data></write>
		<read echo="ascii"><delim> </delim><match><data>\x3E </data></match></read>
		<write echo="ascii"><data>d10IM1w = |"DffXqg","ZB","GcMC","kcmq1BsYOG"|\n</data></write>
		<read echo="ascii"><delim> </delim><match><data>\x3E </data></match></read>
		<write echo="ascii"><data>d10IM1w@HlrpZfO\n</data></write>
		<read echo="ascii"><delim>\n</delim><match><data>FALSE\n</data></match></read>
		<read echo="ascii"><delim> </delim><match><data>\x3E </data></match></read>
		<write echo="ascii"><data>CX8ZoA = |"IjS2"|^|"mCa6G8","NuqJEu","lGP","0J"|\n</data></write>
		<read echo="ascii"><delim> </delim><match><data>\x3E </data></match></read>
		<write echo="ascii"><data>vezkmT = d10IM1w + iNxTIgL\n</data></write>
		<read echo="ascii"><delim> </delim><match><data>\x3E </data></match></read>
		<write echo="ascii"><data>HsXAIS = |"DR","TqdGuR"|+|"I1rvk","TqdGuR","L","F19"|\n</data></write>
		<read echo="ascii"><delim> </delim><match><data>\x3E </data></match></read>
		<write echo="ascii"><data>ilZUa4q = d10IM1w ~ HlrpZfO\n</data></write>
		<read echo="ascii"><delim> </delim><match><data>\x3E </data></match></read>
		<write echo="ascii"><data>72AzOXV = d10IM1w - iNxTIgL\n</data></write>
		<read echo="ascii"><delim> </delim><match><data>\x3E </data></match></read>
		<write echo="ascii"><data>Ibb8w = |"Jly","3","g","IgRsC","lQzG7S"|~|"g","lQzG7S","3"|\n</data></write>
		<read echo="ascii"><delim> </delim><match><data>\x3E </data></match></read>
		<write echo="ascii"><data>zu65n = |"fhghO","B9","BeaQKD","Vi4B9","Q","FmPd","omUnpB"|-|"B9","wu69","0GL","yxo2","Fny8SD5","t1LnSW","Vi4B9"|\n</data></write>
		<read echo="ascii"><delim> </delim><match><data>\x3E </data></match></read>
		<write echo="ascii"><data>cJv7K = |"3L","ksmSGs7","8","ADHLm","SFZIZ"|-|"oo7","c1WDUE","eTu","S","CjP","3L"|\n</data></write>
		<read echo="ascii"><delim> </delim><match><data>\x3E </data></match></read>
		<write echo="ascii"><data>D5MhU = |"uBQX4","T1q","VlSUjT","yG","MDWX","77H","0Uz","23JM5O"|\n</data></write>
		<read echo="ascii"><delim> </delim><match><data>\x3E </data></match></read>
		<write echo="ascii"><data>LUSaQIE = |"uBQX4","T1q","VlSUjT","77H","eBzPH3sg0P"|\n</data></write>
		<read echo="ascii"><delim> </delim><match><data>\x3E </data></match></read>
		<write echo="ascii"><data>LUSaQIE@D5MhU\n</data></write>
		<read echo="ascii"><delim>\n</delim><match><data>FALSE\n</data></match></read>
		<read echo="ascii"><delim> </delim><match><data>\x3E </data></match></read>
		<write echo="ascii"><data>.p\n</data></write>
<read echo="ascii"><delim>\n</delim><match><data>iNxTIgL = |"pTr8","g","zwDuc","yugCKvA","F","R","H","Fb0N"|\n</data></match></read>
<read echo="ascii"><delim>\n</delim><match><data>RmYXVQi = |"SYiNxN","uy","ur","b814b","Jv1iMjP","I","5c8"|\n</data></match></read>
<read echo="ascii"><delim>\n</delim><match><data>HlrpZfO = |"TVZMrXq","GcMC","DffXqg","5ba","pX","ZB"|\n</data></match></read>
<read echo="ascii"><delim>\n</delim><match><data>d10IM1w = |"DffXqg","ZB","GcMC","kcmq1BsYOG"|\n</data></match></read>
<read echo="ascii"><delim>\n</delim><match><data>CX8ZoA = ||\n</data></match></read>
<read echo="ascii"><delim>\n</delim><match><data>vezkmT = |"DffXqg","ZB","GcMC","kcmq1BsYOG","pTr8","g","zwDuc","yugCKvA","F","R","H","Fb0N"|\n</data></match></read>
<read echo="ascii"><delim>\n</delim><match><data>HsXAIS = |"DR","TqdGuR","I1rvk","L","F19"|\n</data></match></read>
<read echo="ascii"><delim>\n</delim><match><data>ilZUa4q = |"kcmq1BsYOG","TVZMrXq","5ba","pX"|\n</data></match></read>
<read echo="ascii"><delim>\n</delim><match><data>72AzOXV = |"DffXqg","ZB","GcMC","kcmq1BsYOG"|\n</data></match></read>
<read echo="ascii"><delim>\n</delim><match><data>Ibb8w = |"Jly","IgRsC"|\n</data></match></read>
<read echo="ascii"><delim>\n</delim><match><data>zu65n = |"fhghO","BeaQKD","Q","FmPd","omUnpB"|\n</data></match></read>
<read echo="ascii"><delim>\n</delim><match><data>cJv7K = |"ksmSGs7","8","ADHLm","SFZIZ"|\n</data></match></read>
<read echo="ascii"><delim>\n</delim><match><data>D5MhU = |"uBQX4","T1q","VlSUjT","yG","MDWX","77H","0Uz","23JM5O"|\n</data></match></read>
<read echo="ascii"><delim>\n</delim><match><data>LUSaQIE = |"uBQX4","T1q","VlSUjT","77H","eBzPH3sg0P"|\n</data></match></read>
		<read echo="ascii"><delim> </delim><match><data>\x3E </data></match></read>
		<write echo="ascii"><data>.l\n</data></write>
	</replay>
</pov>
