<?xml version="1.0" standalone="no" ?>
<!DOCTYPE pov SYSTEM "/usr/share/cgc-docs/replay.dtd"><pov>
	<cbid>CROMU_00011</cbid>
	<replay>
		<read echo="ascii"><delim> </delim><match><data>\x3E </data></match></read>
		<write echo="ascii"><data>gYeWkZm = |"WbeOhK","rXrsJ","txPdF","Vw9zV","T"|~|"hVPuek","JEFO1b","AEIeyP"|\n</data></write>
		<read echo="ascii"><delim> </delim><match><data>\x3E </data></match></read>
		<write echo="ascii"><data>VhJr74m = gYeWkZm ~ gYeWkZm\n</data></write>
		<read echo="ascii"><delim> </delim><match><data>\x3E </data></match></read>
		<write echo="ascii"><data>tBXHj = |"C6cz","Iy17t","uCNi72W","tj","0oNV","QU8","SJc"|+|"QU8","evdyOj","sCr","SJc","moHW4","tziWb"|\n</data></write>
		<read echo="ascii"><delim> </delim><match><data>\x3E </data></match></read>
		<write echo="ascii"><data>2Y01k = tBXHj - tBXHj\n</data></write>
		<read echo="ascii"><delim> </delim><match><data>\x3E </data></match></read>
		<write echo="ascii"><data>TmLQcOf = |"lsv","nMPZ","LKfW","bEmD","yYg","7rfQO"|~|"u","bEmD","yYg"|\n</data></write>
		<read echo="ascii"><delim> </delim><match><data>\x3E </data></match></read>
		<write echo="ascii"><data>nQhyZAn = |"lMVn7","ByKu","V96ljr"|+|"E0YkW8L","kbOiPL","q1va","V96ljr","hFCH"|\n</data></write>
		<read echo="ascii"><delim> </delim><match><data>\x3E </data></match></read>
		<write echo="ascii"><data>jgPojw = TmLQcOf ~ 2Y01k\n</data></write>
		<read echo="ascii"><delim> </delim><match><data>\x3E </data></match></read>
		<write echo="ascii"><data>R5LT46c = |"mVGhig","NnpbwW","hM","HUc5j2W","0gEMJT","5U","HpmH"|\n</data></write>
		<read echo="ascii"><delim> </delim><match><data>\x3E </data></match></read>
		<write echo="ascii"><data>eez64b = |"hM","NnpbwW","0gEMJT","mVGhig"|\n</data></write>
		<read echo="ascii"><delim> </delim><match><data>\x3E </data></match></read>
		<write echo="ascii"><data>eez64b@R5LT46c\n</data></write>
		<read echo="ascii"><delim>\n</delim><match><data>TRUE\n</data></match></read>
		<read echo="ascii"><delim> </delim><match><data>\x3E </data></match></read>
		<write echo="ascii"><data>BwmhfIr = tBXHj - eez64b\n</data></write>
		<read echo="ascii"><delim> </delim><match><data>\x3E </data></match></read>
		<write echo="ascii"><data>.p\n</data></write>
<read echo="ascii"><delim>\n</delim><match><data>gYeWkZm = |"WbeOhK","rXrsJ","txPdF","Vw9zV","T","hVPuek","JEFO1b","AEIeyP"|\n</data></match></read>
<read echo="ascii"><delim>\n</delim><match><data>VhJr74m = ||\n</data></match></read>
<read echo="ascii"><delim>\n</delim><match><data>tBXHj = |"C6cz","Iy17t","uCNi72W","tj","0oNV","QU8","SJc","evdyOj","sCr","moHW4","tziWb"|\n</data></match></read>
<read echo="ascii"><delim>\n</delim><match><data>2Y01k = ||\n</data></match></read>
<read echo="ascii"><delim>\n</delim><match><data>TmLQcOf = |"lsv","nMPZ","LKfW","7rfQO","u"|\n</data></match></read>
<read echo="ascii"><delim>\n</delim><match><data>nQhyZAn = |"lMVn7","ByKu","V96ljr","E0YkW8L","kbOiPL","q1va","hFCH"|\n</data></match></read>
<read echo="ascii"><delim>\n</delim><match><data>jgPojw = |"lsv","nMPZ","LKfW","7rfQO","u"|\n</data></match></read>
<read echo="ascii"><delim>\n</delim><match><data>R5LT46c = |"mVGhig","NnpbwW","hM","HUc5j2W","0gEMJT","5U","HpmH"|\n</data></match></read>
<read echo="ascii"><delim>\n</delim><match><data>eez64b = |"hM","NnpbwW","0gEMJT","mVGhig"|\n</data></match></read>
<read echo="ascii"><delim>\n</delim><match><data>BwmhfIr = |"C6cz","Iy17t","uCNi72W","tj","0oNV","QU8","SJc","evdyOj","sCr","moHW4","tziWb"|\n</data></match></read>
		<read echo="ascii"><delim> </delim><match><data>\x3E </data></match></read>
		<write echo="ascii"><data>.l\n</data></write>
	</replay>
</pov>
