<?xml version="1.0" standalone="no" ?>
<!DOCTYPE pov SYSTEM "/usr/share/cgc-docs/replay.dtd"><pov>
	<cbid>CROMU_00011</cbid>
	<replay>
		<read echo="ascii"><delim> </delim><match><data>\x3E </data></match></read>
		<write echo="ascii"><data>9Wa19A1 = |"Hvd","sWZ7c","A","TwKhmt"|-|"lj","nMyuf","7k","pLK","j","F"|\n</data></write>
		<read echo="ascii"><delim> </delim><match><data>\x3E </data></match></read>
		<write echo="ascii"><data>lQSyu = |"1aI","kF95k","TA","1vClncp","MXB9h5"|^|"1vClncp","zq","TA"|\n</data></write>
		<read echo="ascii"><delim> </delim><match><data>\x3E </data></match></read>
		<write echo="ascii"><data>Bvp3Fak = 9Wa19A1 - 9Wa19A1\n</data></write>
		<read echo="ascii"><delim> </delim><match><data>\x3E </data></match></read>
		<write echo="ascii"><data>aHZQyf = |"0f2"|+|"8n6tsVn","6Us","x","0f2","S"|\n</data></write>
		<read echo="ascii"><delim> </delim><match><data>\x3E </data></match></read>
		<write echo="ascii"><data>FPmQG = aHZQyf - aHZQyf\n</data></write>
		<read echo="ascii"><delim> </delim><match><data>\x3E </data></match></read>
		<write echo="ascii"><data>Bk04lST7 = aHZQyf ^ lQSyu\n</data></write>
		<read echo="ascii"><delim> </delim><match><data>\x3E </data></match></read>
		<write echo="ascii"><data>GcffR = FPmQG ~ Bvp3Fak\n</data></write>
		<read echo="ascii"><delim> </delim><match><data>\x3E </data></match></read>
		<write echo="ascii"><data>ZCKABD5T = Bvp3Fak ^ FPmQG\n</data></write>
		<read echo="ascii"><delim> </delim><match><data>\x3E </data></match></read>
		<write echo="ascii"><data>KHZron = |"avu96","b0x","8OV","FdJH","S3fycJ","HhNcd1","kXb","Miqh8vV"|\n</data></write>
		<read echo="ascii"><delim> </delim><match><data>\x3E </data></match></read>
		<write echo="ascii"><data>6TQYWu = |"S3fycJ","Miqh8vV"|\n</data></write>
		<read echo="ascii"><delim> </delim><match><data>\x3E </data></match></read>
		<write echo="ascii"><data>6TQYWu@KHZron\n</data></write>
		<read echo="ascii"><delim>\n</delim><match><data>TRUE\n</data></match></read>
		<read echo="ascii"><delim> </delim><match><data>\x3E </data></match></read>
		<write echo="ascii"><data>BsXAtRW = |"Ayg9d","CH5bqBR","IhHIYN","l8","5hH"|+|"T0"|\n</data></write>
		<read echo="ascii"><delim> </delim><match><data>\x3E </data></match></read>
		<write echo="ascii"><data>wH3iVa = |"OY8hx"|^|"878q","a6Xug4j","sZnh8rG"|\n</data></write>
		<read echo="ascii"><delim> </delim><match><data>\x3E </data></match></read>
		<write echo="ascii"><data>.p\n</data></write>
<read echo="ascii"><delim>\n</delim><match><data>9Wa19A1 = |"Hvd","sWZ7c","A","TwKhmt"|\n</data></match></read>
<read echo="ascii"><delim>\n</delim><match><data>lQSyu = |"TA","1vClncp"|\n</data></match></read>
<read echo="ascii"><delim>\n</delim><match><data>Bvp3Fak = ||\n</data></match></read>
<read echo="ascii"><delim>\n</delim><match><data>aHZQyf = |"0f2","8n6tsVn","6Us","x","S"|\n</data></match></read>
<read echo="ascii"><delim>\n</delim><match><data>FPmQG = ||\n</data></match></read>
<read echo="ascii"><delim>\n</delim><match><data>Bk04lST7 = ||\n</data></match></read>
<read echo="ascii"><delim>\n</delim><match><data>GcffR = ||\n</data></match></read>
<read echo="ascii"><delim>\n</delim><match><data>ZCKABD5T = ||\n</data></match></read>
<read echo="ascii"><delim>\n</delim><match><data>KHZron = |"avu96","b0x","8OV","FdJH","S3fycJ","HhNcd1","kXb","Miqh8vV"|\n</data></match></read>
<read echo="ascii"><delim>\n</delim><match><data>6TQYWu = |"S3fycJ","Miqh8vV"|\n</data></match></read>
<read echo="ascii"><delim>\n</delim><match><data>BsXAtRW = |"Ayg9d","CH5bqBR","IhHIYN","l8","5hH","T0"|\n</data></match></read>
<read echo="ascii"><delim>\n</delim><match><data>wH3iVa = ||\n</data></match></read>
		<read echo="ascii"><delim> </delim><match><data>\x3E </data></match></read>
		<write echo="ascii"><data>.l\n</data></write>
	</replay>
</pov>
