<?xml version="1.0" standalone="no" ?>
<!DOCTYPE pov SYSTEM "/usr/share/cgc-docs/replay.dtd"><pov>
	<cbid>CROMU_00011</cbid>
	<replay>
		<read echo="ascii"><delim> </delim><match><data>\x3E </data></match></read>
		<write echo="ascii"><data>ST7PdK = |"UJUZt5","NM5M","KwvWsD","M8cb","H1ky8QR","Iw"|^|"Iw","trqa","7tp","swxyGq"|\n</data></write>
		<read echo="ascii"><delim> </delim><match><data>\x3E </data></match></read>
		<write echo="ascii"><data>hk07K = |"KPO8Mn","6sZhZTk","5tL","8dQwd","15","Ynv7a"|\n</data></write>
		<read echo="ascii"><delim> </delim><match><data>\x3E </data></match></read>
		<write echo="ascii"><data>lfp6eJR = |"8dQwd","6sZhZTk","5tL","KPO8Mn","15"|\n</data></write>
		<read echo="ascii"><delim> </delim><match><data>\x3E </data></match></read>
		<write echo="ascii"><data>lfp6eJR@hk07K\n</data></write>
		<read echo="ascii"><delim>\n</delim><match><data>TRUE\n</data></match></read>
		<read echo="ascii"><delim> </delim><match><data>\x3E </data></match></read>
		<write echo="ascii"><data>mw19q = hk07K + ST7PdK\n</data></write>
		<read echo="ascii"><delim> </delim><match><data>\x3E </data></match></read>
		<write echo="ascii"><data>ZAFYJa = |"s","P935oFU","pXSmEPp","LhWeHQ","JVVxL","yG8","TQhCZ"|~|"s","4f9t54","nyxc5Eh","H","yG8","P935oFU","1szdkj"|\n</data></write>
		<read echo="ascii"><delim> </delim><match><data>\x3E </data></match></read>
		<write echo="ascii"><data>rworA9l = lfp6eJR ^ lfp6eJR\n</data></write>
		<read echo="ascii"><delim> </delim><match><data>\x3E </data></match></read>
		<write echo="ascii"><data>CRdq4 = |"cIrB","vOgRcT","9qe"|~|"xpj9Yx","rgEX","0Y","YjfoG","j5ALTo","9qe"|\n</data></write>
		<read echo="ascii"><delim> </delim><match><data>\x3E </data></match></read>
		<write echo="ascii"><data>S4JPx = |"tgxcV","Jw8fYy","d"|~|"7","1h","TYW","IvmVM","d"|\n</data></write>
		<read echo="ascii"><delim> </delim><match><data>\x3E </data></match></read>
		<write echo="ascii"><data>nw5q8 = lfp6eJR + CRdq4\n</data></write>
		<read echo="ascii"><delim> </delim><match><data>\x3E </data></match></read>
		<write echo="ascii"><data>wJ9EqvL = |"QxnJa","6","6Le0DZZ","DyC","ARM8D4o","LAJD"|+|"A4EL7"|\n</data></write>
		<read echo="ascii"><delim> </delim><match><data>\x3E </data></match></read>
		<write echo="ascii"><data>712ptFa = |"R6wd","y","UL1Km1Q"|+|"W2mkLja"|\n</data></write>
		<read echo="ascii"><delim> </delim><match><data>\x3E </data></match></read>
		<write echo="ascii"><data>xzRin5F = hk07K - rworA9l\n</data></write>
		<read echo="ascii"><delim> </delim><match><data>\x3E </data></match></read>
		<write echo="ascii"><data>uHmOe = |"tgW","xxobUY","Pa","H5","68kWoxS","7pCYuC","hvG60SH"|\n</data></write>
		<read echo="ascii"><delim> </delim><match><data>\x3E </data></match></read>
		<write echo="ascii"><data>PbamSgu = |"Pa","hvG60SH","7pCYuC","68kWoxS","xxobUY"|\n</data></write>
		<read echo="ascii"><delim> </delim><match><data>\x3E </data></match></read>
		<write echo="ascii"><data>PbamSgu@uHmOe\n</data></write>
		<read echo="ascii"><delim>\n</delim><match><data>TRUE\n</data></match></read>
		<read echo="ascii"><delim> </delim><match><data>\x3E </data></match></read>
		<write echo="ascii"><data>.p\n</data></write>
<read echo="ascii"><delim>\n</delim><match><data>ST7PdK = |"Iw"|\n</data></match></read>
<read echo="ascii"><delim>\n</delim><match><data>hk07K = |"KPO8Mn","6sZhZTk","5tL","8dQwd","15","Ynv7a"|\n</data></match></read>
<read echo="ascii"><delim>\n</delim><match><data>lfp6eJR = |"8dQwd","6sZhZTk","5tL","KPO8Mn","15"|\n</data></match></read>
<read echo="ascii"><delim>\n</delim><match><data>mw19q = |"KPO8Mn","6sZhZTk","5tL","8dQwd","15","Ynv7a","Iw"|\n</data></match></read>
<read echo="ascii"><delim>\n</delim><match><data>ZAFYJa = |"pXSmEPp","LhWeHQ","JVVxL","TQhCZ","4f9t54","nyxc5Eh","H","1szdkj"|\n</data></match></read>
<read echo="ascii"><delim>\n</delim><match><data>rworA9l = |"8dQwd","6sZhZTk","5tL","KPO8Mn","15"|\n</data></match></read>
<read echo="ascii"><delim>\n</delim><match><data>CRdq4 = |"cIrB","vOgRcT","xpj9Yx","rgEX","0Y","YjfoG","j5ALTo"|\n</data></match></read>
<read echo="ascii"><delim>\n</delim><match><data>S4JPx = |"tgxcV","Jw8fYy","7","1h","TYW","IvmVM"|\n</data></match></read>
<read echo="ascii"><delim>\n</delim><match><data>nw5q8 = |"8dQwd","6sZhZTk","5tL","KPO8Mn","15","cIrB","vOgRcT","xpj9Yx","rgEX","0Y","YjfoG","j5ALTo"|\n</data></match></read>
<read echo="ascii"><delim>\n</delim><match><data>wJ9EqvL = |"QxnJa","6","6Le0DZZ","DyC","ARM8D4o","LAJD","A4EL7"|\n</data></match></read>
<read echo="ascii"><delim>\n</delim><match><data>712ptFa = |"R6wd","y","UL1Km1Q","W2mkLja"|\n</data></match></read>
<read echo="ascii"><delim>\n</delim><match><data>xzRin5F = |"Ynv7a"|\n</data></match></read>
<read echo="ascii"><delim>\n</delim><match><data>uHmOe = |"tgW","xxobUY","Pa","H5","68kWoxS","7pCYuC","hvG60SH"|\n</data></match></read>
<read echo="ascii"><delim>\n</delim><match><data>PbamSgu = |"Pa","hvG60SH","7pCYuC","68kWoxS","xxobUY"|\n</data></match></read>
		<read echo="ascii"><delim> </delim><match><data>\x3E </data></match></read>
		<write echo="ascii"><data>.l\n</data></write>
	</replay>
</pov>
