<?xml version="1.0" standalone="no" ?>
<!DOCTYPE pov SYSTEM "/usr/share/cgc-docs/replay.dtd"><pov>
	<cbid>CROMU_00011</cbid>
	<replay>
		<read echo="ascii"><delim> </delim><match><data>\x3E </data></match></read>
		<write echo="ascii"><data>jYlDlR8 = |"SpBfAK","x8FIMN","yh02F","Z0FRBIe","rC","sHgw5F"|^|"q441","kRJr","Z0FRBIe","sHgw5F","yh02F"|\n</data></write>
		<read echo="ascii"><delim> </delim><match><data>\x3E </data></match></read>
		<write echo="ascii"><data>pzOmkB = |"WCQx","bT38t","K37IGau","9rf","IIlrlZu"|^|"WlnRf","ZjKrF","Cy3","5VOQ","WCQx"|\n</data></write>
		<read echo="ascii"><delim> </delim><match><data>\x3E </data></match></read>
		<write echo="ascii"><data>5UwLXsy = |"bKgEG","7","k2Vb","iRfsp","Yp97u","p7IrQF"|~|"Yp97u"|\n</data></write>
		<read echo="ascii"><delim> </delim><match><data>\x3E </data></match></read>
		<write echo="ascii"><data>x2X8tD = |"fktM","UdyiOBH","veuy2Cw","Rr","V7wzkJc","xl","di4","C0OaI1i","cz67"|\n</data></write>
		<read echo="ascii"><delim> </delim><match><data>\x3E </data></match></read>
		<write echo="ascii"><data>DnaBtz = |"Rr","UdyiOBH","fktM","xl","veuy2Cw","MUQ6hM1oL7"|\n</data></write>
		<read echo="ascii"><delim> </delim><match><data>\x3E </data></match></read>
		<write echo="ascii"><data>DnaBtz@x2X8tD\n</data></write>
		<read echo="ascii"><delim>\n</delim><match><data>FALSE\n</data></match></read>
		<read echo="ascii"><delim> </delim><match><data>\x3E </data></match></read>
		<write echo="ascii"><data>YaNuDW1 = |"NoFnj","7b","3U","fMNT9","7fm","tid61vJ"|\n</data></write>
		<read echo="ascii"><delim> </delim><match><data>\x3E </data></match></read>
		<write echo="ascii"><data>wb3ReAQ = |"3U","fMNT9","7fm","7b","tid61vJ"|\n</data></write>
		<read echo="ascii"><delim> </delim><match><data>\x3E </data></match></read>
		<write echo="ascii"><data>wb3ReAQ@YaNuDW1\n</data></write>
		<read echo="ascii"><delim>\n</delim><match><data>TRUE\n</data></match></read>
		<read echo="ascii"><delim> </delim><match><data>\x3E </data></match></read>
		<write echo="ascii"><data>Z1RNb = YaNuDW1 ~ pzOmkB\n</data></write>
		<read echo="ascii"><delim> </delim><match><data>\x3E </data></match></read>
		<write echo="ascii"><data>GaUONh6 = YaNuDW1 ~ 5UwLXsy\n</data></write>
		<read echo="ascii"><delim> </delim><match><data>\x3E </data></match></read>
		<write echo="ascii"><data>yLl3Bqj = |"Tdx","eYQ","puFI2S","7lRQGYp"|+|"XNoml","bN2pkwc","wMz","tL6ADE"|\n</data></write>
		<read echo="ascii"><delim> </delim><match><data>\x3E </data></match></read>
		<write echo="ascii"><data>bwSNEa4 = yLl3Bqj - GaUONh6\n</data></write>
		<read echo="ascii"><delim> </delim><match><data>\x3E </data></match></read>
		<write echo="ascii"><data>Uui4Q = |"8NI"|^|"CFK","ChV0","hIfxcnY","5YEpUgZ","8EsJavR"|\n</data></write>
		<read echo="ascii"><delim> </delim><match><data>\x3E </data></match></read>
		<write echo="ascii"><data>DQvcvnn = |"d7","KToE","AQfnB"|+|"OBEe5","AKcNrV","1m8sJ3","AQfnB","vYvki"|\n</data></write>
		<read echo="ascii"><delim> </delim><match><data>\x3E </data></match></read>
		<write echo="ascii"><data>dfW2di9 = Uui4Q ^ Uui4Q\n</data></write>
		<read echo="ascii"><delim> </delim><match><data>\x3E </data></match></read>
		<write echo="ascii"><data>xmKqa = DQvcvnn + YaNuDW1\n</data></write>
		<read echo="ascii"><delim> </delim><match><data>\x3E </data></match></read>
		<write echo="ascii"><data>dxCKuqx = |"vwA","4h","vhHJk","vqXp9"|-|"vqXp9","vaX4asT","vwA","pk6"|\n</data></write>
		<read echo="ascii"><delim> </delim><match><data>\x3E </data></match></read>
		<write echo="ascii"><data>.p\n</data></write>
<read echo="ascii"><delim>\n</delim><match><data>jYlDlR8 = |"yh02F","Z0FRBIe","sHgw5F"|\n</data></match></read>
<read echo="ascii"><delim>\n</delim><match><data>pzOmkB = |"WCQx"|\n</data></match></read>
<read echo="ascii"><delim>\n</delim><match><data>5UwLXsy = |"bKgEG","7","k2Vb","iRfsp","p7IrQF"|\n</data></match></read>
<read echo="ascii"><delim>\n</delim><match><data>x2X8tD = |"fktM","UdyiOBH","veuy2Cw","Rr","V7wzkJc","xl","di4","C0OaI1i","cz67"|\n</data></match></read>
<read echo="ascii"><delim>\n</delim><match><data>DnaBtz = |"Rr","UdyiOBH","fktM","xl","veuy2Cw","MUQ6hM1oL7"|\n</data></match></read>
<read echo="ascii"><delim>\n</delim><match><data>YaNuDW1 = |"NoFnj","7b","3U","fMNT9","7fm","tid61vJ"|\n</data></match></read>
<read echo="ascii"><delim>\n</delim><match><data>wb3ReAQ = |"3U","fMNT9","7fm","7b","tid61vJ"|\n</data></match></read>
<read echo="ascii"><delim>\n</delim><match><data>Z1RNb = |"NoFnj","7b","3U","fMNT9","7fm","tid61vJ","WCQx"|\n</data></match></read>
<read echo="ascii"><delim>\n</delim><match><data>GaUONh6 = |"NoFnj","7b","3U","fMNT9","7fm","tid61vJ","bKgEG","7","k2Vb","iRfsp","p7IrQF"|\n</data></match></read>
<read echo="ascii"><delim>\n</delim><match><data>yLl3Bqj = |"Tdx","eYQ","puFI2S","7lRQGYp","XNoml","bN2pkwc","wMz","tL6ADE"|\n</data></match></read>
<read echo="ascii"><delim>\n</delim><match><data>bwSNEa4 = |"Tdx","eYQ","puFI2S","7lRQGYp","XNoml","bN2pkwc","wMz","tL6ADE"|\n</data></match></read>
<read echo="ascii"><delim>\n</delim><match><data>Uui4Q = ||\n</data></match></read>
<read echo="ascii"><delim>\n</delim><match><data>DQvcvnn = |"d7","KToE","AQfnB","OBEe5","AKcNrV","1m8sJ3","vYvki"|\n</data></match></read>
<read echo="ascii"><delim>\n</delim><match><data>dfW2di9 = ||\n</data></match></read>
<read echo="ascii"><delim>\n</delim><match><data>xmKqa = |"d7","KToE","AQfnB","OBEe5","AKcNrV","1m8sJ3","vYvki","NoFnj","7b","3U","fMNT9","7fm","tid61vJ"|\n</data></match></read>
<read echo="ascii"><delim>\n</delim><match><data>dxCKuqx = |"4h","vhHJk"|\n</data></match></read>
		<read echo="ascii"><delim> </delim><match><data>\x3E </data></match></read>
		<write echo="ascii"><data>.l\n</data></write>
	</replay>
</pov>
