<?xml version="1.0" standalone="no" ?>
<!DOCTYPE pov SYSTEM "/usr/share/cgc-docs/replay.dtd"><pov>
	<cbid>CROMU_00011</cbid>
	<replay>
		<read echo="ascii"><delim> </delim><match><data>\x3E </data></match></read>
		<write echo="ascii"><data>XGPSwh = |"YVL","1","BrKQJ","q9"|+|"m4MVe"|\n</data></write>
		<read echo="ascii"><delim> </delim><match><data>\x3E </data></match></read>
		<write echo="ascii"><data>xHe7borf = XGPSwh ^ XGPSwh\n</data></write>
		<read echo="ascii"><delim> </delim><match><data>\x3E </data></match></read>
		<write echo="ascii"><data>CQub7 = |"jL","kAl2j","XCvKZ7","BmNhgY","gy5bZ"|+|"lg5","wSi7"|\n</data></write>
		<read echo="ascii"><delim> </delim><match><data>\x3E </data></match></read>
		<write echo="ascii"><data>Bicz86r = |"wt9ZM","INbThcy","29hP","NNJxv","J1RRWN4","HtwJM","5"|~|"Jstt","rEIAkm","aZrUk","p9FOx","B","SP","7wslpmt"|\n</data></write>
		<read echo="ascii"><delim> </delim><match><data>\x3E </data></match></read>
		<write echo="ascii"><data>h7Vq3 = |"6CXQv","NlC","z15M","asGFkdq","6mOIh"|~|"Cc","jqb","BoTl","aehbe","lU"|\n</data></write>
		<read echo="ascii"><delim> </delim><match><data>\x3E </data></match></read>
		<write echo="ascii"><data>769qW = xHe7borf - h7Vq3\n</data></write>
		<read echo="ascii"><delim> </delim><match><data>\x3E </data></match></read>
		<write echo="ascii"><data>9VkKmc = |"m6","5FMKjKY","NMDx"|-|"nY","0Q","5FMKjKY","u2QyJtJ","j61"|\n</data></write>
		<read echo="ascii"><delim> </delim><match><data>\x3E </data></match></read>
		<write echo="ascii"><data>YYibBxfbR = 769qW ^ xHe7borf\n</data></write>
		<read echo="ascii"><delim> </delim><match><data>\x3E </data></match></read>
		<write echo="ascii"><data>yHQTpS = |"k4Q","C4gqF","VM"|^|"hpsJYuI","U8","24SRrp","k4Q","pm","El","JuQ"|\n</data></write>
		<read echo="ascii"><delim> </delim><match><data>\x3E </data></match></read>
		<write echo="ascii"><data>TBHNhS = yHQTpS - Bicz86r\n</data></write>
		<read echo="ascii"><delim> </delim><match><data>\x3E </data></match></read>
		<write echo="ascii"><data>LqlYZS = TBHNhS - xHe7borf\n</data></write>
		<read echo="ascii"><delim> </delim><match><data>\x3E </data></match></read>
		<write echo="ascii"><data>kJu6wYcU = TBHNhS ^ XGPSwh\n</data></write>
		<read echo="ascii"><delim> </delim><match><data>\x3E </data></match></read>
		<write echo="ascii"><data>.p\n</data></write>
<read echo="ascii"><delim>\n</delim><match><data>XGPSwh = |"YVL","1","BrKQJ","q9","m4MVe"|\n</data></match></read>
<read echo="ascii"><delim>\n</delim><match><data>xHe7borf = |"YVL","1","BrKQJ","q9","m4MVe"|\n</data></match></read>
<read echo="ascii"><delim>\n</delim><match><data>CQub7 = |"jL","kAl2j","XCvKZ7","BmNhgY","gy5bZ","lg5","wSi7"|\n</data></match></read>
<read echo="ascii"><delim>\n</delim><match><data>Bicz86r = |"wt9ZM","INbThcy","29hP","NNJxv","J1RRWN4","HtwJM","5","Jstt","rEIAkm","aZrUk","p9FOx","B","SP","7wslpmt"|\n</data></match></read>
<read echo="ascii"><delim>\n</delim><match><data>h7Vq3 = |"6CXQv","NlC","z15M","asGFkdq","6mOIh","Cc","jqb","BoTl","aehbe","lU"|\n</data></match></read>
<read echo="ascii"><delim>\n</delim><match><data>769qW = |"YVL","1","BrKQJ","q9","m4MVe"|\n</data></match></read>
<read echo="ascii"><delim>\n</delim><match><data>9VkKmc = |"m6","NMDx"|\n</data></match></read>
<read echo="ascii"><delim>\n</delim><match><data>YYibBxfbR = |"YVL","1","BrKQJ","q9","m4MVe"|\n</data></match></read>
<read echo="ascii"><delim>\n</delim><match><data>yHQTpS = |"k4Q"|\n</data></match></read>
<read echo="ascii"><delim>\n</delim><match><data>TBHNhS = |"k4Q"|\n</data></match></read>
<read echo="ascii"><delim>\n</delim><match><data>LqlYZS = |"k4Q"|\n</data></match></read>
<read echo="ascii"><delim>\n</delim><match><data>kJu6wYcU = ||\n</data></match></read>
		<read echo="ascii"><delim> </delim><match><data>\x3E </data></match></read>
		<write echo="ascii"><data>.l\n</data></write>
	</replay>
</pov>
