<?xml version="1.0" standalone="no" ?>
<!DOCTYPE pov SYSTEM "/usr/share/cgc-docs/replay.dtd"><pov>
	<cbid>CROMU_00011</cbid>
	<replay>
		<read echo="ascii"><delim> </delim><match><data>\x3E </data></match></read>
		<write echo="ascii"><data>HBeyrvu = |"LRTNg","rk1C","Qvap","HK4","863U","fK864C","UO","kcfYhrf","aJ"|\n</data></write>
		<read echo="ascii"><delim> </delim><match><data>\x3E </data></match></read>
		<write echo="ascii"><data>B6hRs = |"rk1C","LRTNg","863U","aJ","HK4","kcfYhrf","bbEaRswYrT"|\n</data></write>
		<read echo="ascii"><delim> </delim><match><data>\x3E </data></match></read>
		<write echo="ascii"><data>B6hRs@HBeyrvu\n</data></write>
		<read echo="ascii"><delim>\n</delim><match><data>FALSE\n</data></match></read>
		<read echo="ascii"><delim> </delim><match><data>\x3E </data></match></read>
		<write echo="ascii"><data>2vwML2 = B6hRs - B6hRs\n</data></write>
		<read echo="ascii"><delim> </delim><match><data>\x3E </data></match></read>
		<write echo="ascii"><data>SlIz8 = 2vwML2 ^ B6hRs\n</data></write>
		<read echo="ascii"><delim> </delim><match><data>\x3E </data></match></read>
		<write echo="ascii"><data>M0vtS5 = HBeyrvu + SlIz8\n</data></write>
		<read echo="ascii"><delim> </delim><match><data>\x3E </data></match></read>
		<write echo="ascii"><data>J0uuZ = 2vwML2 - B6hRs\n</data></write>
		<read echo="ascii"><delim> </delim><match><data>\x3E </data></match></read>
		<write echo="ascii"><data>zLidw = |"napkJ","sK5iH","OpZ","IztskT","iLDjIuF","c44YZ","YNDA"|\n</data></write>
		<read echo="ascii"><delim> </delim><match><data>\x3E </data></match></read>
		<write echo="ascii"><data>KSeEc2 = |"napkJ","csUKkoJQzG"|\n</data></write>
		<read echo="ascii"><delim> </delim><match><data>\x3E </data></match></read>
		<write echo="ascii"><data>KSeEc2@zLidw\n</data></write>
		<read echo="ascii"><delim>\n</delim><match><data>FALSE\n</data></match></read>
		<read echo="ascii"><delim> </delim><match><data>\x3E </data></match></read>
		<write echo="ascii"><data>kJy3Eg = |"DeZMKOK","ALiL","v","oRXNOy","AdxqJKH"|-|"tPth","Ux","VQOqRu","DeZMKOK","uS","D","9R4szL"|\n</data></write>
		<read echo="ascii"><delim> </delim><match><data>\x3E </data></match></read>
		<write echo="ascii"><data>I4DgN = B6hRs - KSeEc2\n</data></write>
		<read echo="ascii"><delim> </delim><match><data>\x3E </data></match></read>
		<write echo="ascii"><data>oEbTBUKj = KSeEc2 ^ SlIz8\n</data></write>
		<read echo="ascii"><delim> </delim><match><data>\x3E </data></match></read>
		<write echo="ascii"><data>aF3oOiMiNv = KSeEc2 ^ KSeEc2\n</data></write>
		<read echo="ascii"><delim> </delim><match><data>\x3E </data></match></read>
		<write echo="ascii"><data>wlmLZd = |"OdRobzV","jXv9","uLKdkQ","4oaI","lSgA","rlJqpV"|\n</data></write>
		<read echo="ascii"><delim> </delim><match><data>\x3E </data></match></read>
		<write echo="ascii"><data>oohel = |"OdRobzV","4oaI"|\n</data></write>
		<read echo="ascii"><delim> </delim><match><data>\x3E </data></match></read>
		<write echo="ascii"><data>oohel@wlmLZd\n</data></write>
		<read echo="ascii"><delim>\n</delim><match><data>TRUE\n</data></match></read>
		<read echo="ascii"><delim> </delim><match><data>\x3E </data></match></read>
		<write echo="ascii"><data>ffA1c4 = |"S","0","MIbd","8bnb","YeHV","Z4QvB","92E6pH"|+|"E","S","Z4QvB","Tq8TNr","Nz","ZvyHLj","92E6pH"|\n</data></write>
		<read echo="ascii"><delim> </delim><match><data>\x3E </data></match></read>
		<write echo="ascii"><data>BFkC7I = HBeyrvu ~ KSeEc2\n</data></write>
		<read echo="ascii"><delim> </delim><match><data>\x3E </data></match></read>
		<write echo="ascii"><data>.p\n</data></write>
<read echo="ascii"><delim>\n</delim><match><data>HBeyrvu = |"LRTNg","rk1C","Qvap","HK4","863U","fK864C","UO","kcfYhrf","aJ"|\n</data></match></read>
<read echo="ascii"><delim>\n</delim><match><data>B6hRs = |"rk1C","LRTNg","863U","aJ","HK4","kcfYhrf","bbEaRswYrT"|\n</data></match></read>
<read echo="ascii"><delim>\n</delim><match><data>2vwML2 = ||\n</data></match></read>
<read echo="ascii"><delim>\n</delim><match><data>SlIz8 = ||\n</data></match></read>
<read echo="ascii"><delim>\n</delim><match><data>M0vtS5 = |"LRTNg","rk1C","Qvap","HK4","863U","fK864C","UO","kcfYhrf","aJ"|\n</data></match></read>
<read echo="ascii"><delim>\n</delim><match><data>J0uuZ = ||\n</data></match></read>
<read echo="ascii"><delim>\n</delim><match><data>zLidw = |"napkJ","sK5iH","OpZ","IztskT","iLDjIuF","c44YZ","YNDA"|\n</data></match></read>
<read echo="ascii"><delim>\n</delim><match><data>KSeEc2 = |"napkJ","csUKkoJQzG"|\n</data></match></read>
<read echo="ascii"><delim>\n</delim><match><data>kJy3Eg = |"ALiL","v","oRXNOy","AdxqJKH"|\n</data></match></read>
<read echo="ascii"><delim>\n</delim><match><data>I4DgN = |"rk1C","LRTNg","863U","aJ","HK4","kcfYhrf","bbEaRswYrT"|\n</data></match></read>
<read echo="ascii"><delim>\n</delim><match><data>oEbTBUKj = ||\n</data></match></read>
<read echo="ascii"><delim>\n</delim><match><data>aF3oOiMiNv = |"napkJ","csUKkoJQzG"|\n</data></match></read>
<read echo="ascii"><delim>\n</delim><match><data>wlmLZd = |"OdRobzV","jXv9","uLKdkQ","4oaI","lSgA","rlJqpV"|\n</data></match></read>
<read echo="ascii"><delim>\n</delim><match><data>oohel = |"OdRobzV","4oaI"|\n</data></match></read>
<read echo="ascii"><delim>\n</delim><match><data>ffA1c4 = |"S","0","MIbd","8bnb","YeHV","Z4QvB","92E6pH","E","Tq8TNr","Nz","ZvyHLj"|\n</data></match></read>
<read echo="ascii"><delim>\n</delim><match><data>BFkC7I = |"LRTNg","rk1C","Qvap","HK4","863U","fK864C","UO","kcfYhrf","aJ","napkJ","csUKkoJQzG"|\n</data></match></read>
		<read echo="ascii"><delim> </delim><match><data>\x3E </data></match></read>
		<write echo="ascii"><data>.l\n</data></write>
	</replay>
</pov>
