<?xml version="1.0" standalone="no" ?>
<!DOCTYPE pov SYSTEM "/usr/share/cgc-docs/replay.dtd"><pov>
	<cbid>CROMU_00011</cbid>
	<replay>
		<read echo="ascii"><delim> </delim><match><data>\x3E </data></match></read>
		<write echo="ascii"><data>CeZGCso = |"CK8","uIuLMb","ZHu","XgecE8"|-|"ZHu","RHXD","CK8","AYzCv","U1n","gLFNem","o0K"|\n</data></write>
		<read echo="ascii"><delim> </delim><match><data>\x3E </data></match></read>
		<write echo="ascii"><data>0iAeRm = CeZGCso ~ CeZGCso\n</data></write>
		<read echo="ascii"><delim> </delim><match><data>\x3E </data></match></read>
		<write echo="ascii"><data>PBaWI3i = |"G6UC5"|^|"gacSf","QgLPHfp","W3e","G6UC5","UZ"|\n</data></write>
		<read echo="ascii"><delim> </delim><match><data>\x3E </data></match></read>
		<write echo="ascii"><data>cvqAjE2 = CeZGCso ~ PBaWI3i\n</data></write>
		<read echo="ascii"><delim> </delim><match><data>\x3E </data></match></read>
		<write echo="ascii"><data>NcNhht = |"1","d","XKX2ir","VX5tjS"|+|"WYcd","AMSpq"|\n</data></write>
		<read echo="ascii"><delim> </delim><match><data>\x3E </data></match></read>
		<write echo="ascii"><data>vYZvHGMQ = CeZGCso ^ PBaWI3i\n</data></write>
		<read echo="ascii"><delim> </delim><match><data>\x3E </data></match></read>
		<write echo="ascii"><data>aH3VLyWB = vYZvHGMQ ^ 0iAeRm\n</data></write>
		<read echo="ascii"><delim> </delim><match><data>\x3E </data></match></read>
		<write echo="ascii"><data>gyct3 = |"9srnNR","lUB3AnK","XiTbY","ccp","H2P"|~|"XiTbY","lpNx","HdIPysi","ccp","70cALk","i","YVW"|\n</data></write>
		<read echo="ascii"><delim> </delim><match><data>\x3E </data></match></read>
		<write echo="ascii"><data>Z4hqr = |"ItUOD","GGY","QT3ly","RAd8R9v","uql17o"|^|"nd2","g9","KPW","a86Za","uDwEr","uql17o","aA"|\n</data></write>
		<read echo="ascii"><delim> </delim><match><data>\x3E </data></match></read>
		<write echo="ascii"><data>2HqUDU7 = |"wR52RfG","NsUCmB","JdCsGe","Jfje","xW","U"|+|"2AGFA","Jfje","V","5H75"|\n</data></write>
		<read echo="ascii"><delim> </delim><match><data>\x3E </data></match></read>
		<write echo="ascii"><data>oX0EpI = 2HqUDU7 - NcNhht\n</data></write>
		<read echo="ascii"><delim> </delim><match><data>\x3E </data></match></read>
		<write echo="ascii"><data>.p\n</data></write>
<read echo="ascii"><delim>\n</delim><match><data>CeZGCso = |"uIuLMb","XgecE8"|\n</data></match></read>
<read echo="ascii"><delim>\n</delim><match><data>0iAeRm = ||\n</data></match></read>
<read echo="ascii"><delim>\n</delim><match><data>PBaWI3i = |"G6UC5"|\n</data></match></read>
<read echo="ascii"><delim>\n</delim><match><data>cvqAjE2 = |"uIuLMb","XgecE8","G6UC5"|\n</data></match></read>
<read echo="ascii"><delim>\n</delim><match><data>NcNhht = |"1","d","XKX2ir","VX5tjS","WYcd","AMSpq"|\n</data></match></read>
<read echo="ascii"><delim>\n</delim><match><data>vYZvHGMQ = ||\n</data></match></read>
<read echo="ascii"><delim>\n</delim><match><data>aH3VLyWB = ||\n</data></match></read>
<read echo="ascii"><delim>\n</delim><match><data>gyct3 = |"9srnNR","lUB3AnK","H2P","lpNx","HdIPysi","70cALk","i","YVW"|\n</data></match></read>
<read echo="ascii"><delim>\n</delim><match><data>Z4hqr = |"uql17o"|\n</data></match></read>
<read echo="ascii"><delim>\n</delim><match><data>2HqUDU7 = |"wR52RfG","NsUCmB","JdCsGe","Jfje","xW","U","2AGFA","V","5H75"|\n</data></match></read>
<read echo="ascii"><delim>\n</delim><match><data>oX0EpI = |"wR52RfG","NsUCmB","JdCsGe","Jfje","xW","U","2AGFA","V","5H75"|\n</data></match></read>
		<read echo="ascii"><delim> </delim><match><data>\x3E </data></match></read>
		<write echo="ascii"><data>.l\n</data></write>
	</replay>
</pov>
