<?xml version="1.0" standalone="no" ?>
<!DOCTYPE pov SYSTEM "/usr/share/cgc-docs/replay.dtd"><pov>
	<cbid>CROMU_00011</cbid>
	<replay>
		<read echo="ascii"><delim> </delim><match><data>\x3E </data></match></read>
		<write echo="ascii"><data>fiP8HO = |"yIgdo","YLQc","WWgr9","kYaW8LK","Iy","Gfcr"|\n</data></write>
		<read echo="ascii"><delim> </delim><match><data>\x3E </data></match></read>
		<write echo="ascii"><data>huNJ4bq = |"WWgr9","kYaW8LK","yIgdo","YLQc","Qvn3m1NY45"|\n</data></write>
		<read echo="ascii"><delim> </delim><match><data>\x3E </data></match></read>
		<write echo="ascii"><data>huNJ4bq@fiP8HO\n</data></write>
		<read echo="ascii"><delim>\n</delim><match><data>FALSE\n</data></match></read>
		<read echo="ascii"><delim> </delim><match><data>\x3E </data></match></read>
		<write echo="ascii"><data>FddUW = fiP8HO - fiP8HO\n</data></write>
		<read echo="ascii"><delim> </delim><match><data>\x3E </data></match></read>
		<write echo="ascii"><data>mchOY4 = huNJ4bq ~ FddUW\n</data></write>
		<read echo="ascii"><delim> </delim><match><data>\x3E </data></match></read>
		<write echo="ascii"><data>jadAUqO = mchOY4 ~ fiP8HO\n</data></write>
		<read echo="ascii"><delim> </delim><match><data>\x3E </data></match></read>
		<write echo="ascii"><data>mG4tS = FddUW ~ fiP8HO\n</data></write>
		<read echo="ascii"><delim> </delim><match><data>\x3E </data></match></read>
		<write echo="ascii"><data>x3pm6J = |"kmXt","lzjTQl","A7sRnXJ","737Z","4y","P1MAM","iyM","MrLtKK","q8fk0","jMJ"|\n</data></write>
		<read echo="ascii"><delim> </delim><match><data>\x3E </data></match></read>
		<write echo="ascii"><data>RVDdfM = |"P1MAM","q8fk0","kmXt","YBsQpMMBqf"|\n</data></write>
		<read echo="ascii"><delim> </delim><match><data>\x3E </data></match></read>
		<write echo="ascii"><data>RVDdfM@x3pm6J\n</data></write>
		<read echo="ascii"><delim>\n</delim><match><data>FALSE\n</data></match></read>
		<read echo="ascii"><delim> </delim><match><data>\x3E </data></match></read>
		<write echo="ascii"><data>ATrSAH2 = mG4tS ^ FddUW\n</data></write>
		<read echo="ascii"><delim> </delim><match><data>\x3E </data></match></read>
		<write echo="ascii"><data>st3lTc4 = |"qG3","zk6YI","jQnS","g","W","O","gopIrF"|+|"W","gopIrF"|\n</data></write>
		<read echo="ascii"><delim> </delim><match><data>\x3E </data></match></read>
		<write echo="ascii"><data>97YjUQD = x3pm6J - RVDdfM\n</data></write>
		<read echo="ascii"><delim> </delim><match><data>\x3E </data></match></read>
		<write echo="ascii"><data>ePBhP = |"cC6","Y7"|~|"wWJRxT","w"|\n</data></write>
		<read echo="ascii"><delim> </delim><match><data>\x3E </data></match></read>
		<write echo="ascii"><data>FLqpj = huNJ4bq ~ mchOY4\n</data></write>
		<read echo="ascii"><delim> </delim><match><data>\x3E </data></match></read>
		<write echo="ascii"><data>0FsnuX = fiP8HO + huNJ4bq\n</data></write>
		<read echo="ascii"><delim> </delim><match><data>\x3E </data></match></read>
		<write echo="ascii"><data>ahFq9 = |"8aX5K"|~|"J93X","g45z","W","sGgf0","Di8"|\n</data></write>
		<read echo="ascii"><delim> </delim><match><data>\x3E </data></match></read>
		<write echo="ascii"><data>.p\n</data></write>
<read echo="ascii"><delim>\n</delim><match><data>fiP8HO = |"yIgdo","YLQc","WWgr9","kYaW8LK","Iy","Gfcr"|\n</data></match></read>
<read echo="ascii"><delim>\n</delim><match><data>huNJ4bq = |"WWgr9","kYaW8LK","yIgdo","YLQc","Qvn3m1NY45"|\n</data></match></read>
<read echo="ascii"><delim>\n</delim><match><data>FddUW = ||\n</data></match></read>
<read echo="ascii"><delim>\n</delim><match><data>mchOY4 = |"WWgr9","kYaW8LK","yIgdo","YLQc","Qvn3m1NY45"|\n</data></match></read>
<read echo="ascii"><delim>\n</delim><match><data>jadAUqO = |"Qvn3m1NY45","Iy","Gfcr"|\n</data></match></read>
<read echo="ascii"><delim>\n</delim><match><data>mG4tS = |"yIgdo","YLQc","WWgr9","kYaW8LK","Iy","Gfcr"|\n</data></match></read>
<read echo="ascii"><delim>\n</delim><match><data>x3pm6J = |"kmXt","lzjTQl","A7sRnXJ","737Z","4y","P1MAM","iyM","MrLtKK","q8fk0","jMJ"|\n</data></match></read>
<read echo="ascii"><delim>\n</delim><match><data>RVDdfM = |"P1MAM","q8fk0","kmXt","YBsQpMMBqf"|\n</data></match></read>
<read echo="ascii"><delim>\n</delim><match><data>ATrSAH2 = ||\n</data></match></read>
<read echo="ascii"><delim>\n</delim><match><data>st3lTc4 = |"qG3","zk6YI","jQnS","g","W","O","gopIrF"|\n</data></match></read>
<read echo="ascii"><delim>\n</delim><match><data>97YjUQD = |"lzjTQl","A7sRnXJ","737Z","4y","iyM","MrLtKK","jMJ"|\n</data></match></read>
<read echo="ascii"><delim>\n</delim><match><data>ePBhP = |"cC6","Y7","wWJRxT","w"|\n</data></match></read>
<read echo="ascii"><delim>\n</delim><match><data>FLqpj = ||\n</data></match></read>
<read echo="ascii"><delim>\n</delim><match><data>0FsnuX = |"yIgdo","YLQc","WWgr9","kYaW8LK","Iy","Gfcr","Qvn3m1NY45"|\n</data></match></read>
<read echo="ascii"><delim>\n</delim><match><data>ahFq9 = |"8aX5K","J93X","g45z","W","sGgf0","Di8"|\n</data></match></read>
		<read echo="ascii"><delim> </delim><match><data>\x3E </data></match></read>
		<write echo="ascii"><data>.l\n</data></write>
	</replay>
</pov>
