<?xml version="1.0" standalone="no" ?>
<!DOCTYPE pov SYSTEM "/usr/share/cgc-docs/replay.dtd"><pov>
	<cbid>CROMU_00011</cbid>
	<replay>
		<read echo="ascii"><delim> </delim><match><data>\x3E </data></match></read>
		<write echo="ascii"><data>QMJLYi = |"89iChB","4XP","LO","et","NR8aIE","DOYU1i","E3"|+|"RpC","Fj7qM","et","89iChB"|\n</data></write>
		<read echo="ascii"><delim> </delim><match><data>\x3E </data></match></read>
		<write echo="ascii"><data>NziCbMX = |"mUEYinB","nM85B","9y","qr7DNcR","a0RBGq","P7IY","xgPk4Th","01EToP0"|\n</data></write>
		<read echo="ascii"><delim> </delim><match><data>\x3E </data></match></read>
		<write echo="ascii"><data>zBa911 = |"xgPk4Th","01EToP0","P7IY","mUEYinB","qr7DNcR","9y","MQX1IuFKuq"|\n</data></write>
		<read echo="ascii"><delim> </delim><match><data>\x3E </data></match></read>
		<write echo="ascii"><data>zBa911@NziCbMX\n</data></write>
		<read echo="ascii"><delim>\n</delim><match><data>FALSE\n</data></match></read>
		<read echo="ascii"><delim> </delim><match><data>\x3E </data></match></read>
		<write echo="ascii"><data>nXidX = zBa911 - zBa911\n</data></write>
		<read echo="ascii"><delim> </delim><match><data>\x3E </data></match></read>
		<write echo="ascii"><data>1gGZW = |"EKfTLP","fq"|~|"FcjP","Oad","NXTfLzL","8S","t","fq","o"|\n</data></write>
		<read echo="ascii"><delim> </delim><match><data>\x3E </data></match></read>
		<write echo="ascii"><data>sCU2Zrb = |"klaMNc","w3f"|~|"hrF9","vTRP","Zb","30jdH"|\n</data></write>
		<read echo="ascii"><delim> </delim><match><data>\x3E </data></match></read>
		<write echo="ascii"><data>KiRU4 = |"unY"|+|"oz94E72","6","GY","lWcBZ","o","aW4ydd","W632"|\n</data></write>
		<read echo="ascii"><delim> </delim><match><data>\x3E </data></match></read>
		<write echo="ascii"><data>KV1LV = sCU2Zrb + QMJLYi\n</data></write>
		<read echo="ascii"><delim> </delim><match><data>\x3E </data></match></read>
		<write echo="ascii"><data>CnIfc = sCU2Zrb ~ KiRU4\n</data></write>
		<read echo="ascii"><delim> </delim><match><data>\x3E </data></match></read>
		<write echo="ascii"><data>cCSGKJw = |"3018vB","BN3","oFy6","hSN","Txq","nqxm4Y","pgDS"|^|"sG01ZHF","wSWZU","fShEfxA","sOijN"|\n</data></write>
		<read echo="ascii"><delim> </delim><match><data>\x3E </data></match></read>
		<write echo="ascii"><data>4tyzpqRB4k = zBa911 ^ sCU2Zrb\n</data></write>
		<read echo="ascii"><delim> </delim><match><data>\x3E </data></match></read>
		<write echo="ascii"><data>D83CVpKsi8 = KiRU4 ^ QMJLYi\n</data></write>
		<read echo="ascii"><delim> </delim><match><data>\x3E </data></match></read>
		<write echo="ascii"><data>33NBmE = 4tyzpqRB4k ~ QMJLYi\n</data></write>
		<read echo="ascii"><delim> </delim><match><data>\x3E </data></match></read>
		<write echo="ascii"><data>ZhOteJL = CnIfc - cCSGKJw\n</data></write>
		<read echo="ascii"><delim> </delim><match><data>\x3E </data></match></read>
		<write echo="ascii"><data>NTEN1LD = |"epgY","0Q","hMsKZp","K4tkXdc","IzIl","P8W1","ele"|\n</data></write>
		<read echo="ascii"><delim> </delim><match><data>\x3E </data></match></read>
		<write echo="ascii"><data>xdBHLk = |"K4tkXdc","ZkjkaEdxLw"|\n</data></write>
		<read echo="ascii"><delim> </delim><match><data>\x3E </data></match></read>
		<write echo="ascii"><data>xdBHLk@NTEN1LD\n</data></write>
		<read echo="ascii"><delim>\n</delim><match><data>FALSE\n</data></match></read>
		<read echo="ascii"><delim> </delim><match><data>\x3E </data></match></read>
		<write echo="ascii"><data>sYRYvZw = D83CVpKsi8 + nXidX\n</data></write>
		<read echo="ascii"><delim> </delim><match><data>\x3E </data></match></read>
		<write echo="ascii"><data>.p\n</data></write>
<read echo="ascii"><delim>\n</delim><match><data>QMJLYi = |"89iChB","4XP","LO","et","NR8aIE","DOYU1i","E3","RpC","Fj7qM"|\n</data></match></read>
<read echo="ascii"><delim>\n</delim><match><data>NziCbMX = |"mUEYinB","nM85B","9y","qr7DNcR","a0RBGq","P7IY","xgPk4Th","01EToP0"|\n</data></match></read>
<read echo="ascii"><delim>\n</delim><match><data>zBa911 = |"xgPk4Th","01EToP0","P7IY","mUEYinB","qr7DNcR","9y","MQX1IuFKuq"|\n</data></match></read>
<read echo="ascii"><delim>\n</delim><match><data>nXidX = ||\n</data></match></read>
<read echo="ascii"><delim>\n</delim><match><data>1gGZW = |"EKfTLP","FcjP","Oad","NXTfLzL","8S","t","o"|\n</data></match></read>
<read echo="ascii"><delim>\n</delim><match><data>sCU2Zrb = |"klaMNc","w3f","hrF9","vTRP","Zb","30jdH"|\n</data></match></read>
<read echo="ascii"><delim>\n</delim><match><data>KiRU4 = |"unY","oz94E72","6","GY","lWcBZ","o","aW4ydd","W632"|\n</data></match></read>
<read echo="ascii"><delim>\n</delim><match><data>KV1LV = |"klaMNc","w3f","hrF9","vTRP","Zb","30jdH","89iChB","4XP","LO","et","NR8aIE","DOYU1i","E3","RpC","Fj7qM"|\n</data></match></read>
<read echo="ascii"><delim>\n</delim><match><data>CnIfc = |"klaMNc","w3f","hrF9","vTRP","Zb","30jdH","unY","oz94E72","6","GY","lWcBZ","o","aW4ydd","W632"|\n</data></match></read>
<read echo="ascii"><delim>\n</delim><match><data>cCSGKJw = ||\n</data></match></read>
<read echo="ascii"><delim>\n</delim><match><data>4tyzpqRB4k = ||\n</data></match></read>
<read echo="ascii"><delim>\n</delim><match><data>D83CVpKsi8 = ||\n</data></match></read>
<read echo="ascii"><delim>\n</delim><match><data>33NBmE = |"89iChB","4XP","LO","et","NR8aIE","DOYU1i","E3","RpC","Fj7qM"|\n</data></match></read>
<read echo="ascii"><delim>\n</delim><match><data>ZhOteJL = |"klaMNc","w3f","hrF9","vTRP","Zb","30jdH","unY","oz94E72","6","GY","lWcBZ","o","aW4ydd","W632"|\n</data></match></read>
<read echo="ascii"><delim>\n</delim><match><data>NTEN1LD = |"epgY","0Q","hMsKZp","K4tkXdc","IzIl","P8W1","ele"|\n</data></match></read>
<read echo="ascii"><delim>\n</delim><match><data>xdBHLk = |"K4tkXdc","ZkjkaEdxLw"|\n</data></match></read>
<read echo="ascii"><delim>\n</delim><match><data>sYRYvZw = ||\n</data></match></read>
		<read echo="ascii"><delim> </delim><match><data>\x3E </data></match></read>
		<write echo="ascii"><data>.l\n</data></write>
	</replay>
</pov>
