<?xml version="1.0" standalone="no" ?>
<!DOCTYPE pov SYSTEM "/usr/share/cgc-docs/replay.dtd"><pov>
	<cbid>CROMU_00011</cbid>
	<replay>
		<read echo="ascii"><delim> </delim><match><data>\x3E </data></match></read>
		<write echo="ascii"><data>iZe0Caq = |"d5XP","LDvP3o","xPC61LC","zh0o","Fjst","Gs9VI","w77zw"|~|"Gs9VI","w77zw","jE","KAun"|\n</data></write>
		<read echo="ascii"><delim> </delim><match><data>\x3E </data></match></read>
		<write echo="ascii"><data>0BZKZUY = |"SO","7JVwa","Oxe1scM","vkLsXd","VGxweM"|^|"l1Gn","fMbmA","Oxe1scM","kqAo49H","1Cx1"|\n</data></write>
		<read echo="ascii"><delim> </delim><match><data>\x3E </data></match></read>
		<write echo="ascii"><data>Fdubce = 0BZKZUY - 0BZKZUY\n</data></write>
		<read echo="ascii"><delim> </delim><match><data>\x3E </data></match></read>
		<write echo="ascii"><data>rmPG7xG = iZe0Caq - Fdubce\n</data></write>
		<read echo="ascii"><delim> </delim><match><data>\x3E </data></match></read>
		<write echo="ascii"><data>TIu3yTA = |"oH4S6UE","23P6k","B7P","R4"|-|"UidPKTu","82ysfX1","k0stiHL"|\n</data></write>
		<read echo="ascii"><delim> </delim><match><data>\x3E </data></match></read>
		<write echo="ascii"><data>cJa5fpSp = rmPG7xG ^ rmPG7xG\n</data></write>
		<read echo="ascii"><delim> </delim><match><data>\x3E </data></match></read>
		<write echo="ascii"><data>deJlG = |"JA","XoEwcM"|+|"X8D"|\n</data></write>
		<read echo="ascii"><delim> </delim><match><data>\x3E </data></match></read>
		<write echo="ascii"><data>JO6fjBn = |"MJ8","PBDm6av","KKPK","9"|~|"vV","tW1"|\n</data></write>
		<read echo="ascii"><delim> </delim><match><data>\x3E </data></match></read>
		<write echo="ascii"><data>OutW34 = |"dNmBs","I6","fh","s","G9LI","qYc","bHVbtJp"|+|"r","TnYPWau","qYc","T0CGJ"|\n</data></write>
		<read echo="ascii"><delim> </delim><match><data>\x3E </data></match></read>
		<write echo="ascii"><data>GIKTXN = |"W","JD06R"|+|"Aw","uAGhHL"|\n</data></write>
		<read echo="ascii"><delim> </delim><match><data>\x3E </data></match></read>
		<write echo="ascii"><data>cbf5Y5 = iZe0Caq + rmPG7xG\n</data></write>
		<read echo="ascii"><delim> </delim><match><data>\x3E </data></match></read>
		<write echo="ascii"><data>y1Lg9WM = |"D","NvrU","Dfpk","LoSF","x7qbp5H","n","EVYWH"|-|"Ur1Yj","y8e9j","LoSF","kE","G5HAdrp","n","x7qbp5H"|\n</data></write>
		<read echo="ascii"><delim> </delim><match><data>\x3E </data></match></read>
		<write echo="ascii"><data>bBNsrM = GIKTXN ~ cJa5fpSp\n</data></write>
		<read echo="ascii"><delim> </delim><match><data>\x3E </data></match></read>
		<write echo="ascii"><data>Rf5LASK = |"YqlH"|^|"r0","jfDLaV","IC"|\n</data></write>
		<read echo="ascii"><delim> </delim><match><data>\x3E </data></match></read>
		<write echo="ascii"><data>.p\n</data></write>
<read echo="ascii"><delim>\n</delim><match><data>iZe0Caq = |"d5XP","LDvP3o","xPC61LC","zh0o","Fjst","jE","KAun"|\n</data></match></read>
<read echo="ascii"><delim>\n</delim><match><data>0BZKZUY = |"Oxe1scM"|\n</data></match></read>
<read echo="ascii"><delim>\n</delim><match><data>Fdubce = ||\n</data></match></read>
<read echo="ascii"><delim>\n</delim><match><data>rmPG7xG = |"d5XP","LDvP3o","xPC61LC","zh0o","Fjst","jE","KAun"|\n</data></match></read>
<read echo="ascii"><delim>\n</delim><match><data>TIu3yTA = |"oH4S6UE","23P6k","B7P","R4"|\n</data></match></read>
<read echo="ascii"><delim>\n</delim><match><data>cJa5fpSp = |"d5XP","LDvP3o","xPC61LC","zh0o","Fjst","jE","KAun"|\n</data></match></read>
<read echo="ascii"><delim>\n</delim><match><data>deJlG = |"JA","XoEwcM","X8D"|\n</data></match></read>
<read echo="ascii"><delim>\n</delim><match><data>JO6fjBn = |"MJ8","PBDm6av","KKPK","9","vV","tW1"|\n</data></match></read>
<read echo="ascii"><delim>\n</delim><match><data>OutW34 = |"dNmBs","I6","fh","s","G9LI","qYc","bHVbtJp","r","TnYPWau","T0CGJ"|\n</data></match></read>
<read echo="ascii"><delim>\n</delim><match><data>GIKTXN = |"W","JD06R","Aw","uAGhHL"|\n</data></match></read>
<read echo="ascii"><delim>\n</delim><match><data>cbf5Y5 = |"d5XP","LDvP3o","xPC61LC","zh0o","Fjst","jE","KAun"|\n</data></match></read>
<read echo="ascii"><delim>\n</delim><match><data>y1Lg9WM = |"D","NvrU","Dfpk","EVYWH"|\n</data></match></read>
<read echo="ascii"><delim>\n</delim><match><data>bBNsrM = |"W","JD06R","Aw","uAGhHL","d5XP","LDvP3o","xPC61LC","zh0o","Fjst","jE","KAun"|\n</data></match></read>
<read echo="ascii"><delim>\n</delim><match><data>Rf5LASK = ||\n</data></match></read>
		<read echo="ascii"><delim> </delim><match><data>\x3E </data></match></read>
		<write echo="ascii"><data>.l\n</data></write>
	</replay>
</pov>
