<?xml version="1.0" standalone="no" ?>
<!DOCTYPE pov SYSTEM "/usr/share/cgc-docs/replay.dtd"><pov>
	<cbid>CROMU_00011</cbid>
	<replay>
		<read echo="ascii"><delim> </delim><match><data>\x3E </data></match></read>
		<write echo="ascii"><data>6DnRcV = |"mYE","Q","IIcKse","UqwU","pQy7","Z2jt9dg","sJzO"|~|"mYE"|\n</data></write>
		<read echo="ascii"><delim> </delim><match><data>\x3E </data></match></read>
		<write echo="ascii"><data>57cj9b6 = 6DnRcV - 6DnRcV\n</data></write>
		<read echo="ascii"><delim> </delim><match><data>\x3E </data></match></read>
		<write echo="ascii"><data>eyCuqZU = 6DnRcV ~ 6DnRcV\n</data></write>
		<read echo="ascii"><delim> </delim><match><data>\x3E </data></match></read>
		<write echo="ascii"><data>DGnf1 = |"39","HApdTO","SB3","nK9Krd","QzWv2JJ","Gl","8T5","yh","sMZE20g","9VgV00"|\n</data></write>
		<read echo="ascii"><delim> </delim><match><data>\x3E </data></match></read>
		<write echo="ascii"><data>GqA6QI = |"9VgV00","QzWv2JJ","8T5","39","yh","SB3","HApdTO","nK9Krd"|\n</data></write>
		<read echo="ascii"><delim> </delim><match><data>\x3E </data></match></read>
		<write echo="ascii"><data>GqA6QI@DGnf1\n</data></write>
		<read echo="ascii"><delim>\n</delim><match><data>TRUE\n</data></match></read>
		<read echo="ascii"><delim> </delim><match><data>\x3E </data></match></read>
		<write echo="ascii"><data>W5esmj = 6DnRcV ~ eyCuqZU\n</data></write>
		<read echo="ascii"><delim> </delim><match><data>\x3E </data></match></read>
		<write echo="ascii"><data>UzK6hQ = eyCuqZU - eyCuqZU\n</data></write>
		<read echo="ascii"><delim> </delim><match><data>\x3E </data></match></read>
		<write echo="ascii"><data>YgWJQ = |"k1n9","UT2hAo","CMAy","DrPM"|-|"8dNq","v55g","8m"|\n</data></write>
		<read echo="ascii"><delim> </delim><match><data>\x3E </data></match></read>
		<write echo="ascii"><data>DrcgtTj = |"6wVO9E","FaPl6","jJ2D","JJqbkp"|^|"la","NLEk","VL","BOlmoV","JJqbkp"|\n</data></write>
		<read echo="ascii"><delim> </delim><match><data>\x3E </data></match></read>
		<write echo="ascii"><data>ngeM0It = |"kUrIjmM","INkt","lr4","WQtQ"|^|"rO0U","INkt","jQ1"|\n</data></write>
		<read echo="ascii"><delim> </delim><match><data>\x3E </data></match></read>
		<write echo="ascii"><data>1VoTG3f = YgWJQ ^ UzK6hQ\n</data></write>
		<read echo="ascii"><delim> </delim><match><data>\x3E </data></match></read>
		<write echo="ascii"><data>.p\n</data></write>
<read echo="ascii"><delim>\n</delim><match><data>6DnRcV = |"Q","IIcKse","UqwU","pQy7","Z2jt9dg","sJzO"|\n</data></match></read>
<read echo="ascii"><delim>\n</delim><match><data>57cj9b6 = ||\n</data></match></read>
<read echo="ascii"><delim>\n</delim><match><data>eyCuqZU = ||\n</data></match></read>
<read echo="ascii"><delim>\n</delim><match><data>DGnf1 = |"39","HApdTO","SB3","nK9Krd","QzWv2JJ","Gl","8T5","yh","sMZE20g","9VgV00"|\n</data></match></read>
<read echo="ascii"><delim>\n</delim><match><data>GqA6QI = |"9VgV00","QzWv2JJ","8T5","39","yh","SB3","HApdTO","nK9Krd"|\n</data></match></read>
<read echo="ascii"><delim>\n</delim><match><data>W5esmj = |"Q","IIcKse","UqwU","pQy7","Z2jt9dg","sJzO"|\n</data></match></read>
<read echo="ascii"><delim>\n</delim><match><data>UzK6hQ = ||\n</data></match></read>
<read echo="ascii"><delim>\n</delim><match><data>YgWJQ = |"k1n9","UT2hAo","CMAy","DrPM"|\n</data></match></read>
<read echo="ascii"><delim>\n</delim><match><data>DrcgtTj = |"JJqbkp"|\n</data></match></read>
<read echo="ascii"><delim>\n</delim><match><data>ngeM0It = |"INkt"|\n</data></match></read>
<read echo="ascii"><delim>\n</delim><match><data>1VoTG3f = ||\n</data></match></read>
		<read echo="ascii"><delim> </delim><match><data>\x3E </data></match></read>
		<write echo="ascii"><data>.l\n</data></write>
	</replay>
</pov>
