<?xml version="1.0" standalone="no" ?>
<!DOCTYPE pov SYSTEM "/usr/share/cgc-docs/replay.dtd"><pov>
	<cbid>CROMU_00011</cbid>
	<replay>
		<read echo="ascii"><delim> </delim><match><data>\x3E </data></match></read>
		<write echo="ascii"><data>3TphhV4 = |"qsqFOG","HGPu9dY","IG","FaPo3V","ydFrwJA","vtb0o4"|+|"TODKGAt","KvViE","qsqFOG"|\n</data></write>
		<read echo="ascii"><delim> </delim><match><data>\x3E </data></match></read>
		<write echo="ascii"><data>FckT1 = 3TphhV4 ^ 3TphhV4\n</data></write>
		<read echo="ascii"><delim> </delim><match><data>\x3E </data></match></read>
		<write echo="ascii"><data>6iSjW = |"oVBYey","yjZXT","y","OSQKjR","Hn","R"|~|"oVBYey","uc","4dOSx","Hn"|\n</data></write>
		<read echo="ascii"><delim> </delim><match><data>\x3E </data></match></read>
		<write echo="ascii"><data>lnxrBM3 = |"p4NZ","6","pwi","Ct"|+|"2ZWdjo","p4NZ"|\n</data></write>
		<read echo="ascii"><delim> </delim><match><data>\x3E </data></match></read>
		<write echo="ascii"><data>aBEBe = 6iSjW ~ 3TphhV4\n</data></write>
		<read echo="ascii"><delim> </delim><match><data>\x3E </data></match></read>
		<write echo="ascii"><data>jmxgc = |"V8mEj6Y","r","i3ax","bKLRR","h7eY3f","9a","urUIzUb"|-|"vO","J35gX","bbVvV","yBou6q"|\n</data></write>
		<read echo="ascii"><delim> </delim><match><data>\x3E </data></match></read>
		<write echo="ascii"><data>dh29Xh = |"KHGP","iVDy8zd","rJI3pY9","rX2","oDK","bsLJ7s","9eP"|\n</data></write>
		<read echo="ascii"><delim> </delim><match><data>\x3E </data></match></read>
		<write echo="ascii"><data>skbK5 = |"oDK","rJI3pY9","9eP","rX2","iVDy8zd","bsLJ7s","VgHshMPGwI"|\n</data></write>
		<read echo="ascii"><delim> </delim><match><data>\x3E </data></match></read>
		<write echo="ascii"><data>skbK5@dh29Xh\n</data></write>
		<read echo="ascii"><delim>\n</delim><match><data>FALSE\n</data></match></read>
		<read echo="ascii"><delim> </delim><match><data>\x3E </data></match></read>
		<write echo="ascii"><data>5GqAz = |"n610","ImukF","13tw","RvLIy","0c","28j2Om9","S3"|^|"X1xXPu","rvr","MAi","FI","1Aa68","n610","k91Gj"|\n</data></write>
		<read echo="ascii"><delim> </delim><match><data>\x3E </data></match></read>
		<write echo="ascii"><data>ht06yy3 = |"ajDBeJ","41wn7wA","dm"|+|"zU2HZ"|\n</data></write>
		<read echo="ascii"><delim> </delim><match><data>\x3E </data></match></read>
		<write echo="ascii"><data>CUmbg0 = |"u8Sr0","umY","4XYUMZj","fuIl8","kQUXf","Y83uS9W","eG"|^|"kQUXf","eG","fuIl8","YaQYi","nR1Pb"|\n</data></write>
		<read echo="ascii"><delim> </delim><match><data>\x3E </data></match></read>
		<write echo="ascii"><data>.p\n</data></write>
<read echo="ascii"><delim>\n</delim><match><data>3TphhV4 = |"qsqFOG","HGPu9dY","IG","FaPo3V","ydFrwJA","vtb0o4","TODKGAt","KvViE"|\n</data></match></read>
<read echo="ascii"><delim>\n</delim><match><data>FckT1 = |"qsqFOG","HGPu9dY","IG","FaPo3V","ydFrwJA","vtb0o4","TODKGAt","KvViE"|\n</data></match></read>
<read echo="ascii"><delim>\n</delim><match><data>6iSjW = |"yjZXT","y","OSQKjR","R","uc","4dOSx"|\n</data></match></read>
<read echo="ascii"><delim>\n</delim><match><data>lnxrBM3 = |"p4NZ","6","pwi","Ct","2ZWdjo"|\n</data></match></read>
<read echo="ascii"><delim>\n</delim><match><data>aBEBe = |"yjZXT","y","OSQKjR","R","uc","4dOSx","qsqFOG","HGPu9dY","IG","FaPo3V","ydFrwJA","vtb0o4","TODKGAt","KvViE"|\n</data></match></read>
<read echo="ascii"><delim>\n</delim><match><data>jmxgc = |"V8mEj6Y","r","i3ax","bKLRR","h7eY3f","9a","urUIzUb"|\n</data></match></read>
<read echo="ascii"><delim>\n</delim><match><data>dh29Xh = |"KHGP","iVDy8zd","rJI3pY9","rX2","oDK","bsLJ7s","9eP"|\n</data></match></read>
<read echo="ascii"><delim>\n</delim><match><data>skbK5 = |"oDK","rJI3pY9","9eP","rX2","iVDy8zd","bsLJ7s","VgHshMPGwI"|\n</data></match></read>
<read echo="ascii"><delim>\n</delim><match><data>5GqAz = |"n610"|\n</data></match></read>
<read echo="ascii"><delim>\n</delim><match><data>ht06yy3 = |"ajDBeJ","41wn7wA","dm","zU2HZ"|\n</data></match></read>
<read echo="ascii"><delim>\n</delim><match><data>CUmbg0 = |"fuIl8","kQUXf","eG"|\n</data></match></read>
		<read echo="ascii"><delim> </delim><match><data>\x3E </data></match></read>
		<write echo="ascii"><data>.l\n</data></write>
	</replay>
</pov>
