<?xml version="1.0" standalone="no" ?>
<!DOCTYPE pov SYSTEM "/usr/share/cgc-docs/replay.dtd"><pov>
	<cbid>CROMU_00011</cbid>
	<replay>
		<read echo="ascii"><delim> </delim><match><data>\x3E </data></match></read>
		<write echo="ascii"><data>yhXzd = |"1FDs","QG","i","V","iQ"|-|"1FDs","V","1o","iQ"|\n</data></write>
		<read echo="ascii"><delim> </delim><match><data>\x3E </data></match></read>
		<write echo="ascii"><data>qbGGtKP = yhXzd ~ yhXzd\n</data></write>
		<read echo="ascii"><delim> </delim><match><data>\x3E </data></match></read>
		<write echo="ascii"><data>YvePXM2 = |"Rt","imeI","FWn","ZM","Ad","WVO2q","sbBP"|^|"Ih4hR","T6Rlf4","SEP","O2E","Jg8S","iAN"|\n</data></write>
		<read echo="ascii"><delim> </delim><match><data>\x3E </data></match></read>
		<write echo="ascii"><data>ecHx0 = |"T8RY","AHW2b","Wp","Dy","b1FwyC","mo"|~|"Ktd","0iYbFQP","T8RY","1O92N1","ylxEHxJ"|\n</data></write>
		<read echo="ascii"><delim> </delim><match><data>\x3E </data></match></read>
		<write echo="ascii"><data>ciJ5Dfw = YvePXM2 + ecHx0\n</data></write>
		<read echo="ascii"><delim> </delim><match><data>\x3E </data></match></read>
		<write echo="ascii"><data>JmntvnP = yhXzd ^ yhXzd\n</data></write>
		<read echo="ascii"><delim> </delim><match><data>\x3E </data></match></read>
		<write echo="ascii"><data>Md6x4eh = |"85NQTo","zJ","T5SeA5","tanGRS","D99","swA0Uz"|+|"iSK","T5SeA5","mMS4Ih","ID"|\n</data></write>
		<read echo="ascii"><delim> </delim><match><data>\x3E </data></match></read>
		<write echo="ascii"><data>8mVyaCr = YvePXM2 + qbGGtKP\n</data></write>
		<read echo="ascii"><delim> </delim><match><data>\x3E </data></match></read>
		<write echo="ascii"><data>M2VcQP8 = |"t6Ji"|^|"FB3ZO","GmcKX"|\n</data></write>
		<read echo="ascii"><delim> </delim><match><data>\x3E </data></match></read>
		<write echo="ascii"><data>.p\n</data></write>
<read echo="ascii"><delim>\n</delim><match><data>yhXzd = |"QG","i"|\n</data></match></read>
<read echo="ascii"><delim>\n</delim><match><data>qbGGtKP = ||\n</data></match></read>
<read echo="ascii"><delim>\n</delim><match><data>YvePXM2 = ||\n</data></match></read>
<read echo="ascii"><delim>\n</delim><match><data>ecHx0 = |"AHW2b","Wp","Dy","b1FwyC","mo","Ktd","0iYbFQP","1O92N1","ylxEHxJ"|\n</data></match></read>
<read echo="ascii"><delim>\n</delim><match><data>ciJ5Dfw = |"AHW2b","Wp","Dy","b1FwyC","mo","Ktd","0iYbFQP","1O92N1","ylxEHxJ"|\n</data></match></read>
<read echo="ascii"><delim>\n</delim><match><data>JmntvnP = |"QG","i"|\n</data></match></read>
<read echo="ascii"><delim>\n</delim><match><data>Md6x4eh = |"85NQTo","zJ","T5SeA5","tanGRS","D99","swA0Uz","iSK","mMS4Ih","ID"|\n</data></match></read>
<read echo="ascii"><delim>\n</delim><match><data>8mVyaCr = ||\n</data></match></read>
<read echo="ascii"><delim>\n</delim><match><data>M2VcQP8 = ||\n</data></match></read>
		<read echo="ascii"><delim> </delim><match><data>\x3E </data></match></read>
		<write echo="ascii"><data>.l\n</data></write>
	</replay>
</pov>
