<?xml version="1.0" standalone="no" ?>
<!DOCTYPE pov SYSTEM "/usr/share/cgc-docs/replay.dtd"><pov>
	<cbid>CROMU_00011</cbid>
	<replay>
		<read echo="ascii"><delim> </delim><match><data>\x3E </data></match></read>
		<write echo="ascii"><data>rluCPVB = |"96TsO","ZyJf5OR","K","Y0i7","uy5Kzu"|+|"T0gQ","qA","aXFbJz","D","owar01S","ZyJf5OR"|\n</data></write>
		<read echo="ascii"><delim> </delim><match><data>\x3E </data></match></read>
		<write echo="ascii"><data>iWgBvr = rluCPVB + rluCPVB\n</data></write>
		<read echo="ascii"><delim> </delim><match><data>\x3E </data></match></read>
		<write echo="ascii"><data>gyuZX = |"1fcaA8B","tcK4v1","xfk","uX","XNlb","Frnvm","uZ","egN","yM"|\n</data></write>
		<read echo="ascii"><delim> </delim><match><data>\x3E </data></match></read>
		<write echo="ascii"><data>85vQmz = |"xfk"|\n</data></write>
		<read echo="ascii"><delim> </delim><match><data>\x3E </data></match></read>
		<write echo="ascii"><data>85vQmz@gyuZX\n</data></write>
		<read echo="ascii"><delim>\n</delim><match><data>TRUE\n</data></match></read>
		<read echo="ascii"><delim> </delim><match><data>\x3E </data></match></read>
		<write echo="ascii"><data>ctrllY = |"lBu","1AE","m22o96f","Cd1","KaTO13A","1FJX","el5ddL"|\n</data></write>
		<read echo="ascii"><delim> </delim><match><data>\x3E </data></match></read>
		<write echo="ascii"><data>mgcp7 = |"el5ddL"|\n</data></write>
		<read echo="ascii"><delim> </delim><match><data>\x3E </data></match></read>
		<write echo="ascii"><data>mgcp7@ctrllY\n</data></write>
		<read echo="ascii"><delim>\n</delim><match><data>TRUE\n</data></match></read>
		<read echo="ascii"><delim> </delim><match><data>\x3E </data></match></read>
		<write echo="ascii"><data>54ROxb = |"lN","TrSlEF","zkx"|~|"nUq2Q","LxmrbU","mULTr","NNpOS5","Qf4"|\n</data></write>
		<read echo="ascii"><delim> </delim><match><data>\x3E </data></match></read>
		<write echo="ascii"><data>lzv8ngkYUW = 54ROxb ^ iWgBvr\n</data></write>
		<read echo="ascii"><delim> </delim><match><data>\x3E </data></match></read>
		<write echo="ascii"><data>noHBj = |"mBSAq","K8ssZJR","Y8W9tWs"|~|"DhkSsP6","z4"|\n</data></write>
		<read echo="ascii"><delim> </delim><match><data>\x3E </data></match></read>
		<write echo="ascii"><data>Smxc8q = |"kDIer","3PmlPOL","CS","wM9","4P"|^|"3PmlPOL"|\n</data></write>
		<read echo="ascii"><delim> </delim><match><data>\x3E </data></match></read>
		<write echo="ascii"><data>oOPtA = iWgBvr - Smxc8q\n</data></write>
		<read echo="ascii"><delim> </delim><match><data>\x3E </data></match></read>
		<write echo="ascii"><data>nfwxtJGWPK = 85vQmz ^ gyuZX\n</data></write>
		<read echo="ascii"><delim> </delim><match><data>\x3E </data></match></read>
		<write echo="ascii"><data>.p\n</data></write>
<read echo="ascii"><delim>\n</delim><match><data>rluCPVB = |"96TsO","ZyJf5OR","K","Y0i7","uy5Kzu","T0gQ","qA","aXFbJz","D","owar01S"|\n</data></match></read>
<read echo="ascii"><delim>\n</delim><match><data>iWgBvr = |"96TsO","ZyJf5OR","K","Y0i7","uy5Kzu","T0gQ","qA","aXFbJz","D","owar01S"|\n</data></match></read>
<read echo="ascii"><delim>\n</delim><match><data>gyuZX = |"1fcaA8B","tcK4v1","xfk","uX","XNlb","Frnvm","uZ","egN","yM"|\n</data></match></read>
<read echo="ascii"><delim>\n</delim><match><data>85vQmz = |"xfk"|\n</data></match></read>
<read echo="ascii"><delim>\n</delim><match><data>ctrllY = |"lBu","1AE","m22o96f","Cd1","KaTO13A","1FJX","el5ddL"|\n</data></match></read>
<read echo="ascii"><delim>\n</delim><match><data>mgcp7 = |"el5ddL"|\n</data></match></read>
<read echo="ascii"><delim>\n</delim><match><data>54ROxb = |"lN","TrSlEF","zkx","nUq2Q","LxmrbU","mULTr","NNpOS5","Qf4"|\n</data></match></read>
<read echo="ascii"><delim>\n</delim><match><data>lzv8ngkYUW = ||\n</data></match></read>
<read echo="ascii"><delim>\n</delim><match><data>noHBj = |"mBSAq","K8ssZJR","Y8W9tWs","DhkSsP6","z4"|\n</data></match></read>
<read echo="ascii"><delim>\n</delim><match><data>Smxc8q = |"3PmlPOL"|\n</data></match></read>
<read echo="ascii"><delim>\n</delim><match><data>oOPtA = |"96TsO","ZyJf5OR","K","Y0i7","uy5Kzu","T0gQ","qA","aXFbJz","D","owar01S"|\n</data></match></read>
<read echo="ascii"><delim>\n</delim><match><data>nfwxtJGWPK = |"xfk"|\n</data></match></read>
		<read echo="ascii"><delim> </delim><match><data>\x3E </data></match></read>
		<write echo="ascii"><data>.l\n</data></write>
	</replay>
</pov>
