<?xml version="1.0" standalone="no" ?>
<!DOCTYPE pov SYSTEM "/usr/share/cgc-docs/replay.dtd"><pov>
	<cbid>CROMU_00011</cbid>
	<replay>
		<read echo="ascii"><delim> </delim><match><data>\x3E </data></match></read>
		<write echo="ascii"><data>4cHuu6 = |"xvwYbm","LBv","A7hM8w","ge","fkRh6","N09Sul"|^|"BORUD","Wdv"|\n</data></write>
		<read echo="ascii"><delim> </delim><match><data>\x3E </data></match></read>
		<write echo="ascii"><data>BfEfio = 4cHuu6 + 4cHuu6\n</data></write>
		<read echo="ascii"><delim> </delim><match><data>\x3E </data></match></read>
		<write echo="ascii"><data>hvpOEPe = 4cHuu6 ^ BfEfio\n</data></write>
		<read echo="ascii"><delim> </delim><match><data>\x3E </data></match></read>
		<write echo="ascii"><data>TyRgn = |"kzczrAg","HL","0ztP1w","Uq02","T5"|-|"U","3OsoG8","2","5A","kzczrAg","HL","dPDK"|\n</data></write>
		<read echo="ascii"><delim> </delim><match><data>\x3E </data></match></read>
		<write echo="ascii"><data>ld8KQ = hvpOEPe ~ hvpOEPe\n</data></write>
		<read echo="ascii"><delim> </delim><match><data>\x3E </data></match></read>
		<write echo="ascii"><data>EWlGq = BfEfio ^ BfEfio\n</data></write>
		<read echo="ascii"><delim> </delim><match><data>\x3E </data></match></read>
		<write echo="ascii"><data>m0LSzZA = |"ArSGlCf","bcwWBUj","MKJVtI","nqlx5nZ","4jEKi6","FK"|-|"Pe7Fxf4","h2xwl","ic","4jEKi6","Zvc","nqlx5nZ","J1pHtp"|\n</data></write>
		<read echo="ascii"><delim> </delim><match><data>\x3E </data></match></read>
		<write echo="ascii"><data>CisNFd = ld8KQ - 4cHuu6\n</data></write>
		<read echo="ascii"><delim> </delim><match><data>\x3E </data></match></read>
		<write echo="ascii"><data>dG8vJz = |"AyI","y"|~|"jD"|\n</data></write>
		<read echo="ascii"><delim> </delim><match><data>\x3E </data></match></read>
		<write echo="ascii"><data>HrImDwv = |"jU0g","Z9zCsb","iuA","ga8","FJsH","c19HO","eeb8ok","jd3wr1U","VP"|\n</data></write>
		<read echo="ascii"><delim> </delim><match><data>\x3E </data></match></read>
		<write echo="ascii"><data>n9BhXoU = |"ga8","Z9zCsb","FJsH"|\n</data></write>
		<read echo="ascii"><delim> </delim><match><data>\x3E </data></match></read>
		<write echo="ascii"><data>n9BhXoU@HrImDwv\n</data></write>
		<read echo="ascii"><delim>\n</delim><match><data>TRUE\n</data></match></read>
		<read echo="ascii"><delim> </delim><match><data>\x3E </data></match></read>
		<write echo="ascii"><data>ztUzk2F45J = BfEfio ^ m0LSzZA\n</data></write>
		<read echo="ascii"><delim> </delim><match><data>\x3E </data></match></read>
		<write echo="ascii"><data>7Ag3k55 = |"5","q00X","2d","EG","7szjV"|~|"EQQvrX","YVINO","2d","hlbNyuo","m0dGwJ","cn7bCz","Ti"|\n</data></write>
		<read echo="ascii"><delim> </delim><match><data>\x3E </data></match></read>
		<write echo="ascii"><data>DhrViO = |"u5h","oOchu","6LnYFy","H8lYrn","CP7OPEY","3K3PDZ"|+|"YQsA","I","B","jKoJYS","VSh","6LnYFy"|\n</data></write>
		<read echo="ascii"><delim> </delim><match><data>\x3E </data></match></read>
		<write echo="ascii"><data>.p\n</data></write>
<read echo="ascii"><delim>\n</delim><match><data>4cHuu6 = ||\n</data></match></read>
<read echo="ascii"><delim>\n</delim><match><data>BfEfio = ||\n</data></match></read>
<read echo="ascii"><delim>\n</delim><match><data>hvpOEPe = ||\n</data></match></read>
<read echo="ascii"><delim>\n</delim><match><data>TyRgn = |"0ztP1w","Uq02","T5"|\n</data></match></read>
<read echo="ascii"><delim>\n</delim><match><data>ld8KQ = ||\n</data></match></read>
<read echo="ascii"><delim>\n</delim><match><data>EWlGq = ||\n</data></match></read>
<read echo="ascii"><delim>\n</delim><match><data>m0LSzZA = |"ArSGlCf","bcwWBUj","MKJVtI","FK"|\n</data></match></read>
<read echo="ascii"><delim>\n</delim><match><data>CisNFd = ||\n</data></match></read>
<read echo="ascii"><delim>\n</delim><match><data>dG8vJz = |"AyI","y","jD"|\n</data></match></read>
<read echo="ascii"><delim>\n</delim><match><data>HrImDwv = |"jU0g","Z9zCsb","iuA","ga8","FJsH","c19HO","eeb8ok","jd3wr1U","VP"|\n</data></match></read>
<read echo="ascii"><delim>\n</delim><match><data>n9BhXoU = |"ga8","Z9zCsb","FJsH"|\n</data></match></read>
<read echo="ascii"><delim>\n</delim><match><data>ztUzk2F45J = ||\n</data></match></read>
<read echo="ascii"><delim>\n</delim><match><data>7Ag3k55 = |"5","q00X","EG","7szjV","EQQvrX","YVINO","hlbNyuo","m0dGwJ","cn7bCz","Ti"|\n</data></match></read>
<read echo="ascii"><delim>\n</delim><match><data>DhrViO = |"u5h","oOchu","6LnYFy","H8lYrn","CP7OPEY","3K3PDZ","YQsA","I","B","jKoJYS","VSh"|\n</data></match></read>
		<read echo="ascii"><delim> </delim><match><data>\x3E </data></match></read>
		<write echo="ascii"><data>.l\n</data></write>
	</replay>
</pov>
