<?xml version="1.0" standalone="no" ?>
<!DOCTYPE pov SYSTEM "/usr/share/cgc-docs/replay.dtd"><pov>
	<cbid>CROMU_00011</cbid>
	<replay>
		<read echo="ascii"><delim> </delim><match><data>\x3E </data></match></read>
		<write echo="ascii"><data>c6crb = |"iG8rlD9","Tb","5"|~|"G","Tb","O"|\n</data></write>
		<read echo="ascii"><delim> </delim><match><data>\x3E </data></match></read>
		<write echo="ascii"><data>pOl6Ay = c6crb - c6crb\n</data></write>
		<read echo="ascii"><delim> </delim><match><data>\x3E </data></match></read>
		<write echo="ascii"><data>phYlzRr = c6crb ^ pOl6Ay\n</data></write>
		<read echo="ascii"><delim> </delim><match><data>\x3E </data></match></read>
		<write echo="ascii"><data>tzZGb = c6crb + phYlzRr\n</data></write>
		<read echo="ascii"><delim> </delim><match><data>\x3E </data></match></read>
		<write echo="ascii"><data>zMMry8 = |"U0vO6","jTsC","gbcyD","mEby1","zeFOy","pp","0KDwW","fnsY","N0G"|\n</data></write>
		<read echo="ascii"><delim> </delim><match><data>\x3E </data></match></read>
		<write echo="ascii"><data>5a0ATr6 = |"jTsC","fnsY","U0vO6","gbcyD","mEby1","u6MKUTd8KM"|\n</data></write>
		<read echo="ascii"><delim> </delim><match><data>\x3E </data></match></read>
		<write echo="ascii"><data>5a0ATr6@zMMry8\n</data></write>
		<read echo="ascii"><delim>\n</delim><match><data>FALSE\n</data></match></read>
		<read echo="ascii"><delim> </delim><match><data>\x3E </data></match></read>
		<write echo="ascii"><data>KvHuQDd = |"Ix","g6D","XHA"|-|"7Vg","LexC","Q"|\n</data></write>
		<read echo="ascii"><delim> </delim><match><data>\x3E </data></match></read>
		<write echo="ascii"><data>PxNRGL = |"CyMbB","kFG0fj","Oc5m","qpK","euw"|^|"Oc5m","xiieUIn","UusAx","RhK"|\n</data></write>
		<read echo="ascii"><delim> </delim><match><data>\x3E </data></match></read>
		<write echo="ascii"><data>tAfAShl = PxNRGL + pOl6Ay\n</data></write>
		<read echo="ascii"><delim> </delim><match><data>\x3E </data></match></read>
		<write echo="ascii"><data>qG1uG = |"QmGR","7J","o0pQ","L3SmTD","Uyxb","voFeH"|^|"Ucg","02hkn","aUas","cKzxJu","LQ7q"|\n</data></write>
		<read echo="ascii"><delim> </delim><match><data>\x3E </data></match></read>
		<write echo="ascii"><data>vlcNQz6 = zMMry8 ^ qG1uG\n</data></write>
		<read echo="ascii"><delim> </delim><match><data>\x3E </data></match></read>
		<write echo="ascii"><data>U78BeDL = c6crb + KvHuQDd\n</data></write>
		<read echo="ascii"><delim> </delim><match><data>\x3E </data></match></read>
		<write echo="ascii"><data>7PiCCkY = |"zHU"|^|"gLuyFL","now","COxj0U","dusJ","MINeMtR","OUqk"|\n</data></write>
		<read echo="ascii"><delim> </delim><match><data>\x3E </data></match></read>
		<write echo="ascii"><data>.p\n</data></write>
<read echo="ascii"><delim>\n</delim><match><data>c6crb = |"iG8rlD9","5","G","O"|\n</data></match></read>
<read echo="ascii"><delim>\n</delim><match><data>pOl6Ay = ||\n</data></match></read>
<read echo="ascii"><delim>\n</delim><match><data>phYlzRr = ||\n</data></match></read>
<read echo="ascii"><delim>\n</delim><match><data>tzZGb = |"iG8rlD9","5","G","O"|\n</data></match></read>
<read echo="ascii"><delim>\n</delim><match><data>zMMry8 = |"U0vO6","jTsC","gbcyD","mEby1","zeFOy","pp","0KDwW","fnsY","N0G"|\n</data></match></read>
<read echo="ascii"><delim>\n</delim><match><data>5a0ATr6 = |"jTsC","fnsY","U0vO6","gbcyD","mEby1","u6MKUTd8KM"|\n</data></match></read>
<read echo="ascii"><delim>\n</delim><match><data>KvHuQDd = |"Ix","g6D","XHA"|\n</data></match></read>
<read echo="ascii"><delim>\n</delim><match><data>PxNRGL = |"Oc5m"|\n</data></match></read>
<read echo="ascii"><delim>\n</delim><match><data>tAfAShl = |"Oc5m"|\n</data></match></read>
<read echo="ascii"><delim>\n</delim><match><data>qG1uG = ||\n</data></match></read>
<read echo="ascii"><delim>\n</delim><match><data>vlcNQz6 = ||\n</data></match></read>
<read echo="ascii"><delim>\n</delim><match><data>U78BeDL = |"iG8rlD9","5","G","O","Ix","g6D","XHA"|\n</data></match></read>
<read echo="ascii"><delim>\n</delim><match><data>7PiCCkY = ||\n</data></match></read>
		<read echo="ascii"><delim> </delim><match><data>\x3E </data></match></read>
		<write echo="ascii"><data>.l\n</data></write>
	</replay>
</pov>
