<?xml version="1.0" standalone="no" ?>
<!DOCTYPE pov SYSTEM "/usr/share/cgc-docs/replay.dtd"><pov>
	<cbid>CROMU_00011</cbid>
	<replay>
		<read echo="ascii"><delim> </delim><match><data>\x3E </data></match></read>
		<write echo="ascii"><data>FuiDNp = |"2","1","Hl","D8eO","tiGrK3","PFc5II"|~|"1vrR4","Frf","tGEp3","uX","ByReIa"|\n</data></write>
		<read echo="ascii"><delim> </delim><match><data>\x3E </data></match></read>
		<write echo="ascii"><data>kqgXh = |"tAzSA","Nfcle","Gcjb7","RR4"|~|"tAzSA","EXLAxl","l0WZ4","2x9"|\n</data></write>
		<read echo="ascii"><delim> </delim><match><data>\x3E </data></match></read>
		<write echo="ascii"><data>nAn1Ec = |"2KymFZ","GcU","d0qB"|+|"2KymFZ"|\n</data></write>
		<read echo="ascii"><delim> </delim><match><data>\x3E </data></match></read>
		<write echo="ascii"><data>uGMtOt6 = |"DIvFN","CUVGWjq","HV0d","HpTAF"|^|"sgMT","Hyu4g","YfeG"|\n</data></write>
		<read echo="ascii"><delim> </delim><match><data>\x3E </data></match></read>
		<write echo="ascii"><data>a9xraVK = |"OTL","ac50H","BIz1","Ocmia"|+|"fm","t","3h","OTL","u","vRIp2D"|\n</data></write>
		<read echo="ascii"><delim> </delim><match><data>\x3E </data></match></read>
		<write echo="ascii"><data>61VZd = |"NmD","zVfcd6","221IBe","5o","37nv"|^|"5bawYU","NmD","5o","zVfcd6","SRVoWb","QOdCFVd","nG2k"|\n</data></write>
		<read echo="ascii"><delim> </delim><match><data>\x3E </data></match></read>
		<write echo="ascii"><data>ivztK = 61VZd - nAn1Ec\n</data></write>
		<read echo="ascii"><delim> </delim><match><data>\x3E </data></match></read>
		<write echo="ascii"><data>kxNn0V7 = ivztK - a9xraVK\n</data></write>
		<read echo="ascii"><delim> </delim><match><data>\x3E </data></match></read>
		<write echo="ascii"><data>KXSE43A = |"yUQJeT","8JbC","bbuEzR","TA","axy","1OEXxcK"|\n</data></write>
		<read echo="ascii"><delim> </delim><match><data>\x3E </data></match></read>
		<write echo="ascii"><data>QstnM = |"axy","yUQJeT","TA"|\n</data></write>
		<read echo="ascii"><delim> </delim><match><data>\x3E </data></match></read>
		<write echo="ascii"><data>QstnM@KXSE43A\n</data></write>
		<read echo="ascii"><delim>\n</delim><match><data>TRUE\n</data></match></read>
		<read echo="ascii"><delim> </delim><match><data>\x3E </data></match></read>
		<write echo="ascii"><data>.p\n</data></write>
<read echo="ascii"><delim>\n</delim><match><data>FuiDNp = |"2","1","Hl","D8eO","tiGrK3","PFc5II","1vrR4","Frf","tGEp3","uX","ByReIa"|\n</data></match></read>
<read echo="ascii"><delim>\n</delim><match><data>kqgXh = |"Nfcle","Gcjb7","RR4","EXLAxl","l0WZ4","2x9"|\n</data></match></read>
<read echo="ascii"><delim>\n</delim><match><data>nAn1Ec = |"2KymFZ","GcU","d0qB"|\n</data></match></read>
<read echo="ascii"><delim>\n</delim><match><data>uGMtOt6 = ||\n</data></match></read>
<read echo="ascii"><delim>\n</delim><match><data>a9xraVK = |"OTL","ac50H","BIz1","Ocmia","fm","t","3h","u","vRIp2D"|\n</data></match></read>
<read echo="ascii"><delim>\n</delim><match><data>61VZd = |"NmD","zVfcd6","5o"|\n</data></match></read>
<read echo="ascii"><delim>\n</delim><match><data>ivztK = |"NmD","zVfcd6","5o"|\n</data></match></read>
<read echo="ascii"><delim>\n</delim><match><data>kxNn0V7 = |"NmD","zVfcd6","5o"|\n</data></match></read>
<read echo="ascii"><delim>\n</delim><match><data>KXSE43A = |"yUQJeT","8JbC","bbuEzR","TA","axy","1OEXxcK"|\n</data></match></read>
<read echo="ascii"><delim>\n</delim><match><data>QstnM = |"axy","yUQJeT","TA"|\n</data></match></read>
		<read echo="ascii"><delim> </delim><match><data>\x3E </data></match></read>
		<write echo="ascii"><data>.l\n</data></write>
	</replay>
</pov>
