<?xml version="1.0" standalone="no" ?>
<!DOCTYPE pov SYSTEM "/usr/share/cgc-docs/replay.dtd"><pov>
	<cbid>CROMU_00011</cbid>
	<replay>
		<read echo="ascii"><delim> </delim><match><data>\x3E </data></match></read>
		<write echo="ascii"><data>crercLS = |"HpxZ","Q2gJ"|^|"HpxZ","at8i","St","lrvfU0"|\n</data></write>
		<read echo="ascii"><delim> </delim><match><data>\x3E </data></match></read>
		<write echo="ascii"><data>QUTLZv = crercLS - crercLS\n</data></write>
		<read echo="ascii"><delim> </delim><match><data>\x3E </data></match></read>
		<write echo="ascii"><data>6boJyM1L = crercLS ^ crercLS\n</data></write>
		<read echo="ascii"><delim> </delim><match><data>\x3E </data></match></read>
		<write echo="ascii"><data>aslmXc = crercLS - crercLS\n</data></write>
		<read echo="ascii"><delim> </delim><match><data>\x3E </data></match></read>
		<write echo="ascii"><data>6DZMS = |"LK2iTBI","wktoi8"|^|"SIh25","8t","xWYORz","UDL0","orC8Np","Tkm"|\n</data></write>
		<read echo="ascii"><delim> </delim><match><data>\x3E </data></match></read>
		<write echo="ascii"><data>2jofl6 = |"FX8p","DKrF"|+|"fq","1e","axj1S","1N","61ycn","2BZ"|\n</data></write>
		<read echo="ascii"><delim> </delim><match><data>\x3E </data></match></read>
		<write echo="ascii"><data>HRUVQHM = 2jofl6 - 6boJyM1L\n</data></write>
		<read echo="ascii"><delim> </delim><match><data>\x3E </data></match></read>
		<write echo="ascii"><data>sx61Kv = QUTLZv + 6DZMS\n</data></write>
		<read echo="ascii"><delim> </delim><match><data>\x3E </data></match></read>
		<write echo="ascii"><data>oE9W3V = |"EJ2b7","ezu9","87Zh"|^|"Qp06X","UOU","PXlmqm","MLU2TN","mYtqI","JRIa"|\n</data></write>
		<read echo="ascii"><delim> </delim><match><data>\x3E </data></match></read>
		<write echo="ascii"><data>DEAGi = |"5yijnod","TfJit6","DH5","XX0AYR","UH","xeRPnEg"|^|"XX0AYR","5yijnod","DH5","GityTaW","EXr","Me"|\n</data></write>
		<read echo="ascii"><delim> </delim><match><data>\x3E </data></match></read>
		<write echo="ascii"><data>DOQ18 = |"f","rn","s8GL7B0","oWaUm","NO","OH8JUr","IUYcNeo"|-|"f","VU7stmk","rRTw8","9Z","2"|\n</data></write>
		<read echo="ascii"><delim> </delim><match><data>\x3E </data></match></read>
		<write echo="ascii"><data>.p\n</data></write>
<read echo="ascii"><delim>\n</delim><match><data>crercLS = |"HpxZ"|\n</data></match></read>
<read echo="ascii"><delim>\n</delim><match><data>QUTLZv = ||\n</data></match></read>
<read echo="ascii"><delim>\n</delim><match><data>6boJyM1L = |"HpxZ"|\n</data></match></read>
<read echo="ascii"><delim>\n</delim><match><data>aslmXc = ||\n</data></match></read>
<read echo="ascii"><delim>\n</delim><match><data>6DZMS = ||\n</data></match></read>
<read echo="ascii"><delim>\n</delim><match><data>2jofl6 = |"FX8p","DKrF","fq","1e","axj1S","1N","61ycn","2BZ"|\n</data></match></read>
<read echo="ascii"><delim>\n</delim><match><data>HRUVQHM = |"FX8p","DKrF","fq","1e","axj1S","1N","61ycn","2BZ"|\n</data></match></read>
<read echo="ascii"><delim>\n</delim><match><data>sx61Kv = ||\n</data></match></read>
<read echo="ascii"><delim>\n</delim><match><data>oE9W3V = ||\n</data></match></read>
<read echo="ascii"><delim>\n</delim><match><data>DEAGi = |"5yijnod","DH5","XX0AYR"|\n</data></match></read>
<read echo="ascii"><delim>\n</delim><match><data>DOQ18 = |"rn","s8GL7B0","oWaUm","NO","OH8JUr","IUYcNeo"|\n</data></match></read>
		<read echo="ascii"><delim> </delim><match><data>\x3E </data></match></read>
		<write echo="ascii"><data>.l\n</data></write>
	</replay>
</pov>
