<?xml version="1.0" standalone="no" ?>
<!DOCTYPE pov SYSTEM "/usr/share/cgc-docs/replay.dtd"><pov>
	<cbid>CROMU_00011</cbid>
	<replay>
		<read echo="ascii"><delim> </delim><match><data>\x3E </data></match></read>
		<write echo="ascii"><data>BWoal95 = |"6rP","xssEOHr","Ut4UQ4","EN","rt1FiN5","5uWwXs","2O82Qk","mjFRd","8Rgt","vwRbSx"|\n</data></write>
		<read echo="ascii"><delim> </delim><match><data>\x3E </data></match></read>
		<write echo="ascii"><data>Zg2P9M = |"rt1FiN5","xssEOHr","8Rgt","mmErprr6Aj"|\n</data></write>
		<read echo="ascii"><delim> </delim><match><data>\x3E </data></match></read>
		<write echo="ascii"><data>Zg2P9M@BWoal95\n</data></write>
		<read echo="ascii"><delim>\n</delim><match><data>FALSE\n</data></match></read>
		<read echo="ascii"><delim> </delim><match><data>\x3E </data></match></read>
		<write echo="ascii"><data>RwiTdwJ = Zg2P9M - Zg2P9M\n</data></write>
		<read echo="ascii"><delim> </delim><match><data>\x3E </data></match></read>
		<write echo="ascii"><data>3qlswT = RwiTdwJ ^ Zg2P9M\n</data></write>
		<read echo="ascii"><delim> </delim><match><data>\x3E </data></match></read>
		<write echo="ascii"><data>IKbKe = RwiTdwJ ~ 3qlswT\n</data></write>
		<read echo="ascii"><delim> </delim><match><data>\x3E </data></match></read>
		<write echo="ascii"><data>HpUuORh6 = Zg2P9M ^ Zg2P9M\n</data></write>
		<read echo="ascii"><delim> </delim><match><data>\x3E </data></match></read>
		<write echo="ascii"><data>YtVrjW = 3qlswT - RwiTdwJ\n</data></write>
		<read echo="ascii"><delim> </delim><match><data>\x3E </data></match></read>
		<write echo="ascii"><data>qih8z = |"Du","IRanIUj","JZMvLA","LEZxK0x","bK","on","G138wV","cBM9Y","P8DJ","bC6RmYj"|\n</data></write>
		<read echo="ascii"><delim> </delim><match><data>\x3E </data></match></read>
		<write echo="ascii"><data>tzWH8T = |"IRanIUj"|\n</data></write>
		<read echo="ascii"><delim> </delim><match><data>\x3E </data></match></read>
		<write echo="ascii"><data>tzWH8T@qih8z\n</data></write>
		<read echo="ascii"><delim>\n</delim><match><data>TRUE\n</data></match></read>
		<read echo="ascii"><delim> </delim><match><data>\x3E </data></match></read>
		<write echo="ascii"><data>yLowBx = |"7Vg","QLh1","zUH","YRgef","9ACpx","HxEwg"|-|"8qy2DP","zUH","gW","bjAsB","z","qe4RI4q"|\n</data></write>
		<read echo="ascii"><delim> </delim><match><data>\x3E </data></match></read>
		<write echo="ascii"><data>f9ptM9 = |"oG8","EGHIo5M","Ljq","Cq9LH","6FIEu","K"|+|"K","EGHIo5M","kkmJH2","guvBgT","9UlYBF","GDH","Hp2X"|\n</data></write>
		<read echo="ascii"><delim> </delim><match><data>\x3E </data></match></read>
		<write echo="ascii"><data>kAtFE = |"lc","fEvd","vDT","MhSv","JaWn","rkGKR9","3uRS5","yLgwcSd","P4c","efyYmlj"|\n</data></write>
		<read echo="ascii"><delim> </delim><match><data>\x3E </data></match></read>
		<write echo="ascii"><data>5fp24W = |"P4c","MhSv","rkGKR9","JaWn","yLgwcSd","3uRS5","smZLmcfKCo"|\n</data></write>
		<read echo="ascii"><delim> </delim><match><data>\x3E </data></match></read>
		<write echo="ascii"><data>5fp24W@kAtFE\n</data></write>
		<read echo="ascii"><delim>\n</delim><match><data>FALSE\n</data></match></read>
		<read echo="ascii"><delim> </delim><match><data>\x3E </data></match></read>
		<write echo="ascii"><data>HC7AcjVUA = BWoal95 ^ Zg2P9M\n</data></write>
		<read echo="ascii"><delim> </delim><match><data>\x3E </data></match></read>
		<write echo="ascii"><data>.p\n</data></write>
<read echo="ascii"><delim>\n</delim><match><data>BWoal95 = |"6rP","xssEOHr","Ut4UQ4","EN","rt1FiN5","5uWwXs","2O82Qk","mjFRd","8Rgt","vwRbSx"|\n</data></match></read>
<read echo="ascii"><delim>\n</delim><match><data>Zg2P9M = |"rt1FiN5","xssEOHr","8Rgt","mmErprr6Aj"|\n</data></match></read>
<read echo="ascii"><delim>\n</delim><match><data>RwiTdwJ = ||\n</data></match></read>
<read echo="ascii"><delim>\n</delim><match><data>3qlswT = ||\n</data></match></read>
<read echo="ascii"><delim>\n</delim><match><data>IKbKe = ||\n</data></match></read>
<read echo="ascii"><delim>\n</delim><match><data>HpUuORh6 = |"rt1FiN5","xssEOHr","8Rgt","mmErprr6Aj"|\n</data></match></read>
<read echo="ascii"><delim>\n</delim><match><data>YtVrjW = ||\n</data></match></read>
<read echo="ascii"><delim>\n</delim><match><data>qih8z = |"Du","IRanIUj","JZMvLA","LEZxK0x","bK","on","G138wV","cBM9Y","P8DJ","bC6RmYj"|\n</data></match></read>
<read echo="ascii"><delim>\n</delim><match><data>tzWH8T = |"IRanIUj"|\n</data></match></read>
<read echo="ascii"><delim>\n</delim><match><data>yLowBx = |"7Vg","QLh1","YRgef","9ACpx","HxEwg"|\n</data></match></read>
<read echo="ascii"><delim>\n</delim><match><data>f9ptM9 = |"oG8","EGHIo5M","Ljq","Cq9LH","6FIEu","K","kkmJH2","guvBgT","9UlYBF","GDH","Hp2X"|\n</data></match></read>
<read echo="ascii"><delim>\n</delim><match><data>kAtFE = |"lc","fEvd","vDT","MhSv","JaWn","rkGKR9","3uRS5","yLgwcSd","P4c","efyYmlj"|\n</data></match></read>
<read echo="ascii"><delim>\n</delim><match><data>5fp24W = |"P4c","MhSv","rkGKR9","JaWn","yLgwcSd","3uRS5","smZLmcfKCo"|\n</data></match></read>
<read echo="ascii"><delim>\n</delim><match><data>HC7AcjVUA = |"xssEOHr","rt1FiN5","8Rgt"|\n</data></match></read>
		<read echo="ascii"><delim> </delim><match><data>\x3E </data></match></read>
		<write echo="ascii"><data>.l\n</data></write>
	</replay>
</pov>
