<?xml version="1.0" standalone="no" ?>
<!DOCTYPE pov SYSTEM "/usr/share/cgc-docs/replay.dtd"><pov>
	<cbid>CROMU_00011</cbid>
	<replay>
		<read echo="ascii"><delim> </delim><match><data>\x3E </data></match></read>
		<write echo="ascii"><data>Ji03I = |"q","lK3sJj","v","OSGXUNL"|-|"ql","xXFUEb","Jd"|\n</data></write>
		<read echo="ascii"><delim> </delim><match><data>\x3E </data></match></read>
		<write echo="ascii"><data>yFrEb = |"mQHb","ZBQmZN","1Gzu","IwLSC","DxA","BXouIj","ho4SYnV","6wMb","Jl","yzLKD"|\n</data></write>
		<read echo="ascii"><delim> </delim><match><data>\x3E </data></match></read>
		<write echo="ascii"><data>8oFaYp = |"6wMb","Jl","ZBQmZN","yzLKD","BXouIj","ho4SYnV"|\n</data></write>
		<read echo="ascii"><delim> </delim><match><data>\x3E </data></match></read>
		<write echo="ascii"><data>8oFaYp@yFrEb\n</data></write>
		<read echo="ascii"><delim>\n</delim><match><data>TRUE\n</data></match></read>
		<read echo="ascii"><delim> </delim><match><data>\x3E </data></match></read>
		<write echo="ascii"><data>VfxEB8N = 8oFaYp ~ 8oFaYp\n</data></write>
		<read echo="ascii"><delim> </delim><match><data>\x3E </data></match></read>
		<write echo="ascii"><data>97QTz0A = Ji03I - Ji03I\n</data></write>
		<read echo="ascii"><delim> </delim><match><data>\x3E </data></match></read>
		<write echo="ascii"><data>FercWbd = |"DCTA6xg","8qI2","aLRfK","yQ"|^|"pmzs","DCTA6xg","GMEY"|\n</data></write>
		<read echo="ascii"><delim> </delim><match><data>\x3E </data></match></read>
		<write echo="ascii"><data>DhQ0iZ = |"bIMidYV","7y0LA5e","vN4oJz","w","Gyo"|~|"Gyo","vNXd6G0","LKDn","Lr","6","w"|\n</data></write>
		<read echo="ascii"><delim> </delim><match><data>\x3E </data></match></read>
		<write echo="ascii"><data>KdwP1 = |"K1Qkc","6fzE","Xe4Yy","ZgYGPi"|^|"Nb1","HppwQFu","si5g","Wsjfu"|\n</data></write>
		<read echo="ascii"><delim> </delim><match><data>\x3E </data></match></read>
		<write echo="ascii"><data>GD1pb = |"st6hK6"|^|"FxW2EQ","k0h","st6hK6","bo","SK6ByM8","g873y9X"|\n</data></write>
		<read echo="ascii"><delim> </delim><match><data>\x3E </data></match></read>
		<write echo="ascii"><data>JoOHPz7HZX = VfxEB8N ^ DhQ0iZ\n</data></write>
		<read echo="ascii"><delim> </delim><match><data>\x3E </data></match></read>
		<write echo="ascii"><data>hf37h = |"tII9qgW","he","V8yJ","58I","BXLJecg","UsMV","YVO"|\n</data></write>
		<read echo="ascii"><delim> </delim><match><data>\x3E </data></match></read>
		<write echo="ascii"><data>yMs2b = |"V8yJ","UsMV","tII9qgW","BXLJecg","58I","he"|\n</data></write>
		<read echo="ascii"><delim> </delim><match><data>\x3E </data></match></read>
		<write echo="ascii"><data>yMs2b@hf37h\n</data></write>
		<read echo="ascii"><delim>\n</delim><match><data>TRUE\n</data></match></read>
		<read echo="ascii"><delim> </delim><match><data>\x3E </data></match></read>
		<write echo="ascii"><data>h6b09 = |"Ad","0it","d2S96J","E1zQcDr","AKFaZlT"|^|"GckEqb","QdRMh","c1","QsPer"|\n</data></write>
		<read echo="ascii"><delim> </delim><match><data>\x3E </data></match></read>
		<write echo="ascii"><data>LDLTMi = |"J5a","pxI","MT","4ar","uog","1I4J","bklCpr"|\n</data></write>
		<read echo="ascii"><delim> </delim><match><data>\x3E </data></match></read>
		<write echo="ascii"><data>pyPF4 = |"pxI","uog","bklCpr","4ar","J5a","VjxnA05Tbz"|\n</data></write>
		<read echo="ascii"><delim> </delim><match><data>\x3E </data></match></read>
		<write echo="ascii"><data>pyPF4@LDLTMi\n</data></write>
		<read echo="ascii"><delim>\n</delim><match><data>FALSE\n</data></match></read>
		<read echo="ascii"><delim> </delim><match><data>\x3E </data></match></read>
		<write echo="ascii"><data>.p\n</data></write>
<read echo="ascii"><delim>\n</delim><match><data>Ji03I = |"q","lK3sJj","v","OSGXUNL"|\n</data></match></read>
<read echo="ascii"><delim>\n</delim><match><data>yFrEb = |"mQHb","ZBQmZN","1Gzu","IwLSC","DxA","BXouIj","ho4SYnV","6wMb","Jl","yzLKD"|\n</data></match></read>
<read echo="ascii"><delim>\n</delim><match><data>8oFaYp = |"6wMb","Jl","ZBQmZN","yzLKD","BXouIj","ho4SYnV"|\n</data></match></read>
<read echo="ascii"><delim>\n</delim><match><data>VfxEB8N = ||\n</data></match></read>
<read echo="ascii"><delim>\n</delim><match><data>97QTz0A = ||\n</data></match></read>
<read echo="ascii"><delim>\n</delim><match><data>FercWbd = |"DCTA6xg"|\n</data></match></read>
<read echo="ascii"><delim>\n</delim><match><data>DhQ0iZ = |"bIMidYV","7y0LA5e","vN4oJz","vNXd6G0","LKDn","Lr","6"|\n</data></match></read>
<read echo="ascii"><delim>\n</delim><match><data>KdwP1 = ||\n</data></match></read>
<read echo="ascii"><delim>\n</delim><match><data>GD1pb = |"st6hK6"|\n</data></match></read>
<read echo="ascii"><delim>\n</delim><match><data>JoOHPz7HZX = ||\n</data></match></read>
<read echo="ascii"><delim>\n</delim><match><data>hf37h = |"tII9qgW","he","V8yJ","58I","BXLJecg","UsMV","YVO"|\n</data></match></read>
<read echo="ascii"><delim>\n</delim><match><data>yMs2b = |"V8yJ","UsMV","tII9qgW","BXLJecg","58I","he"|\n</data></match></read>
<read echo="ascii"><delim>\n</delim><match><data>h6b09 = ||\n</data></match></read>
<read echo="ascii"><delim>\n</delim><match><data>LDLTMi = |"J5a","pxI","MT","4ar","uog","1I4J","bklCpr"|\n</data></match></read>
<read echo="ascii"><delim>\n</delim><match><data>pyPF4 = |"pxI","uog","bklCpr","4ar","J5a","VjxnA05Tbz"|\n</data></match></read>
		<read echo="ascii"><delim> </delim><match><data>\x3E </data></match></read>
		<write echo="ascii"><data>.l\n</data></write>
	</replay>
</pov>
