<?xml version="1.0" standalone="no" ?>
<!DOCTYPE pov SYSTEM "/usr/share/cgc-docs/replay.dtd"><pov>
	<cbid>CROMU_00011</cbid>
	<replay>
		<read echo="ascii"><delim> </delim><match><data>\x3E </data></match></read>
		<write echo="ascii"><data>JTHgHan = |"pE2haC","iyqg0s","1NIL","7EQfVM","ENU","0Fl7","uNA","n8Q"|\n</data></write>
		<read echo="ascii"><delim> </delim><match><data>\x3E </data></match></read>
		<write echo="ascii"><data>G7wkNMO = |"0Fl7","ENU","pE2haC","hQ5dvIEkHm"|\n</data></write>
		<read echo="ascii"><delim> </delim><match><data>\x3E </data></match></read>
		<write echo="ascii"><data>G7wkNMO@JTHgHan\n</data></write>
		<read echo="ascii"><delim>\n</delim><match><data>FALSE\n</data></match></read>
		<read echo="ascii"><delim> </delim><match><data>\x3E </data></match></read>
		<write echo="ascii"><data>jXi27w = JTHgHan ~ JTHgHan\n</data></write>
		<read echo="ascii"><delim> </delim><match><data>\x3E </data></match></read>
		<write echo="ascii"><data>ZyyHNDj = G7wkNMO + JTHgHan\n</data></write>
		<read echo="ascii"><delim> </delim><match><data>\x3E </data></match></read>
		<write echo="ascii"><data>Sda3Ldv = |"7kz","vF","fqzb0","X"|-|"oRuyH0","scULZ","g9iy","KPXB4Q"|\n</data></write>
		<read echo="ascii"><delim> </delim><match><data>\x3E </data></match></read>
		<write echo="ascii"><data>Flobd = |"d6TM","uO","d","P5","2Izj"|+|"Nii0lR"|\n</data></write>
		<read echo="ascii"><delim> </delim><match><data>\x3E </data></match></read>
		<write echo="ascii"><data>7Zpb4Ll = |"jZxHTN","bgdw","96yz4K","NsKsXPU"|-|"eivyC","esTwSf","NsKsXPU","jTRX","gm4w7Y"|\n</data></write>
		<read echo="ascii"><delim> </delim><match><data>\x3E </data></match></read>
		<write echo="ascii"><data>105EBTb = |"w","U4cb","7","rb","COm"|~|"QS1HEI","sG","rb","w"|\n</data></write>
		<read echo="ascii"><delim> </delim><match><data>\x3E </data></match></read>
		<write echo="ascii"><data>GIKc9bZ = 105EBTb ~ jXi27w\n</data></write>
		<read echo="ascii"><delim> </delim><match><data>\x3E </data></match></read>
		<write echo="ascii"><data>7Ct8Ou = |"DZp","ueOec","kdHz0"|^|"L1EgpBR","akk","RTNErD","TIT","2cgfUo","ueOec"|\n</data></write>
		<read echo="ascii"><delim> </delim><match><data>\x3E </data></match></read>
		<write echo="ascii"><data>hwiLGa = |"gxdWX","Rx","1eCBX","s8oSp","jeMx6"|~|"L1y4a","J9Ab","C5v5xs","2o3s","Rx","jeMx6","6"|\n</data></write>
		<read echo="ascii"><delim> </delim><match><data>\x3E </data></match></read>
		<write echo="ascii"><data>1gIXCorC = JTHgHan ^ 7Zpb4Ll\n</data></write>
		<read echo="ascii"><delim> </delim><match><data>\x3E </data></match></read>
		<write echo="ascii"><data>zdaGtS = 7Ct8Ou + 105EBTb\n</data></write>
		<read echo="ascii"><delim> </delim><match><data>\x3E </data></match></read>
		<write echo="ascii"><data>MqNFf = JTHgHan + zdaGtS\n</data></write>
		<read echo="ascii"><delim> </delim><match><data>\x3E </data></match></read>
		<write echo="ascii"><data>.p\n</data></write>
<read echo="ascii"><delim>\n</delim><match><data>JTHgHan = |"pE2haC","iyqg0s","1NIL","7EQfVM","ENU","0Fl7","uNA","n8Q"|\n</data></match></read>
<read echo="ascii"><delim>\n</delim><match><data>G7wkNMO = |"0Fl7","ENU","pE2haC","hQ5dvIEkHm"|\n</data></match></read>
<read echo="ascii"><delim>\n</delim><match><data>jXi27w = ||\n</data></match></read>
<read echo="ascii"><delim>\n</delim><match><data>ZyyHNDj = |"0Fl7","ENU","pE2haC","hQ5dvIEkHm","iyqg0s","1NIL","7EQfVM","uNA","n8Q"|\n</data></match></read>
<read echo="ascii"><delim>\n</delim><match><data>Sda3Ldv = |"7kz","vF","fqzb0","X"|\n</data></match></read>
<read echo="ascii"><delim>\n</delim><match><data>Flobd = |"d6TM","uO","d","P5","2Izj","Nii0lR"|\n</data></match></read>
<read echo="ascii"><delim>\n</delim><match><data>7Zpb4Ll = |"jZxHTN","bgdw","96yz4K"|\n</data></match></read>
<read echo="ascii"><delim>\n</delim><match><data>105EBTb = |"U4cb","7","COm","QS1HEI","sG"|\n</data></match></read>
<read echo="ascii"><delim>\n</delim><match><data>GIKc9bZ = |"U4cb","7","COm","QS1HEI","sG"|\n</data></match></read>
<read echo="ascii"><delim>\n</delim><match><data>7Ct8Ou = |"ueOec"|\n</data></match></read>
<read echo="ascii"><delim>\n</delim><match><data>hwiLGa = |"gxdWX","1eCBX","s8oSp","L1y4a","J9Ab","C5v5xs","2o3s","6"|\n</data></match></read>
<read echo="ascii"><delim>\n</delim><match><data>1gIXCorC = ||\n</data></match></read>
<read echo="ascii"><delim>\n</delim><match><data>zdaGtS = |"ueOec","U4cb","7","COm","QS1HEI","sG"|\n</data></match></read>
<read echo="ascii"><delim>\n</delim><match><data>MqNFf = |"pE2haC","iyqg0s","1NIL","7EQfVM","ENU","0Fl7","uNA","n8Q","ueOec","U4cb","7","COm","QS1HEI","sG"|\n</data></match></read>
		<read echo="ascii"><delim> </delim><match><data>\x3E </data></match></read>
		<write echo="ascii"><data>.l\n</data></write>
	</replay>
</pov>
