<?xml version="1.0" standalone="no" ?>
<!DOCTYPE pov SYSTEM "/usr/share/cgc-docs/replay.dtd"><pov>
	<cbid>CROMU_00011</cbid>
	<replay>
		<read echo="ascii"><delim> </delim><match><data>\x3E </data></match></read>
		<write echo="ascii"><data>wDXW9EH = |"ll1khTs","kFeSjx","Iwpzn","qN","By","wn5O","Wy","g0Zg6jF","0ThK"|\n</data></write>
		<read echo="ascii"><delim> </delim><match><data>\x3E </data></match></read>
		<write echo="ascii"><data>ryPOi = |"qN","kFeSjx","wn5O","0ThK"|\n</data></write>
		<read echo="ascii"><delim> </delim><match><data>\x3E </data></match></read>
		<write echo="ascii"><data>ryPOi@wDXW9EH\n</data></write>
		<read echo="ascii"><delim>\n</delim><match><data>TRUE\n</data></match></read>
		<read echo="ascii"><delim> </delim><match><data>\x3E </data></match></read>
		<write echo="ascii"><data>RxvFwl = |"sF1V4Rt"|+|"VT4zY","aG4"|\n</data></write>
		<read echo="ascii"><delim> </delim><match><data>\x3E </data></match></read>
		<write echo="ascii"><data>uolky = RxvFwl ~ wDXW9EH\n</data></write>
		<read echo="ascii"><delim> </delim><match><data>\x3E </data></match></read>
		<write echo="ascii"><data>mkscMUpF = uolky ^ ryPOi\n</data></write>
		<read echo="ascii"><delim> </delim><match><data>\x3E </data></match></read>
		<write echo="ascii"><data>bU4iLI = |"oVoc","OzumsI3","fCszfw","ymgM","gDCktq","Cs"|\n</data></write>
		<read echo="ascii"><delim> </delim><match><data>\x3E </data></match></read>
		<write echo="ascii"><data>A25k4OE = |"fCszfw","Cs","OzumsI3","oVoc","ymgM"|\n</data></write>
		<read echo="ascii"><delim> </delim><match><data>\x3E </data></match></read>
		<write echo="ascii"><data>A25k4OE@bU4iLI\n</data></write>
		<read echo="ascii"><delim>\n</delim><match><data>TRUE\n</data></match></read>
		<read echo="ascii"><delim> </delim><match><data>\x3E </data></match></read>
		<write echo="ascii"><data>H1PpDdf = |"2nUku7M","TN","J2vx","z4U","dfGFY","TcSdBhO","RYwo","vMgq7","8f9Mc","o7r5x"|\n</data></write>
		<read echo="ascii"><delim> </delim><match><data>\x3E </data></match></read>
		<write echo="ascii"><data>oWLuqa = |"RYwo","8f9Mc","2nUku7M","J2vx","o7r5x"|\n</data></write>
		<read echo="ascii"><delim> </delim><match><data>\x3E </data></match></read>
		<write echo="ascii"><data>oWLuqa@H1PpDdf\n</data></write>
		<read echo="ascii"><delim>\n</delim><match><data>TRUE\n</data></match></read>
		<read echo="ascii"><delim> </delim><match><data>\x3E </data></match></read>
		<write echo="ascii"><data>2xEkeTv = |"oP","EmGYRn","skmxiKz"|-|"PMX","Hs","X8D","OF","skmxiKz","azZfrZA"|\n</data></write>
		<read echo="ascii"><delim> </delim><match><data>\x3E </data></match></read>
		<write echo="ascii"><data>AivYrM = 2xEkeTv ~ mkscMUpF\n</data></write>
		<read echo="ascii"><delim> </delim><match><data>\x3E </data></match></read>
		<write echo="ascii"><data>v2xGQJX = |"KON2Qm","9Mt","wrl6S","Bov","Cv2","Y5","KJH1o"|\n</data></write>
		<read echo="ascii"><delim> </delim><match><data>\x3E </data></match></read>
		<write echo="ascii"><data>Mqelw = |"9Mt","KON2Qm","KJH1o","wrl6S","rDMu16Itej"|\n</data></write>
		<read echo="ascii"><delim> </delim><match><data>\x3E </data></match></read>
		<write echo="ascii"><data>Mqelw@v2xGQJX\n</data></write>
		<read echo="ascii"><delim>\n</delim><match><data>FALSE\n</data></match></read>
		<read echo="ascii"><delim> </delim><match><data>\x3E </data></match></read>
		<write echo="ascii"><data>JGATKO = oWLuqa ~ mkscMUpF\n</data></write>
		<read echo="ascii"><delim> </delim><match><data>\x3E </data></match></read>
		<write echo="ascii"><data>ennn5 = |"HpZ","hR","ep1","8rWsR","XNFzEj","MkcA","3zG"|~|"3zG","Oe","8rWsR","g10xgtf","pb","HpZ"|\n</data></write>
		<read echo="ascii"><delim> </delim><match><data>\x3E </data></match></read>
		<write echo="ascii"><data>6gM8UI2 = bU4iLI - 2xEkeTv\n</data></write>
		<read echo="ascii"><delim> </delim><match><data>\x3E </data></match></read>
		<write echo="ascii"><data>.p\n</data></write>
<read echo="ascii"><delim>\n</delim><match><data>wDXW9EH = |"ll1khTs","kFeSjx","Iwpzn","qN","By","wn5O","Wy","g0Zg6jF","0ThK"|\n</data></match></read>
<read echo="ascii"><delim>\n</delim><match><data>ryPOi = |"qN","kFeSjx","wn5O","0ThK"|\n</data></match></read>
<read echo="ascii"><delim>\n</delim><match><data>RxvFwl = |"sF1V4Rt","VT4zY","aG4"|\n</data></match></read>
<read echo="ascii"><delim>\n</delim><match><data>uolky = |"sF1V4Rt","VT4zY","aG4","ll1khTs","kFeSjx","Iwpzn","qN","By","wn5O","Wy","g0Zg6jF","0ThK"|\n</data></match></read>
<read echo="ascii"><delim>\n</delim><match><data>mkscMUpF = |"kFeSjx","qN","wn5O","0ThK"|\n</data></match></read>
<read echo="ascii"><delim>\n</delim><match><data>bU4iLI = |"oVoc","OzumsI3","fCszfw","ymgM","gDCktq","Cs"|\n</data></match></read>
<read echo="ascii"><delim>\n</delim><match><data>A25k4OE = |"fCszfw","Cs","OzumsI3","oVoc","ymgM"|\n</data></match></read>
<read echo="ascii"><delim>\n</delim><match><data>H1PpDdf = |"2nUku7M","TN","J2vx","z4U","dfGFY","TcSdBhO","RYwo","vMgq7","8f9Mc","o7r5x"|\n</data></match></read>
<read echo="ascii"><delim>\n</delim><match><data>oWLuqa = |"RYwo","8f9Mc","2nUku7M","J2vx","o7r5x"|\n</data></match></read>
<read echo="ascii"><delim>\n</delim><match><data>2xEkeTv = |"oP","EmGYRn"|\n</data></match></read>
<read echo="ascii"><delim>\n</delim><match><data>AivYrM = |"oP","EmGYRn","kFeSjx","qN","wn5O","0ThK"|\n</data></match></read>
<read echo="ascii"><delim>\n</delim><match><data>v2xGQJX = |"KON2Qm","9Mt","wrl6S","Bov","Cv2","Y5","KJH1o"|\n</data></match></read>
<read echo="ascii"><delim>\n</delim><match><data>Mqelw = |"9Mt","KON2Qm","KJH1o","wrl6S","rDMu16Itej"|\n</data></match></read>
<read echo="ascii"><delim>\n</delim><match><data>JGATKO = |"RYwo","8f9Mc","2nUku7M","J2vx","o7r5x","kFeSjx","qN","wn5O","0ThK"|\n</data></match></read>
<read echo="ascii"><delim>\n</delim><match><data>ennn5 = |"hR","ep1","XNFzEj","MkcA","Oe","g10xgtf","pb"|\n</data></match></read>
<read echo="ascii"><delim>\n</delim><match><data>6gM8UI2 = |"oVoc","OzumsI3","fCszfw","ymgM","gDCktq","Cs"|\n</data></match></read>
		<read echo="ascii"><delim> </delim><match><data>\x3E </data></match></read>
		<write echo="ascii"><data>.l\n</data></write>
	</replay>
</pov>
