<?xml version="1.0" standalone="no" ?>
<!DOCTYPE pov SYSTEM "/usr/share/cgc-docs/replay.dtd"><pov>
	<cbid>CROMU_00011</cbid>
	<replay>
		<read echo="ascii"><delim> </delim><match><data>\x3E </data></match></read>
		<write echo="ascii"><data>ecILeZZ = |"h5gq6","dJSXme","6t","m6nR","Z4lmo","EK","lCjqm"|\n</data></write>
		<read echo="ascii"><delim> </delim><match><data>\x3E </data></match></read>
		<write echo="ascii"><data>HRpBh = |"Z4lmo","lCjqm","h5gq6","HmWjT5hGOv"|\n</data></write>
		<read echo="ascii"><delim> </delim><match><data>\x3E </data></match></read>
		<write echo="ascii"><data>HRpBh@ecILeZZ\n</data></write>
		<read echo="ascii"><delim>\n</delim><match><data>FALSE\n</data></match></read>
		<read echo="ascii"><delim> </delim><match><data>\x3E </data></match></read>
		<write echo="ascii"><data>ht62a = |"Q8A","BS","QlU7B","eZe","Y2fzk","7C"|^|"J5MQap","xHAjZOO"|\n</data></write>
		<read echo="ascii"><delim> </delim><match><data>\x3E </data></match></read>
		<write echo="ascii"><data>5NISv = |"v7phL"|+|"de5","TK","PDwHGN"|\n</data></write>
		<read echo="ascii"><delim> </delim><match><data>\x3E </data></match></read>
		<write echo="ascii"><data>m3QFmL = 5NISv ^ HRpBh\n</data></write>
		<read echo="ascii"><delim> </delim><match><data>\x3E </data></match></read>
		<write echo="ascii"><data>jMm1cH = |"4KS","D","C9","wzb8CU"|+|"4KS","BUgtTV"|\n</data></write>
		<read echo="ascii"><delim> </delim><match><data>\x3E </data></match></read>
		<write echo="ascii"><data>cPnF4 = |"u8NGH","DESwF","JW0M"|-|"maGvtEW","I","kX","LZ","u3"|\n</data></write>
		<read echo="ascii"><delim> </delim><match><data>\x3E </data></match></read>
		<write echo="ascii"><data>uA0E5o = |"rA657","5z","fCNhJXy"|~|"5vZZ","YKv2","ttyU2","fCNhJXy"|\n</data></write>
		<read echo="ascii"><delim> </delim><match><data>\x3E </data></match></read>
		<write echo="ascii"><data>rnEyA2S = |"M41W"|+|"xV"|\n</data></write>
		<read echo="ascii"><delim> </delim><match><data>\x3E </data></match></read>
		<write echo="ascii"><data>VErDXa = rnEyA2S ^ ht62a\n</data></write>
		<read echo="ascii"><delim> </delim><match><data>\x3E </data></match></read>
		<write echo="ascii"><data>zyiQL = |"FyY","Efezx","BSiI","8MR1Bg","Jxm6","nNL","ldp"|~|"PV"|\n</data></write>
		<read echo="ascii"><delim> </delim><match><data>\x3E </data></match></read>
		<write echo="ascii"><data>.p\n</data></write>
<read echo="ascii"><delim>\n</delim><match><data>ecILeZZ = |"h5gq6","dJSXme","6t","m6nR","Z4lmo","EK","lCjqm"|\n</data></match></read>
<read echo="ascii"><delim>\n</delim><match><data>HRpBh = |"Z4lmo","lCjqm","h5gq6","HmWjT5hGOv"|\n</data></match></read>
<read echo="ascii"><delim>\n</delim><match><data>ht62a = ||\n</data></match></read>
<read echo="ascii"><delim>\n</delim><match><data>5NISv = |"v7phL","de5","TK","PDwHGN"|\n</data></match></read>
<read echo="ascii"><delim>\n</delim><match><data>m3QFmL = ||\n</data></match></read>
<read echo="ascii"><delim>\n</delim><match><data>jMm1cH = |"4KS","D","C9","wzb8CU","BUgtTV"|\n</data></match></read>
<read echo="ascii"><delim>\n</delim><match><data>cPnF4 = |"u8NGH","DESwF","JW0M"|\n</data></match></read>
<read echo="ascii"><delim>\n</delim><match><data>uA0E5o = |"rA657","5z","5vZZ","YKv2","ttyU2"|\n</data></match></read>
<read echo="ascii"><delim>\n</delim><match><data>rnEyA2S = |"M41W","xV"|\n</data></match></read>
<read echo="ascii"><delim>\n</delim><match><data>VErDXa = ||\n</data></match></read>
<read echo="ascii"><delim>\n</delim><match><data>zyiQL = |"FyY","Efezx","BSiI","8MR1Bg","Jxm6","nNL","ldp","PV"|\n</data></match></read>
		<read echo="ascii"><delim> </delim><match><data>\x3E </data></match></read>
		<write echo="ascii"><data>.l\n</data></write>
	</replay>
</pov>
