<?xml version="1.0" standalone="no" ?>
<!DOCTYPE pov SYSTEM "/usr/share/cgc-docs/replay.dtd"><pov>
	<cbid>CROMU_00011</cbid>
	<replay>
		<read echo="ascii"><delim> </delim><match><data>\x3E </data></match></read>
		<write echo="ascii"><data>4lX8wCk = |"rUtx","3u","GRv9q","6oKPRf","TmcC6w7","uvin","GSn0","7JUdeZA"|\n</data></write>
		<read echo="ascii"><delim> </delim><match><data>\x3E </data></match></read>
		<write echo="ascii"><data>vSHMxj = |"7JUdeZA","uvin","GRv9q","6oKPRf","rUtx","GSn0","3u"|\n</data></write>
		<read echo="ascii"><delim> </delim><match><data>\x3E </data></match></read>
		<write echo="ascii"><data>vSHMxj@4lX8wCk\n</data></write>
		<read echo="ascii"><delim>\n</delim><match><data>TRUE\n</data></match></read>
		<read echo="ascii"><delim> </delim><match><data>\x3E </data></match></read>
		<write echo="ascii"><data>wT7nd = |"SoP","QP4","r","Ai"|+|"tbPzLv","7qKBJ0","MAD","t","kQkVexR","T9EF","9CR9t26"|\n</data></write>
		<read echo="ascii"><delim> </delim><match><data>\x3E </data></match></read>
		<write echo="ascii"><data>dElK6cg = |"5lZ5niw","7GKSV","Qb"|+|"Qb","5lZ5niw","aqxZKBk"|\n</data></write>
		<read echo="ascii"><delim> </delim><match><data>\x3E </data></match></read>
		<write echo="ascii"><data>abVVo = |"YpIX","sHl5os4"|^|"o9V5"|\n</data></write>
		<read echo="ascii"><delim> </delim><match><data>\x3E </data></match></read>
		<write echo="ascii"><data>cWHWb = wT7nd ~ dElK6cg\n</data></write>
		<read echo="ascii"><delim> </delim><match><data>\x3E </data></match></read>
		<write echo="ascii"><data>EEku4 = |"P","czUOhJ","shNZ","X","lKe9"|-|"hqr3nT3","lKe9","czUOhJ","4Mar668","OJ","I9","u8pqq"|\n</data></write>
		<read echo="ascii"><delim> </delim><match><data>\x3E </data></match></read>
		<write echo="ascii"><data>R0FzUSO = cWHWb - wT7nd\n</data></write>
		<read echo="ascii"><delim> </delim><match><data>\x3E </data></match></read>
		<write echo="ascii"><data>fbB8ec5 = |"iaSC","i7faV","5IfS","JrYzAvF","QivEJpK","6OYVM40","RSyV4id"|-|"4Xv","RUdJb","BpF","yGRz"|\n</data></write>
		<read echo="ascii"><delim> </delim><match><data>\x3E </data></match></read>
		<write echo="ascii"><data>rIcBu = vSHMxj ~ vSHMxj\n</data></write>
		<read echo="ascii"><delim> </delim><match><data>\x3E </data></match></read>
		<write echo="ascii"><data>fEKTn = fbB8ec5 ~ rIcBu\n</data></write>
		<read echo="ascii"><delim> </delim><match><data>\x3E </data></match></read>
		<write echo="ascii"><data>45YGvUG = |"4gOb4T","TBMEL8","qa3EVp","eFnXSS","RYE"|~|"1q","LkL88vT"|\n</data></write>
		<read echo="ascii"><delim> </delim><match><data>\x3E </data></match></read>
		<write echo="ascii"><data>Ytnftov = |"2iV3Tt","JmYurC","APpwzZ","Tcyn","NMElIg","UTjh","mMT7uL8","5ptKRS"|\n</data></write>
		<read echo="ascii"><delim> </delim><match><data>\x3E </data></match></read>
		<write echo="ascii"><data>9L86d = |"NMElIg"|\n</data></write>
		<read echo="ascii"><delim> </delim><match><data>\x3E </data></match></read>
		<write echo="ascii"><data>9L86d@Ytnftov\n</data></write>
		<read echo="ascii"><delim>\n</delim><match><data>TRUE\n</data></match></read>
		<read echo="ascii"><delim> </delim><match><data>\x3E </data></match></read>
		<write echo="ascii"><data>3rFS6Z = |"Or1pEB","OC","OaumTk","mj01"|^|"91","6OHIQ","m3","Or1pEB","TIASO"|\n</data></write>
		<read echo="ascii"><delim> </delim><match><data>\x3E </data></match></read>
		<write echo="ascii"><data>.p\n</data></write>
<read echo="ascii"><delim>\n</delim><match><data>4lX8wCk = |"rUtx","3u","GRv9q","6oKPRf","TmcC6w7","uvin","GSn0","7JUdeZA"|\n</data></match></read>
<read echo="ascii"><delim>\n</delim><match><data>vSHMxj = |"7JUdeZA","uvin","GRv9q","6oKPRf","rUtx","GSn0","3u"|\n</data></match></read>
<read echo="ascii"><delim>\n</delim><match><data>wT7nd = |"SoP","QP4","r","Ai","tbPzLv","7qKBJ0","MAD","t","kQkVexR","T9EF","9CR9t26"|\n</data></match></read>
<read echo="ascii"><delim>\n</delim><match><data>dElK6cg = |"5lZ5niw","7GKSV","Qb","aqxZKBk"|\n</data></match></read>
<read echo="ascii"><delim>\n</delim><match><data>abVVo = ||\n</data></match></read>
<read echo="ascii"><delim>\n</delim><match><data>cWHWb = |"SoP","QP4","r","Ai","tbPzLv","7qKBJ0","MAD","t","kQkVexR","T9EF","9CR9t26","5lZ5niw","7GKSV","Qb","aqxZKBk"|\n</data></match></read>
<read echo="ascii"><delim>\n</delim><match><data>EEku4 = |"P","shNZ","X"|\n</data></match></read>
<read echo="ascii"><delim>\n</delim><match><data>R0FzUSO = |"5lZ5niw","7GKSV","Qb","aqxZKBk"|\n</data></match></read>
<read echo="ascii"><delim>\n</delim><match><data>fbB8ec5 = |"iaSC","i7faV","5IfS","JrYzAvF","QivEJpK","6OYVM40","RSyV4id"|\n</data></match></read>
<read echo="ascii"><delim>\n</delim><match><data>rIcBu = ||\n</data></match></read>
<read echo="ascii"><delim>\n</delim><match><data>fEKTn = |"iaSC","i7faV","5IfS","JrYzAvF","QivEJpK","6OYVM40","RSyV4id"|\n</data></match></read>
<read echo="ascii"><delim>\n</delim><match><data>45YGvUG = |"4gOb4T","TBMEL8","qa3EVp","eFnXSS","RYE","1q","LkL88vT"|\n</data></match></read>
<read echo="ascii"><delim>\n</delim><match><data>Ytnftov = |"2iV3Tt","JmYurC","APpwzZ","Tcyn","NMElIg","UTjh","mMT7uL8","5ptKRS"|\n</data></match></read>
<read echo="ascii"><delim>\n</delim><match><data>9L86d = |"NMElIg"|\n</data></match></read>
<read echo="ascii"><delim>\n</delim><match><data>3rFS6Z = |"Or1pEB"|\n</data></match></read>
		<read echo="ascii"><delim> </delim><match><data>\x3E </data></match></read>
		<write echo="ascii"><data>.l\n</data></write>
	</replay>
</pov>
