<?xml version="1.0" standalone="no" ?>
<!DOCTYPE pov SYSTEM "/usr/share/cgc-docs/replay.dtd"><pov>
	<cbid>CROMU_00011</cbid>
	<replay>
		<read echo="ascii"><delim> </delim><match><data>\x3E </data></match></read>
		<write echo="ascii"><data>MPGoF = |"4mAq","U","J3Dl"|+|"3nwh6Jx","uB"|\n</data></write>
		<read echo="ascii"><delim> </delim><match><data>\x3E </data></match></read>
		<write echo="ascii"><data>jsr9Zpg = |"ZhsrrMG","AARfOm","SpEWj","HT","OS76"|^|"OS76","vRaPYI0","yv","ZhsrrMG","SJeC"|\n</data></write>
		<read echo="ascii"><delim> </delim><match><data>\x3E </data></match></read>
		<write echo="ascii"><data>6BBa1 = |"UJyTUs","B","PHf8uDX","YfU3t","efsC0sH"|+|"Ruu73K"|\n</data></write>
		<read echo="ascii"><delim> </delim><match><data>\x3E </data></match></read>
		<write echo="ascii"><data>cHRBD = 6BBa1 - 6BBa1\n</data></write>
		<read echo="ascii"><delim> </delim><match><data>\x3E </data></match></read>
		<write echo="ascii"><data>gwDO7Dh = 6BBa1 + cHRBD\n</data></write>
		<read echo="ascii"><delim> </delim><match><data>\x3E </data></match></read>
		<write echo="ascii"><data>Y21fEng = |"a6KXkM","yxus04"|+|"RHLhrG","rqF8XA","xr","yxus04","jggLVVf"|\n</data></write>
		<read echo="ascii"><delim> </delim><match><data>\x3E </data></match></read>
		<write echo="ascii"><data>.p\n</data></write>
<read echo="ascii"><delim>\n</delim><match><data>MPGoF = |"4mAq","U","J3Dl","3nwh6Jx","uB"|\n</data></match></read>
<read echo="ascii"><delim>\n</delim><match><data>jsr9Zpg = |"ZhsrrMG","OS76"|\n</data></match></read>
<read echo="ascii"><delim>\n</delim><match><data>6BBa1 = |"UJyTUs","B","PHf8uDX","YfU3t","efsC0sH","Ruu73K"|\n</data></match></read>
<read echo="ascii"><delim>\n</delim><match><data>cHRBD = ||\n</data></match></read>
<read echo="ascii"><delim>\n</delim><match><data>gwDO7Dh = |"UJyTUs","B","PHf8uDX","YfU3t","efsC0sH","Ruu73K"|\n</data></match></read>
<read echo="ascii"><delim>\n</delim><match><data>Y21fEng = |"a6KXkM","yxus04","RHLhrG","rqF8XA","xr","jggLVVf"|\n</data></match></read>
		<read echo="ascii"><delim> </delim><match><data>\x3E </data></match></read>
		<write echo="ascii"><data>.l\n</data></write>
	</replay>
</pov>
