<?xml version="1.0" standalone="no" ?>
<!DOCTYPE pov SYSTEM "/usr/share/cgc-docs/replay.dtd"><pov>
	<cbid>CROMU_00011</cbid>
	<replay>
		<read echo="ascii"><delim> </delim><match><data>\x3E </data></match></read>
		<write echo="ascii"><data>QRUIo6R = |"urP","cfCs9x","uDOg"|-|"pjJ","wT","P01QNwd","RzB","urP"|\n</data></write>
		<read echo="ascii"><delim> </delim><match><data>\x3E </data></match></read>
		<write echo="ascii"><data>6u4jPfjmzT = QRUIo6R ^ QRUIo6R\n</data></write>
		<read echo="ascii"><delim> </delim><match><data>\x3E </data></match></read>
		<write echo="ascii"><data>KxXIXml = |"7mKi6WG","z82aW","wLFhKDM","Vjz46s"|~|"V","Z","wLFhKDM","Vjz46s","TQOPF"|\n</data></write>
		<read echo="ascii"><delim> </delim><match><data>\x3E </data></match></read>
		<write echo="ascii"><data>Xg3cry = |"hZq","2ke5Ib","aqKbPt1","oL","BK"|-|"T","D","M"|\n</data></write>
		<read echo="ascii"><delim> </delim><match><data>\x3E </data></match></read>
		<write echo="ascii"><data>FQnmNN = |"AfmQ","z","7uC","BPpTrK","QO8eRlO"|+|"tjyI","paJVuf","K","Nh","t"|\n</data></write>
		<read echo="ascii"><delim> </delim><match><data>\x3E </data></match></read>
		<write echo="ascii"><data>zV2tBZC = |"g8","JEL6","qo9yLb","In68h","nQDegg","hw8"|\n</data></write>
		<read echo="ascii"><delim> </delim><match><data>\x3E </data></match></read>
		<write echo="ascii"><data>oC8MgZp = |"qo9yLb","In68h","JEL6","hw8","sxS6IYKhL4"|\n</data></write>
		<read echo="ascii"><delim> </delim><match><data>\x3E </data></match></read>
		<write echo="ascii"><data>oC8MgZp@zV2tBZC\n</data></write>
		<read echo="ascii"><delim>\n</delim><match><data>FALSE\n</data></match></read>
		<read echo="ascii"><delim> </delim><match><data>\x3E </data></match></read>
		<write echo="ascii"><data>T003xR = FQnmNN ~ oC8MgZp\n</data></write>
		<read echo="ascii"><delim> </delim><match><data>\x3E </data></match></read>
		<write echo="ascii"><data>EQQwzEz = oC8MgZp ~ T003xR\n</data></write>
		<read echo="ascii"><delim> </delim><match><data>\x3E </data></match></read>
		<write echo="ascii"><data>2mc0f = EQQwzEz ~ 6u4jPfjmzT\n</data></write>
		<read echo="ascii"><delim> </delim><match><data>\x3E </data></match></read>
		<write echo="ascii"><data>4Uiqgq = |"gj","4Fdir","9","7dNxt","Iz","cgAxLgT"|~|"rR","7dNxt","q","9","d","CGXpo"|\n</data></write>
		<read echo="ascii"><delim> </delim><match><data>\x3E </data></match></read>
		<write echo="ascii"><data>.p\n</data></write>
<read echo="ascii"><delim>\n</delim><match><data>QRUIo6R = |"cfCs9x","uDOg"|\n</data></match></read>
<read echo="ascii"><delim>\n</delim><match><data>6u4jPfjmzT = |"cfCs9x","uDOg"|\n</data></match></read>
<read echo="ascii"><delim>\n</delim><match><data>KxXIXml = |"7mKi6WG","z82aW","V","Z","TQOPF"|\n</data></match></read>
<read echo="ascii"><delim>\n</delim><match><data>Xg3cry = |"hZq","2ke5Ib","aqKbPt1","oL","BK"|\n</data></match></read>
<read echo="ascii"><delim>\n</delim><match><data>FQnmNN = |"AfmQ","z","7uC","BPpTrK","QO8eRlO","tjyI","paJVuf","K","Nh","t"|\n</data></match></read>
<read echo="ascii"><delim>\n</delim><match><data>zV2tBZC = |"g8","JEL6","qo9yLb","In68h","nQDegg","hw8"|\n</data></match></read>
<read echo="ascii"><delim>\n</delim><match><data>oC8MgZp = |"qo9yLb","In68h","JEL6","hw8","sxS6IYKhL4"|\n</data></match></read>
<read echo="ascii"><delim>\n</delim><match><data>T003xR = |"AfmQ","z","7uC","BPpTrK","QO8eRlO","tjyI","paJVuf","K","Nh","t","qo9yLb","In68h","JEL6","hw8","sxS6IYKhL4"|\n</data></match></read>
<read echo="ascii"><delim>\n</delim><match><data>EQQwzEz = |"AfmQ","z","7uC","BPpTrK","QO8eRlO","tjyI","paJVuf","K","Nh","t"|\n</data></match></read>
<read echo="ascii"><delim>\n</delim><match><data>2mc0f = |"AfmQ","z","7uC","BPpTrK","QO8eRlO","tjyI","paJVuf","K","Nh","t","cfCs9x","uDOg"|\n</data></match></read>
<read echo="ascii"><delim>\n</delim><match><data>4Uiqgq = |"gj","4Fdir","Iz","cgAxLgT","rR","q","d","CGXpo"|\n</data></match></read>
		<read echo="ascii"><delim> </delim><match><data>\x3E </data></match></read>
		<write echo="ascii"><data>.l\n</data></write>
	</replay>
</pov>
