<?xml version="1.0" standalone="no" ?>
<!DOCTYPE pov SYSTEM "/usr/share/cgc-docs/replay.dtd"><pov>
	<cbid>CROMU_00011</cbid>
	<replay>
		<read echo="ascii"><delim> </delim><match><data>\x3E </data></match></read>
		<write echo="ascii"><data>hi8cM = |"43c","1S","m9DD","DU","F","rVe6TT","ye98N"|+|"m","H"|\n</data></write>
		<read echo="ascii"><delim> </delim><match><data>\x3E </data></match></read>
		<write echo="ascii"><data>XdIIuAe = hi8cM ~ hi8cM\n</data></write>
		<read echo="ascii"><delim> </delim><match><data>\x3E </data></match></read>
		<write echo="ascii"><data>AEDSDGHPv = XdIIuAe ^ XdIIuAe\n</data></write>
		<read echo="ascii"><delim> </delim><match><data>\x3E </data></match></read>
		<write echo="ascii"><data>awtfW5h = AEDSDGHPv ~ hi8cM\n</data></write>
		<read echo="ascii"><delim> </delim><match><data>\x3E </data></match></read>
		<write echo="ascii"><data>plstqq = |"pOl","jV","WpHc","rVBp1"|+|"E","hv18","2"|\n</data></write>
		<read echo="ascii"><delim> </delim><match><data>\x3E </data></match></read>
		<write echo="ascii"><data>SUT2ii = awtfW5h - hi8cM\n</data></write>
		<read echo="ascii"><delim> </delim><match><data>\x3E </data></match></read>
		<write echo="ascii"><data>vvtPKUI = |"KZ6j","V1kElX","ZD1xbh","LU0l","8ub1t","JazmtP","966Qg7I"|^|"CKB","TYl","KZ6j","EvoU7","LAsXIuR","A60mY","oB8uxdJ"|\n</data></write>
		<read echo="ascii"><delim> </delim><match><data>\x3E </data></match></read>
		<write echo="ascii"><data>noIhs = awtfW5h + awtfW5h\n</data></write>
		<read echo="ascii"><delim> </delim><match><data>\x3E </data></match></read>
		<write echo="ascii"><data>1QZhvxJ2 = SUT2ii ^ XdIIuAe\n</data></write>
		<read echo="ascii"><delim> </delim><match><data>\x3E </data></match></read>
		<write echo="ascii"><data>fvq6ImJ = |"cKd4yW","x1ju","NHoBl5q","6s4","QRXZ3","HkDNkci"|^|"UZ1","0MWP","HkDNkci","NHoBl5q","RQT5oma","wU","E3B"|\n</data></write>
		<read echo="ascii"><delim> </delim><match><data>\x3E </data></match></read>
		<write echo="ascii"><data>TaIAIVxy33 = plstqq ^ vvtPKUI\n</data></write>
		<read echo="ascii"><delim> </delim><match><data>\x3E </data></match></read>
		<write echo="ascii"><data>.p\n</data></write>
<read echo="ascii"><delim>\n</delim><match><data>hi8cM = |"43c","1S","m9DD","DU","F","rVe6TT","ye98N","m","H"|\n</data></match></read>
<read echo="ascii"><delim>\n</delim><match><data>XdIIuAe = ||\n</data></match></read>
<read echo="ascii"><delim>\n</delim><match><data>AEDSDGHPv = ||\n</data></match></read>
<read echo="ascii"><delim>\n</delim><match><data>awtfW5h = |"43c","1S","m9DD","DU","F","rVe6TT","ye98N","m","H"|\n</data></match></read>
<read echo="ascii"><delim>\n</delim><match><data>plstqq = |"pOl","jV","WpHc","rVBp1","E","hv18","2"|\n</data></match></read>
<read echo="ascii"><delim>\n</delim><match><data>SUT2ii = ||\n</data></match></read>
<read echo="ascii"><delim>\n</delim><match><data>vvtPKUI = |"KZ6j"|\n</data></match></read>
<read echo="ascii"><delim>\n</delim><match><data>noIhs = |"43c","1S","m9DD","DU","F","rVe6TT","ye98N","m","H"|\n</data></match></read>
<read echo="ascii"><delim>\n</delim><match><data>1QZhvxJ2 = ||\n</data></match></read>
<read echo="ascii"><delim>\n</delim><match><data>fvq6ImJ = |"NHoBl5q","HkDNkci"|\n</data></match></read>
<read echo="ascii"><delim>\n</delim><match><data>TaIAIVxy33 = ||\n</data></match></read>
		<read echo="ascii"><delim> </delim><match><data>\x3E </data></match></read>
		<write echo="ascii"><data>.l\n</data></write>
	</replay>
</pov>
