<?xml version="1.0" standalone="no" ?>
<!DOCTYPE pov SYSTEM "/usr/share/cgc-docs/replay.dtd"><pov>
	<cbid>CROMU_00011</cbid>
	<replay>
		<read echo="ascii"><delim> </delim><match><data>\x3E </data></match></read>
		<write echo="ascii"><data>cwoeo = |"O1hMS8","D3WKEmQ"|^|"M1eH0tS","WgD3","ddqmDmT","dWCLE2f","pZPVCyZ","sHV","D3WKEmQ"|\n</data></write>
		<read echo="ascii"><delim> </delim><match><data>\x3E </data></match></read>
		<write echo="ascii"><data>gbVTIo = |"of","1Kvda5","g0","1cyI"|+|"xW","kgSNBI","4EWtM","BHR","of","Hu","P4"|\n</data></write>
		<read echo="ascii"><delim> </delim><match><data>\x3E </data></match></read>
		<write echo="ascii"><data>9yQfkSZ = |"4U9bkS","bjEPFC"|+|"y6R0BVF","G4a","l2iO","rx","4","bjEPFC","DBu"|\n</data></write>
		<read echo="ascii"><delim> </delim><match><data>\x3E </data></match></read>
		<write echo="ascii"><data>FPXAu = |"tr8Sv9"|+|"GFwWqEg","5zB3","AMcj","TAevnMk","O","x8ga","RwG"|\n</data></write>
		<read echo="ascii"><delim> </delim><match><data>\x3E </data></match></read>
		<write echo="ascii"><data>cwEx7oy = gbVTIo - 9yQfkSZ\n</data></write>
		<read echo="ascii"><delim> </delim><match><data>\x3E </data></match></read>
		<write echo="ascii"><data>ulQnT = |"BqCi9X","Hy","lET1","M","0JIdWCU","R"|+|"PZLhLa","lET1"|\n</data></write>
		<read echo="ascii"><delim> </delim><match><data>\x3E </data></match></read>
		<write echo="ascii"><data>0IKyDZG = ulQnT - cwoeo\n</data></write>
		<read echo="ascii"><delim> </delim><match><data>\x3E </data></match></read>
		<write echo="ascii"><data>YN07B = |"tbU","PWQ","NPmL","lBHOH1","PrAk2c9","vVC"|\n</data></write>
		<read echo="ascii"><delim> </delim><match><data>\x3E </data></match></read>
		<write echo="ascii"><data>BDcjo6e = |"tbU"|\n</data></write>
		<read echo="ascii"><delim> </delim><match><data>\x3E </data></match></read>
		<write echo="ascii"><data>BDcjo6e@YN07B\n</data></write>
		<read echo="ascii"><delim>\n</delim><match><data>TRUE\n</data></match></read>
		<read echo="ascii"><delim> </delim><match><data>\x3E </data></match></read>
		<write echo="ascii"><data>vN1W7GJ = |"OGC","6Iw","aq"|^|"nqEyu","7gVit","iz","3tF","zpPnc"|\n</data></write>
		<read echo="ascii"><delim> </delim><match><data>\x3E </data></match></read>
		<write echo="ascii"><data>5m9WX = |"CCky3"|~|"jsyVDNx","SgNE","IdY83o","Gq9B8HY","ubLwjS8"|\n</data></write>
		<read echo="ascii"><delim> </delim><match><data>\x3E </data></match></read>
		<write echo="ascii"><data>6zXyH9 = cwEx7oy - 0IKyDZG\n</data></write>
		<read echo="ascii"><delim> </delim><match><data>\x3E </data></match></read>
		<write echo="ascii"><data>.p\n</data></write>
<read echo="ascii"><delim>\n</delim><match><data>cwoeo = |"D3WKEmQ"|\n</data></match></read>
<read echo="ascii"><delim>\n</delim><match><data>gbVTIo = |"of","1Kvda5","g0","1cyI","xW","kgSNBI","4EWtM","BHR","Hu","P4"|\n</data></match></read>
<read echo="ascii"><delim>\n</delim><match><data>9yQfkSZ = |"4U9bkS","bjEPFC","y6R0BVF","G4a","l2iO","rx","4","DBu"|\n</data></match></read>
<read echo="ascii"><delim>\n</delim><match><data>FPXAu = |"tr8Sv9","GFwWqEg","5zB3","AMcj","TAevnMk","O","x8ga","RwG"|\n</data></match></read>
<read echo="ascii"><delim>\n</delim><match><data>cwEx7oy = |"of","1Kvda5","g0","1cyI","xW","kgSNBI","4EWtM","BHR","Hu","P4"|\n</data></match></read>
<read echo="ascii"><delim>\n</delim><match><data>ulQnT = |"BqCi9X","Hy","lET1","M","0JIdWCU","R","PZLhLa"|\n</data></match></read>
<read echo="ascii"><delim>\n</delim><match><data>0IKyDZG = |"BqCi9X","Hy","lET1","M","0JIdWCU","R","PZLhLa"|\n</data></match></read>
<read echo="ascii"><delim>\n</delim><match><data>YN07B = |"tbU","PWQ","NPmL","lBHOH1","PrAk2c9","vVC"|\n</data></match></read>
<read echo="ascii"><delim>\n</delim><match><data>BDcjo6e = |"tbU"|\n</data></match></read>
<read echo="ascii"><delim>\n</delim><match><data>vN1W7GJ = ||\n</data></match></read>
<read echo="ascii"><delim>\n</delim><match><data>5m9WX = |"CCky3","jsyVDNx","SgNE","IdY83o","Gq9B8HY","ubLwjS8"|\n</data></match></read>
<read echo="ascii"><delim>\n</delim><match><data>6zXyH9 = |"of","1Kvda5","g0","1cyI","xW","kgSNBI","4EWtM","BHR","Hu","P4"|\n</data></match></read>
		<read echo="ascii"><delim> </delim><match><data>\x3E </data></match></read>
		<write echo="ascii"><data>.l\n</data></write>
	</replay>
</pov>
