<?xml version="1.0" standalone="no" ?>
<!DOCTYPE pov SYSTEM "/usr/share/cgc-docs/replay.dtd"><pov>
	<cbid>CROMU_00011</cbid>
	<replay>
		<read echo="ascii"><delim> </delim><match><data>\x3E </data></match></read>
		<write echo="ascii"><data>BQxVIJE = |"Y8","6","BLR1E","2iZ","h"|-|"2iZ","R0CI","h","r","NoeT","z2Z1cQ","ulB"|\n</data></write>
		<read echo="ascii"><delim> </delim><match><data>\x3E </data></match></read>
		<write echo="ascii"><data>MtPX2c = BQxVIJE - BQxVIJE\n</data></write>
		<read echo="ascii"><delim> </delim><match><data>\x3E </data></match></read>
		<write echo="ascii"><data>YCLyX = MtPX2c ^ MtPX2c\n</data></write>
		<read echo="ascii"><delim> </delim><match><data>\x3E </data></match></read>
		<write echo="ascii"><data>47xod0g = |"8YpV","xh4Z"|^|"IcGkb","l5K15","xh4Z"|\n</data></write>
		<read echo="ascii"><delim> </delim><match><data>\x3E </data></match></read>
		<write echo="ascii"><data>VpDME9 = |"CzJEk1","8"|+|"vcJx","vdPqRU","k","QEKdfa","lI"|\n</data></write>
		<read echo="ascii"><delim> </delim><match><data>\x3E </data></match></read>
		<write echo="ascii"><data>6VX9Pg = |"FO1w","ar0Onu"|~|"johGnz","B"|\n</data></write>
		<read echo="ascii"><delim> </delim><match><data>\x3E </data></match></read>
		<write echo="ascii"><data>WvDNP = |"fNzD","qDFaFe"|^|"2w","Ayy"|\n</data></write>
		<read echo="ascii"><delim> </delim><match><data>\x3E </data></match></read>
		<write echo="ascii"><data>aVOQDv = MtPX2c + YCLyX\n</data></write>
		<read echo="ascii"><delim> </delim><match><data>\x3E </data></match></read>
		<write echo="ascii"><data>RMM4DIs = |"Py","pL8","PNJ"|-|"iu","Q","R8ZQcI","e8","Py","TL"|\n</data></write>
		<read echo="ascii"><delim> </delim><match><data>\x3E </data></match></read>
		<write echo="ascii"><data>Vf92bT = |"FsekS2","rltapw"|+|"Xq"|\n</data></write>
		<read echo="ascii"><delim> </delim><match><data>\x3E </data></match></read>
		<write echo="ascii"><data>.p\n</data></write>
<read echo="ascii"><delim>\n</delim><match><data>BQxVIJE = |"Y8","6","BLR1E"|\n</data></match></read>
<read echo="ascii"><delim>\n</delim><match><data>MtPX2c = ||\n</data></match></read>
<read echo="ascii"><delim>\n</delim><match><data>YCLyX = ||\n</data></match></read>
<read echo="ascii"><delim>\n</delim><match><data>47xod0g = |"xh4Z"|\n</data></match></read>
<read echo="ascii"><delim>\n</delim><match><data>VpDME9 = |"CzJEk1","8","vcJx","vdPqRU","k","QEKdfa","lI"|\n</data></match></read>
<read echo="ascii"><delim>\n</delim><match><data>6VX9Pg = |"FO1w","ar0Onu","johGnz","B"|\n</data></match></read>
<read echo="ascii"><delim>\n</delim><match><data>WvDNP = ||\n</data></match></read>
<read echo="ascii"><delim>\n</delim><match><data>aVOQDv = ||\n</data></match></read>
<read echo="ascii"><delim>\n</delim><match><data>RMM4DIs = |"pL8","PNJ"|\n</data></match></read>
<read echo="ascii"><delim>\n</delim><match><data>Vf92bT = |"FsekS2","rltapw","Xq"|\n</data></match></read>
		<read echo="ascii"><delim> </delim><match><data>\x3E </data></match></read>
		<write echo="ascii"><data>.l\n</data></write>
	</replay>
</pov>
