<?xml version="1.0" standalone="no" ?>
<!DOCTYPE pov SYSTEM "/usr/share/cgc-docs/replay.dtd"><pov>
	<cbid>CROMU_00011</cbid>
	<replay>
		<read echo="ascii"><delim> </delim><match><data>\x3E </data></match></read>
		<write echo="ascii"><data>fS8yNH = |"jcRe","o8","az","NaES","yJvlId","ob","S04SyP","z1","zI8yqp4","Jb"|\n</data></write>
		<read echo="ascii"><delim> </delim><match><data>\x3E </data></match></read>
		<write echo="ascii"><data>qZ7ra6j = |"Jb","yJvlId","o8"|\n</data></write>
		<read echo="ascii"><delim> </delim><match><data>\x3E </data></match></read>
		<write echo="ascii"><data>qZ7ra6j@fS8yNH\n</data></write>
		<read echo="ascii"><delim>\n</delim><match><data>TRUE\n</data></match></read>
		<read echo="ascii"><delim> </delim><match><data>\x3E </data></match></read>
		<write echo="ascii"><data>d1oqv4 = |"kW1CKS","O"|~|"U2pAH","OJg","Lkz9bDu","O"|\n</data></write>
		<read echo="ascii"><delim> </delim><match><data>\x3E </data></match></read>
		<write echo="ascii"><data>4jSzU8 = d1oqv4 + fS8yNH\n</data></write>
		<read echo="ascii"><delim> </delim><match><data>\x3E </data></match></read>
		<write echo="ascii"><data>ddFGjD = |"6U","YK4","JUu","g0sAN","ZKb","PcUohx","nsHY","oYlxOgj","3xPo212","65C"|\n</data></write>
		<read echo="ascii"><delim> </delim><match><data>\x3E </data></match></read>
		<write echo="ascii"><data>b0Yyws = |"6U","oYlxOgj","PcUohx","tRBOsgikvX"|\n</data></write>
		<read echo="ascii"><delim> </delim><match><data>\x3E </data></match></read>
		<write echo="ascii"><data>b0Yyws@ddFGjD\n</data></write>
		<read echo="ascii"><delim>\n</delim><match><data>FALSE\n</data></match></read>
		<read echo="ascii"><delim> </delim><match><data>\x3E </data></match></read>
		<write echo="ascii"><data>LeJzvv = |"r","hOBuZaU","uybKC","3aE","At5","8"|-|"LZvCM","THFs","glrsai","hIG3OV0"|\n</data></write>
		<read echo="ascii"><delim> </delim><match><data>\x3E </data></match></read>
		<write echo="ascii"><data>BDXJQu = d1oqv4 - fS8yNH\n</data></write>
		<read echo="ascii"><delim> </delim><match><data>\x3E </data></match></read>
		<write echo="ascii"><data>ZbxI4LL = ddFGjD ^ BDXJQu\n</data></write>
		<read echo="ascii"><delim> </delim><match><data>\x3E </data></match></read>
		<write echo="ascii"><data>yMeQe6uTbR = qZ7ra6j ^ d1oqv4\n</data></write>
		<read echo="ascii"><delim> </delim><match><data>\x3E </data></match></read>
		<write echo="ascii"><data>NPkeh6B = |"vnLwQh0","1T","BSUmrP","FqYH0"|-|"BSUmrP","rwNW","3UE0","481v70","XMlGHI","otp4dE"|\n</data></write>
		<read echo="ascii"><delim> </delim><match><data>\x3E </data></match></read>
		<write echo="ascii"><data>zLaEc = |"GbD8","EfcwUf","3BA7","tXay31a","weKbpo"|~|"D5pCzB"|\n</data></write>
		<read echo="ascii"><delim> </delim><match><data>\x3E </data></match></read>
		<write echo="ascii"><data>uHo8AwE = LeJzvv + d1oqv4\n</data></write>
		<read echo="ascii"><delim> </delim><match><data>\x3E </data></match></read>
		<write echo="ascii"><data>Hhn9qJ8 = d1oqv4 ^ qZ7ra6j\n</data></write>
		<read echo="ascii"><delim> </delim><match><data>\x3E </data></match></read>
		<write echo="ascii"><data>hCt5Hl7 = |"Dlh","bsJ","hEaYzQj","U28F6I2"|+|"s34EzI","A"|\n</data></write>
		<read echo="ascii"><delim> </delim><match><data>\x3E </data></match></read>
		<write echo="ascii"><data>kNP0C = BDXJQu - yMeQe6uTbR\n</data></write>
		<read echo="ascii"><delim> </delim><match><data>\x3E </data></match></read>
		<write echo="ascii"><data>.p\n</data></write>
<read echo="ascii"><delim>\n</delim><match><data>fS8yNH = |"jcRe","o8","az","NaES","yJvlId","ob","S04SyP","z1","zI8yqp4","Jb"|\n</data></match></read>
<read echo="ascii"><delim>\n</delim><match><data>qZ7ra6j = |"Jb","yJvlId","o8"|\n</data></match></read>
<read echo="ascii"><delim>\n</delim><match><data>d1oqv4 = |"kW1CKS","U2pAH","OJg","Lkz9bDu"|\n</data></match></read>
<read echo="ascii"><delim>\n</delim><match><data>4jSzU8 = |"kW1CKS","U2pAH","OJg","Lkz9bDu","jcRe","o8","az","NaES","yJvlId","ob","S04SyP","z1","zI8yqp4","Jb"|\n</data></match></read>
<read echo="ascii"><delim>\n</delim><match><data>ddFGjD = |"6U","YK4","JUu","g0sAN","ZKb","PcUohx","nsHY","oYlxOgj","3xPo212","65C"|\n</data></match></read>
<read echo="ascii"><delim>\n</delim><match><data>b0Yyws = |"6U","oYlxOgj","PcUohx","tRBOsgikvX"|\n</data></match></read>
<read echo="ascii"><delim>\n</delim><match><data>LeJzvv = |"r","hOBuZaU","uybKC","3aE","At5","8"|\n</data></match></read>
<read echo="ascii"><delim>\n</delim><match><data>BDXJQu = |"kW1CKS","U2pAH","OJg","Lkz9bDu"|\n</data></match></read>
<read echo="ascii"><delim>\n</delim><match><data>ZbxI4LL = ||\n</data></match></read>
<read echo="ascii"><delim>\n</delim><match><data>yMeQe6uTbR = ||\n</data></match></read>
<read echo="ascii"><delim>\n</delim><match><data>NPkeh6B = |"vnLwQh0","1T","FqYH0"|\n</data></match></read>
<read echo="ascii"><delim>\n</delim><match><data>zLaEc = |"GbD8","EfcwUf","3BA7","tXay31a","weKbpo","D5pCzB"|\n</data></match></read>
<read echo="ascii"><delim>\n</delim><match><data>uHo8AwE = |"r","hOBuZaU","uybKC","3aE","At5","8","kW1CKS","U2pAH","OJg","Lkz9bDu"|\n</data></match></read>
<read echo="ascii"><delim>\n</delim><match><data>Hhn9qJ8 = ||\n</data></match></read>
<read echo="ascii"><delim>\n</delim><match><data>hCt5Hl7 = |"Dlh","bsJ","hEaYzQj","U28F6I2","s34EzI","A"|\n</data></match></read>
<read echo="ascii"><delim>\n</delim><match><data>kNP0C = |"kW1CKS","U2pAH","OJg","Lkz9bDu"|\n</data></match></read>
		<read echo="ascii"><delim> </delim><match><data>\x3E </data></match></read>
		<write echo="ascii"><data>.l\n</data></write>
	</replay>
</pov>
