<?xml version="1.0" standalone="no" ?>
<!DOCTYPE pov SYSTEM "/usr/share/cgc-docs/replay.dtd"><pov>
	<cbid>CROMU_00011</cbid>
	<replay>
		<read echo="ascii"><delim> </delim><match><data>\x3E </data></match></read>
		<write echo="ascii"><data>PDXdY87 = |"bNgwCU","gUL5","RlSCSUM","ZQC7","D9fsf0D","b5OgujD","iuU64e"|\n</data></write>
		<read echo="ascii"><delim> </delim><match><data>\x3E </data></match></read>
		<write echo="ascii"><data>M0hx8dR = |"b5OgujD","D9fsf0D","iuU64e"|\n</data></write>
		<read echo="ascii"><delim> </delim><match><data>\x3E </data></match></read>
		<write echo="ascii"><data>M0hx8dR@PDXdY87\n</data></write>
		<read echo="ascii"><delim>\n</delim><match><data>TRUE\n</data></match></read>
		<read echo="ascii"><delim> </delim><match><data>\x3E </data></match></read>
		<write echo="ascii"><data>5ferl1u = M0hx8dR - M0hx8dR\n</data></write>
		<read echo="ascii"><delim> </delim><match><data>\x3E </data></match></read>
		<write echo="ascii"><data>ggTBLgl = M0hx8dR - 5ferl1u\n</data></write>
		<read echo="ascii"><delim> </delim><match><data>\x3E </data></match></read>
		<write echo="ascii"><data>ddqv5WB = |"gw9Zl","791i","BGarZzx","QmaRhCL","IS8oQas","yHE","RGWV","lrEvB","a3"|\n</data></write>
		<read echo="ascii"><delim> </delim><match><data>\x3E </data></match></read>
		<write echo="ascii"><data>jy0e3Bf = |"BGarZzx"|\n</data></write>
		<read echo="ascii"><delim> </delim><match><data>\x3E </data></match></read>
		<write echo="ascii"><data>jy0e3Bf@ddqv5WB\n</data></write>
		<read echo="ascii"><delim>\n</delim><match><data>TRUE\n</data></match></read>
		<read echo="ascii"><delim> </delim><match><data>\x3E </data></match></read>
		<write echo="ascii"><data>zwDpGCF = ggTBLgl + 5ferl1u\n</data></write>
		<read echo="ascii"><delim> </delim><match><data>\x3E </data></match></read>
		<write echo="ascii"><data>WFT9ME0r2 = PDXdY87 ^ ggTBLgl\n</data></write>
		<read echo="ascii"><delim> </delim><match><data>\x3E </data></match></read>
		<write echo="ascii"><data>re9w3K = |"F8I","jjbhL","FwJ","6uQWRj","0LptYp","we99"|~|"NeVym"|\n</data></write>
		<read echo="ascii"><delim> </delim><match><data>\x3E </data></match></read>
		<write echo="ascii"><data>E5dHHF = ggTBLgl ^ zwDpGCF\n</data></write>
		<read echo="ascii"><delim> </delim><match><data>\x3E </data></match></read>
		<write echo="ascii"><data>6iM6pBf = |"K","KAJt","QZS4Y2","H"|+|"rr7uk","5pre9","m5S","KAJt","rQxOxd","R","WO8"|\n</data></write>
		<read echo="ascii"><delim> </delim><match><data>\x3E </data></match></read>
		<write echo="ascii"><data>wcKdx0J = zwDpGCF ^ E5dHHF\n</data></write>
		<read echo="ascii"><delim> </delim><match><data>\x3E </data></match></read>
		<write echo="ascii"><data>CI5BgUJ = ggTBLgl ^ WFT9ME0r2\n</data></write>
		<read echo="ascii"><delim> </delim><match><data>\x3E </data></match></read>
		<write echo="ascii"><data>eRuo1L = jy0e3Bf - M0hx8dR\n</data></write>
		<read echo="ascii"><delim> </delim><match><data>\x3E </data></match></read>
		<write echo="ascii"><data>.p\n</data></write>
<read echo="ascii"><delim>\n</delim><match><data>PDXdY87 = |"bNgwCU","gUL5","RlSCSUM","ZQC7","D9fsf0D","b5OgujD","iuU64e"|\n</data></match></read>
<read echo="ascii"><delim>\n</delim><match><data>M0hx8dR = |"b5OgujD","D9fsf0D","iuU64e"|\n</data></match></read>
<read echo="ascii"><delim>\n</delim><match><data>5ferl1u = ||\n</data></match></read>
<read echo="ascii"><delim>\n</delim><match><data>ggTBLgl = |"b5OgujD","D9fsf0D","iuU64e"|\n</data></match></read>
<read echo="ascii"><delim>\n</delim><match><data>ddqv5WB = |"gw9Zl","791i","BGarZzx","QmaRhCL","IS8oQas","yHE","RGWV","lrEvB","a3"|\n</data></match></read>
<read echo="ascii"><delim>\n</delim><match><data>jy0e3Bf = |"BGarZzx"|\n</data></match></read>
<read echo="ascii"><delim>\n</delim><match><data>zwDpGCF = |"b5OgujD","D9fsf0D","iuU64e"|\n</data></match></read>
<read echo="ascii"><delim>\n</delim><match><data>WFT9ME0r2 = |"D9fsf0D","b5OgujD","iuU64e"|\n</data></match></read>
<read echo="ascii"><delim>\n</delim><match><data>re9w3K = |"F8I","jjbhL","FwJ","6uQWRj","0LptYp","we99","NeVym"|\n</data></match></read>
<read echo="ascii"><delim>\n</delim><match><data>E5dHHF = |"b5OgujD","D9fsf0D","iuU64e"|\n</data></match></read>
<read echo="ascii"><delim>\n</delim><match><data>6iM6pBf = |"K","KAJt","QZS4Y2","H","rr7uk","5pre9","m5S","rQxOxd","R","WO8"|\n</data></match></read>
<read echo="ascii"><delim>\n</delim><match><data>wcKdx0J = |"b5OgujD","D9fsf0D","iuU64e"|\n</data></match></read>
<read echo="ascii"><delim>\n</delim><match><data>CI5BgUJ = |"b5OgujD","D9fsf0D","iuU64e"|\n</data></match></read>
<read echo="ascii"><delim>\n</delim><match><data>eRuo1L = |"BGarZzx"|\n</data></match></read>
		<read echo="ascii"><delim> </delim><match><data>\x3E </data></match></read>
		<write echo="ascii"><data>.l\n</data></write>
	</replay>
</pov>
