<?xml version="1.0" standalone="no" ?>
<!DOCTYPE pov SYSTEM "/usr/share/cgc-docs/replay.dtd"><pov>
	<cbid>CROMU_00011</cbid>
	<replay>
		<read echo="ascii"><delim> </delim><match><data>\x3E </data></match></read>
		<write echo="ascii"><data>l23LuTf = |"rGGJC"|~|"MjO4"|\n</data></write>
		<read echo="ascii"><delim> </delim><match><data>\x3E </data></match></read>
		<write echo="ascii"><data>5dRrR = |"Eq","shmg","gPyv","CiL","AIiz"|~|"shmg","Sderg","eYq","Eq","AIiz"|\n</data></write>
		<read echo="ascii"><delim> </delim><match><data>\x3E </data></match></read>
		<write echo="ascii"><data>tSlzs = |"b1H","cTJ","Ye","pxbZm","qC","gxL5","FCVH"|^|"cTJ","QbA","qC"|\n</data></write>
		<read echo="ascii"><delim> </delim><match><data>\x3E </data></match></read>
		<write echo="ascii"><data>hpVOiEl = |"SR","iu","dEin"|-|"P","dEin","Eay","kzdzWx","s3RJY"|\n</data></write>
		<read echo="ascii"><delim> </delim><match><data>\x3E </data></match></read>
		<write echo="ascii"><data>WZEZo = l23LuTf - hpVOiEl\n</data></write>
		<read echo="ascii"><delim> </delim><match><data>\x3E </data></match></read>
		<write echo="ascii"><data>pCmlz = |"NN5","3sBg3bJ","i2","8vWm","fka"|^|"sAHaK0","MqG","8vWm","LI3R","bD","w171q","fka"|\n</data></write>
		<read echo="ascii"><delim> </delim><match><data>\x3E </data></match></read>
		<write echo="ascii"><data>reAeuuepa = pCmlz ^ WZEZo\n</data></write>
		<read echo="ascii"><delim> </delim><match><data>\x3E </data></match></read>
		<write echo="ascii"><data>dWRxZ = 5dRrR + tSlzs\n</data></write>
		<read echo="ascii"><delim> </delim><match><data>\x3E </data></match></read>
		<write echo="ascii"><data>VQ3546 = |"UihR","MU","aY4NN","i8JI","Yh","CZnq","Je","jU"|\n</data></write>
		<read echo="ascii"><delim> </delim><match><data>\x3E </data></match></read>
		<write echo="ascii"><data>G58jV = |"Je","CZnq","UihR","jU","MU","aY4NN","4yVNwAfp2s"|\n</data></write>
		<read echo="ascii"><delim> </delim><match><data>\x3E </data></match></read>
		<write echo="ascii"><data>G58jV@VQ3546\n</data></write>
		<read echo="ascii"><delim>\n</delim><match><data>FALSE\n</data></match></read>
		<read echo="ascii"><delim> </delim><match><data>\x3E </data></match></read>
		<write echo="ascii"><data>PHzAvqhb1m = WZEZo ^ G58jV\n</data></write>
		<read echo="ascii"><delim> </delim><match><data>\x3E </data></match></read>
		<write echo="ascii"><data>p38frA = PHzAvqhb1m + pCmlz\n</data></write>
		<read echo="ascii"><delim> </delim><match><data>\x3E </data></match></read>
		<write echo="ascii"><data>.p\n</data></write>
<read echo="ascii"><delim>\n</delim><match><data>l23LuTf = |"rGGJC","MjO4"|\n</data></match></read>
<read echo="ascii"><delim>\n</delim><match><data>5dRrR = |"gPyv","CiL","Sderg","eYq"|\n</data></match></read>
<read echo="ascii"><delim>\n</delim><match><data>tSlzs = |"cTJ","qC"|\n</data></match></read>
<read echo="ascii"><delim>\n</delim><match><data>hpVOiEl = |"SR","iu"|\n</data></match></read>
<read echo="ascii"><delim>\n</delim><match><data>WZEZo = |"rGGJC","MjO4"|\n</data></match></read>
<read echo="ascii"><delim>\n</delim><match><data>pCmlz = |"8vWm","fka"|\n</data></match></read>
<read echo="ascii"><delim>\n</delim><match><data>reAeuuepa = ||\n</data></match></read>
<read echo="ascii"><delim>\n</delim><match><data>dWRxZ = |"gPyv","CiL","Sderg","eYq","cTJ","qC"|\n</data></match></read>
<read echo="ascii"><delim>\n</delim><match><data>VQ3546 = |"UihR","MU","aY4NN","i8JI","Yh","CZnq","Je","jU"|\n</data></match></read>
<read echo="ascii"><delim>\n</delim><match><data>G58jV = |"Je","CZnq","UihR","jU","MU","aY4NN","4yVNwAfp2s"|\n</data></match></read>
<read echo="ascii"><delim>\n</delim><match><data>PHzAvqhb1m = ||\n</data></match></read>
<read echo="ascii"><delim>\n</delim><match><data>p38frA = |"8vWm","fka"|\n</data></match></read>
		<read echo="ascii"><delim> </delim><match><data>\x3E </data></match></read>
		<write echo="ascii"><data>.l\n</data></write>
	</replay>
</pov>
