<?xml version="1.0" standalone="no" ?>
<!DOCTYPE pov SYSTEM "/usr/share/cgc-docs/replay.dtd"><pov>
	<cbid>CROMU_00011</cbid>
	<replay>
		<read echo="ascii"><delim> </delim><match><data>\x3E </data></match></read>
		<write echo="ascii"><data>JGP88Y = |"PrQ","gkc","wEbzsg","J4","30q","AQka7Mu","om0","0Ao","uwjI","Ey"|\n</data></write>
		<read echo="ascii"><delim> </delim><match><data>\x3E </data></match></read>
		<write echo="ascii"><data>D4SeQ = |"AQka7Mu","30q","4Ti7q7nmn2"|\n</data></write>
		<read echo="ascii"><delim> </delim><match><data>\x3E </data></match></read>
		<write echo="ascii"><data>D4SeQ@JGP88Y\n</data></write>
		<read echo="ascii"><delim>\n</delim><match><data>FALSE\n</data></match></read>
		<read echo="ascii"><delim> </delim><match><data>\x3E </data></match></read>
		<write echo="ascii"><data>L0hj7 = |"Avv1b","pXVPx7","Cz","WYyZu","2bD","bAe5","ZaLmDuf","qt6d3","l83","DnTG"|\n</data></write>
		<read echo="ascii"><delim> </delim><match><data>\x3E </data></match></read>
		<write echo="ascii"><data>q3Qs9DH = |"DnTG","Avv1b","ZaLmDuf","2bD","qt6d3","bAe5","pXVPx7","WYyZu","l83"|\n</data></write>
		<read echo="ascii"><delim> </delim><match><data>\x3E </data></match></read>
		<write echo="ascii"><data>q3Qs9DH@L0hj7\n</data></write>
		<read echo="ascii"><delim>\n</delim><match><data>TRUE\n</data></match></read>
		<read echo="ascii"><delim> </delim><match><data>\x3E </data></match></read>
		<write echo="ascii"><data>TVQUz = |"G","6TvuiUB","wIU","BtAkiEE","sCt7jt","PhxWhrZ"|+|"6TvuiUB","BtAkiEE","h2K2YQ","OrrhmxZ","wfeReWd"|\n</data></write>
		<read echo="ascii"><delim> </delim><match><data>\x3E </data></match></read>
		<write echo="ascii"><data>KbeGl5 = L0hj7 ~ q3Qs9DH\n</data></write>
		<read echo="ascii"><delim> </delim><match><data>\x3E </data></match></read>
		<write echo="ascii"><data>f5Evoet = KbeGl5 + q3Qs9DH\n</data></write>
		<read echo="ascii"><delim> </delim><match><data>\x3E </data></match></read>
		<write echo="ascii"><data>nCqL1Wb = |"1fa","sudk3D","1Vp9","MsOTdK","iXt","3gOG","F7jziOj"|+|"kDpmFTY"|\n</data></write>
		<read echo="ascii"><delim> </delim><match><data>\x3E </data></match></read>
		<write echo="ascii"><data>IopUiVI = |"zt3IzI6","A26Dil","Yaytb","FS","Kp"|~|"i62cjNI","o"|\n</data></write>
		<read echo="ascii"><delim> </delim><match><data>\x3E </data></match></read>
		<write echo="ascii"><data>RTO7NG = |"7PRvh","CMQftRE","uW4d","UevBs"|-|"a","uW4d","c3n4","QhwNJ"|\n</data></write>
		<read echo="ascii"><delim> </delim><match><data>\x3E </data></match></read>
		<write echo="ascii"><data>CcvWb3 = |"wz","q","bW3y"|~|"ZgKc","wz","TlRV8Qj","vHswhP","VQV2wb","Mta5T"|\n</data></write>
		<read echo="ascii"><delim> </delim><match><data>\x3E </data></match></read>
		<write echo="ascii"><data>.p\n</data></write>
<read echo="ascii"><delim>\n</delim><match><data>JGP88Y = |"PrQ","gkc","wEbzsg","J4","30q","AQka7Mu","om0","0Ao","uwjI","Ey"|\n</data></match></read>
<read echo="ascii"><delim>\n</delim><match><data>D4SeQ = |"AQka7Mu","30q","4Ti7q7nmn2"|\n</data></match></read>
<read echo="ascii"><delim>\n</delim><match><data>L0hj7 = |"Avv1b","pXVPx7","Cz","WYyZu","2bD","bAe5","ZaLmDuf","qt6d3","l83","DnTG"|\n</data></match></read>
<read echo="ascii"><delim>\n</delim><match><data>q3Qs9DH = |"DnTG","Avv1b","ZaLmDuf","2bD","qt6d3","bAe5","pXVPx7","WYyZu","l83"|\n</data></match></read>
<read echo="ascii"><delim>\n</delim><match><data>TVQUz = |"G","6TvuiUB","wIU","BtAkiEE","sCt7jt","PhxWhrZ","h2K2YQ","OrrhmxZ","wfeReWd"|\n</data></match></read>
<read echo="ascii"><delim>\n</delim><match><data>KbeGl5 = |"Cz"|\n</data></match></read>
<read echo="ascii"><delim>\n</delim><match><data>f5Evoet = |"Cz","DnTG","Avv1b","ZaLmDuf","2bD","qt6d3","bAe5","pXVPx7","WYyZu","l83"|\n</data></match></read>
<read echo="ascii"><delim>\n</delim><match><data>nCqL1Wb = |"1fa","sudk3D","1Vp9","MsOTdK","iXt","3gOG","F7jziOj","kDpmFTY"|\n</data></match></read>
<read echo="ascii"><delim>\n</delim><match><data>IopUiVI = |"zt3IzI6","A26Dil","Yaytb","FS","Kp","i62cjNI","o"|\n</data></match></read>
<read echo="ascii"><delim>\n</delim><match><data>RTO7NG = |"7PRvh","CMQftRE","UevBs"|\n</data></match></read>
<read echo="ascii"><delim>\n</delim><match><data>CcvWb3 = |"q","bW3y","ZgKc","TlRV8Qj","vHswhP","VQV2wb","Mta5T"|\n</data></match></read>
		<read echo="ascii"><delim> </delim><match><data>\x3E </data></match></read>
		<write echo="ascii"><data>.l\n</data></write>
	</replay>
</pov>
