<?xml version="1.0" standalone="no" ?>
<!DOCTYPE pov SYSTEM "/usr/share/cgc-docs/replay.dtd"><pov>
	<cbid>CROMU_00011</cbid>
	<replay>
		<read echo="ascii"><delim> </delim><match><data>\x3E </data></match></read>
		<write echo="ascii"><data>mwgQhy0 = |"y5","S","3J9hR7","1AYIh","puIhI"|~|"k2LY"|\n</data></write>
		<read echo="ascii"><delim> </delim><match><data>\x3E </data></match></read>
		<write echo="ascii"><data>sdw3yfo = mwgQhy0 - mwgQhy0\n</data></write>
		<read echo="ascii"><delim> </delim><match><data>\x3E </data></match></read>
		<write echo="ascii"><data>wKiVV = mwgQhy0 - sdw3yfo\n</data></write>
		<read echo="ascii"><delim> </delim><match><data>\x3E </data></match></read>
		<write echo="ascii"><data>T72iI7 = wKiVV + wKiVV\n</data></write>
		<read echo="ascii"><delim> </delim><match><data>\x3E </data></match></read>
		<write echo="ascii"><data>YNvvxJ = |"qC","or","iFve6","wNQjD2","7i","XUxy","jAY7Oe"|\n</data></write>
		<read echo="ascii"><delim> </delim><match><data>\x3E </data></match></read>
		<write echo="ascii"><data>9Ot24b7 = |"wNQjD2","iFve6","hj0Khe4Bhe"|\n</data></write>
		<read echo="ascii"><delim> </delim><match><data>\x3E </data></match></read>
		<write echo="ascii"><data>9Ot24b7@YNvvxJ\n</data></write>
		<read echo="ascii"><delim>\n</delim><match><data>FALSE\n</data></match></read>
		<read echo="ascii"><delim> </delim><match><data>\x3E </data></match></read>
		<write echo="ascii"><data>PswwL7S = |"V1OT"|+|"O","qSwb3FP","mktXbT","1hXSK","5KW19vc"|\n</data></write>
		<read echo="ascii"><delim> </delim><match><data>\x3E </data></match></read>
		<write echo="ascii"><data>kyZ8q = |"M4Gu","ZK9","wG6O4"|-|"GH","wG6O4","cM5","yEY"|\n</data></write>
		<read echo="ascii"><delim> </delim><match><data>\x3E </data></match></read>
		<write echo="ascii"><data>nnYnJaD = T72iI7 - wKiVV\n</data></write>
		<read echo="ascii"><delim> </delim><match><data>\x3E </data></match></read>
		<write echo="ascii"><data>CgNy3VK = mwgQhy0 ~ nnYnJaD\n</data></write>
		<read echo="ascii"><delim> </delim><match><data>\x3E </data></match></read>
		<write echo="ascii"><data>9FVMIr6 = wKiVV ~ nnYnJaD\n</data></write>
		<read echo="ascii"><delim> </delim><match><data>\x3E </data></match></read>
		<write echo="ascii"><data>EA3fS = |"HODYzB","xW","afwn"|^|"a7phdTt","FfVd","U5Q","BIqf","HODYzB"|\n</data></write>
		<read echo="ascii"><delim> </delim><match><data>\x3E </data></match></read>
		<write echo="ascii"><data>Rw9glt = |"ait","QaHLqB"|^|"UE2x","KM","g6x","kl74","VRhmgEw","bA","qLpaHZ"|\n</data></write>
		<read echo="ascii"><delim> </delim><match><data>\x3E </data></match></read>
		<write echo="ascii"><data>.p\n</data></write>
<read echo="ascii"><delim>\n</delim><match><data>mwgQhy0 = |"y5","S","3J9hR7","1AYIh","puIhI","k2LY"|\n</data></match></read>
<read echo="ascii"><delim>\n</delim><match><data>sdw3yfo = ||\n</data></match></read>
<read echo="ascii"><delim>\n</delim><match><data>wKiVV = |"y5","S","3J9hR7","1AYIh","puIhI","k2LY"|\n</data></match></read>
<read echo="ascii"><delim>\n</delim><match><data>T72iI7 = |"y5","S","3J9hR7","1AYIh","puIhI","k2LY"|\n</data></match></read>
<read echo="ascii"><delim>\n</delim><match><data>YNvvxJ = |"qC","or","iFve6","wNQjD2","7i","XUxy","jAY7Oe"|\n</data></match></read>
<read echo="ascii"><delim>\n</delim><match><data>9Ot24b7 = |"wNQjD2","iFve6","hj0Khe4Bhe"|\n</data></match></read>
<read echo="ascii"><delim>\n</delim><match><data>PswwL7S = |"V1OT","O","qSwb3FP","mktXbT","1hXSK","5KW19vc"|\n</data></match></read>
<read echo="ascii"><delim>\n</delim><match><data>kyZ8q = |"M4Gu","ZK9"|\n</data></match></read>
<read echo="ascii"><delim>\n</delim><match><data>nnYnJaD = ||\n</data></match></read>
<read echo="ascii"><delim>\n</delim><match><data>CgNy3VK = |"y5","S","3J9hR7","1AYIh","puIhI","k2LY"|\n</data></match></read>
<read echo="ascii"><delim>\n</delim><match><data>9FVMIr6 = |"y5","S","3J9hR7","1AYIh","puIhI","k2LY"|\n</data></match></read>
<read echo="ascii"><delim>\n</delim><match><data>EA3fS = |"HODYzB"|\n</data></match></read>
<read echo="ascii"><delim>\n</delim><match><data>Rw9glt = ||\n</data></match></read>
		<read echo="ascii"><delim> </delim><match><data>\x3E </data></match></read>
		<write echo="ascii"><data>.l\n</data></write>
	</replay>
</pov>
