<?xml version="1.0" standalone="no" ?>
<!DOCTYPE pov SYSTEM "/usr/share/cgc-docs/replay.dtd"><pov>
	<cbid>CROMU_00011</cbid>
	<replay>
		<read echo="ascii"><delim> </delim><match><data>\x3E </data></match></read>
		<write echo="ascii"><data>6SOF6x = |"uZen","lhO48","ELsv","dlDf","VVXG","Z6"|^|"Sv6Uj","SIIIp","hlOeSY","lhO48"|\n</data></write>
		<read echo="ascii"><delim> </delim><match><data>\x3E </data></match></read>
		<write echo="ascii"><data>yyA68TAK = 6SOF6x ^ 6SOF6x\n</data></write>
		<read echo="ascii"><delim> </delim><match><data>\x3E </data></match></read>
		<write echo="ascii"><data>3VrjFyO = |"Rivli","edqpn7","XlZrSi1","xr5R","yFaxj","oSvn","uM5N","FPR"|\n</data></write>
		<read echo="ascii"><delim> </delim><match><data>\x3E </data></match></read>
		<write echo="ascii"><data>ZRmQD = |"FPR","uM5N"|\n</data></write>
		<read echo="ascii"><delim> </delim><match><data>\x3E </data></match></read>
		<write echo="ascii"><data>ZRmQD@3VrjFyO\n</data></write>
		<read echo="ascii"><delim>\n</delim><match><data>TRUE\n</data></match></read>
		<read echo="ascii"><delim> </delim><match><data>\x3E </data></match></read>
		<write echo="ascii"><data>pYPJf = |"9Dy","wSnio"|^|"P03FyA1"|\n</data></write>
		<read echo="ascii"><delim> </delim><match><data>\x3E </data></match></read>
		<write echo="ascii"><data>BeVVrWL = yyA68TAK - 6SOF6x\n</data></write>
		<read echo="ascii"><delim> </delim><match><data>\x3E </data></match></read>
		<write echo="ascii"><data>1d4x0w8 = |"w","lzHRkJ","yc1yE"|-|"xq","tiu6","tWHoMS","sFE","kri"|\n</data></write>
		<read echo="ascii"><delim> </delim><match><data>\x3E </data></match></read>
		<write echo="ascii"><data>t1CtJ = |"L2","R4MLKc7","rbem","PD"|~|"SZ4","5INd6","Ezt","KFyHaE"|\n</data></write>
		<read echo="ascii"><delim> </delim><match><data>\x3E </data></match></read>
		<write echo="ascii"><data>FiCg1gX = |"BA","xTFlBF","XEYVO","eQ5t","Gq6pF","kCEF","3Q","8vq","JInkDOr"|\n</data></write>
		<read echo="ascii"><delim> </delim><match><data>\x3E </data></match></read>
		<write echo="ascii"><data>2jUh1 = |"3Q","Oh4vMRdpe2"|\n</data></write>
		<read echo="ascii"><delim> </delim><match><data>\x3E </data></match></read>
		<write echo="ascii"><data>2jUh1@FiCg1gX\n</data></write>
		<read echo="ascii"><delim>\n</delim><match><data>FALSE\n</data></match></read>
		<read echo="ascii"><delim> </delim><match><data>\x3E </data></match></read>
		<write echo="ascii"><data>IktCE = |"tgeYN","Hu","HUL"|-|"Hu","V91","i"|\n</data></write>
		<read echo="ascii"><delim> </delim><match><data>\x3E </data></match></read>
		<write echo="ascii"><data>kq3u1g = ZRmQD ^ BeVVrWL\n</data></write>
		<read echo="ascii"><delim> </delim><match><data>\x3E </data></match></read>
		<write echo="ascii"><data>.p\n</data></write>
<read echo="ascii"><delim>\n</delim><match><data>6SOF6x = |"lhO48"|\n</data></match></read>
<read echo="ascii"><delim>\n</delim><match><data>yyA68TAK = |"lhO48"|\n</data></match></read>
<read echo="ascii"><delim>\n</delim><match><data>3VrjFyO = |"Rivli","edqpn7","XlZrSi1","xr5R","yFaxj","oSvn","uM5N","FPR"|\n</data></match></read>
<read echo="ascii"><delim>\n</delim><match><data>ZRmQD = |"FPR","uM5N"|\n</data></match></read>
<read echo="ascii"><delim>\n</delim><match><data>pYPJf = ||\n</data></match></read>
<read echo="ascii"><delim>\n</delim><match><data>BeVVrWL = ||\n</data></match></read>
<read echo="ascii"><delim>\n</delim><match><data>1d4x0w8 = |"w","lzHRkJ","yc1yE"|\n</data></match></read>
<read echo="ascii"><delim>\n</delim><match><data>t1CtJ = |"L2","R4MLKc7","rbem","PD","SZ4","5INd6","Ezt","KFyHaE"|\n</data></match></read>
<read echo="ascii"><delim>\n</delim><match><data>FiCg1gX = |"BA","xTFlBF","XEYVO","eQ5t","Gq6pF","kCEF","3Q","8vq","JInkDOr"|\n</data></match></read>
<read echo="ascii"><delim>\n</delim><match><data>2jUh1 = |"3Q","Oh4vMRdpe2"|\n</data></match></read>
<read echo="ascii"><delim>\n</delim><match><data>IktCE = |"tgeYN","HUL"|\n</data></match></read>
<read echo="ascii"><delim>\n</delim><match><data>kq3u1g = ||\n</data></match></read>
		<read echo="ascii"><delim> </delim><match><data>\x3E </data></match></read>
		<write echo="ascii"><data>.l\n</data></write>
	</replay>
</pov>
