<?xml version="1.0" standalone="no" ?>
<!DOCTYPE pov SYSTEM "/usr/share/cgc-docs/replay.dtd"><pov>
	<cbid>CROMU_00011</cbid>
	<replay>
		<read echo="ascii"><delim> </delim><match><data>\x3E </data></match></read>
		<write echo="ascii"><data>vlCVm = |"NQwMlf","5"|~|"lLj4","Ld0E2sE","Xh1U","8lO1xwF","Nk","QpYsPt","X4hdhS"|\n</data></write>
		<read echo="ascii"><delim> </delim><match><data>\x3E </data></match></read>
		<write echo="ascii"><data>41qgSNf = |"KmA","Z5Xcp","cGv"|^|"xo05kd","cGv","c6","lN","CG9gln","xqO","VsG"|\n</data></write>
		<read echo="ascii"><delim> </delim><match><data>\x3E </data></match></read>
		<write echo="ascii"><data>5AclQ = |"R9","sUQ","VZNxz","n1Ud","fDefg","d1","p8xeV","dGM"|\n</data></write>
		<read echo="ascii"><delim> </delim><match><data>\x3E </data></match></read>
		<write echo="ascii"><data>XWCXHf = |"n1Ud","R9","dGM","p8xeV","d1","VZNxz"|\n</data></write>
		<read echo="ascii"><delim> </delim><match><data>\x3E </data></match></read>
		<write echo="ascii"><data>XWCXHf@5AclQ\n</data></write>
		<read echo="ascii"><delim>\n</delim><match><data>TRUE\n</data></match></read>
		<read echo="ascii"><delim> </delim><match><data>\x3E </data></match></read>
		<write echo="ascii"><data>t3NPvX = |"JOoT","TTKDnH5","cvkvBci","g5","zwV6v","F63Cc","YXW"|-|"JOoT","lby4K","u7pKLSG","zwV6v","k49MpcV","2q","TTKDnH5"|\n</data></write>
		<read echo="ascii"><delim> </delim><match><data>\x3E </data></match></read>
		<write echo="ascii"><data>Odjoh = XWCXHf + 5AclQ\n</data></write>
		<read echo="ascii"><delim> </delim><match><data>\x3E </data></match></read>
		<write echo="ascii"><data>JtZgZv = |"sJ","bFIP","dUtZ0q","rPaOPO","6MN","osIH","j"|+|"Ma7P","bsy","6MN","lJz3","j","sJ","Xd"|\n</data></write>
		<read echo="ascii"><delim> </delim><match><data>\x3E </data></match></read>
		<write echo="ascii"><data>fIyMoSrQE6 = 41qgSNf ^ vlCVm\n</data></write>
		<read echo="ascii"><delim> </delim><match><data>\x3E </data></match></read>
		<write echo="ascii"><data>SHkdo8 = |"ruemjS","F4p","2","K","aB6vZ1","Ln","DjU"|+|"Ln","fXbI","j9M5"|\n</data></write>
		<read echo="ascii"><delim> </delim><match><data>\x3E </data></match></read>
		<write echo="ascii"><data>Yj6hJ83 = |"pxP","3i0l","Vwiw","NJgTk","2fO"|-|"AuNsw","R7Z1I","t9FIF","5H8","pxP","qAt"|\n</data></write>
		<read echo="ascii"><delim> </delim><match><data>\x3E </data></match></read>
		<write echo="ascii"><data>8S22TD = |"ORk","7PQ3h","q9MfW","s0","D5ipFH","wnl7zTt","tha","ya","41LE0","EN6UDa"|\n</data></write>
		<read echo="ascii"><delim> </delim><match><data>\x3E </data></match></read>
		<write echo="ascii"><data>N6gb8 = |"EN6UDa","7PQ3h","ya","41LE0","tha"|\n</data></write>
		<read echo="ascii"><delim> </delim><match><data>\x3E </data></match></read>
		<write echo="ascii"><data>N6gb8@8S22TD\n</data></write>
		<read echo="ascii"><delim>\n</delim><match><data>TRUE\n</data></match></read>
		<read echo="ascii"><delim> </delim><match><data>\x3E </data></match></read>
		<write echo="ascii"><data>.p\n</data></write>
<read echo="ascii"><delim>\n</delim><match><data>vlCVm = |"NQwMlf","5","lLj4","Ld0E2sE","Xh1U","8lO1xwF","Nk","QpYsPt","X4hdhS"|\n</data></match></read>
<read echo="ascii"><delim>\n</delim><match><data>41qgSNf = |"cGv"|\n</data></match></read>
<read echo="ascii"><delim>\n</delim><match><data>5AclQ = |"R9","sUQ","VZNxz","n1Ud","fDefg","d1","p8xeV","dGM"|\n</data></match></read>
<read echo="ascii"><delim>\n</delim><match><data>XWCXHf = |"n1Ud","R9","dGM","p8xeV","d1","VZNxz"|\n</data></match></read>
<read echo="ascii"><delim>\n</delim><match><data>t3NPvX = |"cvkvBci","g5","F63Cc","YXW"|\n</data></match></read>
<read echo="ascii"><delim>\n</delim><match><data>Odjoh = |"n1Ud","R9","dGM","p8xeV","d1","VZNxz","sUQ","fDefg"|\n</data></match></read>
<read echo="ascii"><delim>\n</delim><match><data>JtZgZv = |"sJ","bFIP","dUtZ0q","rPaOPO","6MN","osIH","j","Ma7P","bsy","lJz3","Xd"|\n</data></match></read>
<read echo="ascii"><delim>\n</delim><match><data>fIyMoSrQE6 = ||\n</data></match></read>
<read echo="ascii"><delim>\n</delim><match><data>SHkdo8 = |"ruemjS","F4p","2","K","aB6vZ1","Ln","DjU","fXbI","j9M5"|\n</data></match></read>
<read echo="ascii"><delim>\n</delim><match><data>Yj6hJ83 = |"3i0l","Vwiw","NJgTk","2fO"|\n</data></match></read>
<read echo="ascii"><delim>\n</delim><match><data>8S22TD = |"ORk","7PQ3h","q9MfW","s0","D5ipFH","wnl7zTt","tha","ya","41LE0","EN6UDa"|\n</data></match></read>
<read echo="ascii"><delim>\n</delim><match><data>N6gb8 = |"EN6UDa","7PQ3h","ya","41LE0","tha"|\n</data></match></read>
		<read echo="ascii"><delim> </delim><match><data>\x3E </data></match></read>
		<write echo="ascii"><data>.l\n</data></write>
	</replay>
</pov>
