<?xml version="1.0" standalone="no" ?>
<!DOCTYPE pov SYSTEM "/usr/share/cgc-docs/replay.dtd"><pov>
	<cbid>CROMU_00011</cbid>
	<replay>
		<read echo="ascii"><delim> </delim><match><data>\x3E </data></match></read>
		<write echo="ascii"><data>iMg2VcB = |"CN9","9EFF","Z","zjnNeck","7iD","DSSa"|~|"iqcx","LY8bpyH","f7","6J","9u8","CE4B"|\n</data></write>
		<read echo="ascii"><delim> </delim><match><data>\x3E </data></match></read>
		<write echo="ascii"><data>KSUP4S = iMg2VcB ~ iMg2VcB\n</data></write>
		<read echo="ascii"><delim> </delim><match><data>\x3E </data></match></read>
		<write echo="ascii"><data>Uqszph = |"UGfvL","mKP1MW","AtfC"|+|"DiEYxa","AtfC","kPF","UGfvL","2"|\n</data></write>
		<read echo="ascii"><delim> </delim><match><data>\x3E </data></match></read>
		<write echo="ascii"><data>aNXhs = iMg2VcB - Uqszph\n</data></write>
		<read echo="ascii"><delim> </delim><match><data>\x3E </data></match></read>
		<write echo="ascii"><data>IVPTJXD = |"6ZizE5M","fqqkPUL","ZeCK","nK"|^|"vq","faWxvVe","7D8","T928g"|\n</data></write>
		<read echo="ascii"><delim> </delim><match><data>\x3E </data></match></read>
		<write echo="ascii"><data>Oa37u = Uqszph - Uqszph\n</data></write>
		<read echo="ascii"><delim> </delim><match><data>\x3E </data></match></read>
		<write echo="ascii"><data>GKcv7 = |"BDqeiSt","550I","NAM","7Zlfr28","R7e7eT","AtulB","TU","ZE","rdv799H"|\n</data></write>
		<read echo="ascii"><delim> </delim><match><data>\x3E </data></match></read>
		<write echo="ascii"><data>Evri9 = |"NAM","550I","TU","AtulB","s76aoIboXx"|\n</data></write>
		<read echo="ascii"><delim> </delim><match><data>\x3E </data></match></read>
		<write echo="ascii"><data>Evri9@GKcv7\n</data></write>
		<read echo="ascii"><delim>\n</delim><match><data>FALSE\n</data></match></read>
		<read echo="ascii"><delim> </delim><match><data>\x3E </data></match></read>
		<write echo="ascii"><data>XtJJ9a = |"8aSLGWj","edV61","DmVw3J","WmXf8","3EX","zhB3"|^|"8aSLGWj","7qP","3EX","ArC","10oC","qH5WXr"|\n</data></write>
		<read echo="ascii"><delim> </delim><match><data>\x3E </data></match></read>
		<write echo="ascii"><data>0H0nq = |"zLD2","hbeX","PH41","EGw","c","l"|~|"U6RQ","PH41","ZHcs7LT","zLD2","KBj","zBOkfe","c"|\n</data></write>
		<read echo="ascii"><delim> </delim><match><data>\x3E </data></match></read>
		<write echo="ascii"><data>MP7XxdW = |"B5n91d","4k","HGDIRuU","22FsUx","97hg"|^|"r7A6","B5n91d"|\n</data></write>
		<read echo="ascii"><delim> </delim><match><data>\x3E </data></match></read>
		<write echo="ascii"><data>l3YPS = |"EZYMr","p7YL0fc","KEH"|-|"n","BSAAbj","G","uSG","bwd9BhK"|\n</data></write>
		<read echo="ascii"><delim> </delim><match><data>\x3E </data></match></read>
		<write echo="ascii"><data>f451tfk = MP7XxdW ~ GKcv7\n</data></write>
		<read echo="ascii"><delim> </delim><match><data>\x3E </data></match></read>
		<write echo="ascii"><data>NfDjN = |"nyk"|^|"CfI","qkB6z4","CLjoxcx","W6pqs"|\n</data></write>
		<read echo="ascii"><delim> </delim><match><data>\x3E </data></match></read>
		<write echo="ascii"><data>daqrgX = f451tfk ~ l3YPS\n</data></write>
		<read echo="ascii"><delim> </delim><match><data>\x3E </data></match></read>
		<write echo="ascii"><data>W9NtTc = |"A","1l","Bxebn94"|-|"hWgk","iUiL","ZU7","EeQIj7p","DY6","13mj"|\n</data></write>
		<read echo="ascii"><delim> </delim><match><data>\x3E </data></match></read>
		<write echo="ascii"><data>.p\n</data></write>
<read echo="ascii"><delim>\n</delim><match><data>iMg2VcB = |"CN9","9EFF","Z","zjnNeck","7iD","DSSa","iqcx","LY8bpyH","f7","6J","9u8","CE4B"|\n</data></match></read>
<read echo="ascii"><delim>\n</delim><match><data>KSUP4S = ||\n</data></match></read>
<read echo="ascii"><delim>\n</delim><match><data>Uqszph = |"UGfvL","mKP1MW","AtfC","DiEYxa","kPF","2"|\n</data></match></read>
<read echo="ascii"><delim>\n</delim><match><data>aNXhs = |"CN9","9EFF","Z","zjnNeck","7iD","DSSa","iqcx","LY8bpyH","f7","6J","9u8","CE4B"|\n</data></match></read>
<read echo="ascii"><delim>\n</delim><match><data>IVPTJXD = ||\n</data></match></read>
<read echo="ascii"><delim>\n</delim><match><data>Oa37u = ||\n</data></match></read>
<read echo="ascii"><delim>\n</delim><match><data>GKcv7 = |"BDqeiSt","550I","NAM","7Zlfr28","R7e7eT","AtulB","TU","ZE","rdv799H"|\n</data></match></read>
<read echo="ascii"><delim>\n</delim><match><data>Evri9 = |"NAM","550I","TU","AtulB","s76aoIboXx"|\n</data></match></read>
<read echo="ascii"><delim>\n</delim><match><data>XtJJ9a = |"8aSLGWj","3EX"|\n</data></match></read>
<read echo="ascii"><delim>\n</delim><match><data>0H0nq = |"hbeX","EGw","l","U6RQ","ZHcs7LT","KBj","zBOkfe"|\n</data></match></read>
<read echo="ascii"><delim>\n</delim><match><data>MP7XxdW = |"B5n91d"|\n</data></match></read>
<read echo="ascii"><delim>\n</delim><match><data>l3YPS = |"EZYMr","p7YL0fc","KEH"|\n</data></match></read>
<read echo="ascii"><delim>\n</delim><match><data>f451tfk = |"B5n91d","BDqeiSt","550I","NAM","7Zlfr28","R7e7eT","AtulB","TU","ZE","rdv799H"|\n</data></match></read>
<read echo="ascii"><delim>\n</delim><match><data>NfDjN = ||\n</data></match></read>
<read echo="ascii"><delim>\n</delim><match><data>daqrgX = |"B5n91d","BDqeiSt","550I","NAM","7Zlfr28","R7e7eT","AtulB","TU","ZE","rdv799H","EZYMr","p7YL0fc","KEH"|\n</data></match></read>
<read echo="ascii"><delim>\n</delim><match><data>W9NtTc = |"A","1l","Bxebn94"|\n</data></match></read>
		<read echo="ascii"><delim> </delim><match><data>\x3E </data></match></read>
		<write echo="ascii"><data>.l\n</data></write>
	</replay>
</pov>
