<?xml version="1.0" standalone="no" ?>
<!DOCTYPE pov SYSTEM "/usr/share/cgc-docs/replay.dtd"><pov>
	<cbid>CROMU_00011</cbid>
	<replay>
		<read echo="ascii"><delim> </delim><match><data>\x3E </data></match></read>
		<write echo="ascii"><data>5KVzAS = |"LPZCFt","pnM","ApCdA1s","us"|+|"DEv","R","CV9GdRv","kaNzcTL","CeXVDW"|\n</data></write>
		<read echo="ascii"><delim> </delim><match><data>\x3E </data></match></read>
		<write echo="ascii"><data>C3zPZ = |"M9JcuF","A8Fe","Q0","I43agqo","t2Lx2f","E0fy5","uvYbBsZ"|~|"Q0"|\n</data></write>
		<read echo="ascii"><delim> </delim><match><data>\x3E </data></match></read>
		<write echo="ascii"><data>f2Slnc = |"EgPH","l","g"|~|"1i9COR","t","CCndr","cM9w"|\n</data></write>
		<read echo="ascii"><delim> </delim><match><data>\x3E </data></match></read>
		<write echo="ascii"><data>nSCGz = |"iHh","twRmr","aF","yL1WZ"|+|"aTXOL","Fv","twRmr"|\n</data></write>
		<read echo="ascii"><delim> </delim><match><data>\x3E </data></match></read>
		<write echo="ascii"><data>FHVfm87 = C3zPZ + 5KVzAS\n</data></write>
		<read echo="ascii"><delim> </delim><match><data>\x3E </data></match></read>
		<write echo="ascii"><data>RDL5W = |"nzYA","Gl6K","jg","A5rsQ3s","b8MKNjd","hZ"|\n</data></write>
		<read echo="ascii"><delim> </delim><match><data>\x3E </data></match></read>
		<write echo="ascii"><data>DE8jTOt = |"nzYA","Gl6K","b8MKNjd","A5rsQ3s"|\n</data></write>
		<read echo="ascii"><delim> </delim><match><data>\x3E </data></match></read>
		<write echo="ascii"><data>DE8jTOt@RDL5W\n</data></write>
		<read echo="ascii"><delim>\n</delim><match><data>TRUE\n</data></match></read>
		<read echo="ascii"><delim> </delim><match><data>\x3E </data></match></read>
		<write echo="ascii"><data>j8pkdA = |"92WjA","uQ2R","pwe","1zNHeP","ny4","I9V","ct90GG","cTFb2ZH"|\n</data></write>
		<read echo="ascii"><delim> </delim><match><data>\x3E </data></match></read>
		<write echo="ascii"><data>k1CkOd = |"uQ2R","1zNHeP","ct90GG","cTFb2ZH","92WjA","pwe","ny4","97RaAOXmej"|\n</data></write>
		<read echo="ascii"><delim> </delim><match><data>\x3E </data></match></read>
		<write echo="ascii"><data>k1CkOd@j8pkdA\n</data></write>
		<read echo="ascii"><delim>\n</delim><match><data>FALSE\n</data></match></read>
		<read echo="ascii"><delim> </delim><match><data>\x3E </data></match></read>
		<write echo="ascii"><data>9EuLf = FHVfm87 - FHVfm87\n</data></write>
		<read echo="ascii"><delim> </delim><match><data>\x3E </data></match></read>
		<write echo="ascii"><data>4il4ro = f2Slnc + C3zPZ\n</data></write>
		<read echo="ascii"><delim> </delim><match><data>\x3E </data></match></read>
		<write echo="ascii"><data>0qETtZ = |"Po","qKh","mXk1","HOUnmW"|-|"dtJrHG","Z","Po","qKh","Y85"|\n</data></write>
		<read echo="ascii"><delim> </delim><match><data>\x3E </data></match></read>
		<write echo="ascii"><data>bl0OCU = |"TtCN","qw3O","ArWW"|~|"io9fv","fB","h9hu4B","rYCl6I","TtCN","PATNwXB"|\n</data></write>
		<read echo="ascii"><delim> </delim><match><data>\x3E </data></match></read>
		<write echo="ascii"><data>mnf43X = 9EuLf ^ bl0OCU\n</data></write>
		<read echo="ascii"><delim> </delim><match><data>\x3E </data></match></read>
		<write echo="ascii"><data>.p\n</data></write>
<read echo="ascii"><delim>\n</delim><match><data>5KVzAS = |"LPZCFt","pnM","ApCdA1s","us","DEv","R","CV9GdRv","kaNzcTL","CeXVDW"|\n</data></match></read>
<read echo="ascii"><delim>\n</delim><match><data>C3zPZ = |"M9JcuF","A8Fe","I43agqo","t2Lx2f","E0fy5","uvYbBsZ"|\n</data></match></read>
<read echo="ascii"><delim>\n</delim><match><data>f2Slnc = |"EgPH","l","g","1i9COR","t","CCndr","cM9w"|\n</data></match></read>
<read echo="ascii"><delim>\n</delim><match><data>nSCGz = |"iHh","twRmr","aF","yL1WZ","aTXOL","Fv"|\n</data></match></read>
<read echo="ascii"><delim>\n</delim><match><data>FHVfm87 = |"M9JcuF","A8Fe","I43agqo","t2Lx2f","E0fy5","uvYbBsZ","LPZCFt","pnM","ApCdA1s","us","DEv","R","CV9GdRv","kaNzcTL","CeXVDW"|\n</data></match></read>
<read echo="ascii"><delim>\n</delim><match><data>RDL5W = |"nzYA","Gl6K","jg","A5rsQ3s","b8MKNjd","hZ"|\n</data></match></read>
<read echo="ascii"><delim>\n</delim><match><data>DE8jTOt = |"nzYA","Gl6K","b8MKNjd","A5rsQ3s"|\n</data></match></read>
<read echo="ascii"><delim>\n</delim><match><data>j8pkdA = |"92WjA","uQ2R","pwe","1zNHeP","ny4","I9V","ct90GG","cTFb2ZH"|\n</data></match></read>
<read echo="ascii"><delim>\n</delim><match><data>k1CkOd = |"uQ2R","1zNHeP","ct90GG","cTFb2ZH","92WjA","pwe","ny4","97RaAOXmej"|\n</data></match></read>
<read echo="ascii"><delim>\n</delim><match><data>9EuLf = ||\n</data></match></read>
<read echo="ascii"><delim>\n</delim><match><data>4il4ro = |"EgPH","l","g","1i9COR","t","CCndr","cM9w","M9JcuF","A8Fe","I43agqo","t2Lx2f","E0fy5","uvYbBsZ"|\n</data></match></read>
<read echo="ascii"><delim>\n</delim><match><data>0qETtZ = |"mXk1","HOUnmW"|\n</data></match></read>
<read echo="ascii"><delim>\n</delim><match><data>bl0OCU = |"qw3O","ArWW","io9fv","fB","h9hu4B","rYCl6I","PATNwXB"|\n</data></match></read>
<read echo="ascii"><delim>\n</delim><match><data>mnf43X = ||\n</data></match></read>
		<read echo="ascii"><delim> </delim><match><data>\x3E </data></match></read>
		<write echo="ascii"><data>.l\n</data></write>
	</replay>
</pov>
