<?xml version="1.0" standalone="no" ?>
<!DOCTYPE pov SYSTEM "/usr/share/cgc-docs/replay.dtd"><pov>
	<cbid>CROMU_00011</cbid>
	<replay>
		<read echo="ascii"><delim> </delim><match><data>\x3E </data></match></read>
		<write echo="ascii"><data>FdoaJi = |"wHLuaW"|+|"9fYcMmL","dB","4K","hbgZ","wHLuaW","Ki5","zt0AY7D"|\n</data></write>
		<read echo="ascii"><delim> </delim><match><data>\x3E </data></match></read>
		<write echo="ascii"><data>bVfoohs = |"VhYld","Z","SPA","GcPrfYU","blRJG","bRhUbkE","9"|+|"SPA","vup","bRhUbkE"|\n</data></write>
		<read echo="ascii"><delim> </delim><match><data>\x3E </data></match></read>
		<write echo="ascii"><data>AoVIj = |"Ezl","XC9"|~|"XcLN","y"|\n</data></write>
		<read echo="ascii"><delim> </delim><match><data>\x3E </data></match></read>
		<write echo="ascii"><data>m08Ws = bVfoohs - AoVIj\n</data></write>
		<read echo="ascii"><delim> </delim><match><data>\x3E </data></match></read>
		<write echo="ascii"><data>zQElhX = AoVIj - FdoaJi\n</data></write>
		<read echo="ascii"><delim> </delim><match><data>\x3E </data></match></read>
		<write echo="ascii"><data>yUm7OUW = |"uu9","pH","GkW4qdG"|^|"Roc","a8LCx"|\n</data></write>
		<read echo="ascii"><delim> </delim><match><data>\x3E </data></match></read>
		<write echo="ascii"><data>MMM8qer = |"5RY","xjjH","0mnEi","XkbL","T6cfQrO"|-|"wBypNSR","5RY","xjjH"|\n</data></write>
		<read echo="ascii"><delim> </delim><match><data>\x3E </data></match></read>
		<write echo="ascii"><data>nUs4dd = bVfoohs + FdoaJi\n</data></write>
		<read echo="ascii"><delim> </delim><match><data>\x3E </data></match></read>
		<write echo="ascii"><data>aLqYuL = AoVIj - nUs4dd\n</data></write>
		<read echo="ascii"><delim> </delim><match><data>\x3E </data></match></read>
		<write echo="ascii"><data>G9c9Q5 = |"3DFl","1PKV","tTo6","GcY","sW","K1eY","fR3fBOS"|~|"9N","n","1PKV","R5gn","cHE1z"|\n</data></write>
		<read echo="ascii"><delim> </delim><match><data>\x3E </data></match></read>
		<write echo="ascii"><data>iUmpJR = |"uj","IfX","C"|~|"gdcxDT","IyrxDPc","17cYdL","C"|\n</data></write>
		<read echo="ascii"><delim> </delim><match><data>\x3E </data></match></read>
		<write echo="ascii"><data>.p\n</data></write>
<read echo="ascii"><delim>\n</delim><match><data>FdoaJi = |"wHLuaW","9fYcMmL","dB","4K","hbgZ","Ki5","zt0AY7D"|\n</data></match></read>
<read echo="ascii"><delim>\n</delim><match><data>bVfoohs = |"VhYld","Z","SPA","GcPrfYU","blRJG","bRhUbkE","9","vup"|\n</data></match></read>
<read echo="ascii"><delim>\n</delim><match><data>AoVIj = |"Ezl","XC9","XcLN","y"|\n</data></match></read>
<read echo="ascii"><delim>\n</delim><match><data>m08Ws = |"VhYld","Z","SPA","GcPrfYU","blRJG","bRhUbkE","9","vup"|\n</data></match></read>
<read echo="ascii"><delim>\n</delim><match><data>zQElhX = |"Ezl","XC9","XcLN","y"|\n</data></match></read>
<read echo="ascii"><delim>\n</delim><match><data>yUm7OUW = ||\n</data></match></read>
<read echo="ascii"><delim>\n</delim><match><data>MMM8qer = |"0mnEi","XkbL","T6cfQrO"|\n</data></match></read>
<read echo="ascii"><delim>\n</delim><match><data>nUs4dd = |"VhYld","Z","SPA","GcPrfYU","blRJG","bRhUbkE","9","vup","wHLuaW","9fYcMmL","dB","4K","hbgZ","Ki5","zt0AY7D"|\n</data></match></read>
<read echo="ascii"><delim>\n</delim><match><data>aLqYuL = |"Ezl","XC9","XcLN","y"|\n</data></match></read>
<read echo="ascii"><delim>\n</delim><match><data>G9c9Q5 = |"3DFl","tTo6","GcY","sW","K1eY","fR3fBOS","9N","n","R5gn","cHE1z"|\n</data></match></read>
<read echo="ascii"><delim>\n</delim><match><data>iUmpJR = |"uj","IfX","gdcxDT","IyrxDPc","17cYdL"|\n</data></match></read>
		<read echo="ascii"><delim> </delim><match><data>\x3E </data></match></read>
		<write echo="ascii"><data>.l\n</data></write>
	</replay>
</pov>
