<?xml version="1.0" standalone="no" ?>
<!DOCTYPE pov SYSTEM "/usr/share/cgc-docs/replay.dtd"><pov>
	<cbid>CROMU_00011</cbid>
	<replay>
		<read echo="ascii"><delim> </delim><match><data>\x3E </data></match></read>
		<write echo="ascii"><data>pl9Rmmj = |"qlL0gr6","a","Vuj","f2Q4","JoG4xZ","qasm","DgsdE8"|~|"87jUsGz","Tmq"|\n</data></write>
		<read echo="ascii"><delim> </delim><match><data>\x3E </data></match></read>
		<write echo="ascii"><data>adhdObYjr = pl9Rmmj ^ pl9Rmmj\n</data></write>
		<read echo="ascii"><delim> </delim><match><data>\x3E </data></match></read>
		<write echo="ascii"><data>mwwtQRt = adhdObYjr + pl9Rmmj\n</data></write>
		<read echo="ascii"><delim> </delim><match><data>\x3E </data></match></read>
		<write echo="ascii"><data>YATXH = |"OkNMW","0fZVId","Tli"|-|"oM9","HsjN9","zohuZ55","8B","8y0"|\n</data></write>
		<read echo="ascii"><delim> </delim><match><data>\x3E </data></match></read>
		<write echo="ascii"><data>05oMU = |"TSjSC","TdqnMw","ZXQPaOO"|+|"UY","Oal","OP","g","ffYVBW"|\n</data></write>
		<read echo="ascii"><delim> </delim><match><data>\x3E </data></match></read>
		<write echo="ascii"><data>K98nJ = mwwtQRt + YATXH\n</data></write>
		<read echo="ascii"><delim> </delim><match><data>\x3E </data></match></read>
		<write echo="ascii"><data>cUOTIJ = |"K7i4r5"|^|"hJoIM7s","Txtax","G6Oh4","L3LST4"|\n</data></write>
		<read echo="ascii"><delim> </delim><match><data>\x3E </data></match></read>
		<write echo="ascii"><data>jtwr9n = pl9Rmmj - adhdObYjr\n</data></write>
		<read echo="ascii"><delim> </delim><match><data>\x3E </data></match></read>
		<write echo="ascii"><data>OLtSxs = 05oMU ~ cUOTIJ\n</data></write>
		<read echo="ascii"><delim> </delim><match><data>\x3E </data></match></read>
		<write echo="ascii"><data>8gkLtb = |"CPv","rlvneED","monaui","v2PFPkF","q7","UhJ4ui","4XQHaBC","Wqy","fhk"|\n</data></write>
		<read echo="ascii"><delim> </delim><match><data>\x3E </data></match></read>
		<write echo="ascii"><data>Ih0xuX = |"CPv"|\n</data></write>
		<read echo="ascii"><delim> </delim><match><data>\x3E </data></match></read>
		<write echo="ascii"><data>Ih0xuX@8gkLtb\n</data></write>
		<read echo="ascii"><delim>\n</delim><match><data>TRUE\n</data></match></read>
		<read echo="ascii"><delim> </delim><match><data>\x3E </data></match></read>
		<write echo="ascii"><data>Wg61gW6 = 05oMU - pl9Rmmj\n</data></write>
		<read echo="ascii"><delim> </delim><match><data>\x3E </data></match></read>
		<write echo="ascii"><data>.p\n</data></write>
<read echo="ascii"><delim>\n</delim><match><data>pl9Rmmj = |"qlL0gr6","a","Vuj","f2Q4","JoG4xZ","qasm","DgsdE8","87jUsGz","Tmq"|\n</data></match></read>
<read echo="ascii"><delim>\n</delim><match><data>adhdObYjr = |"qlL0gr6","a","Vuj","f2Q4","JoG4xZ","qasm","DgsdE8","87jUsGz","Tmq"|\n</data></match></read>
<read echo="ascii"><delim>\n</delim><match><data>mwwtQRt = |"qlL0gr6","a","Vuj","f2Q4","JoG4xZ","qasm","DgsdE8","87jUsGz","Tmq"|\n</data></match></read>
<read echo="ascii"><delim>\n</delim><match><data>YATXH = |"OkNMW","0fZVId","Tli"|\n</data></match></read>
<read echo="ascii"><delim>\n</delim><match><data>05oMU = |"TSjSC","TdqnMw","ZXQPaOO","UY","Oal","OP","g","ffYVBW"|\n</data></match></read>
<read echo="ascii"><delim>\n</delim><match><data>K98nJ = |"qlL0gr6","a","Vuj","f2Q4","JoG4xZ","qasm","DgsdE8","87jUsGz","Tmq","OkNMW","0fZVId","Tli"|\n</data></match></read>
<read echo="ascii"><delim>\n</delim><match><data>cUOTIJ = ||\n</data></match></read>
<read echo="ascii"><delim>\n</delim><match><data>jtwr9n = ||\n</data></match></read>
<read echo="ascii"><delim>\n</delim><match><data>OLtSxs = |"TSjSC","TdqnMw","ZXQPaOO","UY","Oal","OP","g","ffYVBW"|\n</data></match></read>
<read echo="ascii"><delim>\n</delim><match><data>8gkLtb = |"CPv","rlvneED","monaui","v2PFPkF","q7","UhJ4ui","4XQHaBC","Wqy","fhk"|\n</data></match></read>
<read echo="ascii"><delim>\n</delim><match><data>Ih0xuX = |"CPv"|\n</data></match></read>
<read echo="ascii"><delim>\n</delim><match><data>Wg61gW6 = |"TSjSC","TdqnMw","ZXQPaOO","UY","Oal","OP","g","ffYVBW"|\n</data></match></read>
		<read echo="ascii"><delim> </delim><match><data>\x3E </data></match></read>
		<write echo="ascii"><data>.l\n</data></write>
	</replay>
</pov>
