<?xml version="1.0" standalone="no" ?>
<!DOCTYPE pov SYSTEM "/usr/share/cgc-docs/replay.dtd"><pov>
	<cbid>CROMU_00011</cbid>
	<replay>
		<read echo="ascii"><delim> </delim><match><data>\x3E </data></match></read>
		<write echo="ascii"><data>4DsGU = |"IKRX"|+|"T","UGGu","DYfR4"|\n</data></write>
		<read echo="ascii"><delim> </delim><match><data>\x3E </data></match></read>
		<write echo="ascii"><data>F3Fobg = |"D8aKO","KK","QKHd01t","S2","eEocRJ","MiiWo9h","8xpY5E","dX","DS"|\n</data></write>
		<read echo="ascii"><delim> </delim><match><data>\x3E </data></match></read>
		<write echo="ascii"><data>VAlYa = |"dX","8xpY5E","MiiWo9h","D8aKO","eEocRJ"|\n</data></write>
		<read echo="ascii"><delim> </delim><match><data>\x3E </data></match></read>
		<write echo="ascii"><data>VAlYa@F3Fobg\n</data></write>
		<read echo="ascii"><delim>\n</delim><match><data>TRUE\n</data></match></read>
		<read echo="ascii"><delim> </delim><match><data>\x3E </data></match></read>
		<write echo="ascii"><data>zWefQX = |"SRuzpDV","BD8hDN","Og1Sc","E8","JWnZw"|^|"VszA7J","tgMbW"|\n</data></write>
		<read echo="ascii"><delim> </delim><match><data>\x3E </data></match></read>
		<write echo="ascii"><data>0KIM7re = |"BUg5","cLSR","D9R","d4mk","WEab"|-|"04Dbcu","EvQ3","V48FvW0","cLSR","aZ3l"|\n</data></write>
		<read echo="ascii"><delim> </delim><match><data>\x3E </data></match></read>
		<write echo="ascii"><data>8m4qO = |"R","FO","YSCL1xw","ELW","2","oI","09"|+|"rfi48pb"|\n</data></write>
		<read echo="ascii"><delim> </delim><match><data>\x3E </data></match></read>
		<write echo="ascii"><data>LDtbdu7 = |"wpffbv","Du","SLu4sVd","zzDmv","VgH","Auy","Jy"|^|"AyHf","wpffbv","Auy","ym","KrU","OUqL1","Jy"|\n</data></write>
		<read echo="ascii"><delim> </delim><match><data>\x3E </data></match></read>
		<write echo="ascii"><data>aspE4kI = |"wjQNTF","w8wmnYM","EhS50g"|^|"fe","b287qe","lBhJN","m55G","OFrV","pIrSU"|\n</data></write>
		<read echo="ascii"><delim> </delim><match><data>\x3E </data></match></read>
		<write echo="ascii"><data>ZbPLVL = |"lrqLwS","XnScr0","Nz","u4Nn0W","P4Ug","isQ91r","g"|~|"Nz","pky","isQ91r","lrqLwS","wZKz","P4Ug"|\n</data></write>
		<read echo="ascii"><delim> </delim><match><data>\x3E </data></match></read>
		<write echo="ascii"><data>tFs5P = F3Fobg + ZbPLVL\n</data></write>
		<read echo="ascii"><delim> </delim><match><data>\x3E </data></match></read>
		<write echo="ascii"><data>UbY5Gq = |"mIgbjd","tKhkq","Py8azY9","2VS1rl","AC"|^|"PYA","7wy1AfY","tKhkq","XY7"|\n</data></write>
		<read echo="ascii"><delim> </delim><match><data>\x3E </data></match></read>
		<write echo="ascii"><data>428mjZo = |"v77Z"|~|"Syu4w"|\n</data></write>
		<read echo="ascii"><delim> </delim><match><data>\x3E </data></match></read>
		<write echo="ascii"><data>Ih50QI = |"mi2Mg","aK"|+|"J0","XzT","e","vWe","Nd","mi2Mg","rk"|\n</data></write>
		<read echo="ascii"><delim> </delim><match><data>\x3E </data></match></read>
		<write echo="ascii"><data>ePk2H0o = 0KIM7re ~ Ih50QI\n</data></write>
		<read echo="ascii"><delim> </delim><match><data>\x3E </data></match></read>
		<write echo="ascii"><data>05E2rA = |"iIAnITU","NP","htbHtt","ott","K0eIPO","CF","7RcBk"|\n</data></write>
		<read echo="ascii"><delim> </delim><match><data>\x3E </data></match></read>
		<write echo="ascii"><data>gayl9 = |"ott","htbHtt","NP","7RcBk","K0eIPO","WWxJdJ03yh"|\n</data></write>
		<read echo="ascii"><delim> </delim><match><data>\x3E </data></match></read>
		<write echo="ascii"><data>gayl9@05E2rA\n</data></write>
		<read echo="ascii"><delim>\n</delim><match><data>FALSE\n</data></match></read>
		<read echo="ascii"><delim> </delim><match><data>\x3E </data></match></read>
		<write echo="ascii"><data>Kople = 428mjZo ~ VAlYa\n</data></write>
		<read echo="ascii"><delim> </delim><match><data>\x3E </data></match></read>
		<write echo="ascii"><data>.p\n</data></write>
<read echo="ascii"><delim>\n</delim><match><data>4DsGU = |"IKRX","T","UGGu","DYfR4"|\n</data></match></read>
<read echo="ascii"><delim>\n</delim><match><data>F3Fobg = |"D8aKO","KK","QKHd01t","S2","eEocRJ","MiiWo9h","8xpY5E","dX","DS"|\n</data></match></read>
<read echo="ascii"><delim>\n</delim><match><data>VAlYa = |"dX","8xpY5E","MiiWo9h","D8aKO","eEocRJ"|\n</data></match></read>
<read echo="ascii"><delim>\n</delim><match><data>zWefQX = ||\n</data></match></read>
<read echo="ascii"><delim>\n</delim><match><data>0KIM7re = |"BUg5","D9R","d4mk","WEab"|\n</data></match></read>
<read echo="ascii"><delim>\n</delim><match><data>8m4qO = |"R","FO","YSCL1xw","ELW","2","oI","09","rfi48pb"|\n</data></match></read>
<read echo="ascii"><delim>\n</delim><match><data>LDtbdu7 = |"wpffbv","Auy","Jy"|\n</data></match></read>
<read echo="ascii"><delim>\n</delim><match><data>aspE4kI = ||\n</data></match></read>
<read echo="ascii"><delim>\n</delim><match><data>ZbPLVL = |"XnScr0","u4Nn0W","g","pky","wZKz"|\n</data></match></read>
<read echo="ascii"><delim>\n</delim><match><data>tFs5P = |"D8aKO","KK","QKHd01t","S2","eEocRJ","MiiWo9h","8xpY5E","dX","DS","XnScr0","u4Nn0W","g","pky","wZKz"|\n</data></match></read>
<read echo="ascii"><delim>\n</delim><match><data>UbY5Gq = |"tKhkq"|\n</data></match></read>
<read echo="ascii"><delim>\n</delim><match><data>428mjZo = |"v77Z","Syu4w"|\n</data></match></read>
<read echo="ascii"><delim>\n</delim><match><data>Ih50QI = |"mi2Mg","aK","J0","XzT","e","vWe","Nd","rk"|\n</data></match></read>
<read echo="ascii"><delim>\n</delim><match><data>ePk2H0o = |"BUg5","D9R","d4mk","WEab","mi2Mg","aK","J0","XzT","e","vWe","Nd","rk"|\n</data></match></read>
<read echo="ascii"><delim>\n</delim><match><data>05E2rA = |"iIAnITU","NP","htbHtt","ott","K0eIPO","CF","7RcBk"|\n</data></match></read>
<read echo="ascii"><delim>\n</delim><match><data>gayl9 = |"ott","htbHtt","NP","7RcBk","K0eIPO","WWxJdJ03yh"|\n</data></match></read>
<read echo="ascii"><delim>\n</delim><match><data>Kople = |"v77Z","Syu4w","dX","8xpY5E","MiiWo9h","D8aKO","eEocRJ"|\n</data></match></read>
		<read echo="ascii"><delim> </delim><match><data>\x3E </data></match></read>
		<write echo="ascii"><data>.l\n</data></write>
	</replay>
</pov>
