<?xml version="1.0" standalone="no" ?>
<!DOCTYPE pov SYSTEM "/usr/share/cgc-docs/replay.dtd"><pov>
	<cbid>CROMU_00011</cbid>
	<replay>
		<read echo="ascii"><delim> </delim><match><data>\x3E </data></match></read>
		<write echo="ascii"><data>Yj1I2 = |"vgV4Ra","I9l9rPt"|+|"r","wXmUzhy","0GfFz","ljZ","MCUU5lE","x7otlGj"|\n</data></write>
		<read echo="ascii"><delim> </delim><match><data>\x3E </data></match></read>
		<write echo="ascii"><data>KpxRhz8 = Yj1I2 ~ Yj1I2\n</data></write>
		<read echo="ascii"><delim> </delim><match><data>\x3E </data></match></read>
		<write echo="ascii"><data>cyGwiHR = Yj1I2 ^ Yj1I2\n</data></write>
		<read echo="ascii"><delim> </delim><match><data>\x3E </data></match></read>
		<write echo="ascii"><data>qKNCpwfMM = Yj1I2 ^ KpxRhz8\n</data></write>
		<read echo="ascii"><delim> </delim><match><data>\x3E </data></match></read>
		<write echo="ascii"><data>Yhy9CPv = |"h4D"|+|"9U","vEw0e","h4D"|\n</data></write>
		<read echo="ascii"><delim> </delim><match><data>\x3E </data></match></read>
		<write echo="ascii"><data>WwkS5sL = |"9Ja6"|+|"uim1","rF","DZP08S4"|\n</data></write>
		<read echo="ascii"><delim> </delim><match><data>\x3E </data></match></read>
		<write echo="ascii"><data>F9a6sMb = Yj1I2 - qKNCpwfMM\n</data></write>
		<read echo="ascii"><delim> </delim><match><data>\x3E </data></match></read>
		<write echo="ascii"><data>8W8zw = WwkS5sL - WwkS5sL\n</data></write>
		<read echo="ascii"><delim> </delim><match><data>\x3E </data></match></read>
		<write echo="ascii"><data>v3TfXG3xw = Yhy9CPv ^ Yj1I2\n</data></write>
		<read echo="ascii"><delim> </delim><match><data>\x3E </data></match></read>
		<write echo="ascii"><data>gzbq65NHC = F9a6sMb ^ Yj1I2\n</data></write>
		<read echo="ascii"><delim> </delim><match><data>\x3E </data></match></read>
		<write echo="ascii"><data>uyxfALKu = Yhy9CPv ^ qKNCpwfMM\n</data></write>
		<read echo="ascii"><delim> </delim><match><data>\x3E </data></match></read>
		<write echo="ascii"><data>XLFAnn = |"MsW","rULSad","9p8FV2R"|~|"uddTt9","916G","B"|\n</data></write>
		<read echo="ascii"><delim> </delim><match><data>\x3E </data></match></read>
		<write echo="ascii"><data>RPa8S = |"ZZgh","VqhYx","ZUJL"|-|"G9FR","jStNY","MzQ0re3","wKR0HFv","wXb","5rBW","uxiW"|\n</data></write>
		<read echo="ascii"><delim> </delim><match><data>\x3E </data></match></read>
		<write echo="ascii"><data>jOFLV = KpxRhz8 - Yj1I2\n</data></write>
		<read echo="ascii"><delim> </delim><match><data>\x3E </data></match></read>
		<write echo="ascii"><data>.p\n</data></write>
<read echo="ascii"><delim>\n</delim><match><data>Yj1I2 = |"vgV4Ra","I9l9rPt","r","wXmUzhy","0GfFz","ljZ","MCUU5lE","x7otlGj"|\n</data></match></read>
<read echo="ascii"><delim>\n</delim><match><data>KpxRhz8 = ||\n</data></match></read>
<read echo="ascii"><delim>\n</delim><match><data>cyGwiHR = |"vgV4Ra","I9l9rPt","r","wXmUzhy","0GfFz","ljZ","MCUU5lE","x7otlGj"|\n</data></match></read>
<read echo="ascii"><delim>\n</delim><match><data>qKNCpwfMM = ||\n</data></match></read>
<read echo="ascii"><delim>\n</delim><match><data>Yhy9CPv = |"h4D","9U","vEw0e"|\n</data></match></read>
<read echo="ascii"><delim>\n</delim><match><data>WwkS5sL = |"9Ja6","uim1","rF","DZP08S4"|\n</data></match></read>
<read echo="ascii"><delim>\n</delim><match><data>F9a6sMb = |"vgV4Ra","I9l9rPt","r","wXmUzhy","0GfFz","ljZ","MCUU5lE","x7otlGj"|\n</data></match></read>
<read echo="ascii"><delim>\n</delim><match><data>8W8zw = ||\n</data></match></read>
<read echo="ascii"><delim>\n</delim><match><data>v3TfXG3xw = ||\n</data></match></read>
<read echo="ascii"><delim>\n</delim><match><data>gzbq65NHC = |"vgV4Ra","I9l9rPt","r","wXmUzhy","0GfFz","ljZ","MCUU5lE","x7otlGj"|\n</data></match></read>
<read echo="ascii"><delim>\n</delim><match><data>uyxfALKu = ||\n</data></match></read>
<read echo="ascii"><delim>\n</delim><match><data>XLFAnn = |"MsW","rULSad","9p8FV2R","uddTt9","916G","B"|\n</data></match></read>
<read echo="ascii"><delim>\n</delim><match><data>RPa8S = |"ZZgh","VqhYx","ZUJL"|\n</data></match></read>
<read echo="ascii"><delim>\n</delim><match><data>jOFLV = ||\n</data></match></read>
		<read echo="ascii"><delim> </delim><match><data>\x3E </data></match></read>
		<write echo="ascii"><data>.l\n</data></write>
	</replay>
</pov>
