<?xml version="1.0" standalone="no" ?>
<!DOCTYPE pov SYSTEM "/usr/share/cgc-docs/replay.dtd"><pov>
	<cbid>CROMU_00011</cbid>
	<replay>
		<read echo="ascii"><delim> </delim><match><data>\x3E </data></match></read>
		<write echo="ascii"><data>EVN8o = |"8lm4J","7ZyjJ","8REg","XImf","ZXhMV","gCjGJ4j","bGLf","3nx"|\n</data></write>
		<read echo="ascii"><delim> </delim><match><data>\x3E </data></match></read>
		<write echo="ascii"><data>lEE3N = |"XImf"|\n</data></write>
		<read echo="ascii"><delim> </delim><match><data>\x3E </data></match></read>
		<write echo="ascii"><data>lEE3N@EVN8o\n</data></write>
		<read echo="ascii"><delim>\n</delim><match><data>TRUE\n</data></match></read>
		<read echo="ascii"><delim> </delim><match><data>\x3E </data></match></read>
		<write echo="ascii"><data>DyISS = lEE3N - lEE3N\n</data></write>
		<read echo="ascii"><delim> </delim><match><data>\x3E </data></match></read>
		<write echo="ascii"><data>qjxmq = |"LJLP","2B9E"|+|"MLus0m","mEQWN","kB18yl","sVBBki","td2fD"|\n</data></write>
		<read echo="ascii"><delim> </delim><match><data>\x3E </data></match></read>
		<write echo="ascii"><data>G92gDx = |"S4WJC7","Bm","KI4eWl","7Ki","t9D","0a59R9","ZU4uu"|\n</data></write>
		<read echo="ascii"><delim> </delim><match><data>\x3E </data></match></read>
		<write echo="ascii"><data>d60QAH = |"ZU4uu","0a59R9","7Ki","t9D","KI4eWl"|\n</data></write>
		<read echo="ascii"><delim> </delim><match><data>\x3E </data></match></read>
		<write echo="ascii"><data>d60QAH@G92gDx\n</data></write>
		<read echo="ascii"><delim>\n</delim><match><data>TRUE\n</data></match></read>
		<read echo="ascii"><delim> </delim><match><data>\x3E </data></match></read>
		<write echo="ascii"><data>9uNW1v = d60QAH ~ lEE3N\n</data></write>
		<read echo="ascii"><delim> </delim><match><data>\x3E </data></match></read>
		<write echo="ascii"><data>rdIfECv = |"vPITP","S3sJ7AZ","nhFGpU","Obd","KZ","VA"|^|"C4AG9es","S3sJ7AZ","kzac","rMSY","7u"|\n</data></write>
		<read echo="ascii"><delim> </delim><match><data>\x3E </data></match></read>
		<write echo="ascii"><data>2H33X8J = |"RWK6pYb","okTK","8u"|^|"e7s2tN","RWK6pYb","B7cDLMl","j4T","UMKcvq6","CBXWT","8u"|\n</data></write>
		<read echo="ascii"><delim> </delim><match><data>\x3E </data></match></read>
		<write echo="ascii"><data>LGnYD = |"Cb6","SgFJrD","Ht9t","H1p0ahG","0Nc","9GIJSK","qBpQA"|\n</data></write>
		<read echo="ascii"><delim> </delim><match><data>\x3E </data></match></read>
		<write echo="ascii"><data>S3Vbp = |"SgFJrD","H1p0ahG","9GIJSK","Cb6","gFksCex88F"|\n</data></write>
		<read echo="ascii"><delim> </delim><match><data>\x3E </data></match></read>
		<write echo="ascii"><data>S3Vbp@LGnYD\n</data></write>
		<read echo="ascii"><delim>\n</delim><match><data>FALSE\n</data></match></read>
		<read echo="ascii"><delim> </delim><match><data>\x3E </data></match></read>
		<write echo="ascii"><data>jG7XdbT = |"smp8P","NPQj","zU","P"|+|"c","bL78dJ","7r","t","0FLMg","yq8x","y"|\n</data></write>
		<read echo="ascii"><delim> </delim><match><data>\x3E </data></match></read>
		<write echo="ascii"><data>cE54QGc = qjxmq - jG7XdbT\n</data></write>
		<read echo="ascii"><delim> </delim><match><data>\x3E </data></match></read>
		<write echo="ascii"><data>BcjrT = |"eBg","F5X","u2TTuFj","1LDq5Q","yenEpyN","SR","bTm"|~|"wrt","HnqJfh","Uu","fg9EJ8U","pOPcb","uNhZ0oo"|\n</data></write>
		<read echo="ascii"><delim> </delim><match><data>\x3E </data></match></read>
		<write echo="ascii"><data>k4csYm8 = |"mlb","iyr7","MEQxGS","2kz","F8ES","amcL","XnKASp3","ecIyJn6"|\n</data></write>
		<read echo="ascii"><delim> </delim><match><data>\x3E </data></match></read>
		<write echo="ascii"><data>0VIqqUZ = |"amcL","mlb","iyr7","F8ES","XnKASp3","ecIyJn6","TX6AmEHq6K"|\n</data></write>
		<read echo="ascii"><delim> </delim><match><data>\x3E </data></match></read>
		<write echo="ascii"><data>0VIqqUZ@k4csYm8\n</data></write>
		<read echo="ascii"><delim>\n</delim><match><data>FALSE\n</data></match></read>
		<read echo="ascii"><delim> </delim><match><data>\x3E </data></match></read>
		<write echo="ascii"><data>J1hVW4 = rdIfECv - k4csYm8\n</data></write>
		<read echo="ascii"><delim> </delim><match><data>\x3E </data></match></read>
		<write echo="ascii"><data>VgVfJ = jG7XdbT + lEE3N\n</data></write>
		<read echo="ascii"><delim> </delim><match><data>\x3E </data></match></read>
		<write echo="ascii"><data>Q0gfSJ = |"p6m7","Z","64M1u"|-|"qXkli9","QBK","eEXS"|\n</data></write>
		<read echo="ascii"><delim> </delim><match><data>\x3E </data></match></read>
		<write echo="ascii"><data>.p\n</data></write>
<read echo="ascii"><delim>\n</delim><match><data>EVN8o = |"8lm4J","7ZyjJ","8REg","XImf","ZXhMV","gCjGJ4j","bGLf","3nx"|\n</data></match></read>
<read echo="ascii"><delim>\n</delim><match><data>lEE3N = |"XImf"|\n</data></match></read>
<read echo="ascii"><delim>\n</delim><match><data>DyISS = ||\n</data></match></read>
<read echo="ascii"><delim>\n</delim><match><data>qjxmq = |"LJLP","2B9E","MLus0m","mEQWN","kB18yl","sVBBki","td2fD"|\n</data></match></read>
<read echo="ascii"><delim>\n</delim><match><data>G92gDx = |"S4WJC7","Bm","KI4eWl","7Ki","t9D","0a59R9","ZU4uu"|\n</data></match></read>
<read echo="ascii"><delim>\n</delim><match><data>d60QAH = |"ZU4uu","0a59R9","7Ki","t9D","KI4eWl"|\n</data></match></read>
<read echo="ascii"><delim>\n</delim><match><data>9uNW1v = |"ZU4uu","0a59R9","7Ki","t9D","KI4eWl","XImf"|\n</data></match></read>
<read echo="ascii"><delim>\n</delim><match><data>rdIfECv = |"S3sJ7AZ"|\n</data></match></read>
<read echo="ascii"><delim>\n</delim><match><data>2H33X8J = |"RWK6pYb","8u"|\n</data></match></read>
<read echo="ascii"><delim>\n</delim><match><data>LGnYD = |"Cb6","SgFJrD","Ht9t","H1p0ahG","0Nc","9GIJSK","qBpQA"|\n</data></match></read>
<read echo="ascii"><delim>\n</delim><match><data>S3Vbp = |"SgFJrD","H1p0ahG","9GIJSK","Cb6","gFksCex88F"|\n</data></match></read>
<read echo="ascii"><delim>\n</delim><match><data>jG7XdbT = |"smp8P","NPQj","zU","P","c","bL78dJ","7r","t","0FLMg","yq8x","y"|\n</data></match></read>
<read echo="ascii"><delim>\n</delim><match><data>cE54QGc = |"LJLP","2B9E","MLus0m","mEQWN","kB18yl","sVBBki","td2fD"|\n</data></match></read>
<read echo="ascii"><delim>\n</delim><match><data>BcjrT = |"eBg","F5X","u2TTuFj","1LDq5Q","yenEpyN","SR","bTm","wrt","HnqJfh","Uu","fg9EJ8U","pOPcb","uNhZ0oo"|\n</data></match></read>
<read echo="ascii"><delim>\n</delim><match><data>k4csYm8 = |"mlb","iyr7","MEQxGS","2kz","F8ES","amcL","XnKASp3","ecIyJn6"|\n</data></match></read>
<read echo="ascii"><delim>\n</delim><match><data>0VIqqUZ = |"amcL","mlb","iyr7","F8ES","XnKASp3","ecIyJn6","TX6AmEHq6K"|\n</data></match></read>
<read echo="ascii"><delim>\n</delim><match><data>J1hVW4 = |"S3sJ7AZ"|\n</data></match></read>
<read echo="ascii"><delim>\n</delim><match><data>VgVfJ = |"smp8P","NPQj","zU","P","c","bL78dJ","7r","t","0FLMg","yq8x","y","XImf"|\n</data></match></read>
<read echo="ascii"><delim>\n</delim><match><data>Q0gfSJ = |"p6m7","Z","64M1u"|\n</data></match></read>
		<read echo="ascii"><delim> </delim><match><data>\x3E </data></match></read>
		<write echo="ascii"><data>.l\n</data></write>
	</replay>
</pov>
