<?xml version="1.0" standalone="no" ?>
<!DOCTYPE pov SYSTEM "/usr/share/cgc-docs/replay.dtd"><pov>
	<cbid>CROMU_00011</cbid>
	<replay>
		<read echo="ascii"><delim> </delim><match><data>\x3E </data></match></read>
		<write echo="ascii"><data>suiQlTV = |"yF2","gVX","4","39H"|~|"s6nyu","yF2","dJfWEtN","bPkZDKV","P7","6Mr","nHjRw"|\n</data></write>
		<read echo="ascii"><delim> </delim><match><data>\x3E </data></match></read>
		<write echo="ascii"><data>SpbKcl = |"HrRD7i","Ro","ZWY","tyo9o8","ECrtK"|~|"SIbO","5TOk","spPgL","2P0atk","ECrtK","erP2QG","5L"|\n</data></write>
		<read echo="ascii"><delim> </delim><match><data>\x3E </data></match></read>
		<write echo="ascii"><data>ZCumhO = |"c","Yqt","1aLlI","3G","Sf8Y215","vzY"|~|"rI","3G","kc9m1","TIBE1S","Sf8Y215","4","2q"|\n</data></write>
		<read echo="ascii"><delim> </delim><match><data>\x3E </data></match></read>
		<write echo="ascii"><data>DE1so = SpbKcl - suiQlTV\n</data></write>
		<read echo="ascii"><delim> </delim><match><data>\x3E </data></match></read>
		<write echo="ascii"><data>wxhYtl = SpbKcl + SpbKcl\n</data></write>
		<read echo="ascii"><delim> </delim><match><data>\x3E </data></match></read>
		<write echo="ascii"><data>fGZkPdO = ZCumhO ^ ZCumhO\n</data></write>
		<read echo="ascii"><delim> </delim><match><data>\x3E </data></match></read>
		<write echo="ascii"><data>b5trI = suiQlTV + suiQlTV\n</data></write>
		<read echo="ascii"><delim> </delim><match><data>\x3E </data></match></read>
		<write echo="ascii"><data>Q1GCx = |"u4Adzy","PC2SP0","hRO2S","x7YbV","N82l6","lUOl7tC","5W08O","mEosa","OBzN","PD5mlX"|\n</data></write>
		<read echo="ascii"><delim> </delim><match><data>\x3E </data></match></read>
		<write echo="ascii"><data>STGiC = |"x7YbV","5W08O","PC2SP0","N82l6","OBzN","mEosa","u4Adzy","lUOl7tC","PD5mlX","zD88FL39Q7"|\n</data></write>
		<read echo="ascii"><delim> </delim><match><data>\x3E </data></match></read>
		<write echo="ascii"><data>STGiC@Q1GCx\n</data></write>
		<read echo="ascii"><delim>\n</delim><match><data>FALSE\n</data></match></read>
		<read echo="ascii"><delim> </delim><match><data>\x3E </data></match></read>
		<write echo="ascii"><data>XViLNXx = |"o91cjoq","TivJqti","2fr3Q","s9DE","TY1N"|^|"hytlBNS","2fr3Q","s9FzSak","QUU","Ka","6RvXjA"|\n</data></write>
		<read echo="ascii"><delim> </delim><match><data>\x3E </data></match></read>
		<write echo="ascii"><data>5asWPx = |"eGhuz","iXc2L","Ouk2","0","azPJ7","auNRk","1a"|~|"azPJ7","82dT68","wk5","Ouk2","0"|\n</data></write>
		<read echo="ascii"><delim> </delim><match><data>\x3E </data></match></read>
		<write echo="ascii"><data>dEl0up = XViLNXx + STGiC\n</data></write>
		<read echo="ascii"><delim> </delim><match><data>\x3E </data></match></read>
		<write echo="ascii"><data>UzwEH = fGZkPdO + ZCumhO\n</data></write>
		<read echo="ascii"><delim> </delim><match><data>\x3E </data></match></read>
		<write echo="ascii"><data>aPL2y = |"vHr","46y8","8FyGW8A","QdMXvmH","4Ya2kXR","ILXILy","GEm"|^|"hOKaPd","9r3","M0m","8FyGW8A","KDR"|\n</data></write>
		<read echo="ascii"><delim> </delim><match><data>\x3E </data></match></read>
		<write echo="ascii"><data>.p\n</data></write>
<read echo="ascii"><delim>\n</delim><match><data>suiQlTV = |"gVX","4","39H","s6nyu","dJfWEtN","bPkZDKV","P7","6Mr","nHjRw"|\n</data></match></read>
<read echo="ascii"><delim>\n</delim><match><data>SpbKcl = |"HrRD7i","Ro","ZWY","tyo9o8","SIbO","5TOk","spPgL","2P0atk","erP2QG","5L"|\n</data></match></read>
<read echo="ascii"><delim>\n</delim><match><data>ZCumhO = |"c","Yqt","1aLlI","vzY","rI","kc9m1","TIBE1S","4","2q"|\n</data></match></read>
<read echo="ascii"><delim>\n</delim><match><data>DE1so = |"HrRD7i","Ro","ZWY","tyo9o8","SIbO","5TOk","spPgL","2P0atk","erP2QG","5L"|\n</data></match></read>
<read echo="ascii"><delim>\n</delim><match><data>wxhYtl = |"HrRD7i","Ro","ZWY","tyo9o8","SIbO","5TOk","spPgL","2P0atk","erP2QG","5L"|\n</data></match></read>
<read echo="ascii"><delim>\n</delim><match><data>fGZkPdO = |"c","Yqt","1aLlI","vzY","rI","kc9m1","TIBE1S","4","2q"|\n</data></match></read>
<read echo="ascii"><delim>\n</delim><match><data>b5trI = |"gVX","4","39H","s6nyu","dJfWEtN","bPkZDKV","P7","6Mr","nHjRw"|\n</data></match></read>
<read echo="ascii"><delim>\n</delim><match><data>Q1GCx = |"u4Adzy","PC2SP0","hRO2S","x7YbV","N82l6","lUOl7tC","5W08O","mEosa","OBzN","PD5mlX"|\n</data></match></read>
<read echo="ascii"><delim>\n</delim><match><data>STGiC = |"x7YbV","5W08O","PC2SP0","N82l6","OBzN","mEosa","u4Adzy","lUOl7tC","PD5mlX","zD88FL39Q7"|\n</data></match></read>
<read echo="ascii"><delim>\n</delim><match><data>XViLNXx = |"2fr3Q"|\n</data></match></read>
<read echo="ascii"><delim>\n</delim><match><data>5asWPx = |"eGhuz","iXc2L","auNRk","1a","82dT68","wk5"|\n</data></match></read>
<read echo="ascii"><delim>\n</delim><match><data>dEl0up = |"2fr3Q","x7YbV","5W08O","PC2SP0","N82l6","OBzN","mEosa","u4Adzy","lUOl7tC","PD5mlX","zD88FL39Q7"|\n</data></match></read>
<read echo="ascii"><delim>\n</delim><match><data>UzwEH = |"c","Yqt","1aLlI","vzY","rI","kc9m1","TIBE1S","4","2q"|\n</data></match></read>
<read echo="ascii"><delim>\n</delim><match><data>aPL2y = |"8FyGW8A"|\n</data></match></read>
		<read echo="ascii"><delim> </delim><match><data>\x3E </data></match></read>
		<write echo="ascii"><data>.l\n</data></write>
	</replay>
</pov>
