<?xml version="1.0" standalone="no" ?>
<!DOCTYPE pov SYSTEM "/usr/share/cgc-docs/replay.dtd"><pov>
	<cbid>CROMU_00011</cbid>
	<replay>
		<read echo="ascii"><delim> </delim><match><data>\x3E </data></match></read>
		<write echo="ascii"><data>z9TJE = |"93axR","awy6tu6","l","KZgJyAW","j3"|-|"eR","0KLRU","o"|\n</data></write>
		<read echo="ascii"><delim> </delim><match><data>\x3E </data></match></read>
		<write echo="ascii"><data>NLIo553 = z9TJE ~ z9TJE\n</data></write>
		<read echo="ascii"><delim> </delim><match><data>\x3E </data></match></read>
		<write echo="ascii"><data>hQdmpp = z9TJE + z9TJE\n</data></write>
		<read echo="ascii"><delim> </delim><match><data>\x3E </data></match></read>
		<write echo="ascii"><data>WOIuLcF = |"cc","4","mWa","Pgr","XUmV","WTXRD","4Vwp1K"|-|"sT","Mizl7U","jgo","XUmV","mWa","iWLElx4"|\n</data></write>
		<read echo="ascii"><delim> </delim><match><data>\x3E </data></match></read>
		<write echo="ascii"><data>1q3ww = |"6vtniA","bEehSi","LzUAze","hBk","Rx2s"|^|"7sPKbJ","mF3ag","jC36k","lgNN","hBk","raqmeL","P8rjCeA"|\n</data></write>
		<read echo="ascii"><delim> </delim><match><data>\x3E </data></match></read>
		<write echo="ascii"><data>WxBMVH = |"z45YaI","bOYZ","Y","8Q","vsBEkZ","CfI"|-|"z45YaI","b7g","l1MC"|\n</data></write>
		<read echo="ascii"><delim> </delim><match><data>\x3E </data></match></read>
		<write echo="ascii"><data>eGhoUG = z9TJE - WxBMVH\n</data></write>
		<read echo="ascii"><delim> </delim><match><data>\x3E </data></match></read>
		<write echo="ascii"><data>rL0WchFMO = hQdmpp ^ NLIo553\n</data></write>
		<read echo="ascii"><delim> </delim><match><data>\x3E </data></match></read>
		<write echo="ascii"><data>Rn4Gxfj = |"l9Boe","ybc5","3","ac","AB62","YLorl","RN"|-|"ybc5","Sm","7S0HQ","vWzk","nfMDqAF","aL4"|\n</data></write>
		<read echo="ascii"><delim> </delim><match><data>\x3E </data></match></read>
		<write echo="ascii"><data>VjU1yfA = |"0MT","gvhz"|^|"VaDG","c7pMd","0MT","yC6C4dD","plsjPE"|\n</data></write>
		<read echo="ascii"><delim> </delim><match><data>\x3E </data></match></read>
		<write echo="ascii"><data>lcl1XTY = z9TJE - z9TJE\n</data></write>
		<read echo="ascii"><delim> </delim><match><data>\x3E </data></match></read>
		<write echo="ascii"><data>JEvcBl = |"rnp","sGD","hAXVnA","fY8yzk","Pk","Edi","dZGe","cBHBG0s"|\n</data></write>
		<read echo="ascii"><delim> </delim><match><data>\x3E </data></match></read>
		<write echo="ascii"><data>8HgfUI = |"rnp","Pk"|\n</data></write>
		<read echo="ascii"><delim> </delim><match><data>\x3E </data></match></read>
		<write echo="ascii"><data>8HgfUI@JEvcBl\n</data></write>
		<read echo="ascii"><delim>\n</delim><match><data>TRUE\n</data></match></read>
		<read echo="ascii"><delim> </delim><match><data>\x3E </data></match></read>
		<write echo="ascii"><data>KQl8SKZ = |"Q1","7D4fbKe","UvMz"|+|"ccx","0jM4El","Ro1","8r"|\n</data></write>
		<read echo="ascii"><delim> </delim><match><data>\x3E </data></match></read>
		<write echo="ascii"><data>.p\n</data></write>
<read echo="ascii"><delim>\n</delim><match><data>z9TJE = |"93axR","awy6tu6","l","KZgJyAW","j3"|\n</data></match></read>
<read echo="ascii"><delim>\n</delim><match><data>NLIo553 = ||\n</data></match></read>
<read echo="ascii"><delim>\n</delim><match><data>hQdmpp = |"93axR","awy6tu6","l","KZgJyAW","j3"|\n</data></match></read>
<read echo="ascii"><delim>\n</delim><match><data>WOIuLcF = |"cc","4","Pgr","WTXRD","4Vwp1K"|\n</data></match></read>
<read echo="ascii"><delim>\n</delim><match><data>1q3ww = |"hBk"|\n</data></match></read>
<read echo="ascii"><delim>\n</delim><match><data>WxBMVH = |"bOYZ","Y","8Q","vsBEkZ","CfI"|\n</data></match></read>
<read echo="ascii"><delim>\n</delim><match><data>eGhoUG = |"93axR","awy6tu6","l","KZgJyAW","j3"|\n</data></match></read>
<read echo="ascii"><delim>\n</delim><match><data>rL0WchFMO = ||\n</data></match></read>
<read echo="ascii"><delim>\n</delim><match><data>Rn4Gxfj = |"l9Boe","3","ac","AB62","YLorl","RN"|\n</data></match></read>
<read echo="ascii"><delim>\n</delim><match><data>VjU1yfA = |"0MT"|\n</data></match></read>
<read echo="ascii"><delim>\n</delim><match><data>lcl1XTY = ||\n</data></match></read>
<read echo="ascii"><delim>\n</delim><match><data>JEvcBl = |"rnp","sGD","hAXVnA","fY8yzk","Pk","Edi","dZGe","cBHBG0s"|\n</data></match></read>
<read echo="ascii"><delim>\n</delim><match><data>8HgfUI = |"rnp","Pk"|\n</data></match></read>
<read echo="ascii"><delim>\n</delim><match><data>KQl8SKZ = |"Q1","7D4fbKe","UvMz","ccx","0jM4El","Ro1","8r"|\n</data></match></read>
		<read echo="ascii"><delim> </delim><match><data>\x3E </data></match></read>
		<write echo="ascii"><data>.l\n</data></write>
	</replay>
</pov>
