<?xml version="1.0" standalone="no" ?>
<!DOCTYPE pov SYSTEM "/usr/share/cgc-docs/replay.dtd"><pov>
	<cbid>CROMU_00011</cbid>
	<replay>
		<read echo="ascii"><delim> </delim><match><data>\x3E </data></match></read>
		<write echo="ascii"><data>vQ9SbN = |"V","SLRMMN","Fa","bcTuo","uP"|-|"tou6E9g","Fa","xQF","YZCpK","V","uP","6KWUY"|\n</data></write>
		<read echo="ascii"><delim> </delim><match><data>\x3E </data></match></read>
		<write echo="ascii"><data>DKpaGF = |"CLy","pFH","eaPREZw","N","ankxVzk"|-|"5","DfEO","CLy","jsjLG","F","P","kS"|\n</data></write>
		<read echo="ascii"><delim> </delim><match><data>\x3E </data></match></read>
		<write echo="ascii"><data>NlX0j = vQ9SbN ~ DKpaGF\n</data></write>
		<read echo="ascii"><delim> </delim><match><data>\x3E </data></match></read>
		<write echo="ascii"><data>Tb0LJo = |"NU9tBZl","9o6l1","BmzkyCQ","dmC5","8","s","rywJFmh"|~|"BmzkyCQ","d","e62B","ZgT","cWW"|\n</data></write>
		<read echo="ascii"><delim> </delim><match><data>\x3E </data></match></read>
		<write echo="ascii"><data>mKXst = vQ9SbN + DKpaGF\n</data></write>
		<read echo="ascii"><delim> </delim><match><data>\x3E </data></match></read>
		<write echo="ascii"><data>cUlBqs = |"Cu","3i","FEg","oYLFhf","HTH","nbQZmE4","4TyovV"|\n</data></write>
		<read echo="ascii"><delim> </delim><match><data>\x3E </data></match></read>
		<write echo="ascii"><data>zAJWQ = |"3i","PJ3pV5Q7wo"|\n</data></write>
		<read echo="ascii"><delim> </delim><match><data>\x3E </data></match></read>
		<write echo="ascii"><data>zAJWQ@cUlBqs\n</data></write>
		<read echo="ascii"><delim>\n</delim><match><data>FALSE\n</data></match></read>
		<read echo="ascii"><delim> </delim><match><data>\x3E </data></match></read>
		<write echo="ascii"><data>qayXg3 = |"uq8FGhm","NGdB6nC"|+|"h8YAZH","ojlt","P8xG"|\n</data></write>
		<read echo="ascii"><delim> </delim><match><data>\x3E </data></match></read>
		<write echo="ascii"><data>DyZgy0R = |"6FKzh7i","1RygG4","6UEX","QwIi","hcQr","ZHvT8xf","X1wd"|^|"ONYxu4w"|\n</data></write>
		<read echo="ascii"><delim> </delim><match><data>\x3E </data></match></read>
		<write echo="ascii"><data>PSIr1O = |"mkKnOe4","tp","pQ6c1"|~|"HHGO","SffoTk"|\n</data></write>
		<read echo="ascii"><delim> </delim><match><data>\x3E </data></match></read>
		<write echo="ascii"><data>zNoqz = |"RR9Cz","O6w3DqO","X"|-|"BeQ3F","Xby0","ezg9n","l","DM46V"|\n</data></write>
		<read echo="ascii"><delim> </delim><match><data>\x3E </data></match></read>
		<write echo="ascii"><data>FXn5g = |"It","po","MyvSb","xY","8HUr","lnq","VQ"|^|"XmvvV"|\n</data></write>
		<read echo="ascii"><delim> </delim><match><data>\x3E </data></match></read>
		<write echo="ascii"><data>YPbUjY = |"quCD4","yPxu"|^|"quCD4","t9","VzvUT"|\n</data></write>
		<read echo="ascii"><delim> </delim><match><data>\x3E </data></match></read>
		<write echo="ascii"><data>.p\n</data></write>
<read echo="ascii"><delim>\n</delim><match><data>vQ9SbN = |"SLRMMN","bcTuo"|\n</data></match></read>
<read echo="ascii"><delim>\n</delim><match><data>DKpaGF = |"pFH","eaPREZw","N","ankxVzk"|\n</data></match></read>
<read echo="ascii"><delim>\n</delim><match><data>NlX0j = |"SLRMMN","bcTuo","pFH","eaPREZw","N","ankxVzk"|\n</data></match></read>
<read echo="ascii"><delim>\n</delim><match><data>Tb0LJo = |"NU9tBZl","9o6l1","dmC5","8","s","rywJFmh","d","e62B","ZgT","cWW"|\n</data></match></read>
<read echo="ascii"><delim>\n</delim><match><data>mKXst = |"SLRMMN","bcTuo","pFH","eaPREZw","N","ankxVzk"|\n</data></match></read>
<read echo="ascii"><delim>\n</delim><match><data>cUlBqs = |"Cu","3i","FEg","oYLFhf","HTH","nbQZmE4","4TyovV"|\n</data></match></read>
<read echo="ascii"><delim>\n</delim><match><data>zAJWQ = |"3i","PJ3pV5Q7wo"|\n</data></match></read>
<read echo="ascii"><delim>\n</delim><match><data>qayXg3 = |"uq8FGhm","NGdB6nC","h8YAZH","ojlt","P8xG"|\n</data></match></read>
<read echo="ascii"><delim>\n</delim><match><data>DyZgy0R = ||\n</data></match></read>
<read echo="ascii"><delim>\n</delim><match><data>PSIr1O = |"mkKnOe4","tp","pQ6c1","HHGO","SffoTk"|\n</data></match></read>
<read echo="ascii"><delim>\n</delim><match><data>zNoqz = |"RR9Cz","O6w3DqO","X"|\n</data></match></read>
<read echo="ascii"><delim>\n</delim><match><data>FXn5g = ||\n</data></match></read>
<read echo="ascii"><delim>\n</delim><match><data>YPbUjY = |"quCD4"|\n</data></match></read>
		<read echo="ascii"><delim> </delim><match><data>\x3E </data></match></read>
		<write echo="ascii"><data>.l\n</data></write>
	</replay>
</pov>
