<?xml version="1.0" standalone="no" ?>
<!DOCTYPE pov SYSTEM "/usr/share/cgc-docs/replay.dtd"><pov>
	<cbid>CROMU_00011</cbid>
	<replay>
		<read echo="ascii"><delim> </delim><match><data>\x3E </data></match></read>
		<write echo="ascii"><data>jwFjcmg = |"18","w02","rE3","fFZ","j"|+|"g9J0cq","fFZ","18","voxYx","j","HuTNmS"|\n</data></write>
		<read echo="ascii"><delim> </delim><match><data>\x3E </data></match></read>
		<write echo="ascii"><data>uf6cs = jwFjcmg - jwFjcmg\n</data></write>
		<read echo="ascii"><delim> </delim><match><data>\x3E </data></match></read>
		<write echo="ascii"><data>q0i4XV = uf6cs ~ uf6cs\n</data></write>
		<read echo="ascii"><delim> </delim><match><data>\x3E </data></match></read>
		<write echo="ascii"><data>x2JvH = uf6cs ^ uf6cs\n</data></write>
		<read echo="ascii"><delim> </delim><match><data>\x3E </data></match></read>
		<write echo="ascii"><data>O4RON8i = q0i4XV + uf6cs\n</data></write>
		<read echo="ascii"><delim> </delim><match><data>\x3E </data></match></read>
		<write echo="ascii"><data>G0QYIJD = jwFjcmg - q0i4XV\n</data></write>
		<read echo="ascii"><delim> </delim><match><data>\x3E </data></match></read>
		<write echo="ascii"><data>7ISw7j = |"LEv","a7Y"|^|"LEv","9xQ3q","Y85","Nv5r6","ewFYv9y","ipu5s"|\n</data></write>
		<read echo="ascii"><delim> </delim><match><data>\x3E </data></match></read>
		<write echo="ascii"><data>8HMUo = |"q"|+|"uwcTZ","UkC1u92","q","MyXj","oQVfNP","S7c85eG"|\n</data></write>
		<read echo="ascii"><delim> </delim><match><data>\x3E </data></match></read>
		<write echo="ascii"><data>mXGGcQ = 7ISw7j - jwFjcmg\n</data></write>
		<read echo="ascii"><delim> </delim><match><data>\x3E </data></match></read>
		<write echo="ascii"><data>iyBVZ = jwFjcmg + x2JvH\n</data></write>
		<read echo="ascii"><delim> </delim><match><data>\x3E </data></match></read>
		<write echo="ascii"><data>zw5PCX4 = |"3he","k1RDi","85RC","7bIS","SRk0l","eeIGoED"|\n</data></write>
		<read echo="ascii"><delim> </delim><match><data>\x3E </data></match></read>
		<write echo="ascii"><data>Z2N2rma = |"SRk0l","jtGA2vMsUy"|\n</data></write>
		<read echo="ascii"><delim> </delim><match><data>\x3E </data></match></read>
		<write echo="ascii"><data>Z2N2rma@zw5PCX4\n</data></write>
		<read echo="ascii"><delim>\n</delim><match><data>FALSE\n</data></match></read>
		<read echo="ascii"><delim> </delim><match><data>\x3E </data></match></read>
		<write echo="ascii"><data>hfjMt1 = x2JvH ^ mXGGcQ\n</data></write>
		<read echo="ascii"><delim> </delim><match><data>\x3E </data></match></read>
		<write echo="ascii"><data>0INy98 = iyBVZ ~ Z2N2rma\n</data></write>
		<read echo="ascii"><delim> </delim><match><data>\x3E </data></match></read>
		<write echo="ascii"><data>.p\n</data></write>
<read echo="ascii"><delim>\n</delim><match><data>jwFjcmg = |"18","w02","rE3","fFZ","j","g9J0cq","voxYx","HuTNmS"|\n</data></match></read>
<read echo="ascii"><delim>\n</delim><match><data>uf6cs = ||\n</data></match></read>
<read echo="ascii"><delim>\n</delim><match><data>q0i4XV = ||\n</data></match></read>
<read echo="ascii"><delim>\n</delim><match><data>x2JvH = ||\n</data></match></read>
<read echo="ascii"><delim>\n</delim><match><data>O4RON8i = ||\n</data></match></read>
<read echo="ascii"><delim>\n</delim><match><data>G0QYIJD = |"18","w02","rE3","fFZ","j","g9J0cq","voxYx","HuTNmS"|\n</data></match></read>
<read echo="ascii"><delim>\n</delim><match><data>7ISw7j = |"LEv"|\n</data></match></read>
<read echo="ascii"><delim>\n</delim><match><data>8HMUo = |"q","uwcTZ","UkC1u92","MyXj","oQVfNP","S7c85eG"|\n</data></match></read>
<read echo="ascii"><delim>\n</delim><match><data>mXGGcQ = |"LEv"|\n</data></match></read>
<read echo="ascii"><delim>\n</delim><match><data>iyBVZ = |"18","w02","rE3","fFZ","j","g9J0cq","voxYx","HuTNmS"|\n</data></match></read>
<read echo="ascii"><delim>\n</delim><match><data>zw5PCX4 = |"3he","k1RDi","85RC","7bIS","SRk0l","eeIGoED"|\n</data></match></read>
<read echo="ascii"><delim>\n</delim><match><data>Z2N2rma = |"SRk0l","jtGA2vMsUy"|\n</data></match></read>
<read echo="ascii"><delim>\n</delim><match><data>hfjMt1 = ||\n</data></match></read>
<read echo="ascii"><delim>\n</delim><match><data>0INy98 = |"18","w02","rE3","fFZ","j","g9J0cq","voxYx","HuTNmS","SRk0l","jtGA2vMsUy"|\n</data></match></read>
		<read echo="ascii"><delim> </delim><match><data>\x3E </data></match></read>
		<write echo="ascii"><data>.l\n</data></write>
	</replay>
</pov>
