<?xml version="1.0" standalone="no" ?>
<!DOCTYPE pov SYSTEM "/usr/share/cgc-docs/replay.dtd"><pov>
	<cbid>CROMU_00011</cbid>
	<replay>
		<read echo="ascii"><delim> </delim><match><data>\x3E </data></match></read>
		<write echo="ascii"><data>DeTwse = |"GzMS","at6gU6","ClKuU","pGdY","qmQdZT"|~|"GzMS","8","qmQdZT","pMxp","Wcbj","xJFdj1"|\n</data></write>
		<read echo="ascii"><delim> </delim><match><data>\x3E </data></match></read>
		<write echo="ascii"><data>6f0Sc = |"kbGQv","9E4CiII","bzAAn9","qs","Qk5"|+|"av","x4T"|\n</data></write>
		<read echo="ascii"><delim> </delim><match><data>\x3E </data></match></read>
		<write echo="ascii"><data>o5pEsZ = DeTwse ~ 6f0Sc\n</data></write>
		<read echo="ascii"><delim> </delim><match><data>\x3E </data></match></read>
		<write echo="ascii"><data>uxDhm = o5pEsZ + 6f0Sc\n</data></write>
		<read echo="ascii"><delim> </delim><match><data>\x3E </data></match></read>
		<write echo="ascii"><data>NeJWJnU = |"nuOAG9","H3S4","eMNZTab","p","K","RSE","l"|-|"p","lS","H3S4","K"|\n</data></write>
		<read echo="ascii"><delim> </delim><match><data>\x3E </data></match></read>
		<write echo="ascii"><data>Gmt96 = |"D4hS","j2SyM","a","Ii","oIk0iSC"|-|"D4hS","4","LrC","mrQ4T","J","j2SyM"|\n</data></write>
		<read echo="ascii"><delim> </delim><match><data>\x3E </data></match></read>
		<write echo="ascii"><data>bDP3xf = |"9XUEXZG","xGK","nd","MDCG7","SaKLHsd","1","6ttqu"|-|"BD","xOG1Tq","cUWq","xGK"|\n</data></write>
		<read echo="ascii"><delim> </delim><match><data>\x3E </data></match></read>
		<write echo="ascii"><data>YqWL1f6 = |"mI5bqu","S483g","n5a","Q4Fq","lz","3zU","EUPdD0v"|\n</data></write>
		<read echo="ascii"><delim> </delim><match><data>\x3E </data></match></read>
		<write echo="ascii"><data>e9vG8i = |"3zU","n5a","mI5bqu","EUPdD0v","lz","Q4Fq"|\n</data></write>
		<read echo="ascii"><delim> </delim><match><data>\x3E </data></match></read>
		<write echo="ascii"><data>e9vG8i@YqWL1f6\n</data></write>
		<read echo="ascii"><delim>\n</delim><match><data>TRUE\n</data></match></read>
		<read echo="ascii"><delim> </delim><match><data>\x3E </data></match></read>
		<write echo="ascii"><data>E9oqcze = |"9fCmZJo","N0x","N9edTdg","UYSyFnh","WuVG","Ud1Df","qdoliGm","RiM01J"|\n</data></write>
		<read echo="ascii"><delim> </delim><match><data>\x3E </data></match></read>
		<write echo="ascii"><data>ga9tkP = |"RiM01J","qdoliGm","UYSyFnh","8c8dGrxyuD"|\n</data></write>
		<read echo="ascii"><delim> </delim><match><data>\x3E </data></match></read>
		<write echo="ascii"><data>ga9tkP@E9oqcze\n</data></write>
		<read echo="ascii"><delim>\n</delim><match><data>FALSE\n</data></match></read>
		<read echo="ascii"><delim> </delim><match><data>\x3E </data></match></read>
		<write echo="ascii"><data>Txc7xZC = |"xLiHR","5VPelEo","S0QwI","r7gWi"|~|"3hYy9M","E6","71IfM","7zR","72","xLiHR"|\n</data></write>
		<read echo="ascii"><delim> </delim><match><data>\x3E </data></match></read>
		<write echo="ascii"><data>ftbJh = 6f0Sc ~ NeJWJnU\n</data></write>
		<read echo="ascii"><delim> </delim><match><data>\x3E </data></match></read>
		<write echo="ascii"><data>tN3PK = e9vG8i + e9vG8i\n</data></write>
		<read echo="ascii"><delim> </delim><match><data>\x3E </data></match></read>
		<write echo="ascii"><data>hZmxEgs = o5pEsZ ^ o5pEsZ\n</data></write>
		<read echo="ascii"><delim> </delim><match><data>\x3E </data></match></read>
		<write echo="ascii"><data>.p\n</data></write>
<read echo="ascii"><delim>\n</delim><match><data>DeTwse = |"at6gU6","ClKuU","pGdY","8","pMxp","Wcbj","xJFdj1"|\n</data></match></read>
<read echo="ascii"><delim>\n</delim><match><data>6f0Sc = |"kbGQv","9E4CiII","bzAAn9","qs","Qk5","av","x4T"|\n</data></match></read>
<read echo="ascii"><delim>\n</delim><match><data>o5pEsZ = |"at6gU6","ClKuU","pGdY","8","pMxp","Wcbj","xJFdj1","kbGQv","9E4CiII","bzAAn9","qs","Qk5","av","x4T"|\n</data></match></read>
<read echo="ascii"><delim>\n</delim><match><data>uxDhm = |"at6gU6","ClKuU","pGdY","8","pMxp","Wcbj","xJFdj1","kbGQv","9E4CiII","bzAAn9","qs","Qk5","av","x4T"|\n</data></match></read>
<read echo="ascii"><delim>\n</delim><match><data>NeJWJnU = |"nuOAG9","eMNZTab","RSE","l"|\n</data></match></read>
<read echo="ascii"><delim>\n</delim><match><data>Gmt96 = |"a","Ii","oIk0iSC"|\n</data></match></read>
<read echo="ascii"><delim>\n</delim><match><data>bDP3xf = |"9XUEXZG","nd","MDCG7","SaKLHsd","1","6ttqu"|\n</data></match></read>
<read echo="ascii"><delim>\n</delim><match><data>YqWL1f6 = |"mI5bqu","S483g","n5a","Q4Fq","lz","3zU","EUPdD0v"|\n</data></match></read>
<read echo="ascii"><delim>\n</delim><match><data>e9vG8i = |"3zU","n5a","mI5bqu","EUPdD0v","lz","Q4Fq"|\n</data></match></read>
<read echo="ascii"><delim>\n</delim><match><data>E9oqcze = |"9fCmZJo","N0x","N9edTdg","UYSyFnh","WuVG","Ud1Df","qdoliGm","RiM01J"|\n</data></match></read>
<read echo="ascii"><delim>\n</delim><match><data>ga9tkP = |"RiM01J","qdoliGm","UYSyFnh","8c8dGrxyuD"|\n</data></match></read>
<read echo="ascii"><delim>\n</delim><match><data>Txc7xZC = |"5VPelEo","S0QwI","r7gWi","3hYy9M","E6","71IfM","7zR","72"|\n</data></match></read>
<read echo="ascii"><delim>\n</delim><match><data>ftbJh = |"kbGQv","9E4CiII","bzAAn9","qs","Qk5","av","x4T","nuOAG9","eMNZTab","RSE","l"|\n</data></match></read>
<read echo="ascii"><delim>\n</delim><match><data>tN3PK = |"3zU","n5a","mI5bqu","EUPdD0v","lz","Q4Fq"|\n</data></match></read>
<read echo="ascii"><delim>\n</delim><match><data>hZmxEgs = |"at6gU6","ClKuU","pGdY","8","pMxp","Wcbj","xJFdj1","kbGQv","9E4CiII","bzAAn9","qs","Qk5","av","x4T"|\n</data></match></read>
		<read echo="ascii"><delim> </delim><match><data>\x3E </data></match></read>
		<write echo="ascii"><data>.l\n</data></write>
	</replay>
</pov>
