<?xml version="1.0" standalone="no" ?>
<!DOCTYPE pov SYSTEM "/usr/share/cgc-docs/replay.dtd"><pov>
	<cbid>CROMU_00011</cbid>
	<replay>
		<read echo="ascii"><delim> </delim><match><data>\x3E </data></match></read>
		<write echo="ascii"><data>gwqaq = |"0e","V3y","d93AC4","zWrY6VQ","P15J","qsOusiy","D18S8QH","GlShqR"|\n</data></write>
		<read echo="ascii"><delim> </delim><match><data>\x3E </data></match></read>
		<write echo="ascii"><data>axNYv = |"P15J","zWrY6VQ","d93AC4","D18S8QH","GlShqR","V3y","qsOusiy"|\n</data></write>
		<read echo="ascii"><delim> </delim><match><data>\x3E </data></match></read>
		<write echo="ascii"><data>axNYv@gwqaq\n</data></write>
		<read echo="ascii"><delim>\n</delim><match><data>TRUE\n</data></match></read>
		<read echo="ascii"><delim> </delim><match><data>\x3E </data></match></read>
		<write echo="ascii"><data>iK1Ou = axNYv + gwqaq\n</data></write>
		<read echo="ascii"><delim> </delim><match><data>\x3E </data></match></read>
		<write echo="ascii"><data>eBsgmVn = axNYv ~ axNYv\n</data></write>
		<read echo="ascii"><delim> </delim><match><data>\x3E </data></match></read>
		<write echo="ascii"><data>M8rVnT = |"HojfEA","la","1387","qZmUOWC","qsGw"|-|"mVoLd","ysA","Bn","J9","KQcV","AahbPXw"|\n</data></write>
		<read echo="ascii"><delim> </delim><match><data>\x3E </data></match></read>
		<write echo="ascii"><data>0IlRB = |"3sH","q","JCPK","HKXKqSE","1whdrQ6","0PXuKg"|~|"n3cE6","Dn4t","HKXKqSE","UA19gtP","0PXuKg"|\n</data></write>
		<read echo="ascii"><delim> </delim><match><data>\x3E </data></match></read>
		<write echo="ascii"><data>nPbcpG = |"kDRLaV5","MJbTcS"|^|"kfuC","YFO3","7REuoK","VoDnV","xv48jNk"|\n</data></write>
		<read echo="ascii"><delim> </delim><match><data>\x3E </data></match></read>
		<write echo="ascii"><data>QyqZKC = eBsgmVn ~ iK1Ou\n</data></write>
		<read echo="ascii"><delim> </delim><match><data>\x3E </data></match></read>
		<write echo="ascii"><data>UXN9pt = eBsgmVn ^ nPbcpG\n</data></write>
		<read echo="ascii"><delim> </delim><match><data>\x3E </data></match></read>
		<write echo="ascii"><data>z77grnO = QyqZKC ~ gwqaq\n</data></write>
		<read echo="ascii"><delim> </delim><match><data>\x3E </data></match></read>
		<write echo="ascii"><data>aRMCTBWq = QyqZKC ^ nPbcpG\n</data></write>
		<read echo="ascii"><delim> </delim><match><data>\x3E </data></match></read>
		<write echo="ascii"><data>9myOoRV = |"d","XaI","W","0vt","H","6zDg2nR"|~|"9m0aGS","0vt","5","nhZpT","Zm"|\n</data></write>
		<read echo="ascii"><delim> </delim><match><data>\x3E </data></match></read>
		<write echo="ascii"><data>55P0DO = |"JVX","IQFAo","tJX1","iRY","V7EBL6","8eo","4xDv0G","PA9Y","EcKQNBs","ZVrTTd"|\n</data></write>
		<read echo="ascii"><delim> </delim><match><data>\x3E </data></match></read>
		<write echo="ascii"><data>th0gCkm = |"tJX1","JVX"|\n</data></write>
		<read echo="ascii"><delim> </delim><match><data>\x3E </data></match></read>
		<write echo="ascii"><data>th0gCkm@55P0DO\n</data></write>
		<read echo="ascii"><delim>\n</delim><match><data>TRUE\n</data></match></read>
		<read echo="ascii"><delim> </delim><match><data>\x3E </data></match></read>
		<write echo="ascii"><data>.p\n</data></write>
<read echo="ascii"><delim>\n</delim><match><data>gwqaq = |"0e","V3y","d93AC4","zWrY6VQ","P15J","qsOusiy","D18S8QH","GlShqR"|\n</data></match></read>
<read echo="ascii"><delim>\n</delim><match><data>axNYv = |"P15J","zWrY6VQ","d93AC4","D18S8QH","GlShqR","V3y","qsOusiy"|\n</data></match></read>
<read echo="ascii"><delim>\n</delim><match><data>iK1Ou = |"P15J","zWrY6VQ","d93AC4","D18S8QH","GlShqR","V3y","qsOusiy","0e"|\n</data></match></read>
<read echo="ascii"><delim>\n</delim><match><data>eBsgmVn = ||\n</data></match></read>
<read echo="ascii"><delim>\n</delim><match><data>M8rVnT = |"HojfEA","la","1387","qZmUOWC","qsGw"|\n</data></match></read>
<read echo="ascii"><delim>\n</delim><match><data>0IlRB = |"3sH","q","JCPK","1whdrQ6","n3cE6","Dn4t","UA19gtP"|\n</data></match></read>
<read echo="ascii"><delim>\n</delim><match><data>nPbcpG = ||\n</data></match></read>
<read echo="ascii"><delim>\n</delim><match><data>QyqZKC = |"P15J","zWrY6VQ","d93AC4","D18S8QH","GlShqR","V3y","qsOusiy","0e"|\n</data></match></read>
<read echo="ascii"><delim>\n</delim><match><data>UXN9pt = ||\n</data></match></read>
<read echo="ascii"><delim>\n</delim><match><data>z77grnO = ||\n</data></match></read>
<read echo="ascii"><delim>\n</delim><match><data>aRMCTBWq = ||\n</data></match></read>
<read echo="ascii"><delim>\n</delim><match><data>9myOoRV = |"d","XaI","W","H","6zDg2nR","9m0aGS","5","nhZpT","Zm"|\n</data></match></read>
<read echo="ascii"><delim>\n</delim><match><data>55P0DO = |"JVX","IQFAo","tJX1","iRY","V7EBL6","8eo","4xDv0G","PA9Y","EcKQNBs","ZVrTTd"|\n</data></match></read>
<read echo="ascii"><delim>\n</delim><match><data>th0gCkm = |"tJX1","JVX"|\n</data></match></read>
		<read echo="ascii"><delim> </delim><match><data>\x3E </data></match></read>
		<write echo="ascii"><data>.l\n</data></write>
	</replay>
</pov>
