<?xml version="1.0" standalone="no" ?>
<!DOCTYPE pov SYSTEM "/usr/share/cgc-docs/replay.dtd"><pov>
	<cbid>CROMU_00011</cbid>
	<replay>
		<read echo="ascii"><delim> </delim><match><data>\x3E </data></match></read>
		<write echo="ascii"><data>nb86tl = |"U4v","Ck8","YXfj","DadQjZD","Z6lRgW","2B","IcjFIb","IQ","Ct949","rktKl"|\n</data></write>
		<read echo="ascii"><delim> </delim><match><data>\x3E </data></match></read>
		<write echo="ascii"><data>nkGS4P = |"Z6lRgW","2B","YXfj","U4v","Ct949","IcjFIb","DadQjZD","rktKl","FNGI07b99U"|\n</data></write>
		<read echo="ascii"><delim> </delim><match><data>\x3E </data></match></read>
		<write echo="ascii"><data>nkGS4P@nb86tl\n</data></write>
		<read echo="ascii"><delim>\n</delim><match><data>FALSE\n</data></match></read>
		<read echo="ascii"><delim> </delim><match><data>\x3E </data></match></read>
		<write echo="ascii"><data>MDnZWB = |"ZsX","RjNi","7IK","wnv5","E","bJ9","pI"|-|"Dx","oX","tbEoYKA"|\n</data></write>
		<read echo="ascii"><delim> </delim><match><data>\x3E </data></match></read>
		<write echo="ascii"><data>JnTWG = |"Vc6","roTE","G4NQ","Drb","4osgc"|^|"kv3hp5","Vc6","IAc","Z7wVUbM","4osgc"|\n</data></write>
		<read echo="ascii"><delim> </delim><match><data>\x3E </data></match></read>
		<write echo="ascii"><data>RdvrB = |"4I00Jb","IJUciv","9sWk","O"|~|"a0gaT","YyebL"|\n</data></write>
		<read echo="ascii"><delim> </delim><match><data>\x3E </data></match></read>
		<write echo="ascii"><data>wUClI8 = |"KidLK81","BV5qtYO","t8kzvvO","VtQo0","T6","YVer"|\n</data></write>
		<read echo="ascii"><delim> </delim><match><data>\x3E </data></match></read>
		<write echo="ascii"><data>ttXTbwg = |"YVer","VtQo0","KidLK81","T6","Ythw6Q3Bdj"|\n</data></write>
		<read echo="ascii"><delim> </delim><match><data>\x3E </data></match></read>
		<write echo="ascii"><data>ttXTbwg@wUClI8\n</data></write>
		<read echo="ascii"><delim>\n</delim><match><data>FALSE\n</data></match></read>
		<read echo="ascii"><delim> </delim><match><data>\x3E </data></match></read>
		<write echo="ascii"><data>801a7 = |"7jW5kK","GglLi","zeJh","0K7a8","4w9NpA","iRQ7"|\n</data></write>
		<read echo="ascii"><delim> </delim><match><data>\x3E </data></match></read>
		<write echo="ascii"><data>VGVeNP = |"0K7a8","iRQ7","7jW5kK","GglLi","4w9NpA","M5Jq7DDYzU"|\n</data></write>
		<read echo="ascii"><delim> </delim><match><data>\x3E </data></match></read>
		<write echo="ascii"><data>VGVeNP@801a7\n</data></write>
		<read echo="ascii"><delim>\n</delim><match><data>FALSE\n</data></match></read>
		<read echo="ascii"><delim> </delim><match><data>\x3E </data></match></read>
		<write echo="ascii"><data>0RmNO = |"yADY","kkYl6YJ","Z","4lddK"|+|"SWxJETx","w1mE1jn","dn424XH","UK"|\n</data></write>
		<read echo="ascii"><delim> </delim><match><data>\x3E </data></match></read>
		<write echo="ascii"><data>LiRQaTb = |"3tYIPt"|+|"ce3c"|\n</data></write>
		<read echo="ascii"><delim> </delim><match><data>\x3E </data></match></read>
		<write echo="ascii"><data>SZaRn = |"hLeph9o","Iyp"|~|"9GbJh","oeSA1D","5ptcdkn","hLeph9o","6Kz"|\n</data></write>
		<read echo="ascii"><delim> </delim><match><data>\x3E </data></match></read>
		<write echo="ascii"><data>USR3qH = |"cP2","rtG7","89","9"|+|"Oaq","EI0i","T","Kf"|\n</data></write>
		<read echo="ascii"><delim> </delim><match><data>\x3E </data></match></read>
		<write echo="ascii"><data>9IttO0 = |"GcfA68","U0uX1LH","ZrrmZP"|^|"er6E6FL","5UoN","wnNnWR","nP7uwC","MtiwID","ZrrmZP"|\n</data></write>
		<read echo="ascii"><delim> </delim><match><data>\x3E </data></match></read>
		<write echo="ascii"><data>bTqp8j = |"pfc"|^|"VB","mEtfB"|\n</data></write>
		<read echo="ascii"><delim> </delim><match><data>\x3E </data></match></read>
		<write echo="ascii"><data>u1nnAxrS = nkGS4P ^ nb86tl\n</data></write>
		<read echo="ascii"><delim> </delim><match><data>\x3E </data></match></read>
		<write echo="ascii"><data>WKbUts = |"C","DJRc","KF","44p2bv","Phx4XW","2"|~|"z","2"|\n</data></write>
		<read echo="ascii"><delim> </delim><match><data>\x3E </data></match></read>
		<write echo="ascii"><data>.p\n</data></write>
<read echo="ascii"><delim>\n</delim><match><data>nb86tl = |"U4v","Ck8","YXfj","DadQjZD","Z6lRgW","2B","IcjFIb","IQ","Ct949","rktKl"|\n</data></match></read>
<read echo="ascii"><delim>\n</delim><match><data>nkGS4P = |"Z6lRgW","2B","YXfj","U4v","Ct949","IcjFIb","DadQjZD","rktKl","FNGI07b99U"|\n</data></match></read>
<read echo="ascii"><delim>\n</delim><match><data>MDnZWB = |"ZsX","RjNi","7IK","wnv5","E","bJ9","pI"|\n</data></match></read>
<read echo="ascii"><delim>\n</delim><match><data>JnTWG = |"Vc6","4osgc"|\n</data></match></read>
<read echo="ascii"><delim>\n</delim><match><data>RdvrB = |"4I00Jb","IJUciv","9sWk","O","a0gaT","YyebL"|\n</data></match></read>
<read echo="ascii"><delim>\n</delim><match><data>wUClI8 = |"KidLK81","BV5qtYO","t8kzvvO","VtQo0","T6","YVer"|\n</data></match></read>
<read echo="ascii"><delim>\n</delim><match><data>ttXTbwg = |"YVer","VtQo0","KidLK81","T6","Ythw6Q3Bdj"|\n</data></match></read>
<read echo="ascii"><delim>\n</delim><match><data>801a7 = |"7jW5kK","GglLi","zeJh","0K7a8","4w9NpA","iRQ7"|\n</data></match></read>
<read echo="ascii"><delim>\n</delim><match><data>VGVeNP = |"0K7a8","iRQ7","7jW5kK","GglLi","4w9NpA","M5Jq7DDYzU"|\n</data></match></read>
<read echo="ascii"><delim>\n</delim><match><data>0RmNO = |"yADY","kkYl6YJ","Z","4lddK","SWxJETx","w1mE1jn","dn424XH","UK"|\n</data></match></read>
<read echo="ascii"><delim>\n</delim><match><data>LiRQaTb = |"3tYIPt","ce3c"|\n</data></match></read>
<read echo="ascii"><delim>\n</delim><match><data>SZaRn = |"Iyp","9GbJh","oeSA1D","5ptcdkn","6Kz"|\n</data></match></read>
<read echo="ascii"><delim>\n</delim><match><data>USR3qH = |"cP2","rtG7","89","9","Oaq","EI0i","T","Kf"|\n</data></match></read>
<read echo="ascii"><delim>\n</delim><match><data>9IttO0 = |"ZrrmZP"|\n</data></match></read>
<read echo="ascii"><delim>\n</delim><match><data>bTqp8j = ||\n</data></match></read>
<read echo="ascii"><delim>\n</delim><match><data>u1nnAxrS = |"Z6lRgW","2B","YXfj","U4v","Ct949","IcjFIb","DadQjZD","rktKl"|\n</data></match></read>
<read echo="ascii"><delim>\n</delim><match><data>WKbUts = |"C","DJRc","KF","44p2bv","Phx4XW","z"|\n</data></match></read>
		<read echo="ascii"><delim> </delim><match><data>\x3E </data></match></read>
		<write echo="ascii"><data>.l\n</data></write>
	</replay>
</pov>
