<?xml version="1.0" standalone="no" ?>
<!DOCTYPE pov SYSTEM "/usr/share/cgc-docs/replay.dtd"><pov>
	<cbid>CROMU_00011</cbid>
	<replay>
		<read echo="ascii"><delim> </delim><match><data>\x3E </data></match></read>
		<write echo="ascii"><data>Bd2rZh = |"dxJO","PQXlEu","NhcXe","TArJuQB","5u","HlQu4","aAqmBRY"|\n</data></write>
		<read echo="ascii"><delim> </delim><match><data>\x3E </data></match></read>
		<write echo="ascii"><data>Pcr6y = |"PQXlEu"|\n</data></write>
		<read echo="ascii"><delim> </delim><match><data>\x3E </data></match></read>
		<write echo="ascii"><data>Pcr6y@Bd2rZh\n</data></write>
		<read echo="ascii"><delim>\n</delim><match><data>TRUE\n</data></match></read>
		<read echo="ascii"><delim> </delim><match><data>\x3E </data></match></read>
		<write echo="ascii"><data>0bgd5aF = |"LoYbuU0","1m","Q","xkPIBJ","10NC"|+|"GZE","uWJj6S"|\n</data></write>
		<read echo="ascii"><delim> </delim><match><data>\x3E </data></match></read>
		<write echo="ascii"><data>0XkUz = Bd2rZh ~ 0bgd5aF\n</data></write>
		<read echo="ascii"><delim> </delim><match><data>\x3E </data></match></read>
		<write echo="ascii"><data>ib5KhJ = Pcr6y + 0bgd5aF\n</data></write>
		<read echo="ascii"><delim> </delim><match><data>\x3E </data></match></read>
		<write echo="ascii"><data>UPJStYNZwI = 0bgd5aF ^ Bd2rZh\n</data></write>
		<read echo="ascii"><delim> </delim><match><data>\x3E </data></match></read>
		<write echo="ascii"><data>IPJcUG = |"IeYnjjl","ZQht","qoxX","0hmD3T","td6v","4Dl"|\n</data></write>
		<read echo="ascii"><delim> </delim><match><data>\x3E </data></match></read>
		<write echo="ascii"><data>8BLFK = |"4Dl","YF5d1PPfh4"|\n</data></write>
		<read echo="ascii"><delim> </delim><match><data>\x3E </data></match></read>
		<write echo="ascii"><data>8BLFK@IPJcUG\n</data></write>
		<read echo="ascii"><delim>\n</delim><match><data>FALSE\n</data></match></read>
		<read echo="ascii"><delim> </delim><match><data>\x3E </data></match></read>
		<write echo="ascii"><data>ZXb6KD = |"qgyYM","X1q","7gX","n1K1C","PZR","bL1eLc","OyWlnTp"|~|"AHTd0X","X1q","k01tlb","Grw","m","n1K1C"|\n</data></write>
		<read echo="ascii"><delim> </delim><match><data>\x3E </data></match></read>
		<write echo="ascii"><data>nNdhd = Bd2rZh ^ Bd2rZh\n</data></write>
		<read echo="ascii"><delim> </delim><match><data>\x3E </data></match></read>
		<write echo="ascii"><data>9m8Lep = |"6EWZy","pE","4Rw0"|^|"nP5mRT","SCY"|\n</data></write>
		<read echo="ascii"><delim> </delim><match><data>\x3E </data></match></read>
		<write echo="ascii"><data>2vp9MEV = 0bgd5aF ~ Pcr6y\n</data></write>
		<read echo="ascii"><delim> </delim><match><data>\x3E </data></match></read>
		<write echo="ascii"><data>299LF = |"oB5tgy","BVJsd","6YLJU3b","L8XU6F","4cG","93"|^|"RIVEpI5","L8XU6F","RJe29","6YLJU3b","ic42yI","93"|\n</data></write>
		<read echo="ascii"><delim> </delim><match><data>\x3E </data></match></read>
		<write echo="ascii"><data>mXVrmGS = |"guI","1TGkhSJ","y","Q","BJbPDC"|~|"VF","Sbz9","YFfJ"|\n</data></write>
		<read echo="ascii"><delim> </delim><match><data>\x3E </data></match></read>
		<write echo="ascii"><data>rcLPR2 = |"fHn61"|^|"FD"|\n</data></write>
		<read echo="ascii"><delim> </delim><match><data>\x3E </data></match></read>
		<write echo="ascii"><data>.p\n</data></write>
<read echo="ascii"><delim>\n</delim><match><data>Bd2rZh = |"dxJO","PQXlEu","NhcXe","TArJuQB","5u","HlQu4","aAqmBRY"|\n</data></match></read>
<read echo="ascii"><delim>\n</delim><match><data>Pcr6y = |"PQXlEu"|\n</data></match></read>
<read echo="ascii"><delim>\n</delim><match><data>0bgd5aF = |"LoYbuU0","1m","Q","xkPIBJ","10NC","GZE","uWJj6S"|\n</data></match></read>
<read echo="ascii"><delim>\n</delim><match><data>0XkUz = |"dxJO","PQXlEu","NhcXe","TArJuQB","5u","HlQu4","aAqmBRY","LoYbuU0","1m","Q","xkPIBJ","10NC","GZE","uWJj6S"|\n</data></match></read>
<read echo="ascii"><delim>\n</delim><match><data>ib5KhJ = |"PQXlEu","LoYbuU0","1m","Q","xkPIBJ","10NC","GZE","uWJj6S"|\n</data></match></read>
<read echo="ascii"><delim>\n</delim><match><data>UPJStYNZwI = ||\n</data></match></read>
<read echo="ascii"><delim>\n</delim><match><data>IPJcUG = |"IeYnjjl","ZQht","qoxX","0hmD3T","td6v","4Dl"|\n</data></match></read>
<read echo="ascii"><delim>\n</delim><match><data>8BLFK = |"4Dl","YF5d1PPfh4"|\n</data></match></read>
<read echo="ascii"><delim>\n</delim><match><data>ZXb6KD = |"qgyYM","7gX","PZR","bL1eLc","OyWlnTp","AHTd0X","k01tlb","Grw","m"|\n</data></match></read>
<read echo="ascii"><delim>\n</delim><match><data>nNdhd = |"dxJO","PQXlEu","NhcXe","TArJuQB","5u","HlQu4","aAqmBRY"|\n</data></match></read>
<read echo="ascii"><delim>\n</delim><match><data>9m8Lep = ||\n</data></match></read>
<read echo="ascii"><delim>\n</delim><match><data>2vp9MEV = |"LoYbuU0","1m","Q","xkPIBJ","10NC","GZE","uWJj6S","PQXlEu"|\n</data></match></read>
<read echo="ascii"><delim>\n</delim><match><data>299LF = |"6YLJU3b","L8XU6F","93"|\n</data></match></read>
<read echo="ascii"><delim>\n</delim><match><data>mXVrmGS = |"guI","1TGkhSJ","y","Q","BJbPDC","VF","Sbz9","YFfJ"|\n</data></match></read>
<read echo="ascii"><delim>\n</delim><match><data>rcLPR2 = ||\n</data></match></read>
		<read echo="ascii"><delim> </delim><match><data>\x3E </data></match></read>
		<write echo="ascii"><data>.l\n</data></write>
	</replay>
</pov>
