<?xml version="1.0" standalone="no" ?>
<!DOCTYPE pov SYSTEM "/usr/share/cgc-docs/replay.dtd"><pov>
	<cbid>CROMU_00011</cbid>
	<replay>
		<read echo="ascii"><delim> </delim><match><data>\x3E </data></match></read>
		<write echo="ascii"><data>rWuMv = |"258","zQdj","E5X","PGJvcl","MI","2jsOZ"|\n</data></write>
		<read echo="ascii"><delim> </delim><match><data>\x3E </data></match></read>
		<write echo="ascii"><data>CuLiN3 = |"258","E5X","PGJvcl","IHpvLmGdBG"|\n</data></write>
		<read echo="ascii"><delim> </delim><match><data>\x3E </data></match></read>
		<write echo="ascii"><data>CuLiN3@rWuMv\n</data></write>
		<read echo="ascii"><delim>\n</delim><match><data>FALSE\n</data></match></read>
		<read echo="ascii"><delim> </delim><match><data>\x3E </data></match></read>
		<write echo="ascii"><data>2nO9M9 = |"jYkTErQ","3","xkLNWso","UI0ZVXd"|+|"H","lji","qw9Zs","uXIWtN","W"|\n</data></write>
		<read echo="ascii"><delim> </delim><match><data>\x3E </data></match></read>
		<write echo="ascii"><data>J2ofJ = |"FLXjMf","Ot","t0w","Hg8","jqxK7","Lixv1"|^|"FgDnV","XKWr3s","zjvKh6","Hg8","lJnbVg","h0cQr7w","Ot"|\n</data></write>
		<read echo="ascii"><delim> </delim><match><data>\x3E </data></match></read>
		<write echo="ascii"><data>UPpeU = CuLiN3 - J2ofJ\n</data></write>
		<read echo="ascii"><delim> </delim><match><data>\x3E </data></match></read>
		<write echo="ascii"><data>KjBrgav = |"61qjM9L","zA","fKcS8HW"|+|"FP1EuAW","mvigf","ixXgm","P3Cij","Ai","s63","yShri"|\n</data></write>
		<read echo="ascii"><delim> </delim><match><data>\x3E </data></match></read>
		<write echo="ascii"><data>76lQx = |"Vjs0Ra","65P","sn","xs","L7n","s","e"|-|"zk","zg2bWMF","4av","kgQg","s","fdiwp","I"|\n</data></write>
		<read echo="ascii"><delim> </delim><match><data>\x3E </data></match></read>
		<write echo="ascii"><data>feV7OAS = |"kO4l","R","6z1R"|-|"qZ","Syo","Ii","ZK76","zI"|\n</data></write>
		<read echo="ascii"><delim> </delim><match><data>\x3E </data></match></read>
		<write echo="ascii"><data>i2UsH6T = |"PlZ5a","p","r3FH","9W0o","i7","3j"|~|"lM5mf","YotI"|\n</data></write>
		<read echo="ascii"><delim> </delim><match><data>\x3E </data></match></read>
		<write echo="ascii"><data>rIvjBui = feV7OAS - 76lQx\n</data></write>
		<read echo="ascii"><delim> </delim><match><data>\x3E </data></match></read>
		<write echo="ascii"><data>bEDWX = |"maK6","0q7Jffh","9K4XuD"|-|"pHrpwOl","u","9K4XuD","aWJi9bv"|\n</data></write>
		<read echo="ascii"><delim> </delim><match><data>\x3E </data></match></read>
		<write echo="ascii"><data>.p\n</data></write>
<read echo="ascii"><delim>\n</delim><match><data>rWuMv = |"258","zQdj","E5X","PGJvcl","MI","2jsOZ"|\n</data></match></read>
<read echo="ascii"><delim>\n</delim><match><data>CuLiN3 = |"258","E5X","PGJvcl","IHpvLmGdBG"|\n</data></match></read>
<read echo="ascii"><delim>\n</delim><match><data>2nO9M9 = |"jYkTErQ","3","xkLNWso","UI0ZVXd","H","lji","qw9Zs","uXIWtN","W"|\n</data></match></read>
<read echo="ascii"><delim>\n</delim><match><data>J2ofJ = |"Ot","Hg8"|\n</data></match></read>
<read echo="ascii"><delim>\n</delim><match><data>UPpeU = |"258","E5X","PGJvcl","IHpvLmGdBG"|\n</data></match></read>
<read echo="ascii"><delim>\n</delim><match><data>KjBrgav = |"61qjM9L","zA","fKcS8HW","FP1EuAW","mvigf","ixXgm","P3Cij","Ai","s63","yShri"|\n</data></match></read>
<read echo="ascii"><delim>\n</delim><match><data>76lQx = |"Vjs0Ra","65P","sn","xs","L7n","e"|\n</data></match></read>
<read echo="ascii"><delim>\n</delim><match><data>feV7OAS = |"kO4l","R","6z1R"|\n</data></match></read>
<read echo="ascii"><delim>\n</delim><match><data>i2UsH6T = |"PlZ5a","p","r3FH","9W0o","i7","3j","lM5mf","YotI"|\n</data></match></read>
<read echo="ascii"><delim>\n</delim><match><data>rIvjBui = |"kO4l","R","6z1R"|\n</data></match></read>
<read echo="ascii"><delim>\n</delim><match><data>bEDWX = |"maK6","0q7Jffh"|\n</data></match></read>
		<read echo="ascii"><delim> </delim><match><data>\x3E </data></match></read>
		<write echo="ascii"><data>.l\n</data></write>
	</replay>
</pov>
