<?xml version="1.0" standalone="no" ?>
<!DOCTYPE pov SYSTEM "/usr/share/cgc-docs/replay.dtd"><pov>
	<cbid>CROMU_00011</cbid>
	<replay>
		<read echo="ascii"><delim> </delim><match><data>\x3E </data></match></read>
		<write echo="ascii"><data>YmWVQO7 = |"Ylp","wGY1I","9o","bG5zW5e"|^|"POVog","Ylp","d0jiDo"|\n</data></write>
		<read echo="ascii"><delim> </delim><match><data>\x3E </data></match></read>
		<write echo="ascii"><data>4XutH = |"nUGn","0ScYNr"|^|"ze","nGMbq"|\n</data></write>
		<read echo="ascii"><delim> </delim><match><data>\x3E </data></match></read>
		<write echo="ascii"><data>aoPqT = |"nL","ONNhwJ","Qxg5YKy"|~|"Ez0hj","C","uYw9","fp","n0Ks"|\n</data></write>
		<read echo="ascii"><delim> </delim><match><data>\x3E </data></match></read>
		<write echo="ascii"><data>wGLhD3a = |"0NoS6","B8zq4","nqd","jNN","CXXHYt","iGfr","wxXPCV","H9"|\n</data></write>
		<read echo="ascii"><delim> </delim><match><data>\x3E </data></match></read>
		<write echo="ascii"><data>c2Rd7EA = |"iGfr","CXXHYt","H9","0NoS6","UwtZ90k9Iv"|\n</data></write>
		<read echo="ascii"><delim> </delim><match><data>\x3E </data></match></read>
		<write echo="ascii"><data>c2Rd7EA@wGLhD3a\n</data></write>
		<read echo="ascii"><delim>\n</delim><match><data>FALSE\n</data></match></read>
		<read echo="ascii"><delim> </delim><match><data>\x3E </data></match></read>
		<write echo="ascii"><data>HUdaAi = |"qQNmv","XwRvEE","4HEXT","e8KhWQ","FP"|+|"Bi"|\n</data></write>
		<read echo="ascii"><delim> </delim><match><data>\x3E </data></match></read>
		<write echo="ascii"><data>1WZBoL = YmWVQO7 + 4XutH\n</data></write>
		<read echo="ascii"><delim> </delim><match><data>\x3E </data></match></read>
		<write echo="ascii"><data>jkRufz = 1WZBoL ~ HUdaAi\n</data></write>
		<read echo="ascii"><delim> </delim><match><data>\x3E </data></match></read>
		<write echo="ascii"><data>vygANqJ = |"fk","o8","601Q","o85l","FBH","TZxrVO8","C41hz","vWiqIB","7M","rG"|\n</data></write>
		<read echo="ascii"><delim> </delim><match><data>\x3E </data></match></read>
		<write echo="ascii"><data>BD2Ya = |"601Q","7M","rG","o85l","o8","TZxrVO8","C41hz","fk","FTCa6W26fI"|\n</data></write>
		<read echo="ascii"><delim> </delim><match><data>\x3E </data></match></read>
		<write echo="ascii"><data>BD2Ya@vygANqJ\n</data></write>
		<read echo="ascii"><delim>\n</delim><match><data>FALSE\n</data></match></read>
		<read echo="ascii"><delim> </delim><match><data>\x3E </data></match></read>
		<write echo="ascii"><data>cKSRg = |"d","ap8hl0","E5","qxs","ylU6Q","H6aBd"|-|"f","BKRV","eTjTqdO","8n8","V","A7oABEk","W"|\n</data></write>
		<read echo="ascii"><delim> </delim><match><data>\x3E </data></match></read>
		<write echo="ascii"><data>7zXYIPF = |"nxz","ApXX","5a91","9ItJB","y2B","Hoa0","Jz6N","fuW","VH"|\n</data></write>
		<read echo="ascii"><delim> </delim><match><data>\x3E </data></match></read>
		<write echo="ascii"><data>ojUjvaP = |"Hoa0","y2B","nxz","qvahBnLFoZ"|\n</data></write>
		<read echo="ascii"><delim> </delim><match><data>\x3E </data></match></read>
		<write echo="ascii"><data>ojUjvaP@7zXYIPF\n</data></write>
		<read echo="ascii"><delim>\n</delim><match><data>FALSE\n</data></match></read>
		<read echo="ascii"><delim> </delim><match><data>\x3E </data></match></read>
		<write echo="ascii"><data>pWQFv3W = |"2","oNd0","Y","6SESztM","BGNtP","q8bTK"|-|"l","O","rNfyD","oNd0","Y","6aRJs"|\n</data></write>
		<read echo="ascii"><delim> </delim><match><data>\x3E </data></match></read>
		<write echo="ascii"><data>UvnSE = |"mpfoa","DtQc15","9tr","GhSXB","aIlZWz","qwnkDfa"|\n</data></write>
		<read echo="ascii"><delim> </delim><match><data>\x3E </data></match></read>
		<write echo="ascii"><data>D0xLr = |"aIlZWz","DtQc15","GhSXB"|\n</data></write>
		<read echo="ascii"><delim> </delim><match><data>\x3E </data></match></read>
		<write echo="ascii"><data>D0xLr@UvnSE\n</data></write>
		<read echo="ascii"><delim>\n</delim><match><data>TRUE\n</data></match></read>
		<read echo="ascii"><delim> </delim><match><data>\x3E </data></match></read>
		<write echo="ascii"><data>.p\n</data></write>
<read echo="ascii"><delim>\n</delim><match><data>YmWVQO7 = |"Ylp"|\n</data></match></read>
<read echo="ascii"><delim>\n</delim><match><data>4XutH = ||\n</data></match></read>
<read echo="ascii"><delim>\n</delim><match><data>aoPqT = |"nL","ONNhwJ","Qxg5YKy","Ez0hj","C","uYw9","fp","n0Ks"|\n</data></match></read>
<read echo="ascii"><delim>\n</delim><match><data>wGLhD3a = |"0NoS6","B8zq4","nqd","jNN","CXXHYt","iGfr","wxXPCV","H9"|\n</data></match></read>
<read echo="ascii"><delim>\n</delim><match><data>c2Rd7EA = |"iGfr","CXXHYt","H9","0NoS6","UwtZ90k9Iv"|\n</data></match></read>
<read echo="ascii"><delim>\n</delim><match><data>HUdaAi = |"qQNmv","XwRvEE","4HEXT","e8KhWQ","FP","Bi"|\n</data></match></read>
<read echo="ascii"><delim>\n</delim><match><data>1WZBoL = |"Ylp"|\n</data></match></read>
<read echo="ascii"><delim>\n</delim><match><data>jkRufz = |"Ylp","qQNmv","XwRvEE","4HEXT","e8KhWQ","FP","Bi"|\n</data></match></read>
<read echo="ascii"><delim>\n</delim><match><data>vygANqJ = |"fk","o8","601Q","o85l","FBH","TZxrVO8","C41hz","vWiqIB","7M","rG"|\n</data></match></read>
<read echo="ascii"><delim>\n</delim><match><data>BD2Ya = |"601Q","7M","rG","o85l","o8","TZxrVO8","C41hz","fk","FTCa6W26fI"|\n</data></match></read>
<read echo="ascii"><delim>\n</delim><match><data>cKSRg = |"d","ap8hl0","E5","qxs","ylU6Q","H6aBd"|\n</data></match></read>
<read echo="ascii"><delim>\n</delim><match><data>7zXYIPF = |"nxz","ApXX","5a91","9ItJB","y2B","Hoa0","Jz6N","fuW","VH"|\n</data></match></read>
<read echo="ascii"><delim>\n</delim><match><data>ojUjvaP = |"Hoa0","y2B","nxz","qvahBnLFoZ"|\n</data></match></read>
<read echo="ascii"><delim>\n</delim><match><data>pWQFv3W = |"2","6SESztM","BGNtP","q8bTK"|\n</data></match></read>
<read echo="ascii"><delim>\n</delim><match><data>UvnSE = |"mpfoa","DtQc15","9tr","GhSXB","aIlZWz","qwnkDfa"|\n</data></match></read>
<read echo="ascii"><delim>\n</delim><match><data>D0xLr = |"aIlZWz","DtQc15","GhSXB"|\n</data></match></read>
		<read echo="ascii"><delim> </delim><match><data>\x3E </data></match></read>
		<write echo="ascii"><data>.l\n</data></write>
	</replay>
</pov>
