<?xml version="1.0" standalone="no" ?>
<!DOCTYPE pov SYSTEM "/usr/share/cgc-docs/replay.dtd"><pov>
	<cbid>CROMU_00011</cbid>
	<replay>
		<read echo="ascii"><delim> </delim><match><data>\x3E </data></match></read>
		<write echo="ascii"><data>OThZay = |"1wC","nzRDTE7","YXrXwVF","JR8xQS","bXV1dmU","gU","KVX"|~|"1wC","qj","YXrXwVF"|\n</data></write>
		<read echo="ascii"><delim> </delim><match><data>\x3E </data></match></read>
		<write echo="ascii"><data>1V1mWPo = OThZay ~ OThZay\n</data></write>
		<read echo="ascii"><delim> </delim><match><data>\x3E </data></match></read>
		<write echo="ascii"><data>277cJGv = |"WKTKxX","FgxRHz","bQRzPMv","WbX"|^|"9z"|\n</data></write>
		<read echo="ascii"><delim> </delim><match><data>\x3E </data></match></read>
		<write echo="ascii"><data>bXYrFr = |"V6J6","9mlJaW8"|~|"nAtv","V6J6"|\n</data></write>
		<read echo="ascii"><delim> </delim><match><data>\x3E </data></match></read>
		<write echo="ascii"><data>apCnaQ = |"aocaD","uRC"|^|"CW7","F7zA8","TabiJc","AWFdua","aMfwQyQ"|\n</data></write>
		<read echo="ascii"><delim> </delim><match><data>\x3E </data></match></read>
		<write echo="ascii"><data>WdzrI3 = bXYrFr ^ OThZay\n</data></write>
		<read echo="ascii"><delim> </delim><match><data>\x3E </data></match></read>
		<write echo="ascii"><data>S59rIY6 = |"CWvP","FOqO","PWV","8NVbY","2b8n","xNR"|^|"zs","GWPfO","Ot","8NVbY"|\n</data></write>
		<read echo="ascii"><delim> </delim><match><data>\x3E </data></match></read>
		<write echo="ascii"><data>k6QGti7 = |"AM03dl","Ej78","AmOjuZP","TuP","R","gG1QU"|-|"9LzSUcL","gG1QU","AM03dl","HAT6","R","f2t1z","OCXK8T"|\n</data></write>
		<read echo="ascii"><delim> </delim><match><data>\x3E </data></match></read>
		<write echo="ascii"><data>vYlLH1 = WdzrI3 + 277cJGv\n</data></write>
		<read echo="ascii"><delim> </delim><match><data>\x3E </data></match></read>
		<write echo="ascii"><data>gIJ5Zl = S59rIY6 ~ 277cJGv\n</data></write>
		<read echo="ascii"><delim> </delim><match><data>\x3E </data></match></read>
		<write echo="ascii"><data>.p\n</data></write>
<read echo="ascii"><delim>\n</delim><match><data>OThZay = |"nzRDTE7","JR8xQS","bXV1dmU","gU","KVX","qj"|\n</data></match></read>
<read echo="ascii"><delim>\n</delim><match><data>1V1mWPo = ||\n</data></match></read>
<read echo="ascii"><delim>\n</delim><match><data>277cJGv = ||\n</data></match></read>
<read echo="ascii"><delim>\n</delim><match><data>bXYrFr = |"9mlJaW8","nAtv"|\n</data></match></read>
<read echo="ascii"><delim>\n</delim><match><data>apCnaQ = ||\n</data></match></read>
<read echo="ascii"><delim>\n</delim><match><data>WdzrI3 = ||\n</data></match></read>
<read echo="ascii"><delim>\n</delim><match><data>S59rIY6 = |"8NVbY"|\n</data></match></read>
<read echo="ascii"><delim>\n</delim><match><data>k6QGti7 = |"Ej78","AmOjuZP","TuP"|\n</data></match></read>
<read echo="ascii"><delim>\n</delim><match><data>vYlLH1 = ||\n</data></match></read>
<read echo="ascii"><delim>\n</delim><match><data>gIJ5Zl = |"8NVbY"|\n</data></match></read>
		<read echo="ascii"><delim> </delim><match><data>\x3E </data></match></read>
		<write echo="ascii"><data>.l\n</data></write>
	</replay>
</pov>
