<?xml version="1.0" standalone="no" ?>
<!DOCTYPE pov SYSTEM "/usr/share/cgc-docs/replay.dtd"><pov>
	<cbid>CROMU_00011</cbid>
	<replay>
		<read echo="ascii"><delim> </delim><match><data>\x3E </data></match></read>
		<write echo="ascii"><data>CPccIs = |"tn","fS6","76h","UBEWAu","RtxqWO","myQ6y"|^|"a9"|\n</data></write>
		<read echo="ascii"><delim> </delim><match><data>\x3E </data></match></read>
		<write echo="ascii"><data>vebLTqb = CPccIs - CPccIs\n</data></write>
		<read echo="ascii"><delim> </delim><match><data>\x3E </data></match></read>
		<write echo="ascii"><data>CIMDE = vebLTqb - vebLTqb\n</data></write>
		<read echo="ascii"><delim> </delim><match><data>\x3E </data></match></read>
		<write echo="ascii"><data>oV5ivGo = |"KlY8bJc","GX","4m2e","6LVpM","rNUHW","zeQ","cyAJsn"|\n</data></write>
		<read echo="ascii"><delim> </delim><match><data>\x3E </data></match></read>
		<write echo="ascii"><data>OnYV1H = |"GX","KlY8bJc","6LVpM","RDJbm80Zwh"|\n</data></write>
		<read echo="ascii"><delim> </delim><match><data>\x3E </data></match></read>
		<write echo="ascii"><data>OnYV1H@oV5ivGo\n</data></write>
		<read echo="ascii"><delim>\n</delim><match><data>FALSE\n</data></match></read>
		<read echo="ascii"><delim> </delim><match><data>\x3E </data></match></read>
		<write echo="ascii"><data>l7pDYgz = oV5ivGo - CIMDE\n</data></write>
		<read echo="ascii"><delim> </delim><match><data>\x3E </data></match></read>
		<write echo="ascii"><data>xQSi6 = CIMDE ^ CIMDE\n</data></write>
		<read echo="ascii"><delim> </delim><match><data>\x3E </data></match></read>
		<write echo="ascii"><data>KoRheA8 = OnYV1H ~ oV5ivGo\n</data></write>
		<read echo="ascii"><delim> </delim><match><data>\x3E </data></match></read>
		<write echo="ascii"><data>ApUXWTB = vebLTqb + CPccIs\n</data></write>
		<read echo="ascii"><delim> </delim><match><data>\x3E </data></match></read>
		<write echo="ascii"><data>gBkb9 = |"9ANf7UI","fk5"|+|"1H","e","leH6","kJhZls8","jt"|\n</data></write>
		<read echo="ascii"><delim> </delim><match><data>\x3E </data></match></read>
		<write echo="ascii"><data>RO5ZgWC = KoRheA8 ^ l7pDYgz\n</data></write>
		<read echo="ascii"><delim> </delim><match><data>\x3E </data></match></read>
		<write echo="ascii"><data>.p\n</data></write>
<read echo="ascii"><delim>\n</delim><match><data>CPccIs = ||\n</data></match></read>
<read echo="ascii"><delim>\n</delim><match><data>vebLTqb = ||\n</data></match></read>
<read echo="ascii"><delim>\n</delim><match><data>CIMDE = ||\n</data></match></read>
<read echo="ascii"><delim>\n</delim><match><data>oV5ivGo = |"KlY8bJc","GX","4m2e","6LVpM","rNUHW","zeQ","cyAJsn"|\n</data></match></read>
<read echo="ascii"><delim>\n</delim><match><data>OnYV1H = |"GX","KlY8bJc","6LVpM","RDJbm80Zwh"|\n</data></match></read>
<read echo="ascii"><delim>\n</delim><match><data>l7pDYgz = |"KlY8bJc","GX","4m2e","6LVpM","rNUHW","zeQ","cyAJsn"|\n</data></match></read>
<read echo="ascii"><delim>\n</delim><match><data>xQSi6 = ||\n</data></match></read>
<read echo="ascii"><delim>\n</delim><match><data>KoRheA8 = |"RDJbm80Zwh","4m2e","rNUHW","zeQ","cyAJsn"|\n</data></match></read>
<read echo="ascii"><delim>\n</delim><match><data>ApUXWTB = ||\n</data></match></read>
<read echo="ascii"><delim>\n</delim><match><data>gBkb9 = |"9ANf7UI","fk5","1H","e","leH6","kJhZls8","jt"|\n</data></match></read>
<read echo="ascii"><delim>\n</delim><match><data>RO5ZgWC = |"4m2e","rNUHW","zeQ","cyAJsn"|\n</data></match></read>
		<read echo="ascii"><delim> </delim><match><data>\x3E </data></match></read>
		<write echo="ascii"><data>.l\n</data></write>
	</replay>
</pov>
