<?xml version="1.0" standalone="no" ?>
<!DOCTYPE pov SYSTEM "/usr/share/cgc-docs/replay.dtd"><pov>
	<cbid>CROMU_00011</cbid>
	<replay>
		<read echo="ascii"><delim> </delim><match><data>\x3E </data></match></read>
		<write echo="ascii"><data>LOkxYY = |"PeDaw","0","82e7Ay","6NLra","C"|~|"jUqA","fXGHSw1","vUx","Avk3nk","C","dbXhz"|\n</data></write>
		<read echo="ascii"><delim> </delim><match><data>\x3E </data></match></read>
		<write echo="ascii"><data>CptBmK = LOkxYY ~ LOkxYY\n</data></write>
		<read echo="ascii"><delim> </delim><match><data>\x3E </data></match></read>
		<write echo="ascii"><data>FPYEA = |"iTG","5fdY","Jsd","di6zpFk","EhHU","Ln"|~|"5fdY","iW","Om"|\n</data></write>
		<read echo="ascii"><delim> </delim><match><data>\x3E </data></match></read>
		<write echo="ascii"><data>rITMVoI = |"eCE6Yr","48iEsVc","En4E4B","ANO","2fI","9f","Fs","rIbgXIk","RaEx5Qp","i2t"|\n</data></write>
		<read echo="ascii"><delim> </delim><match><data>\x3E </data></match></read>
		<write echo="ascii"><data>Y3l4F = |"48iEsVc","eCE6Yr"|\n</data></write>
		<read echo="ascii"><delim> </delim><match><data>\x3E </data></match></read>
		<write echo="ascii"><data>Y3l4F@rITMVoI\n</data></write>
		<read echo="ascii"><delim>\n</delim><match><data>TRUE\n</data></match></read>
		<read echo="ascii"><delim> </delim><match><data>\x3E </data></match></read>
		<write echo="ascii"><data>gWYZs = |"qU","od","3CJr","Wc66F"|+|"9wol3yI","MfHuD","AEnHM2A","Wc66F","Ui","ESn"|\n</data></write>
		<read echo="ascii"><delim> </delim><match><data>\x3E </data></match></read>
		<write echo="ascii"><data>vMhqKSI = |"IDofNO","8ctad","mCAD2pS","C0","gJyT21"|-|"aO9Q6","9","IDofNO","J","eHRJ5fJ"|\n</data></write>
		<read echo="ascii"><delim> </delim><match><data>\x3E </data></match></read>
		<write echo="ascii"><data>BpJPvy = |"6B011","YdEN","kx","J3k","c0","3Dk"|\n</data></write>
		<read echo="ascii"><delim> </delim><match><data>\x3E </data></match></read>
		<write echo="ascii"><data>63CE70 = |"6B011","kx"|\n</data></write>
		<read echo="ascii"><delim> </delim><match><data>\x3E </data></match></read>
		<write echo="ascii"><data>63CE70@BpJPvy\n</data></write>
		<read echo="ascii"><delim>\n</delim><match><data>TRUE\n</data></match></read>
		<read echo="ascii"><delim> </delim><match><data>\x3E </data></match></read>
		<write echo="ascii"><data>6UqEjl = gWYZs ^ Y3l4F\n</data></write>
		<read echo="ascii"><delim> </delim><match><data>\x3E </data></match></read>
		<write echo="ascii"><data>YhEa9D = 6UqEjl ~ BpJPvy\n</data></write>
		<read echo="ascii"><delim> </delim><match><data>\x3E </data></match></read>
		<write echo="ascii"><data>9SvBLr = |"usvUM","j8"|^|"ccd","Tc","TcC6X","1DiW","Md"|\n</data></write>
		<read echo="ascii"><delim> </delim><match><data>\x3E </data></match></read>
		<write echo="ascii"><data>QdgmI = vMhqKSI ^ LOkxYY\n</data></write>
		<read echo="ascii"><delim> </delim><match><data>\x3E </data></match></read>
		<write echo="ascii"><data>I4PEj6 = vMhqKSI ~ Y3l4F\n</data></write>
		<read echo="ascii"><delim> </delim><match><data>\x3E </data></match></read>
		<write echo="ascii"><data>.p\n</data></write>
<read echo="ascii"><delim>\n</delim><match><data>LOkxYY = |"PeDaw","0","82e7Ay","6NLra","jUqA","fXGHSw1","vUx","Avk3nk","dbXhz"|\n</data></match></read>
<read echo="ascii"><delim>\n</delim><match><data>CptBmK = ||\n</data></match></read>
<read echo="ascii"><delim>\n</delim><match><data>FPYEA = |"iTG","Jsd","di6zpFk","EhHU","Ln","iW","Om"|\n</data></match></read>
<read echo="ascii"><delim>\n</delim><match><data>rITMVoI = |"eCE6Yr","48iEsVc","En4E4B","ANO","2fI","9f","Fs","rIbgXIk","RaEx5Qp","i2t"|\n</data></match></read>
<read echo="ascii"><delim>\n</delim><match><data>Y3l4F = |"48iEsVc","eCE6Yr"|\n</data></match></read>
<read echo="ascii"><delim>\n</delim><match><data>gWYZs = |"qU","od","3CJr","Wc66F","9wol3yI","MfHuD","AEnHM2A","Ui","ESn"|\n</data></match></read>
<read echo="ascii"><delim>\n</delim><match><data>vMhqKSI = |"8ctad","mCAD2pS","C0","gJyT21"|\n</data></match></read>
<read echo="ascii"><delim>\n</delim><match><data>BpJPvy = |"6B011","YdEN","kx","J3k","c0","3Dk"|\n</data></match></read>
<read echo="ascii"><delim>\n</delim><match><data>63CE70 = |"6B011","kx"|\n</data></match></read>
<read echo="ascii"><delim>\n</delim><match><data>6UqEjl = ||\n</data></match></read>
<read echo="ascii"><delim>\n</delim><match><data>YhEa9D = |"6B011","YdEN","kx","J3k","c0","3Dk"|\n</data></match></read>
<read echo="ascii"><delim>\n</delim><match><data>9SvBLr = ||\n</data></match></read>
<read echo="ascii"><delim>\n</delim><match><data>QdgmI = ||\n</data></match></read>
<read echo="ascii"><delim>\n</delim><match><data>I4PEj6 = |"8ctad","mCAD2pS","C0","gJyT21","48iEsVc","eCE6Yr"|\n</data></match></read>
		<read echo="ascii"><delim> </delim><match><data>\x3E </data></match></read>
		<write echo="ascii"><data>.l\n</data></write>
	</replay>
</pov>
