<?xml version="1.0" standalone="no" ?>
<!DOCTYPE pov SYSTEM "/usr/share/cgc-docs/replay.dtd"><pov>
	<cbid>CROMU_00011</cbid>
	<replay>
		<read echo="ascii"><delim> </delim><match><data>\x3E </data></match></read>
		<write echo="ascii"><data>Cqm3B = |"GaK","pjSHvD","7mROl","4yub","ex45","EFvt","vvYqxZ"|+|"opGv","9dq7XJ2","7mROl","vvYqxZ","4yub"|\n</data></write>
		<read echo="ascii"><delim> </delim><match><data>\x3E </data></match></read>
		<write echo="ascii"><data>YFiyv1y = Cqm3B ~ Cqm3B\n</data></write>
		<read echo="ascii"><delim> </delim><match><data>\x3E </data></match></read>
		<write echo="ascii"><data>S49ljOC = |"Zbbtkt","19K","p4","eS4B","yhEtp6","gnm2g"|-|"LH","bsB","iiN","dEb37er","eS4B","gnm2g","P"|\n</data></write>
		<read echo="ascii"><delim> </delim><match><data>\x3E </data></match></read>
		<write echo="ascii"><data>idJDg = S49ljOC ~ S49ljOC\n</data></write>
		<read echo="ascii"><delim> </delim><match><data>\x3E </data></match></read>
		<write echo="ascii"><data>lGjsJmz = |"6Rm","r","TPY5U","h07","3jV"|~|"kjFyM","yDI","25q8cxe","SkIajau","Q2dqF","7o2N7w"|\n</data></write>
		<read echo="ascii"><delim> </delim><match><data>\x3E </data></match></read>
		<write echo="ascii"><data>Oxqw9TK = |"8d01","LgX5d7","YI","1V","T6Q","mR0KV","5BosWR","Ha5lls"|\n</data></write>
		<read echo="ascii"><delim> </delim><match><data>\x3E </data></match></read>
		<write echo="ascii"><data>iVKhb = |"5BosWR","8d01","YI","1V","Ha5lls","T6Q","mR0KV","Z4buNdxQlw"|\n</data></write>
		<read echo="ascii"><delim> </delim><match><data>\x3E </data></match></read>
		<write echo="ascii"><data>iVKhb@Oxqw9TK\n</data></write>
		<read echo="ascii"><delim>\n</delim><match><data>FALSE\n</data></match></read>
		<read echo="ascii"><delim> </delim><match><data>\x3E </data></match></read>
		<write echo="ascii"><data>1vUFnu = idJDg - Cqm3B\n</data></write>
		<read echo="ascii"><delim> </delim><match><data>\x3E </data></match></read>
		<write echo="ascii"><data>OFjOk6nAV = Cqm3B ^ YFiyv1y\n</data></write>
		<read echo="ascii"><delim> </delim><match><data>\x3E </data></match></read>
		<write echo="ascii"><data>EwZtJWq = 1vUFnu + lGjsJmz\n</data></write>
		<read echo="ascii"><delim> </delim><match><data>\x3E </data></match></read>
		<write echo="ascii"><data>D9gkk = |"uJb6sD","8k","0aFeWF","U","qHe537k","E","i"|-|"uJb6sD","aTIN","mtrOk2","E","3cWVWa","e5GoL"|\n</data></write>
		<read echo="ascii"><delim> </delim><match><data>\x3E </data></match></read>
		<write echo="ascii"><data>jfPgd = |"r","RF","wFXJxEu","UubG3O"|-|"5","DkS3aE","telcP"|\n</data></write>
		<read echo="ascii"><delim> </delim><match><data>\x3E </data></match></read>
		<write echo="ascii"><data>twnKl = |"DdO","doAmurc","q8FfyN","kHyaYa","P8FKa","o4"|^|"DdO","iHaBy","UCPQEg","XCx","H2","ExtsDF"|\n</data></write>
		<read echo="ascii"><delim> </delim><match><data>\x3E </data></match></read>
		<write echo="ascii"><data>zc0oull = |"enerUTG","weI8Xm","PKDF3j","y9","JQushNq","Z8E3o","8M"|-|"EDl6Wt","Omv6TWr","rG4Xc2"|\n</data></write>
		<read echo="ascii"><delim> </delim><match><data>\x3E </data></match></read>
		<write echo="ascii"><data>9PHWld = |"tM2d3Mv","BA3oG","DEF"|~|"DEF","P"|\n</data></write>
		<read echo="ascii"><delim> </delim><match><data>\x3E </data></match></read>
		<write echo="ascii"><data>.p\n</data></write>
<read echo="ascii"><delim>\n</delim><match><data>Cqm3B = |"GaK","pjSHvD","7mROl","4yub","ex45","EFvt","vvYqxZ","opGv","9dq7XJ2"|\n</data></match></read>
<read echo="ascii"><delim>\n</delim><match><data>YFiyv1y = ||\n</data></match></read>
<read echo="ascii"><delim>\n</delim><match><data>S49ljOC = |"Zbbtkt","19K","p4","yhEtp6"|\n</data></match></read>
<read echo="ascii"><delim>\n</delim><match><data>idJDg = ||\n</data></match></read>
<read echo="ascii"><delim>\n</delim><match><data>lGjsJmz = |"6Rm","r","TPY5U","h07","3jV","kjFyM","yDI","25q8cxe","SkIajau","Q2dqF","7o2N7w"|\n</data></match></read>
<read echo="ascii"><delim>\n</delim><match><data>Oxqw9TK = |"8d01","LgX5d7","YI","1V","T6Q","mR0KV","5BosWR","Ha5lls"|\n</data></match></read>
<read echo="ascii"><delim>\n</delim><match><data>iVKhb = |"5BosWR","8d01","YI","1V","Ha5lls","T6Q","mR0KV","Z4buNdxQlw"|\n</data></match></read>
<read echo="ascii"><delim>\n</delim><match><data>1vUFnu = ||\n</data></match></read>
<read echo="ascii"><delim>\n</delim><match><data>OFjOk6nAV = ||\n</data></match></read>
<read echo="ascii"><delim>\n</delim><match><data>EwZtJWq = |"6Rm","r","TPY5U","h07","3jV","kjFyM","yDI","25q8cxe","SkIajau","Q2dqF","7o2N7w"|\n</data></match></read>
<read echo="ascii"><delim>\n</delim><match><data>D9gkk = |"8k","0aFeWF","U","qHe537k","i"|\n</data></match></read>
<read echo="ascii"><delim>\n</delim><match><data>jfPgd = |"r","RF","wFXJxEu","UubG3O"|\n</data></match></read>
<read echo="ascii"><delim>\n</delim><match><data>twnKl = |"DdO"|\n</data></match></read>
<read echo="ascii"><delim>\n</delim><match><data>zc0oull = |"enerUTG","weI8Xm","PKDF3j","y9","JQushNq","Z8E3o","8M"|\n</data></match></read>
<read echo="ascii"><delim>\n</delim><match><data>9PHWld = |"tM2d3Mv","BA3oG","P"|\n</data></match></read>
		<read echo="ascii"><delim> </delim><match><data>\x3E </data></match></read>
		<write echo="ascii"><data>.l\n</data></write>
	</replay>
</pov>
