<?xml version="1.0" standalone="no" ?>
<!DOCTYPE pov SYSTEM "/usr/share/cgc-docs/replay.dtd"><pov>
	<cbid>CROMU_00011</cbid>
	<replay>
		<read echo="ascii"><delim> </delim><match><data>\x3E </data></match></read>
		<write echo="ascii"><data>UQqnVw = |"FeM","DI46","LYLjxmo","vSCIG","SmaD","bMf","pkATgYX"|-|"d","oRQzmtn","JO6kKy","FeM"|\n</data></write>
		<read echo="ascii"><delim> </delim><match><data>\x3E </data></match></read>
		<write echo="ascii"><data>0Aowe = |"rl","7","NT3","de9u8y7","oIUFMzO","BM9j","x5hf"|-|"Cz","rXR","6wriJya","SNG44r","kRgJqcE","Vwwc"|\n</data></write>
		<read echo="ascii"><delim> </delim><match><data>\x3E </data></match></read>
		<write echo="ascii"><data>ICuBk = 0Aowe - 0Aowe\n</data></write>
		<read echo="ascii"><delim> </delim><match><data>\x3E </data></match></read>
		<write echo="ascii"><data>0IdhO8Z = |"q5vuH","e5h","IK9bY","hMVli","LOiT","eOFaSv","EAWez","umo","BL94Hq5","CKYQeM"|\n</data></write>
		<read echo="ascii"><delim> </delim><match><data>\x3E </data></match></read>
		<write echo="ascii"><data>mV3k9w = |"LOiT","q5vuH","e5h","umo","EAWez","IK9bY","hMVli","w1jeXxKVEr"|\n</data></write>
		<read echo="ascii"><delim> </delim><match><data>\x3E </data></match></read>
		<write echo="ascii"><data>mV3k9w@0IdhO8Z\n</data></write>
		<read echo="ascii"><delim>\n</delim><match><data>FALSE\n</data></match></read>
		<read echo="ascii"><delim> </delim><match><data>\x3E </data></match></read>
		<write echo="ascii"><data>GDNcSvF = |"rn2T"|^|"FaaJLN","uUhB","Kl6B","vKtv2C","qGGl","kwLTc","rn2T"|\n</data></write>
		<read echo="ascii"><delim> </delim><match><data>\x3E </data></match></read>
		<write echo="ascii"><data>2jj0Bg = |"Ej","3a","u7kSTl","Yd5","QRE6","Ubr9","fnPpAIS","DFMD"|\n</data></write>
		<read echo="ascii"><delim> </delim><match><data>\x3E </data></match></read>
		<write echo="ascii"><data>2qOJiD = |"3a","h2CALHjOrQ"|\n</data></write>
		<read echo="ascii"><delim> </delim><match><data>\x3E </data></match></read>
		<write echo="ascii"><data>2qOJiD@2jj0Bg\n</data></write>
		<read echo="ascii"><delim>\n</delim><match><data>FALSE\n</data></match></read>
		<read echo="ascii"><delim> </delim><match><data>\x3E </data></match></read>
		<write echo="ascii"><data>3wYQ5z = |"nwAI4","oO","Dtn8","Awu0ws6","ijz7Z0","MBS"|-|"r2","Awu0ws6","oO"|\n</data></write>
		<read echo="ascii"><delim> </delim><match><data>\x3E </data></match></read>
		<write echo="ascii"><data>6syUG = |"0J","xVOymI","EiGonN","UHDhjPQ","A0gk6R","kAP0","uBMOAhh","dYdUG","uoT5XW"|\n</data></write>
		<read echo="ascii"><delim> </delim><match><data>\x3E </data></match></read>
		<write echo="ascii"><data>U389c = |"uBMOAhh","uoT5XW","xVOymI","A0gk6R","EiGonN","Ll1hUAn4jI"|\n</data></write>
		<read echo="ascii"><delim> </delim><match><data>\x3E </data></match></read>
		<write echo="ascii"><data>U389c@6syUG\n</data></write>
		<read echo="ascii"><delim>\n</delim><match><data>FALSE\n</data></match></read>
		<read echo="ascii"><delim> </delim><match><data>\x3E </data></match></read>
		<write echo="ascii"><data>vIkHtE4 = 3wYQ5z + mV3k9w\n</data></write>
		<read echo="ascii"><delim> </delim><match><data>\x3E </data></match></read>
		<write echo="ascii"><data>e884THP = |"GQVWN","NAG","yy","u0Rjx","scVRf","98Q","uM","Zv","zRuZo"|\n</data></write>
		<read echo="ascii"><delim> </delim><match><data>\x3E </data></match></read>
		<write echo="ascii"><data>Lg4Rx = |"Zv","NAG","scVRf"|\n</data></write>
		<read echo="ascii"><delim> </delim><match><data>\x3E </data></match></read>
		<write echo="ascii"><data>Lg4Rx@e884THP\n</data></write>
		<read echo="ascii"><delim>\n</delim><match><data>TRUE\n</data></match></read>
		<read echo="ascii"><delim> </delim><match><data>\x3E </data></match></read>
		<write echo="ascii"><data>7w26ND = |"g","okEwQBu","x8g"|~|"inb5MA","x8g"|\n</data></write>
		<read echo="ascii"><delim> </delim><match><data>\x3E </data></match></read>
		<write echo="ascii"><data>kJMnC58 = |"dr3","pHHf3","W","YO7Q8","69Xu"|-|"W","L","An5zd","5d","qLj1","pHHf3","7lfi2M"|\n</data></write>
		<read echo="ascii"><delim> </delim><match><data>\x3E </data></match></read>
		<write echo="ascii"><data>OkaW9yK = e884THP - UQqnVw\n</data></write>
		<read echo="ascii"><delim> </delim><match><data>\x3E </data></match></read>
		<write echo="ascii"><data>FGUJgK = |"eUCSXP","dOL","QHqUrmN","OoIHnY","vc1O","WSt","Xn","7T","Suf03SV","PJsvSa"|\n</data></write>
		<read echo="ascii"><delim> </delim><match><data>\x3E </data></match></read>
		<write echo="ascii"><data>XHHVhqG = |"Xn","7T","Suf03SV","eUCSXP","QHqUrmN","OoIHnY"|\n</data></write>
		<read echo="ascii"><delim> </delim><match><data>\x3E </data></match></read>
		<write echo="ascii"><data>XHHVhqG@FGUJgK\n</data></write>
		<read echo="ascii"><delim>\n</delim><match><data>TRUE\n</data></match></read>
		<read echo="ascii"><delim> </delim><match><data>\x3E </data></match></read>
		<write echo="ascii"><data>XFccY0n = |"73P","S5QJa","R7P2H70","2bW4"|+|"X","f6GLRQN","Kq7Ard","Jkf76","IRt3"|\n</data></write>
		<read echo="ascii"><delim> </delim><match><data>\x3E </data></match></read>
		<write echo="ascii"><data>.p\n</data></write>
<read echo="ascii"><delim>\n</delim><match><data>UQqnVw = |"DI46","LYLjxmo","vSCIG","SmaD","bMf","pkATgYX"|\n</data></match></read>
<read echo="ascii"><delim>\n</delim><match><data>0Aowe = |"rl","7","NT3","de9u8y7","oIUFMzO","BM9j","x5hf"|\n</data></match></read>
<read echo="ascii"><delim>\n</delim><match><data>ICuBk = ||\n</data></match></read>
<read echo="ascii"><delim>\n</delim><match><data>0IdhO8Z = |"q5vuH","e5h","IK9bY","hMVli","LOiT","eOFaSv","EAWez","umo","BL94Hq5","CKYQeM"|\n</data></match></read>
<read echo="ascii"><delim>\n</delim><match><data>mV3k9w = |"LOiT","q5vuH","e5h","umo","EAWez","IK9bY","hMVli","w1jeXxKVEr"|\n</data></match></read>
<read echo="ascii"><delim>\n</delim><match><data>GDNcSvF = |"rn2T"|\n</data></match></read>
<read echo="ascii"><delim>\n</delim><match><data>2jj0Bg = |"Ej","3a","u7kSTl","Yd5","QRE6","Ubr9","fnPpAIS","DFMD"|\n</data></match></read>
<read echo="ascii"><delim>\n</delim><match><data>2qOJiD = |"3a","h2CALHjOrQ"|\n</data></match></read>
<read echo="ascii"><delim>\n</delim><match><data>3wYQ5z = |"nwAI4","Dtn8","ijz7Z0","MBS"|\n</data></match></read>
<read echo="ascii"><delim>\n</delim><match><data>6syUG = |"0J","xVOymI","EiGonN","UHDhjPQ","A0gk6R","kAP0","uBMOAhh","dYdUG","uoT5XW"|\n</data></match></read>
<read echo="ascii"><delim>\n</delim><match><data>U389c = |"uBMOAhh","uoT5XW","xVOymI","A0gk6R","EiGonN","Ll1hUAn4jI"|\n</data></match></read>
<read echo="ascii"><delim>\n</delim><match><data>vIkHtE4 = |"nwAI4","Dtn8","ijz7Z0","MBS","LOiT","q5vuH","e5h","umo","EAWez","IK9bY","hMVli","w1jeXxKVEr"|\n</data></match></read>
<read echo="ascii"><delim>\n</delim><match><data>e884THP = |"GQVWN","NAG","yy","u0Rjx","scVRf","98Q","uM","Zv","zRuZo"|\n</data></match></read>
<read echo="ascii"><delim>\n</delim><match><data>Lg4Rx = |"Zv","NAG","scVRf"|\n</data></match></read>
<read echo="ascii"><delim>\n</delim><match><data>7w26ND = |"g","okEwQBu","inb5MA"|\n</data></match></read>
<read echo="ascii"><delim>\n</delim><match><data>kJMnC58 = |"dr3","YO7Q8","69Xu"|\n</data></match></read>
<read echo="ascii"><delim>\n</delim><match><data>OkaW9yK = |"GQVWN","NAG","yy","u0Rjx","scVRf","98Q","uM","Zv","zRuZo"|\n</data></match></read>
<read echo="ascii"><delim>\n</delim><match><data>FGUJgK = |"eUCSXP","dOL","QHqUrmN","OoIHnY","vc1O","WSt","Xn","7T","Suf03SV","PJsvSa"|\n</data></match></read>
<read echo="ascii"><delim>\n</delim><match><data>XHHVhqG = |"Xn","7T","Suf03SV","eUCSXP","QHqUrmN","OoIHnY"|\n</data></match></read>
<read echo="ascii"><delim>\n</delim><match><data>XFccY0n = |"73P","S5QJa","R7P2H70","2bW4","X","f6GLRQN","Kq7Ard","Jkf76","IRt3"|\n</data></match></read>
		<read echo="ascii"><delim> </delim><match><data>\x3E </data></match></read>
		<write echo="ascii"><data>.l\n</data></write>
	</replay>
</pov>
