<?xml version="1.0" standalone="no" ?>
<!DOCTYPE pov SYSTEM "/usr/share/cgc-docs/replay.dtd"><pov>
	<cbid>CROMU_00011</cbid>
	<replay>
		<read echo="ascii"><delim> </delim><match><data>\x3E </data></match></read>
		<write echo="ascii"><data>VvA2Oi = |"a","7Mqa","meyi","dhI37dB","r","Lccg"|-|"Ez3NIWA","TqHR","7Mqa","Gn","a"|\n</data></write>
		<read echo="ascii"><delim> </delim><match><data>\x3E </data></match></read>
		<write echo="ascii"><data>kiWERU = |"nQqQCi","mSUus","EDSn5Sf","T8xA35","wNYFZL5","E1uO","dhvmFm","HX","MZ","QQdjp"|\n</data></write>
		<read echo="ascii"><delim> </delim><match><data>\x3E </data></match></read>
		<write echo="ascii"><data>RY2Lwip = |"wNYFZL5","QQdjp","EDSn5Sf","T8xA35","nQqQCi","zs9W3Y5PMk"|\n</data></write>
		<read echo="ascii"><delim> </delim><match><data>\x3E </data></match></read>
		<write echo="ascii"><data>RY2Lwip@kiWERU\n</data></write>
		<read echo="ascii"><delim>\n</delim><match><data>FALSE\n</data></match></read>
		<read echo="ascii"><delim> </delim><match><data>\x3E </data></match></read>
		<write echo="ascii"><data>Jz6arw = |"J","GG5s","JlwC"|-|"JlwC","ZW","mofxc","9KK7"|\n</data></write>
		<read echo="ascii"><delim> </delim><match><data>\x3E </data></match></read>
		<write echo="ascii"><data>ft792d = RY2Lwip - VvA2Oi\n</data></write>
		<read echo="ascii"><delim> </delim><match><data>\x3E </data></match></read>
		<write echo="ascii"><data>ma9Tx = |"CORBYx","KI","JTJl1TT","SRKgXsS","Nbf","vZ7Fv3o","OcT"|\n</data></write>
		<read echo="ascii"><delim> </delim><match><data>\x3E </data></match></read>
		<write echo="ascii"><data>WBTRR = |"Nbf","OcT","JTJl1TT","CORBYx","KI","vZ7Fv3o"|\n</data></write>
		<read echo="ascii"><delim> </delim><match><data>\x3E </data></match></read>
		<write echo="ascii"><data>WBTRR@ma9Tx\n</data></write>
		<read echo="ascii"><delim>\n</delim><match><data>TRUE\n</data></match></read>
		<read echo="ascii"><delim> </delim><match><data>\x3E </data></match></read>
		<write echo="ascii"><data>S78yuXaZnC = VvA2Oi ^ ma9Tx\n</data></write>
		<read echo="ascii"><delim> </delim><match><data>\x3E </data></match></read>
		<write echo="ascii"><data>BYCqF = |"t8i","etf2","j2jK","bRo","5o","jD6mQ3w","cbXkK"|+|"4o2","5o","Ci2P","CpGShfH","qJx","mHXJSe"|\n</data></write>
		<read echo="ascii"><delim> </delim><match><data>\x3E </data></match></read>
		<write echo="ascii"><data>CMTLnj = ma9Tx ^ kiWERU\n</data></write>
		<read echo="ascii"><delim> </delim><match><data>\x3E </data></match></read>
		<write echo="ascii"><data>tC7Kwcs = |"q0rTj","qbGIk9E","hCvJko"|~|"JcLbd"|\n</data></write>
		<read echo="ascii"><delim> </delim><match><data>\x3E </data></match></read>
		<write echo="ascii"><data>DPJkD = |"hXpqweo","A9x","ews3"|^|"wG4kc","le","88","Nj","A9x"|\n</data></write>
		<read echo="ascii"><delim> </delim><match><data>\x3E </data></match></read>
		<write echo="ascii"><data>yy7DHpRl = WBTRR ^ BYCqF\n</data></write>
		<read echo="ascii"><delim> </delim><match><data>\x3E </data></match></read>
		<write echo="ascii"><data>.p\n</data></write>
<read echo="ascii"><delim>\n</delim><match><data>VvA2Oi = |"meyi","dhI37dB","r","Lccg"|\n</data></match></read>
<read echo="ascii"><delim>\n</delim><match><data>kiWERU = |"nQqQCi","mSUus","EDSn5Sf","T8xA35","wNYFZL5","E1uO","dhvmFm","HX","MZ","QQdjp"|\n</data></match></read>
<read echo="ascii"><delim>\n</delim><match><data>RY2Lwip = |"wNYFZL5","QQdjp","EDSn5Sf","T8xA35","nQqQCi","zs9W3Y5PMk"|\n</data></match></read>
<read echo="ascii"><delim>\n</delim><match><data>Jz6arw = |"J","GG5s"|\n</data></match></read>
<read echo="ascii"><delim>\n</delim><match><data>ft792d = |"wNYFZL5","QQdjp","EDSn5Sf","T8xA35","nQqQCi","zs9W3Y5PMk"|\n</data></match></read>
<read echo="ascii"><delim>\n</delim><match><data>ma9Tx = |"CORBYx","KI","JTJl1TT","SRKgXsS","Nbf","vZ7Fv3o","OcT"|\n</data></match></read>
<read echo="ascii"><delim>\n</delim><match><data>WBTRR = |"Nbf","OcT","JTJl1TT","CORBYx","KI","vZ7Fv3o"|\n</data></match></read>
<read echo="ascii"><delim>\n</delim><match><data>S78yuXaZnC = ||\n</data></match></read>
<read echo="ascii"><delim>\n</delim><match><data>BYCqF = |"t8i","etf2","j2jK","bRo","5o","jD6mQ3w","cbXkK","4o2","Ci2P","CpGShfH","qJx","mHXJSe"|\n</data></match></read>
<read echo="ascii"><delim>\n</delim><match><data>CMTLnj = ||\n</data></match></read>
<read echo="ascii"><delim>\n</delim><match><data>tC7Kwcs = |"q0rTj","qbGIk9E","hCvJko","JcLbd"|\n</data></match></read>
<read echo="ascii"><delim>\n</delim><match><data>DPJkD = |"A9x"|\n</data></match></read>
<read echo="ascii"><delim>\n</delim><match><data>yy7DHpRl = ||\n</data></match></read>
		<read echo="ascii"><delim> </delim><match><data>\x3E </data></match></read>
		<write echo="ascii"><data>.l\n</data></write>
	</replay>
</pov>
