<?xml version="1.0" standalone="no" ?>
<!DOCTYPE pov SYSTEM "/usr/share/cgc-docs/replay.dtd"><pov>
	<cbid>CROMU_00011</cbid>
	<replay>
		<read echo="ascii"><delim> </delim><match><data>\x3E </data></match></read>
		<write echo="ascii"><data>FRuMc = |"wp6HWfu","ODGDUm","uCoud","bGIbo3Y"|^|"QAK","ODGDUm","ihne"|\n</data></write>
		<read echo="ascii"><delim> </delim><match><data>\x3E </data></match></read>
		<write echo="ascii"><data>vEjRGo = FRuMc ~ FRuMc\n</data></write>
		<read echo="ascii"><delim> </delim><match><data>\x3E </data></match></read>
		<write echo="ascii"><data>fkVZNQ = vEjRGo ^ FRuMc\n</data></write>
		<read echo="ascii"><delim> </delim><match><data>\x3E </data></match></read>
		<write echo="ascii"><data>I2gvQz = |"KQgWvg","dwVW","zODp","mj","Al","Gz","T3roRi","sZ8gi","lno","QJDj"|\n</data></write>
		<read echo="ascii"><delim> </delim><match><data>\x3E </data></match></read>
		<write echo="ascii"><data>ZCrx2v = |"T3roRi","lno","sZ8gi","ryLBs6jPyR"|\n</data></write>
		<read echo="ascii"><delim> </delim><match><data>\x3E </data></match></read>
		<write echo="ascii"><data>ZCrx2v@I2gvQz\n</data></write>
		<read echo="ascii"><delim>\n</delim><match><data>FALSE\n</data></match></read>
		<read echo="ascii"><delim> </delim><match><data>\x3E </data></match></read>
		<write echo="ascii"><data>sHidpBQ = |"Ud","Ip","Wux"|-|"p","Ud","ZsyKL","g","i4ySE","L","H"|\n</data></write>
		<read echo="ascii"><delim> </delim><match><data>\x3E </data></match></read>
		<write echo="ascii"><data>6oerJNe = sHidpBQ + vEjRGo\n</data></write>
		<read echo="ascii"><delim> </delim><match><data>\x3E </data></match></read>
		<write echo="ascii"><data>Xsx88YO = 6oerJNe + 6oerJNe\n</data></write>
		<read echo="ascii"><delim> </delim><match><data>\x3E </data></match></read>
		<write echo="ascii"><data>juxGL1 = fkVZNQ ~ I2gvQz\n</data></write>
		<read echo="ascii"><delim> </delim><match><data>\x3E </data></match></read>
		<write echo="ascii"><data>3lxr0E = |"lYG","j","keiDZ","y44","5fJmt","CcE","x5ud"|-|"A1gSd","q8fIpk","C8iq","lYG","XxywA34"|\n</data></write>
		<read echo="ascii"><delim> </delim><match><data>\x3E </data></match></read>
		<write echo="ascii"><data>F6J15 = |"GeDXcGd","Qoo0Qz","gN","7vge","B1"|-|"GeDXcGd","xxD","Ir"|\n</data></write>
		<read echo="ascii"><delim> </delim><match><data>\x3E </data></match></read>
		<write echo="ascii"><data>301XxyM = |"lT5t6X","QvvklI","o9A14V","dQ","Pr"|+|"SbyE","dQ","iU","eGKuuf","a1uV8I","cWUbl"|\n</data></write>
		<read echo="ascii"><delim> </delim><match><data>\x3E </data></match></read>
		<write echo="ascii"><data>vll8Ht = |"0KFea","A0","qJhx","8","PkYUS3O","O52Q8eW","HoIAya"|+|"0KFea","FxI8g","vTgR"|\n</data></write>
		<read echo="ascii"><delim> </delim><match><data>\x3E </data></match></read>
		<write echo="ascii"><data>.p\n</data></write>
<read echo="ascii"><delim>\n</delim><match><data>FRuMc = |"ODGDUm"|\n</data></match></read>
<read echo="ascii"><delim>\n</delim><match><data>vEjRGo = ||\n</data></match></read>
<read echo="ascii"><delim>\n</delim><match><data>fkVZNQ = ||\n</data></match></read>
<read echo="ascii"><delim>\n</delim><match><data>I2gvQz = |"KQgWvg","dwVW","zODp","mj","Al","Gz","T3roRi","sZ8gi","lno","QJDj"|\n</data></match></read>
<read echo="ascii"><delim>\n</delim><match><data>ZCrx2v = |"T3roRi","lno","sZ8gi","ryLBs6jPyR"|\n</data></match></read>
<read echo="ascii"><delim>\n</delim><match><data>sHidpBQ = |"Ip","Wux"|\n</data></match></read>
<read echo="ascii"><delim>\n</delim><match><data>6oerJNe = |"Ip","Wux"|\n</data></match></read>
<read echo="ascii"><delim>\n</delim><match><data>Xsx88YO = |"Ip","Wux"|\n</data></match></read>
<read echo="ascii"><delim>\n</delim><match><data>juxGL1 = |"KQgWvg","dwVW","zODp","mj","Al","Gz","T3roRi","sZ8gi","lno","QJDj"|\n</data></match></read>
<read echo="ascii"><delim>\n</delim><match><data>3lxr0E = |"j","keiDZ","y44","5fJmt","CcE","x5ud"|\n</data></match></read>
<read echo="ascii"><delim>\n</delim><match><data>F6J15 = |"Qoo0Qz","gN","7vge","B1"|\n</data></match></read>
<read echo="ascii"><delim>\n</delim><match><data>301XxyM = |"lT5t6X","QvvklI","o9A14V","dQ","Pr","SbyE","iU","eGKuuf","a1uV8I","cWUbl"|\n</data></match></read>
<read echo="ascii"><delim>\n</delim><match><data>vll8Ht = |"0KFea","A0","qJhx","8","PkYUS3O","O52Q8eW","HoIAya","FxI8g","vTgR"|\n</data></match></read>
		<read echo="ascii"><delim> </delim><match><data>\x3E </data></match></read>
		<write echo="ascii"><data>.l\n</data></write>
	</replay>
</pov>
