<?xml version="1.0" standalone="no" ?>
<!DOCTYPE pov SYSTEM "/usr/share/cgc-docs/replay.dtd"><pov>
	<cbid>CROMU_00011</cbid>
	<replay>
		<read echo="ascii"><delim> </delim><match><data>\x3E </data></match></read>
		<write echo="ascii"><data>4Zt8y = |"V","tL","R"|~|"uRI","7","on","UD8xHI","V","5X"|\n</data></write>
		<read echo="ascii"><delim> </delim><match><data>\x3E </data></match></read>
		<write echo="ascii"><data>0gZz87 = |"As"|^|"mPTAhw7","pDCw","58W","N99AjE"|\n</data></write>
		<read echo="ascii"><delim> </delim><match><data>\x3E </data></match></read>
		<write echo="ascii"><data>I2BUC = 4Zt8y ^ 0gZz87\n</data></write>
		<read echo="ascii"><delim> </delim><match><data>\x3E </data></match></read>
		<write echo="ascii"><data>UAp3T = |"99NABw1","eWPnLJi","zH"|~|"Xzbv6","3bEVQ","gm","DMv"|\n</data></write>
		<read echo="ascii"><delim> </delim><match><data>\x3E </data></match></read>
		<write echo="ascii"><data>yuzL2wFut = 4Zt8y ^ 0gZz87\n</data></write>
		<read echo="ascii"><delim> </delim><match><data>\x3E </data></match></read>
		<write echo="ascii"><data>62cpl = 0gZz87 ^ 4Zt8y\n</data></write>
		<read echo="ascii"><delim> </delim><match><data>\x3E </data></match></read>
		<write echo="ascii"><data>AikHu = |"Q3e","3iA","hI"|-|"Mi5oVBc","ovdIxw","9u9","h","IA","m","KE"|\n</data></write>
		<read echo="ascii"><delim> </delim><match><data>\x3E </data></match></read>
		<write echo="ascii"><data>Gvcku = AikHu ~ AikHu\n</data></write>
		<read echo="ascii"><delim> </delim><match><data>\x3E </data></match></read>
		<write echo="ascii"><data>Gx9ZpkM = |"e","UupvZ","L"|-|"Xo3HUx","3T","u"|\n</data></write>
		<read echo="ascii"><delim> </delim><match><data>\x3E </data></match></read>
		<write echo="ascii"><data>.p\n</data></write>
<read echo="ascii"><delim>\n</delim><match><data>4Zt8y = |"tL","R","uRI","7","on","UD8xHI","5X"|\n</data></match></read>
<read echo="ascii"><delim>\n</delim><match><data>0gZz87 = ||\n</data></match></read>
<read echo="ascii"><delim>\n</delim><match><data>I2BUC = ||\n</data></match></read>
<read echo="ascii"><delim>\n</delim><match><data>UAp3T = |"99NABw1","eWPnLJi","zH","Xzbv6","3bEVQ","gm","DMv"|\n</data></match></read>
<read echo="ascii"><delim>\n</delim><match><data>yuzL2wFut = ||\n</data></match></read>
<read echo="ascii"><delim>\n</delim><match><data>62cpl = ||\n</data></match></read>
<read echo="ascii"><delim>\n</delim><match><data>AikHu = |"Q3e","3iA","hI"|\n</data></match></read>
<read echo="ascii"><delim>\n</delim><match><data>Gvcku = ||\n</data></match></read>
<read echo="ascii"><delim>\n</delim><match><data>Gx9ZpkM = |"e","UupvZ","L"|\n</data></match></read>
		<read echo="ascii"><delim> </delim><match><data>\x3E </data></match></read>
		<write echo="ascii"><data>.l\n</data></write>
	</replay>
</pov>
