<?xml version="1.0" standalone="no" ?>
<!DOCTYPE pov SYSTEM "/usr/share/cgc-docs/replay.dtd"><pov>
	<cbid>CROMU_00011</cbid>
	<replay>
		<read echo="ascii"><delim> </delim><match><data>\x3E </data></match></read>
		<write echo="ascii"><data>LQZh1 = |"LQo","Lqnttl","Qb","47eH2","Rp","cnFRKJ","iVqFeVp"|\n</data></write>
		<read echo="ascii"><delim> </delim><match><data>\x3E </data></match></read>
		<write echo="ascii"><data>YQVfcY = |"Lqnttl","47eH2","LQo","Qb","iVqFeVp","Rp"|\n</data></write>
		<read echo="ascii"><delim> </delim><match><data>\x3E </data></match></read>
		<write echo="ascii"><data>YQVfcY@LQZh1\n</data></write>
		<read echo="ascii"><delim>\n</delim><match><data>TRUE\n</data></match></read>
		<read echo="ascii"><delim> </delim><match><data>\x3E </data></match></read>
		<write echo="ascii"><data>QITMaN = |"zmSv","Dttq3iR","5","D"|+|"JaFot","SJ","WdA"|\n</data></write>
		<read echo="ascii"><delim> </delim><match><data>\x3E </data></match></read>
		<write echo="ascii"><data>SqFoYM = |"0","uWSig","3gSdl","5r"|+|"0","j","dewd8"|\n</data></write>
		<read echo="ascii"><delim> </delim><match><data>\x3E </data></match></read>
		<write echo="ascii"><data>B56Yex = |"D5","vmpxvKB","aIXfhUo","rB","25oFMNu","jwn","vh","NnaBrfO","yOAW5","FfzCX"|\n</data></write>
		<read echo="ascii"><delim> </delim><match><data>\x3E </data></match></read>
		<write echo="ascii"><data>fTBU3HL = |"vh","25oFMNu","D5","aIXfhUo","lVKKi3fTy5"|\n</data></write>
		<read echo="ascii"><delim> </delim><match><data>\x3E </data></match></read>
		<write echo="ascii"><data>fTBU3HL@B56Yex\n</data></write>
		<read echo="ascii"><delim>\n</delim><match><data>FALSE\n</data></match></read>
		<read echo="ascii"><delim> </delim><match><data>\x3E </data></match></read>
		<write echo="ascii"><data>MXc2U = |"j57mG"|~|"5","AMgzC","zih","ud"|\n</data></write>
		<read echo="ascii"><delim> </delim><match><data>\x3E </data></match></read>
		<write echo="ascii"><data>mBxvy67 = MXc2U ~ QITMaN\n</data></write>
		<read echo="ascii"><delim> </delim><match><data>\x3E </data></match></read>
		<write echo="ascii"><data>.p\n</data></write>
<read echo="ascii"><delim>\n</delim><match><data>LQZh1 = |"LQo","Lqnttl","Qb","47eH2","Rp","cnFRKJ","iVqFeVp"|\n</data></match></read>
<read echo="ascii"><delim>\n</delim><match><data>YQVfcY = |"Lqnttl","47eH2","LQo","Qb","iVqFeVp","Rp"|\n</data></match></read>
<read echo="ascii"><delim>\n</delim><match><data>QITMaN = |"zmSv","Dttq3iR","5","D","JaFot","SJ","WdA"|\n</data></match></read>
<read echo="ascii"><delim>\n</delim><match><data>SqFoYM = |"0","uWSig","3gSdl","5r","j","dewd8"|\n</data></match></read>
<read echo="ascii"><delim>\n</delim><match><data>B56Yex = |"D5","vmpxvKB","aIXfhUo","rB","25oFMNu","jwn","vh","NnaBrfO","yOAW5","FfzCX"|\n</data></match></read>
<read echo="ascii"><delim>\n</delim><match><data>fTBU3HL = |"vh","25oFMNu","D5","aIXfhUo","lVKKi3fTy5"|\n</data></match></read>
<read echo="ascii"><delim>\n</delim><match><data>MXc2U = |"j57mG","5","AMgzC","zih","ud"|\n</data></match></read>
<read echo="ascii"><delim>\n</delim><match><data>mBxvy67 = |"j57mG","AMgzC","zih","ud","zmSv","Dttq3iR","D","JaFot","SJ","WdA"|\n</data></match></read>
		<read echo="ascii"><delim> </delim><match><data>\x3E </data></match></read>
		<write echo="ascii"><data>.l\n</data></write>
	</replay>
</pov>
