<?xml version="1.0" standalone="no" ?>
<!DOCTYPE pov SYSTEM "/usr/share/cgc-docs/replay.dtd"><pov>
	<cbid>CROMU_00011</cbid>
	<replay>
		<read echo="ascii"><delim> </delim><match><data>\x3E </data></match></read>
		<write echo="ascii"><data>GO0CkI = |"MNF"|+|"g","L7SJQ5","jC8","ADeXEl9","ZP4"|\n</data></write>
		<read echo="ascii"><delim> </delim><match><data>\x3E </data></match></read>
		<write echo="ascii"><data>rHo43zM = |"o57ial","eIWu","4svf"|+|"Fjpld2v","b","11p071","tCn"|\n</data></write>
		<read echo="ascii"><delim> </delim><match><data>\x3E </data></match></read>
		<write echo="ascii"><data>40ga2AI = rHo43zM - GO0CkI\n</data></write>
		<read echo="ascii"><delim> </delim><match><data>\x3E </data></match></read>
		<write echo="ascii"><data>KGmDhr = 40ga2AI ~ rHo43zM\n</data></write>
		<read echo="ascii"><delim> </delim><match><data>\x3E </data></match></read>
		<write echo="ascii"><data>OBA7K5 = 40ga2AI + 40ga2AI\n</data></write>
		<read echo="ascii"><delim> </delim><match><data>\x3E </data></match></read>
		<write echo="ascii"><data>5XZQq = OBA7K5 - rHo43zM\n</data></write>
		<read echo="ascii"><delim> </delim><match><data>\x3E </data></match></read>
		<write echo="ascii"><data>g4389Ak = |"cj1","M4p","V3","dMRt52p","ryy","Wf","w11VA"|-|"bt","eiihMCL","2WbN","epVN","sT","Dybl"|\n</data></write>
		<read echo="ascii"><delim> </delim><match><data>\x3E </data></match></read>
		<write echo="ascii"><data>j4xHaM = g4389Ak - 5XZQq\n</data></write>
		<read echo="ascii"><delim> </delim><match><data>\x3E </data></match></read>
		<write echo="ascii"><data>agdlrvX = 5XZQq ^ 40ga2AI\n</data></write>
		<read echo="ascii"><delim> </delim><match><data>\x3E </data></match></read>
		<write echo="ascii"><data>5itlp = j4xHaM ~ GO0CkI\n</data></write>
		<read echo="ascii"><delim> </delim><match><data>\x3E </data></match></read>
		<write echo="ascii"><data>5FsHDK = |"H","TQRCjTi"|~|"gPu","H"|\n</data></write>
		<read echo="ascii"><delim> </delim><match><data>\x3E </data></match></read>
		<write echo="ascii"><data>PN35vYaPU = 40ga2AI ^ j4xHaM\n</data></write>
		<read echo="ascii"><delim> </delim><match><data>\x3E </data></match></read>
		<write echo="ascii"><data>zIUeVkJ = |"Vk","J1Y","hQlOvJ","bGK4v"|^|"i7W","y3gWWJa","EUMrg","Pw"|\n</data></write>
		<read echo="ascii"><delim> </delim><match><data>\x3E </data></match></read>
		<write echo="ascii"><data>zAEtog = g4389Ak - OBA7K5\n</data></write>
		<read echo="ascii"><delim> </delim><match><data>\x3E </data></match></read>
		<write echo="ascii"><data>.p\n</data></write>
<read echo="ascii"><delim>\n</delim><match><data>GO0CkI = |"MNF","g","L7SJQ5","jC8","ADeXEl9","ZP4"|\n</data></match></read>
<read echo="ascii"><delim>\n</delim><match><data>rHo43zM = |"o57ial","eIWu","4svf","Fjpld2v","b","11p071","tCn"|\n</data></match></read>
<read echo="ascii"><delim>\n</delim><match><data>40ga2AI = |"o57ial","eIWu","4svf","Fjpld2v","b","11p071","tCn"|\n</data></match></read>
<read echo="ascii"><delim>\n</delim><match><data>KGmDhr = ||\n</data></match></read>
<read echo="ascii"><delim>\n</delim><match><data>OBA7K5 = |"o57ial","eIWu","4svf","Fjpld2v","b","11p071","tCn"|\n</data></match></read>
<read echo="ascii"><delim>\n</delim><match><data>5XZQq = ||\n</data></match></read>
<read echo="ascii"><delim>\n</delim><match><data>g4389Ak = |"cj1","M4p","V3","dMRt52p","ryy","Wf","w11VA"|\n</data></match></read>
<read echo="ascii"><delim>\n</delim><match><data>j4xHaM = |"cj1","M4p","V3","dMRt52p","ryy","Wf","w11VA"|\n</data></match></read>
<read echo="ascii"><delim>\n</delim><match><data>agdlrvX = ||\n</data></match></read>
<read echo="ascii"><delim>\n</delim><match><data>5itlp = |"cj1","M4p","V3","dMRt52p","ryy","Wf","w11VA","MNF","g","L7SJQ5","jC8","ADeXEl9","ZP4"|\n</data></match></read>
<read echo="ascii"><delim>\n</delim><match><data>5FsHDK = |"TQRCjTi","gPu"|\n</data></match></read>
<read echo="ascii"><delim>\n</delim><match><data>PN35vYaPU = ||\n</data></match></read>
<read echo="ascii"><delim>\n</delim><match><data>zIUeVkJ = ||\n</data></match></read>
<read echo="ascii"><delim>\n</delim><match><data>zAEtog = |"cj1","M4p","V3","dMRt52p","ryy","Wf","w11VA"|\n</data></match></read>
		<read echo="ascii"><delim> </delim><match><data>\x3E </data></match></read>
		<write echo="ascii"><data>.l\n</data></write>
	</replay>
</pov>
