<?xml version="1.0" standalone="no" ?>
<!DOCTYPE pov SYSTEM "/usr/share/cgc-docs/replay.dtd"><pov>
	<cbid>CROMU_00011</cbid>
	<replay>
		<read echo="ascii"><delim> </delim><match><data>\x3E </data></match></read>
		<write echo="ascii"><data>hz8EA5w = |"gSvkAH","05o","lhwTSxv","1hlwH","Vctm","Ig","qofYBFh"|^|"1hlwH"|\n</data></write>
		<read echo="ascii"><delim> </delim><match><data>\x3E </data></match></read>
		<write echo="ascii"><data>m4vvW = hz8EA5w ^ hz8EA5w\n</data></write>
		<read echo="ascii"><delim> </delim><match><data>\x3E </data></match></read>
		<write echo="ascii"><data>AjJQqx = hz8EA5w - m4vvW\n</data></write>
		<read echo="ascii"><delim> </delim><match><data>\x3E </data></match></read>
		<write echo="ascii"><data>UqdgxV0 = |"Cug","PjZf","p","5","ZWL","8fn","tRTLh"|-|"YI9","5","Z","xmgxyF3","8fn"|\n</data></write>
		<read echo="ascii"><delim> </delim><match><data>\x3E </data></match></read>
		<write echo="ascii"><data>vcJCc = |"p0nZoV","YJ2n0K","1w6AB"|~|"UEU","w","p0nZoV","ImU","r","rP9c"|\n</data></write>
		<read echo="ascii"><delim> </delim><match><data>\x3E </data></match></read>
		<write echo="ascii"><data>EmpfU = UqdgxV0 ~ m4vvW\n</data></write>
		<read echo="ascii"><delim> </delim><match><data>\x3E </data></match></read>
		<write echo="ascii"><data>Ac6mBU = |"OZ6Ln","rO","ELjejJF"|^|"YyDOpFK","ELjejJF","bA","QWaW","cBCJB","hVC7bC"|\n</data></write>
		<read echo="ascii"><delim> </delim><match><data>\x3E </data></match></read>
		<write echo="ascii"><data>B93O73x = |"cN1","2","LPI","2Yu","6Tsred","Wq"|-|"LPI","4no","zp"|\n</data></write>
		<read echo="ascii"><delim> </delim><match><data>\x3E </data></match></read>
		<write echo="ascii"><data>tAve1y = vcJCc + hz8EA5w\n</data></write>
		<read echo="ascii"><delim> </delim><match><data>\x3E </data></match></read>
		<write echo="ascii"><data>4ap3zu = |"5j0vsQr","T6V68k","Uvgcww","HRi","JPS","48","yOjzIh3","pr"|\n</data></write>
		<read echo="ascii"><delim> </delim><match><data>\x3E </data></match></read>
		<write echo="ascii"><data>xaFTnKU = |"Uvgcww","5j0vsQr","HRi","JPS","yOjzIh3","48","pr","R1CJPY0yey"|\n</data></write>
		<read echo="ascii"><delim> </delim><match><data>\x3E </data></match></read>
		<write echo="ascii"><data>xaFTnKU@4ap3zu\n</data></write>
		<read echo="ascii"><delim>\n</delim><match><data>FALSE\n</data></match></read>
		<read echo="ascii"><delim> </delim><match><data>\x3E </data></match></read>
		<write echo="ascii"><data>.p\n</data></write>
<read echo="ascii"><delim>\n</delim><match><data>hz8EA5w = |"1hlwH"|\n</data></match></read>
<read echo="ascii"><delim>\n</delim><match><data>m4vvW = |"1hlwH"|\n</data></match></read>
<read echo="ascii"><delim>\n</delim><match><data>AjJQqx = ||\n</data></match></read>
<read echo="ascii"><delim>\n</delim><match><data>UqdgxV0 = |"Cug","PjZf","p","ZWL","tRTLh"|\n</data></match></read>
<read echo="ascii"><delim>\n</delim><match><data>vcJCc = |"YJ2n0K","1w6AB","UEU","w","ImU","r","rP9c"|\n</data></match></read>
<read echo="ascii"><delim>\n</delim><match><data>EmpfU = |"Cug","PjZf","p","ZWL","tRTLh","1hlwH"|\n</data></match></read>
<read echo="ascii"><delim>\n</delim><match><data>Ac6mBU = |"ELjejJF"|\n</data></match></read>
<read echo="ascii"><delim>\n</delim><match><data>B93O73x = |"cN1","2","2Yu","6Tsred","Wq"|\n</data></match></read>
<read echo="ascii"><delim>\n</delim><match><data>tAve1y = |"YJ2n0K","1w6AB","UEU","w","ImU","r","rP9c","1hlwH"|\n</data></match></read>
<read echo="ascii"><delim>\n</delim><match><data>4ap3zu = |"5j0vsQr","T6V68k","Uvgcww","HRi","JPS","48","yOjzIh3","pr"|\n</data></match></read>
<read echo="ascii"><delim>\n</delim><match><data>xaFTnKU = |"Uvgcww","5j0vsQr","HRi","JPS","yOjzIh3","48","pr","R1CJPY0yey"|\n</data></match></read>
		<read echo="ascii"><delim> </delim><match><data>\x3E </data></match></read>
		<write echo="ascii"><data>.l\n</data></write>
	</replay>
</pov>
