<?xml version="1.0" standalone="no" ?>
<!DOCTYPE pov SYSTEM "/usr/share/cgc-docs/replay.dtd"><pov>
	<cbid>CROMU_00011</cbid>
	<replay>
		<read echo="ascii"><delim> </delim><match><data>\x3E </data></match></read>
		<write echo="ascii"><data>Atu9C = |"xe","0XDN","oUTKRm","1","c4wA","NwzhtT"|~|"S"|\n</data></write>
		<read echo="ascii"><delim> </delim><match><data>\x3E </data></match></read>
		<write echo="ascii"><data>QiYpStR = |"kG","M2","ucD9GvZ","o","T"|+|"NKQh5o","ucD9GvZ","SV"|\n</data></write>
		<read echo="ascii"><delim> </delim><match><data>\x3E </data></match></read>
		<write echo="ascii"><data>qTJHUji = QiYpStR - Atu9C\n</data></write>
		<read echo="ascii"><delim> </delim><match><data>\x3E </data></match></read>
		<write echo="ascii"><data>bOC6ZRk = QiYpStR + QiYpStR\n</data></write>
		<read echo="ascii"><delim> </delim><match><data>\x3E </data></match></read>
		<write echo="ascii"><data>UACPM1H = |"L8","tx1","N3sW8p","iwI1g","riAZ","U","8YVMxG"|+|"N3sW8p","riAZ"|\n</data></write>
		<read echo="ascii"><delim> </delim><match><data>\x3E </data></match></read>
		<write echo="ascii"><data>n0Xv10taoM = Atu9C ^ UACPM1H\n</data></write>
		<read echo="ascii"><delim> </delim><match><data>\x3E </data></match></read>
		<write echo="ascii"><data>Zlkey = |"RFBCPr0","Wlz1zhW","2krmr","7T","1kYSB4L","D"|-|"RFBCPr0","MN5maD","Wlz1zhW","1kYSB4L"|\n</data></write>
		<read echo="ascii"><delim> </delim><match><data>\x3E </data></match></read>
		<write echo="ascii"><data>vH45DS6 = |"lT6HIu0","m"|~|"czhIFzU","i"|\n</data></write>
		<read echo="ascii"><delim> </delim><match><data>\x3E </data></match></read>
		<write echo="ascii"><data>vDeCX = UACPM1H ~ qTJHUji\n</data></write>
		<read echo="ascii"><delim> </delim><match><data>\x3E </data></match></read>
		<write echo="ascii"><data>hANNCkf = |"h2Wd25","69","R","xqjue","8PL9qCM","M4","AYn"|+|"CJhNW","1l","3e","2YMDx","Hs","xqjue"|\n</data></write>
		<read echo="ascii"><delim> </delim><match><data>\x3E </data></match></read>
		<write echo="ascii"><data>qtRAl = |"95i2uTi","jwu6k5C","bZHMCE","SBo7","aj1DDW","Ke1X","xppuKs","Xj"|\n</data></write>
		<read echo="ascii"><delim> </delim><match><data>\x3E </data></match></read>
		<write echo="ascii"><data>8Mbkqe = |"SBo7","Ke1X","95i2uTi","jwu6k5C","s9yARtRWxT"|\n</data></write>
		<read echo="ascii"><delim> </delim><match><data>\x3E </data></match></read>
		<write echo="ascii"><data>8Mbkqe@qtRAl\n</data></write>
		<read echo="ascii"><delim>\n</delim><match><data>FALSE\n</data></match></read>
		<read echo="ascii"><delim> </delim><match><data>\x3E </data></match></read>
		<write echo="ascii"><data>3PesdSw = |"k4NY","nBkffcn","J"|-|"9TO1k","ts","U7kWY","z","HSn","KRq"|\n</data></write>
		<read echo="ascii"><delim> </delim><match><data>\x3E </data></match></read>
		<write echo="ascii"><data>.p\n</data></write>
<read echo="ascii"><delim>\n</delim><match><data>Atu9C = |"xe","0XDN","oUTKRm","1","c4wA","NwzhtT","S"|\n</data></match></read>
<read echo="ascii"><delim>\n</delim><match><data>QiYpStR = |"kG","M2","ucD9GvZ","o","T","NKQh5o","SV"|\n</data></match></read>
<read echo="ascii"><delim>\n</delim><match><data>qTJHUji = |"kG","M2","ucD9GvZ","o","T","NKQh5o","SV"|\n</data></match></read>
<read echo="ascii"><delim>\n</delim><match><data>bOC6ZRk = |"kG","M2","ucD9GvZ","o","T","NKQh5o","SV"|\n</data></match></read>
<read echo="ascii"><delim>\n</delim><match><data>UACPM1H = |"L8","tx1","N3sW8p","iwI1g","riAZ","U","8YVMxG"|\n</data></match></read>
<read echo="ascii"><delim>\n</delim><match><data>n0Xv10taoM = ||\n</data></match></read>
<read echo="ascii"><delim>\n</delim><match><data>Zlkey = |"2krmr","7T","D"|\n</data></match></read>
<read echo="ascii"><delim>\n</delim><match><data>vH45DS6 = |"lT6HIu0","m","czhIFzU","i"|\n</data></match></read>
<read echo="ascii"><delim>\n</delim><match><data>vDeCX = |"L8","tx1","N3sW8p","iwI1g","riAZ","U","8YVMxG","kG","M2","ucD9GvZ","o","T","NKQh5o","SV"|\n</data></match></read>
<read echo="ascii"><delim>\n</delim><match><data>hANNCkf = |"h2Wd25","69","R","xqjue","8PL9qCM","M4","AYn","CJhNW","1l","3e","2YMDx","Hs"|\n</data></match></read>
<read echo="ascii"><delim>\n</delim><match><data>qtRAl = |"95i2uTi","jwu6k5C","bZHMCE","SBo7","aj1DDW","Ke1X","xppuKs","Xj"|\n</data></match></read>
<read echo="ascii"><delim>\n</delim><match><data>8Mbkqe = |"SBo7","Ke1X","95i2uTi","jwu6k5C","s9yARtRWxT"|\n</data></match></read>
<read echo="ascii"><delim>\n</delim><match><data>3PesdSw = |"k4NY","nBkffcn","J"|\n</data></match></read>
		<read echo="ascii"><delim> </delim><match><data>\x3E </data></match></read>
		<write echo="ascii"><data>.l\n</data></write>
	</replay>
</pov>
