<?xml version="1.0" standalone="no" ?>
<!DOCTYPE pov SYSTEM "/usr/share/cgc-docs/replay.dtd"><pov>
	<cbid>CROMU_00011</cbid>
	<replay>
		<read echo="ascii"><delim> </delim><match><data>\x3E </data></match></read>
		<write echo="ascii"><data>89Nagw = |"uwpgzJN","sVf"|+|"zy4fh","C504yab","h0jkgu","O1a","uLHVD"|\n</data></write>
		<read echo="ascii"><delim> </delim><match><data>\x3E </data></match></read>
		<write echo="ascii"><data>2o6ghOYqW = 89Nagw ^ 89Nagw\n</data></write>
		<read echo="ascii"><delim> </delim><match><data>\x3E </data></match></read>
		<write echo="ascii"><data>iBeXu = |"MpmXH","Gvu0L","uFtSU3"|^|"rVUnB","LuqIKX","2BS"|\n</data></write>
		<read echo="ascii"><delim> </delim><match><data>\x3E </data></match></read>
		<write echo="ascii"><data>wa9mq = |"ILbri","Vk","JHEk5","Fja","wU","B","Bb"|-|"UKA","Ak","wU","ILbri","1t9J","KmY"|\n</data></write>
		<read echo="ascii"><delim> </delim><match><data>\x3E </data></match></read>
		<write echo="ascii"><data>dP9P6 = |"XB91","pFO","fOB","X8Gz","CeL","0","xWCl"|+|"0","q","xn8zB6"|\n</data></write>
		<read echo="ascii"><delim> </delim><match><data>\x3E </data></match></read>
		<write echo="ascii"><data>59K1R = |"Bl","5EC7","Bqw","b2E7n"|-|"DgIa5mC","b2E7n","GtE","N7","9W"|\n</data></write>
		<read echo="ascii"><delim> </delim><match><data>\x3E </data></match></read>
		<write echo="ascii"><data>WqmdtQY = |"OhXH6","pQ7e5"|+|"IM2U","WJVX3","zcS"|\n</data></write>
		<read echo="ascii"><delim> </delim><match><data>\x3E </data></match></read>
		<write echo="ascii"><data>Fx5lzQH = wa9mq ~ 2o6ghOYqW\n</data></write>
		<read echo="ascii"><delim> </delim><match><data>\x3E </data></match></read>
		<write echo="ascii"><data>tarMV = WqmdtQY + 59K1R\n</data></write>
		<read echo="ascii"><delim> </delim><match><data>\x3E </data></match></read>
		<write echo="ascii"><data>gXtML4 = WqmdtQY ^ dP9P6\n</data></write>
		<read echo="ascii"><delim> </delim><match><data>\x3E </data></match></read>
		<write echo="ascii"><data>pWTimr = |"pmX","qovZ9CP","pn","FCSQ","y3qQ8LJ","sYRP7g","i1u6RTw"|^|"zgBVH","i1u6RTw","82","sYRP7g"|\n</data></write>
		<read echo="ascii"><delim> </delim><match><data>\x3E </data></match></read>
		<write echo="ascii"><data>qUDovuT = |"2","nEu","jyHotgw"|-|"0k9x","Q8LHr","nx","O","W5lkpoP","rIx2B","jyHotgw"|\n</data></write>
		<read echo="ascii"><delim> </delim><match><data>\x3E </data></match></read>
		<write echo="ascii"><data>.p\n</data></write>
<read echo="ascii"><delim>\n</delim><match><data>89Nagw = |"uwpgzJN","sVf","zy4fh","C504yab","h0jkgu","O1a","uLHVD"|\n</data></match></read>
<read echo="ascii"><delim>\n</delim><match><data>2o6ghOYqW = |"uwpgzJN","sVf","zy4fh","C504yab","h0jkgu","O1a","uLHVD"|\n</data></match></read>
<read echo="ascii"><delim>\n</delim><match><data>iBeXu = ||\n</data></match></read>
<read echo="ascii"><delim>\n</delim><match><data>wa9mq = |"Vk","JHEk5","Fja","B","Bb"|\n</data></match></read>
<read echo="ascii"><delim>\n</delim><match><data>dP9P6 = |"XB91","pFO","fOB","X8Gz","CeL","0","xWCl","q","xn8zB6"|\n</data></match></read>
<read echo="ascii"><delim>\n</delim><match><data>59K1R = |"Bl","5EC7","Bqw"|\n</data></match></read>
<read echo="ascii"><delim>\n</delim><match><data>WqmdtQY = |"OhXH6","pQ7e5","IM2U","WJVX3","zcS"|\n</data></match></read>
<read echo="ascii"><delim>\n</delim><match><data>Fx5lzQH = |"Vk","JHEk5","Fja","B","Bb","uwpgzJN","sVf","zy4fh","C504yab","h0jkgu","O1a","uLHVD"|\n</data></match></read>
<read echo="ascii"><delim>\n</delim><match><data>tarMV = |"OhXH6","pQ7e5","IM2U","WJVX3","zcS","Bl","5EC7","Bqw"|\n</data></match></read>
<read echo="ascii"><delim>\n</delim><match><data>gXtML4 = ||\n</data></match></read>
<read echo="ascii"><delim>\n</delim><match><data>pWTimr = |"sYRP7g","i1u6RTw"|\n</data></match></read>
<read echo="ascii"><delim>\n</delim><match><data>qUDovuT = |"2","nEu"|\n</data></match></read>
		<read echo="ascii"><delim> </delim><match><data>\x3E </data></match></read>
		<write echo="ascii"><data>.l\n</data></write>
	</replay>
</pov>
