<?xml version="1.0" standalone="no" ?>
<!DOCTYPE pov SYSTEM "/usr/share/cgc-docs/replay.dtd"><pov>
	<cbid>CROMU_00011</cbid>
	<replay>
		<read echo="ascii"><delim> </delim><match><data>\x3E </data></match></read>
		<write echo="ascii"><data>iDsdpbO = |"0hXXLdE","ZM"|+|"nSw","4","KG","d7E","T","BXrSR"|\n</data></write>
		<read echo="ascii"><delim> </delim><match><data>\x3E </data></match></read>
		<write echo="ascii"><data>OmiQ0 = iDsdpbO - iDsdpbO\n</data></write>
		<read echo="ascii"><delim> </delim><match><data>\x3E </data></match></read>
		<write echo="ascii"><data>0ikHvHIrwc = iDsdpbO ^ OmiQ0\n</data></write>
		<read echo="ascii"><delim> </delim><match><data>\x3E </data></match></read>
		<write echo="ascii"><data>qa7Cr = |"uZ8ao","ph9m","eG9","j","vykwhHS","zG","27r9"|+|"j","F37aXq","zG","GbI8","meDf"|\n</data></write>
		<read echo="ascii"><delim> </delim><match><data>\x3E </data></match></read>
		<write echo="ascii"><data>GL2h3VN = |"7a47v6","99s","22","R4PXAMV"|+|"KaPXCmC","iNQ","KkO"|\n</data></write>
		<read echo="ascii"><delim> </delim><match><data>\x3E </data></match></read>
		<write echo="ascii"><data>5OWMj = |"X6ex","b4oa7","w2qlL","noadtyA","GE"|+|"s","54LmmFC","A4EgX","Z0Z1Eb","xT7","w2qlL"|\n</data></write>
		<read echo="ascii"><delim> </delim><match><data>\x3E </data></match></read>
		<write echo="ascii"><data>HTj5vS = |"rYc3","rMED","gmeZHe0","XE","CPUZa"|^|"hMo","Chqwc","gmeZHe0","DQo","CPUZa"|\n</data></write>
		<read echo="ascii"><delim> </delim><match><data>\x3E </data></match></read>
		<write echo="ascii"><data>ecKP1 = HTj5vS - GL2h3VN\n</data></write>
		<read echo="ascii"><delim> </delim><match><data>\x3E </data></match></read>
		<write echo="ascii"><data>INgUCe = HTj5vS ~ iDsdpbO\n</data></write>
		<read echo="ascii"><delim> </delim><match><data>\x3E </data></match></read>
		<write echo="ascii"><data>G5LNYq = |"GCdf","9kQl","k1jHW","HdMRcqS","22SrN"|~|"FjV","9","GCdf","T6LU","22SrN","6WH","mETl8"|\n</data></write>
		<read echo="ascii"><delim> </delim><match><data>\x3E </data></match></read>
		<write echo="ascii"><data>2s3lvL = GL2h3VN - INgUCe\n</data></write>
		<read echo="ascii"><delim> </delim><match><data>\x3E </data></match></read>
		<write echo="ascii"><data>.p\n</data></write>
<read echo="ascii"><delim>\n</delim><match><data>iDsdpbO = |"0hXXLdE","ZM","nSw","4","KG","d7E","T","BXrSR"|\n</data></match></read>
<read echo="ascii"><delim>\n</delim><match><data>OmiQ0 = ||\n</data></match></read>
<read echo="ascii"><delim>\n</delim><match><data>0ikHvHIrwc = ||\n</data></match></read>
<read echo="ascii"><delim>\n</delim><match><data>qa7Cr = |"uZ8ao","ph9m","eG9","j","vykwhHS","zG","27r9","F37aXq","GbI8","meDf"|\n</data></match></read>
<read echo="ascii"><delim>\n</delim><match><data>GL2h3VN = |"7a47v6","99s","22","R4PXAMV","KaPXCmC","iNQ","KkO"|\n</data></match></read>
<read echo="ascii"><delim>\n</delim><match><data>5OWMj = |"X6ex","b4oa7","w2qlL","noadtyA","GE","s","54LmmFC","A4EgX","Z0Z1Eb","xT7"|\n</data></match></read>
<read echo="ascii"><delim>\n</delim><match><data>HTj5vS = |"gmeZHe0","CPUZa"|\n</data></match></read>
<read echo="ascii"><delim>\n</delim><match><data>ecKP1 = |"gmeZHe0","CPUZa"|\n</data></match></read>
<read echo="ascii"><delim>\n</delim><match><data>INgUCe = |"gmeZHe0","CPUZa","0hXXLdE","ZM","nSw","4","KG","d7E","T","BXrSR"|\n</data></match></read>
<read echo="ascii"><delim>\n</delim><match><data>G5LNYq = |"9kQl","k1jHW","HdMRcqS","FjV","9","T6LU","6WH","mETl8"|\n</data></match></read>
<read echo="ascii"><delim>\n</delim><match><data>2s3lvL = |"7a47v6","99s","22","R4PXAMV","KaPXCmC","iNQ","KkO"|\n</data></match></read>
		<read echo="ascii"><delim> </delim><match><data>\x3E </data></match></read>
		<write echo="ascii"><data>.l\n</data></write>
	</replay>
</pov>
