<?xml version="1.0" standalone="no" ?>
<!DOCTYPE pov SYSTEM "/usr/share/cgc-docs/replay.dtd"><pov>
	<cbid>CROMU_00011</cbid>
	<replay>
		<read echo="ascii"><delim> </delim><match><data>\x3E </data></match></read>
		<write echo="ascii"><data>cUMrpEa = |"Wmj4JOt","gDbFots","alrofl"|+|"rKo","ELj6k","gDbFots","f0"|\n</data></write>
		<read echo="ascii"><delim> </delim><match><data>\x3E </data></match></read>
		<write echo="ascii"><data>sQKZkQt = |"q","UuVuZH","tMd","n","p1","7RbP"|-|"j","oZMKkUc","8NAdfcf","nw25UkL","HrveD","VFPiGW","7RbP"|\n</data></write>
		<read echo="ascii"><delim> </delim><match><data>\x3E </data></match></read>
		<write echo="ascii"><data>9FrFw = sQKZkQt + sQKZkQt\n</data></write>
		<read echo="ascii"><delim> </delim><match><data>\x3E </data></match></read>
		<write echo="ascii"><data>AKrIM = cUMrpEa ~ sQKZkQt\n</data></write>
		<read echo="ascii"><delim> </delim><match><data>\x3E </data></match></read>
		<write echo="ascii"><data>DrAZG = |"5L","PVGn","FDETK43","x8tUX","Q3VJ","eNbo0","1ldeQ"|-|"FDETK43","aQBA","x8tUX","eNbo0","Gh"|\n</data></write>
		<read echo="ascii"><delim> </delim><match><data>\x3E </data></match></read>
		<write echo="ascii"><data>nA7Y7 = |"BsVTQwd","VK","UzA2vV5","gR9ty","XgI2tQb"|-|"XgI2tQb","W1","hLMmc0f","BFW","gR9ty","sh7ggmE","Tl"|\n</data></write>
		<read echo="ascii"><delim> </delim><match><data>\x3E </data></match></read>
		<write echo="ascii"><data>zq3uE2s = |"am","IGW","r4bRt","j2eq5Sy"|+|"j2eq5Sy","qGm2","FX","sp"|\n</data></write>
		<read echo="ascii"><delim> </delim><match><data>\x3E </data></match></read>
		<write echo="ascii"><data>8qQxtB = |"pKCyTx0","gK4zij4","CMgYsWb","0h","mU1x0","rayTaB"|\n</data></write>
		<read echo="ascii"><delim> </delim><match><data>\x3E </data></match></read>
		<write echo="ascii"><data>xns6b = |"0h","mU1x0","pKCyTx0","CMgYsWb","Y20UrQbfEv"|\n</data></write>
		<read echo="ascii"><delim> </delim><match><data>\x3E </data></match></read>
		<write echo="ascii"><data>xns6b@8qQxtB\n</data></write>
		<read echo="ascii"><delim>\n</delim><match><data>FALSE\n</data></match></read>
		<read echo="ascii"><delim> </delim><match><data>\x3E </data></match></read>
		<write echo="ascii"><data>wzFZFg = |"7T","hwjfS","7","A94","Hr2L"|~|"z5Q","5s","hwjfS","AA57P","SzgD9","ky"|\n</data></write>
		<read echo="ascii"><delim> </delim><match><data>\x3E </data></match></read>
		<write echo="ascii"><data>.p\n</data></write>
<read echo="ascii"><delim>\n</delim><match><data>cUMrpEa = |"Wmj4JOt","gDbFots","alrofl","rKo","ELj6k","f0"|\n</data></match></read>
<read echo="ascii"><delim>\n</delim><match><data>sQKZkQt = |"q","UuVuZH","tMd","n","p1"|\n</data></match></read>
<read echo="ascii"><delim>\n</delim><match><data>9FrFw = |"q","UuVuZH","tMd","n","p1"|\n</data></match></read>
<read echo="ascii"><delim>\n</delim><match><data>AKrIM = |"Wmj4JOt","gDbFots","alrofl","rKo","ELj6k","f0","q","UuVuZH","tMd","n","p1"|\n</data></match></read>
<read echo="ascii"><delim>\n</delim><match><data>DrAZG = |"5L","PVGn","Q3VJ","1ldeQ"|\n</data></match></read>
<read echo="ascii"><delim>\n</delim><match><data>nA7Y7 = |"BsVTQwd","VK","UzA2vV5"|\n</data></match></read>
<read echo="ascii"><delim>\n</delim><match><data>zq3uE2s = |"am","IGW","r4bRt","j2eq5Sy","qGm2","FX","sp"|\n</data></match></read>
<read echo="ascii"><delim>\n</delim><match><data>8qQxtB = |"pKCyTx0","gK4zij4","CMgYsWb","0h","mU1x0","rayTaB"|\n</data></match></read>
<read echo="ascii"><delim>\n</delim><match><data>xns6b = |"0h","mU1x0","pKCyTx0","CMgYsWb","Y20UrQbfEv"|\n</data></match></read>
<read echo="ascii"><delim>\n</delim><match><data>wzFZFg = |"7T","7","A94","Hr2L","z5Q","5s","AA57P","SzgD9","ky"|\n</data></match></read>
		<read echo="ascii"><delim> </delim><match><data>\x3E </data></match></read>
		<write echo="ascii"><data>.l\n</data></write>
	</replay>
</pov>
