<?xml version="1.0" standalone="no" ?>
<!DOCTYPE pov SYSTEM "/usr/share/cgc-docs/replay.dtd"><pov>
	<cbid>CROMU_00011</cbid>
	<replay>
		<read echo="ascii"><delim> </delim><match><data>\x3E </data></match></read>
		<write echo="ascii"><data>KXw3Kg = |"CPAIEX","2","2P","jIXx8","tOt","g2E4t","EPofEMs"|+|"W8WGSBs","r","g2E4t","FYQUl","2P","EPofEMs"|\n</data></write>
		<read echo="ascii"><delim> </delim><match><data>\x3E </data></match></read>
		<write echo="ascii"><data>dnqsQ = KXw3Kg - KXw3Kg\n</data></write>
		<read echo="ascii"><delim> </delim><match><data>\x3E </data></match></read>
		<write echo="ascii"><data>LapShD = |"WyaV","lXNcqzZ","fa4"|~|"hf","wGgmvrz","u4u","hpzcvHf","jvZO","aFf"|\n</data></write>
		<read echo="ascii"><delim> </delim><match><data>\x3E </data></match></read>
		<write echo="ascii"><data>KL7qr = |"0Qm","o0oG","h","an3cZ","41Escn","dGgs2hi","fiUvX"|+|"41Escn","dGgs2hi","tjWX5s","udDDvAy","an3cZ"|\n</data></write>
		<read echo="ascii"><delim> </delim><match><data>\x3E </data></match></read>
		<write echo="ascii"><data>0dRHv6D = dnqsQ ~ KXw3Kg\n</data></write>
		<read echo="ascii"><delim> </delim><match><data>\x3E </data></match></read>
		<write echo="ascii"><data>MXML5 = |"WPlR","gRo","iDmLOLW","YC3lRBE","tgb"|^|"mWhj","WPlR","QR","tgb"|\n</data></write>
		<read echo="ascii"><delim> </delim><match><data>\x3E </data></match></read>
		<write echo="ascii"><data>cZmiR87 = |"6x","THgNPs","F2HV","1i","WC8","2nB","Hrj"|+|"kDAmYSC","2nB","Hrj","g0","THgNPs","F2HV"|\n</data></write>
		<read echo="ascii"><delim> </delim><match><data>\x3E </data></match></read>
		<write echo="ascii"><data>Au7nwFv = KL7qr - cZmiR87\n</data></write>
		<read echo="ascii"><delim> </delim><match><data>\x3E </data></match></read>
		<write echo="ascii"><data>4mFZb17 = |"7Wz6y","cb9d2T9","yj","u","7kGZ","SM"|~|"y","cb9d2T9","5rSNdhe","7kGZ","zGAiA","7Wz6y"|\n</data></write>
		<read echo="ascii"><delim> </delim><match><data>\x3E </data></match></read>
		<write echo="ascii"><data>tIWHne = 4mFZb17 + LapShD\n</data></write>
		<read echo="ascii"><delim> </delim><match><data>\x3E </data></match></read>
		<write echo="ascii"><data>Yw6wQw = MXML5 + KL7qr\n</data></write>
		<read echo="ascii"><delim> </delim><match><data>\x3E </data></match></read>
		<write echo="ascii"><data>SAby6 = cZmiR87 ^ 0dRHv6D\n</data></write>
		<read echo="ascii"><delim> </delim><match><data>\x3E </data></match></read>
		<write echo="ascii"><data>SxLizOm = |"Imc","g","dlKdW2","i","ZiQ","884","BF"|+|"0","R","I","aWOW1Xc"|\n</data></write>
		<read echo="ascii"><delim> </delim><match><data>\x3E </data></match></read>
		<write echo="ascii"><data>CpJz3 = KXw3Kg + dnqsQ\n</data></write>
		<read echo="ascii"><delim> </delim><match><data>\x3E </data></match></read>
		<write echo="ascii"><data>.p\n</data></write>
<read echo="ascii"><delim>\n</delim><match><data>KXw3Kg = |"CPAIEX","2","2P","jIXx8","tOt","g2E4t","EPofEMs","W8WGSBs","r","FYQUl"|\n</data></match></read>
<read echo="ascii"><delim>\n</delim><match><data>dnqsQ = ||\n</data></match></read>
<read echo="ascii"><delim>\n</delim><match><data>LapShD = |"WyaV","lXNcqzZ","fa4","hf","wGgmvrz","u4u","hpzcvHf","jvZO","aFf"|\n</data></match></read>
<read echo="ascii"><delim>\n</delim><match><data>KL7qr = |"0Qm","o0oG","h","an3cZ","41Escn","dGgs2hi","fiUvX","tjWX5s","udDDvAy"|\n</data></match></read>
<read echo="ascii"><delim>\n</delim><match><data>0dRHv6D = |"CPAIEX","2","2P","jIXx8","tOt","g2E4t","EPofEMs","W8WGSBs","r","FYQUl"|\n</data></match></read>
<read echo="ascii"><delim>\n</delim><match><data>MXML5 = |"WPlR","tgb"|\n</data></match></read>
<read echo="ascii"><delim>\n</delim><match><data>cZmiR87 = |"6x","THgNPs","F2HV","1i","WC8","2nB","Hrj","kDAmYSC","g0"|\n</data></match></read>
<read echo="ascii"><delim>\n</delim><match><data>Au7nwFv = |"0Qm","o0oG","h","an3cZ","41Escn","dGgs2hi","fiUvX","tjWX5s","udDDvAy"|\n</data></match></read>
<read echo="ascii"><delim>\n</delim><match><data>4mFZb17 = |"yj","u","SM","y","5rSNdhe","zGAiA"|\n</data></match></read>
<read echo="ascii"><delim>\n</delim><match><data>tIWHne = |"yj","u","SM","y","5rSNdhe","zGAiA","WyaV","lXNcqzZ","fa4","hf","wGgmvrz","u4u","hpzcvHf","jvZO","aFf"|\n</data></match></read>
<read echo="ascii"><delim>\n</delim><match><data>Yw6wQw = |"WPlR","tgb","0Qm","o0oG","h","an3cZ","41Escn","dGgs2hi","fiUvX","tjWX5s","udDDvAy"|\n</data></match></read>
<read echo="ascii"><delim>\n</delim><match><data>SAby6 = ||\n</data></match></read>
<read echo="ascii"><delim>\n</delim><match><data>SxLizOm = |"Imc","g","dlKdW2","i","ZiQ","884","BF","0","R","I","aWOW1Xc"|\n</data></match></read>
<read echo="ascii"><delim>\n</delim><match><data>CpJz3 = |"CPAIEX","2","2P","jIXx8","tOt","g2E4t","EPofEMs","W8WGSBs","r","FYQUl"|\n</data></match></read>
		<read echo="ascii"><delim> </delim><match><data>\x3E </data></match></read>
		<write echo="ascii"><data>.l\n</data></write>
	</replay>
</pov>
