<?xml version="1.0" standalone="no" ?>
<!DOCTYPE pov SYSTEM "/usr/share/cgc-docs/replay.dtd"><pov>
	<cbid>CROMU_00011</cbid>
	<replay>
		<read echo="ascii"><delim> </delim><match><data>\x3E </data></match></read>
		<write echo="ascii"><data>XcxX7 = |"VjR","wp4l","Vp","9AsT","dIqRAz","HtXIv","V"|+|"HtXIv","t"|\n</data></write>
		<read echo="ascii"><delim> </delim><match><data>\x3E </data></match></read>
		<write echo="ascii"><data>eifTLLu = |"gS4","vhIbMML","NtE38RC","7jReM","br","wOU","77","fJGff","HA5","k4"|\n</data></write>
		<read echo="ascii"><delim> </delim><match><data>\x3E </data></match></read>
		<write echo="ascii"><data>injPa = |"k4","77","NtE38RC","wOU","gS4","br","vhIbMML","7jReM","HA5","YzSkGAYv5g"|\n</data></write>
		<read echo="ascii"><delim> </delim><match><data>\x3E </data></match></read>
		<write echo="ascii"><data>injPa@eifTLLu\n</data></write>
		<read echo="ascii"><delim>\n</delim><match><data>FALSE\n</data></match></read>
		<read echo="ascii"><delim> </delim><match><data>\x3E </data></match></read>
		<write echo="ascii"><data>0hjkVkV = |"G","rRpyZAl","8Tk","I","iij8"|+|"V","TL2KX","t6WDnd","Qsr3Qq","S5mIg","rRpyZAl"|\n</data></write>
		<read echo="ascii"><delim> </delim><match><data>\x3E </data></match></read>
		<write echo="ascii"><data>veS4x = |"hiW","Pl2N","OJmytPE","c0Ti7rU"|^|"OhF"|\n</data></write>
		<read echo="ascii"><delim> </delim><match><data>\x3E </data></match></read>
		<write echo="ascii"><data>ZxiX8E = |"0c3Sq","no","4V6VJ","o3mfgN","RdZ","8Y","TUB"|~|"pmr2","qOI","TUB","bk","RdZ"|\n</data></write>
		<read echo="ascii"><delim> </delim><match><data>\x3E </data></match></read>
		<write echo="ascii"><data>SIfmqd = |"JFJo","mfv","2Bg","4jLRSgd","o5","pBb4S"|\n</data></write>
		<read echo="ascii"><delim> </delim><match><data>\x3E </data></match></read>
		<write echo="ascii"><data>FN8ohC = |"pBb4S","2Bg","JFJo"|\n</data></write>
		<read echo="ascii"><delim> </delim><match><data>\x3E </data></match></read>
		<write echo="ascii"><data>FN8ohC@SIfmqd\n</data></write>
		<read echo="ascii"><delim>\n</delim><match><data>TRUE\n</data></match></read>
		<read echo="ascii"><delim> </delim><match><data>\x3E </data></match></read>
		<write echo="ascii"><data>0GhpZy = |"36fanpl","fS44Tp","ed4SY"|~|"6xaoDB","C4vLa","ZPgGkD","e","86Z7"|\n</data></write>
		<read echo="ascii"><delim> </delim><match><data>\x3E </data></match></read>
		<write echo="ascii"><data>PyDKkc4 = |"srjZ4u","u8spL","KvtZH","Ut1a"|+|"RiZ","Q6gmB","4","C20QCU","5Denh0v"|\n</data></write>
		<read echo="ascii"><delim> </delim><match><data>\x3E </data></match></read>
		<write echo="ascii"><data>y0CA7sI = |"bX","J","p2"|~|"7q","Te","bX","4jX","RZ25","lS","Ko"|\n</data></write>
		<read echo="ascii"><delim> </delim><match><data>\x3E </data></match></read>
		<write echo="ascii"><data>RV55N = |"in2","Jc"|~|"5i","mAWz","MKvbCQ","5Je","OGLvBg","peu"|\n</data></write>
		<read echo="ascii"><delim> </delim><match><data>\x3E </data></match></read>
		<write echo="ascii"><data>iQeCEUp = SIfmqd - injPa\n</data></write>
		<read echo="ascii"><delim> </delim><match><data>\x3E </data></match></read>
		<write echo="ascii"><data>1m9Xca = |"C","U","K9ZzI","BRw0l","TRtNFw","Pq1e","aJbYqJ"|+|"wA","7B","U","aJbYqJ"|\n</data></write>
		<read echo="ascii"><delim> </delim><match><data>\x3E </data></match></read>
		<write echo="ascii"><data>cm8Turwo6 = ZxiX8E ^ 0hjkVkV\n</data></write>
		<read echo="ascii"><delim> </delim><match><data>\x3E </data></match></read>
		<write echo="ascii"><data>Jh8kEnf = eifTLLu ^ eifTLLu\n</data></write>
		<read echo="ascii"><delim> </delim><match><data>\x3E </data></match></read>
		<write echo="ascii"><data>.p\n</data></write>
<read echo="ascii"><delim>\n</delim><match><data>XcxX7 = |"VjR","wp4l","Vp","9AsT","dIqRAz","HtXIv","V","t"|\n</data></match></read>
<read echo="ascii"><delim>\n</delim><match><data>eifTLLu = |"gS4","vhIbMML","NtE38RC","7jReM","br","wOU","77","fJGff","HA5","k4"|\n</data></match></read>
<read echo="ascii"><delim>\n</delim><match><data>injPa = |"k4","77","NtE38RC","wOU","gS4","br","vhIbMML","7jReM","HA5","YzSkGAYv5g"|\n</data></match></read>
<read echo="ascii"><delim>\n</delim><match><data>0hjkVkV = |"G","rRpyZAl","8Tk","I","iij8","V","TL2KX","t6WDnd","Qsr3Qq","S5mIg"|\n</data></match></read>
<read echo="ascii"><delim>\n</delim><match><data>veS4x = ||\n</data></match></read>
<read echo="ascii"><delim>\n</delim><match><data>ZxiX8E = |"0c3Sq","no","4V6VJ","o3mfgN","8Y","pmr2","qOI","bk"|\n</data></match></read>
<read echo="ascii"><delim>\n</delim><match><data>SIfmqd = |"JFJo","mfv","2Bg","4jLRSgd","o5","pBb4S"|\n</data></match></read>
<read echo="ascii"><delim>\n</delim><match><data>FN8ohC = |"pBb4S","2Bg","JFJo"|\n</data></match></read>
<read echo="ascii"><delim>\n</delim><match><data>0GhpZy = |"36fanpl","fS44Tp","ed4SY","6xaoDB","C4vLa","ZPgGkD","e","86Z7"|\n</data></match></read>
<read echo="ascii"><delim>\n</delim><match><data>PyDKkc4 = |"srjZ4u","u8spL","KvtZH","Ut1a","RiZ","Q6gmB","4","C20QCU","5Denh0v"|\n</data></match></read>
<read echo="ascii"><delim>\n</delim><match><data>y0CA7sI = |"J","p2","7q","Te","4jX","RZ25","lS","Ko"|\n</data></match></read>
<read echo="ascii"><delim>\n</delim><match><data>RV55N = |"in2","Jc","5i","mAWz","MKvbCQ","5Je","OGLvBg","peu"|\n</data></match></read>
<read echo="ascii"><delim>\n</delim><match><data>iQeCEUp = |"JFJo","mfv","2Bg","4jLRSgd","o5","pBb4S"|\n</data></match></read>
<read echo="ascii"><delim>\n</delim><match><data>1m9Xca = |"C","U","K9ZzI","BRw0l","TRtNFw","Pq1e","aJbYqJ","wA","7B"|\n</data></match></read>
<read echo="ascii"><delim>\n</delim><match><data>cm8Turwo6 = ||\n</data></match></read>
<read echo="ascii"><delim>\n</delim><match><data>Jh8kEnf = |"gS4","vhIbMML","NtE38RC","7jReM","br","wOU","77","fJGff","HA5","k4"|\n</data></match></read>
		<read echo="ascii"><delim> </delim><match><data>\x3E </data></match></read>
		<write echo="ascii"><data>.l\n</data></write>
	</replay>
</pov>
