<?xml version="1.0" standalone="no" ?>
<!DOCTYPE pov SYSTEM "/usr/share/cgc-docs/replay.dtd"><pov>
	<cbid>CROMU_00011</cbid>
	<replay>
		<read echo="ascii"><delim> </delim><match><data>\x3E </data></match></read>
		<write echo="ascii"><data>VqghE = |"L9wL","i1d","ucwwPq0"|-|"FzYden","A","ucwwPq0","RQCh4p4","vu8G5","i1d"|\n</data></write>
		<read echo="ascii"><delim> </delim><match><data>\x3E </data></match></read>
		<write echo="ascii"><data>Z8QPvs = VqghE - VqghE\n</data></write>
		<read echo="ascii"><delim> </delim><match><data>\x3E </data></match></read>
		<write echo="ascii"><data>ZlsmNY9 = |"lBYfD","8NPS","0Uu5lPi","Q9f","JG","U"|+|"O"|\n</data></write>
		<read echo="ascii"><delim> </delim><match><data>\x3E </data></match></read>
		<write echo="ascii"><data>3qcSiGUcCl = ZlsmNY9 ^ Z8QPvs\n</data></write>
		<read echo="ascii"><delim> </delim><match><data>\x3E </data></match></read>
		<write echo="ascii"><data>7WM0qq = 3qcSiGUcCl ~ ZlsmNY9\n</data></write>
		<read echo="ascii"><delim> </delim><match><data>\x3E </data></match></read>
		<write echo="ascii"><data>AEW9pgq = 3qcSiGUcCl + ZlsmNY9\n</data></write>
		<read echo="ascii"><delim> </delim><match><data>\x3E </data></match></read>
		<write echo="ascii"><data>AMnDPrJ = Z8QPvs ~ 7WM0qq\n</data></write>
		<read echo="ascii"><delim> </delim><match><data>\x3E </data></match></read>
		<write echo="ascii"><data>2Od2pTN = |"v","O","Ro","QFMk","b","tP"|~|"Gu","PcDKJnx","hW7D","9","aTqYJR"|\n</data></write>
		<read echo="ascii"><delim> </delim><match><data>\x3E </data></match></read>
		<write echo="ascii"><data>27XgS4J = 7WM0qq ^ 7WM0qq\n</data></write>
		<read echo="ascii"><delim> </delim><match><data>\x3E </data></match></read>
		<write echo="ascii"><data>rK6qaIl = |"MO4x","MmXNW","t","3wB","cnd"|~|"uzzxLN","Y","O","qNq","hl1","3icg"|\n</data></write>
		<read echo="ascii"><delim> </delim><match><data>\x3E </data></match></read>
		<write echo="ascii"><data>Olf9M = |"Ob0mEL","lLI"|~|"lLI","vIhe","X067M5t","826jNBP","Aj","sru7fwo","M"|\n</data></write>
		<read echo="ascii"><delim> </delim><match><data>\x3E </data></match></read>
		<write echo="ascii"><data>BMIFz = |"VX","D0fVtrt","dHtuvBo","IOZL","iqY4GpZ","j7Ew"|^|"iy"|\n</data></write>
		<read echo="ascii"><delim> </delim><match><data>\x3E </data></match></read>
		<write echo="ascii"><data>9O0xhObKr = 2Od2pTN ^ Olf9M\n</data></write>
		<read echo="ascii"><delim> </delim><match><data>\x3E </data></match></read>
		<write echo="ascii"><data>82pG8z = AEW9pgq ^ VqghE\n</data></write>
		<read echo="ascii"><delim> </delim><match><data>\x3E </data></match></read>
		<write echo="ascii"><data>TY7zR = |"FBoMhQ","wf9","IJwt","eVq","PX","G00XfL","YehOk"|~|"7Ghfl","wf9","J1YD3Nz","GnPV","eVq","G00XfL","nsMJI"|\n</data></write>
		<read echo="ascii"><delim> </delim><match><data>\x3E </data></match></read>
		<write echo="ascii"><data>.p\n</data></write>
<read echo="ascii"><delim>\n</delim><match><data>VqghE = |"L9wL"|\n</data></match></read>
<read echo="ascii"><delim>\n</delim><match><data>Z8QPvs = ||\n</data></match></read>
<read echo="ascii"><delim>\n</delim><match><data>ZlsmNY9 = |"lBYfD","8NPS","0Uu5lPi","Q9f","JG","U","O"|\n</data></match></read>
<read echo="ascii"><delim>\n</delim><match><data>3qcSiGUcCl = ||\n</data></match></read>
<read echo="ascii"><delim>\n</delim><match><data>7WM0qq = |"lBYfD","8NPS","0Uu5lPi","Q9f","JG","U","O"|\n</data></match></read>
<read echo="ascii"><delim>\n</delim><match><data>AEW9pgq = |"lBYfD","8NPS","0Uu5lPi","Q9f","JG","U","O"|\n</data></match></read>
<read echo="ascii"><delim>\n</delim><match><data>AMnDPrJ = |"lBYfD","8NPS","0Uu5lPi","Q9f","JG","U","O"|\n</data></match></read>
<read echo="ascii"><delim>\n</delim><match><data>2Od2pTN = |"v","O","Ro","QFMk","b","tP","Gu","PcDKJnx","hW7D","9","aTqYJR"|\n</data></match></read>
<read echo="ascii"><delim>\n</delim><match><data>27XgS4J = |"lBYfD","8NPS","0Uu5lPi","Q9f","JG","U","O"|\n</data></match></read>
<read echo="ascii"><delim>\n</delim><match><data>rK6qaIl = |"MO4x","MmXNW","t","3wB","cnd","uzzxLN","Y","O","qNq","hl1","3icg"|\n</data></match></read>
<read echo="ascii"><delim>\n</delim><match><data>Olf9M = |"Ob0mEL","vIhe","X067M5t","826jNBP","Aj","sru7fwo","M"|\n</data></match></read>
<read echo="ascii"><delim>\n</delim><match><data>BMIFz = ||\n</data></match></read>
<read echo="ascii"><delim>\n</delim><match><data>9O0xhObKr = ||\n</data></match></read>
<read echo="ascii"><delim>\n</delim><match><data>82pG8z = ||\n</data></match></read>
<read echo="ascii"><delim>\n</delim><match><data>TY7zR = |"FBoMhQ","IJwt","PX","YehOk","7Ghfl","J1YD3Nz","GnPV","nsMJI"|\n</data></match></read>
		<read echo="ascii"><delim> </delim><match><data>\x3E </data></match></read>
		<write echo="ascii"><data>.l\n</data></write>
	</replay>
</pov>
