<?xml version="1.0" standalone="no" ?>
<!DOCTYPE pov SYSTEM "/usr/share/cgc-docs/replay.dtd"><pov>
	<cbid>CROMU_00011</cbid>
	<replay>
		<read echo="ascii"><delim> </delim><match><data>\x3E </data></match></read>
		<write echo="ascii"><data>bOSDFb5 = |"uu","hl8U"|^|"q92Gs"|\n</data></write>
		<read echo="ascii"><delim> </delim><match><data>\x3E </data></match></read>
		<write echo="ascii"><data>EgLk9 = |"w5FKJ0u","tfQ","FF","C2","A88i5m","lJ","dW","yx4O8","Brouv","ng"|\n</data></write>
		<read echo="ascii"><delim> </delim><match><data>\x3E </data></match></read>
		<write echo="ascii"><data>v8c6g = |"yx4O8","ng","w5FKJ0u"|\n</data></write>
		<read echo="ascii"><delim> </delim><match><data>\x3E </data></match></read>
		<write echo="ascii"><data>v8c6g@EgLk9\n</data></write>
		<read echo="ascii"><delim>\n</delim><match><data>TRUE\n</data></match></read>
		<read echo="ascii"><delim> </delim><match><data>\x3E </data></match></read>
		<write echo="ascii"><data>1z7EPmN = v8c6g + bOSDFb5\n</data></write>
		<read echo="ascii"><delim> </delim><match><data>\x3E </data></match></read>
		<write echo="ascii"><data>ozIIGht = 1z7EPmN ~ bOSDFb5\n</data></write>
		<read echo="ascii"><delim> </delim><match><data>\x3E </data></match></read>
		<write echo="ascii"><data>rMQG5 = 1z7EPmN ~ 1z7EPmN\n</data></write>
		<read echo="ascii"><delim> </delim><match><data>\x3E </data></match></read>
		<write echo="ascii"><data>J9WA0V = |"4J","dY3","uAdnVwH","Ww1GmPK"|^|"TGhxd","YxW","Ww1GmPK","2AI55L","4J","283T","NK0"|\n</data></write>
		<read echo="ascii"><delim> </delim><match><data>\x3E </data></match></read>
		<write echo="ascii"><data>mzORnV = |"7XTHEH9","S6DJJDD","QQJDN","Ib6wax"|+|"S","d8QDC","QQJDN","M","UepwZTM","PhO1kN","HVvk"|\n</data></write>
		<read echo="ascii"><delim> </delim><match><data>\x3E </data></match></read>
		<write echo="ascii"><data>EyXUWbn = 1z7EPmN + 1z7EPmN\n</data></write>
		<read echo="ascii"><delim> </delim><match><data>\x3E </data></match></read>
		<write echo="ascii"><data>sV6GRa = bOSDFb5 + EgLk9\n</data></write>
		<read echo="ascii"><delim> </delim><match><data>\x3E </data></match></read>
		<write echo="ascii"><data>J1swLql = mzORnV - EgLk9\n</data></write>
		<read echo="ascii"><delim> </delim><match><data>\x3E </data></match></read>
		<write echo="ascii"><data>Qb7rC = |"KLqF","AHm5d","7KWZE","mtz7tTc","XhDOM","rBmmk1","Pjbv1Ow","1G","tYMfg3b"|\n</data></write>
		<read echo="ascii"><delim> </delim><match><data>\x3E </data></match></read>
		<write echo="ascii"><data>vJu3Jzs = |"XhDOM","KLqF","1G","AHm5d","Pjbv1Ow","QTBXNTOjNz"|\n</data></write>
		<read echo="ascii"><delim> </delim><match><data>\x3E </data></match></read>
		<write echo="ascii"><data>vJu3Jzs@Qb7rC\n</data></write>
		<read echo="ascii"><delim>\n</delim><match><data>FALSE\n</data></match></read>
		<read echo="ascii"><delim> </delim><match><data>\x3E </data></match></read>
		<write echo="ascii"><data>SH51Yu = |"W2Er48s","L8"|+|"3j","EzCOc","65hf","5","D6E4"|\n</data></write>
		<read echo="ascii"><delim> </delim><match><data>\x3E </data></match></read>
		<write echo="ascii"><data>.p\n</data></write>
<read echo="ascii"><delim>\n</delim><match><data>bOSDFb5 = ||\n</data></match></read>
<read echo="ascii"><delim>\n</delim><match><data>EgLk9 = |"w5FKJ0u","tfQ","FF","C2","A88i5m","lJ","dW","yx4O8","Brouv","ng"|\n</data></match></read>
<read echo="ascii"><delim>\n</delim><match><data>v8c6g = |"yx4O8","ng","w5FKJ0u"|\n</data></match></read>
<read echo="ascii"><delim>\n</delim><match><data>1z7EPmN = |"yx4O8","ng","w5FKJ0u"|\n</data></match></read>
<read echo="ascii"><delim>\n</delim><match><data>ozIIGht = |"yx4O8","ng","w5FKJ0u"|\n</data></match></read>
<read echo="ascii"><delim>\n</delim><match><data>rMQG5 = ||\n</data></match></read>
<read echo="ascii"><delim>\n</delim><match><data>J9WA0V = |"4J","Ww1GmPK"|\n</data></match></read>
<read echo="ascii"><delim>\n</delim><match><data>mzORnV = |"7XTHEH9","S6DJJDD","QQJDN","Ib6wax","S","d8QDC","M","UepwZTM","PhO1kN","HVvk"|\n</data></match></read>
<read echo="ascii"><delim>\n</delim><match><data>EyXUWbn = |"yx4O8","ng","w5FKJ0u"|\n</data></match></read>
<read echo="ascii"><delim>\n</delim><match><data>sV6GRa = |"w5FKJ0u","tfQ","FF","C2","A88i5m","lJ","dW","yx4O8","Brouv","ng"|\n</data></match></read>
<read echo="ascii"><delim>\n</delim><match><data>J1swLql = |"7XTHEH9","S6DJJDD","QQJDN","Ib6wax","S","d8QDC","M","UepwZTM","PhO1kN","HVvk"|\n</data></match></read>
<read echo="ascii"><delim>\n</delim><match><data>Qb7rC = |"KLqF","AHm5d","7KWZE","mtz7tTc","XhDOM","rBmmk1","Pjbv1Ow","1G","tYMfg3b"|\n</data></match></read>
<read echo="ascii"><delim>\n</delim><match><data>vJu3Jzs = |"XhDOM","KLqF","1G","AHm5d","Pjbv1Ow","QTBXNTOjNz"|\n</data></match></read>
<read echo="ascii"><delim>\n</delim><match><data>SH51Yu = |"W2Er48s","L8","3j","EzCOc","65hf","5","D6E4"|\n</data></match></read>
		<read echo="ascii"><delim> </delim><match><data>\x3E </data></match></read>
		<write echo="ascii"><data>.l\n</data></write>
	</replay>
</pov>
