<?xml version="1.0" standalone="no" ?>
<!DOCTYPE pov SYSTEM "/usr/share/cgc-docs/replay.dtd"><pov>
	<cbid>CROMU_00011</cbid>
	<replay>
		<read echo="ascii"><delim> </delim><match><data>\x3E </data></match></read>
		<write echo="ascii"><data>EuFU3 = |"rxhA","0cN","zPP60q","4BG2F","PV","PC","Nd0"|\n</data></write>
		<read echo="ascii"><delim> </delim><match><data>\x3E </data></match></read>
		<write echo="ascii"><data>tBbX0Dw = |"PC","PV","0cN","rxhA","zPP60q","ANi0IIngV8"|\n</data></write>
		<read echo="ascii"><delim> </delim><match><data>\x3E </data></match></read>
		<write echo="ascii"><data>tBbX0Dw@EuFU3\n</data></write>
		<read echo="ascii"><delim>\n</delim><match><data>FALSE\n</data></match></read>
		<read echo="ascii"><delim> </delim><match><data>\x3E </data></match></read>
		<write echo="ascii"><data>PG5ei = tBbX0Dw - tBbX0Dw\n</data></write>
		<read echo="ascii"><delim> </delim><match><data>\x3E </data></match></read>
		<write echo="ascii"><data>zHSOy = |"ZP","D3","huF55"|+|"Aj0"|\n</data></write>
		<read echo="ascii"><delim> </delim><match><data>\x3E </data></match></read>
		<write echo="ascii"><data>NXeaG = |"MVxL","iEEaNv","Exov","O0nrQhq","j2quCr","QBXvj"|\n</data></write>
		<read echo="ascii"><delim> </delim><match><data>\x3E </data></match></read>
		<write echo="ascii"><data>GNU4f = |"QBXvj","Exov"|\n</data></write>
		<read echo="ascii"><delim> </delim><match><data>\x3E </data></match></read>
		<write echo="ascii"><data>GNU4f@NXeaG\n</data></write>
		<read echo="ascii"><delim>\n</delim><match><data>TRUE\n</data></match></read>
		<read echo="ascii"><delim> </delim><match><data>\x3E </data></match></read>
		<write echo="ascii"><data>0PYgZ2V = EuFU3 - zHSOy\n</data></write>
		<read echo="ascii"><delim> </delim><match><data>\x3E </data></match></read>
		<write echo="ascii"><data>hYRoX = EuFU3 ^ GNU4f\n</data></write>
		<read echo="ascii"><delim> </delim><match><data>\x3E </data></match></read>
		<write echo="ascii"><data>EQuEDFE = |"c6oRtv5","H05oze","FwZ","of6z","4ABV","avN170G","HTRE"|+|"I","FwZ"|\n</data></write>
		<read echo="ascii"><delim> </delim><match><data>\x3E </data></match></read>
		<write echo="ascii"><data>YcUD37JFu = zHSOy ^ zHSOy\n</data></write>
		<read echo="ascii"><delim> </delim><match><data>\x3E </data></match></read>
		<write echo="ascii"><data>qasb3A = |"VJ","bhT","xCZvaW","ML2sZ","ivTDQ4J"|+|"ivTDQ4J","jR","v2mU"|\n</data></write>
		<read echo="ascii"><delim> </delim><match><data>\x3E </data></match></read>
		<write echo="ascii"><data>H3uX9As = |"YcbK2R","G1tqdb","PjfQ9"|~|"C","eF"|\n</data></write>
		<read echo="ascii"><delim> </delim><match><data>\x3E </data></match></read>
		<write echo="ascii"><data>WkNDeCk = |"bVvx","OP1","SZYp","lOW","yw5u","JM"|^|"JM","4NaPFt","rcCC","bVvx","jNF4"|\n</data></write>
		<read echo="ascii"><delim> </delim><match><data>\x3E </data></match></read>
		<write echo="ascii"><data>y01nlN = |"4v","Wyu","d6C","U","KpqZ","eJ"|-|"vcysqk","d6C","6","Wyu","4v","Myr"|\n</data></write>
		<read echo="ascii"><delim> </delim><match><data>\x3E </data></match></read>
		<write echo="ascii"><data>wlG47 = |"upv","f4RcuuO","n0M","AoUyl","OoLE","5a","mY2","MmtUsPF"|\n</data></write>
		<read echo="ascii"><delim> </delim><match><data>\x3E </data></match></read>
		<write echo="ascii"><data>D7fvLxR = |"AoUyl","5a","n0M","MmtUsPF","OoLE","mY2","f4RcuuO","sB4aaSz3QU"|\n</data></write>
		<read echo="ascii"><delim> </delim><match><data>\x3E </data></match></read>
		<write echo="ascii"><data>D7fvLxR@wlG47\n</data></write>
		<read echo="ascii"><delim>\n</delim><match><data>FALSE\n</data></match></read>
		<read echo="ascii"><delim> </delim><match><data>\x3E </data></match></read>
		<write echo="ascii"><data>pFJHJ = |"g","QwqgXXP","U","go8","L47H","cL8X"|-|"L47H","cL8X","T72xp4m","JSTTY","QwqgXXP","g"|\n</data></write>
		<read echo="ascii"><delim> </delim><match><data>\x3E </data></match></read>
		<write echo="ascii"><data>.p\n</data></write>
<read echo="ascii"><delim>\n</delim><match><data>EuFU3 = |"rxhA","0cN","zPP60q","4BG2F","PV","PC","Nd0"|\n</data></match></read>
<read echo="ascii"><delim>\n</delim><match><data>tBbX0Dw = |"PC","PV","0cN","rxhA","zPP60q","ANi0IIngV8"|\n</data></match></read>
<read echo="ascii"><delim>\n</delim><match><data>PG5ei = ||\n</data></match></read>
<read echo="ascii"><delim>\n</delim><match><data>zHSOy = |"ZP","D3","huF55","Aj0"|\n</data></match></read>
<read echo="ascii"><delim>\n</delim><match><data>NXeaG = |"MVxL","iEEaNv","Exov","O0nrQhq","j2quCr","QBXvj"|\n</data></match></read>
<read echo="ascii"><delim>\n</delim><match><data>GNU4f = |"QBXvj","Exov"|\n</data></match></read>
<read echo="ascii"><delim>\n</delim><match><data>0PYgZ2V = |"rxhA","0cN","zPP60q","4BG2F","PV","PC","Nd0"|\n</data></match></read>
<read echo="ascii"><delim>\n</delim><match><data>hYRoX = ||\n</data></match></read>
<read echo="ascii"><delim>\n</delim><match><data>EQuEDFE = |"c6oRtv5","H05oze","FwZ","of6z","4ABV","avN170G","HTRE","I"|\n</data></match></read>
<read echo="ascii"><delim>\n</delim><match><data>YcUD37JFu = |"ZP","D3","huF55","Aj0"|\n</data></match></read>
<read echo="ascii"><delim>\n</delim><match><data>qasb3A = |"VJ","bhT","xCZvaW","ML2sZ","ivTDQ4J","jR","v2mU"|\n</data></match></read>
<read echo="ascii"><delim>\n</delim><match><data>H3uX9As = |"YcbK2R","G1tqdb","PjfQ9","C","eF"|\n</data></match></read>
<read echo="ascii"><delim>\n</delim><match><data>WkNDeCk = |"bVvx","JM"|\n</data></match></read>
<read echo="ascii"><delim>\n</delim><match><data>y01nlN = |"U","KpqZ","eJ"|\n</data></match></read>
<read echo="ascii"><delim>\n</delim><match><data>wlG47 = |"upv","f4RcuuO","n0M","AoUyl","OoLE","5a","mY2","MmtUsPF"|\n</data></match></read>
<read echo="ascii"><delim>\n</delim><match><data>D7fvLxR = |"AoUyl","5a","n0M","MmtUsPF","OoLE","mY2","f4RcuuO","sB4aaSz3QU"|\n</data></match></read>
<read echo="ascii"><delim>\n</delim><match><data>pFJHJ = |"U","go8"|\n</data></match></read>
		<read echo="ascii"><delim> </delim><match><data>\x3E </data></match></read>
		<write echo="ascii"><data>.l\n</data></write>
	</replay>
</pov>
