<?xml version="1.0" standalone="no" ?>
<!DOCTYPE pov SYSTEM "/usr/share/cgc-docs/replay.dtd"><pov>
	<cbid>CROMU_00011</cbid>
	<replay>
		<read echo="ascii"><delim> </delim><match><data>\x3E </data></match></read>
		<write echo="ascii"><data>fIBMr = |"GnPMrH","aPt"|^|"VwFad","JrnTut","40k"|\n</data></write>
		<read echo="ascii"><delim> </delim><match><data>\x3E </data></match></read>
		<write echo="ascii"><data>Vw3vQrH = |"jmD","ZUp","TQpnA","zOCIgm"|-|"TQpnA","PJm64","ahtd","O","kji","zOCIgm","AAOfQK"|\n</data></write>
		<read echo="ascii"><delim> </delim><match><data>\x3E </data></match></read>
		<write echo="ascii"><data>ssoUv7Q = |"6","8LINf","FU3","upms","mbD2h4","z33","rhFF"|+|"4loEij","uv7","oGXuDG","T29B38","rhFF"|\n</data></write>
		<read echo="ascii"><delim> </delim><match><data>\x3E </data></match></read>
		<write echo="ascii"><data>3pjxFpB = |"NZd","2tM1wmb","Dx","QMzqZ","NQ9","Zt7"|^|"2tM1wmb","90yDQQL","Ln","QeN0Dcn"|\n</data></write>
		<read echo="ascii"><delim> </delim><match><data>\x3E </data></match></read>
		<write echo="ascii"><data>PbZ6Qyr = 3pjxFpB + 3pjxFpB\n</data></write>
		<read echo="ascii"><delim> </delim><match><data>\x3E </data></match></read>
		<write echo="ascii"><data>Ws1BGzya = 3pjxFpB ^ 3pjxFpB\n</data></write>
		<read echo="ascii"><delim> </delim><match><data>\x3E </data></match></read>
		<write echo="ascii"><data>ZclWdeA = Vw3vQrH + fIBMr\n</data></write>
		<read echo="ascii"><delim> </delim><match><data>\x3E </data></match></read>
		<write echo="ascii"><data>hDwCF = |"jviTn","h3b8","4e","zdTD","QnO68Zf"|^|"gM","FUVJ","Em","iGsWbM","h3b8"|\n</data></write>
		<read echo="ascii"><delim> </delim><match><data>\x3E </data></match></read>
		<write echo="ascii"><data>JYja7 = |"ppWi","VBGW0y","hRo2DF","2g3Tjs","rJK82TO","AHm0x","nPG","wO5CC1z","uPV"|\n</data></write>
		<read echo="ascii"><delim> </delim><match><data>\x3E </data></match></read>
		<write echo="ascii"><data>GfHsi = |"hRo2DF","2g3Tjs","uPV","AHm0x","rJK82TO","pen0lNzCBU"|\n</data></write>
		<read echo="ascii"><delim> </delim><match><data>\x3E </data></match></read>
		<write echo="ascii"><data>GfHsi@JYja7\n</data></write>
		<read echo="ascii"><delim>\n</delim><match><data>FALSE\n</data></match></read>
		<read echo="ascii"><delim> </delim><match><data>\x3E </data></match></read>
		<write echo="ascii"><data>rJWzFW = ssoUv7Q + PbZ6Qyr\n</data></write>
		<read echo="ascii"><delim> </delim><match><data>\x3E </data></match></read>
		<write echo="ascii"><data>f5fFTj = |"IwWJc","6ZzG","TFqch"|+|"Wfw45XJ","IwWJc","xENC","mTVR"|\n</data></write>
		<read echo="ascii"><delim> </delim><match><data>\x3E </data></match></read>
		<write echo="ascii"><data>.p\n</data></write>
<read echo="ascii"><delim>\n</delim><match><data>fIBMr = ||\n</data></match></read>
<read echo="ascii"><delim>\n</delim><match><data>Vw3vQrH = |"jmD","ZUp"|\n</data></match></read>
<read echo="ascii"><delim>\n</delim><match><data>ssoUv7Q = |"6","8LINf","FU3","upms","mbD2h4","z33","rhFF","4loEij","uv7","oGXuDG","T29B38"|\n</data></match></read>
<read echo="ascii"><delim>\n</delim><match><data>3pjxFpB = |"2tM1wmb"|\n</data></match></read>
<read echo="ascii"><delim>\n</delim><match><data>PbZ6Qyr = |"2tM1wmb"|\n</data></match></read>
<read echo="ascii"><delim>\n</delim><match><data>Ws1BGzya = |"2tM1wmb"|\n</data></match></read>
<read echo="ascii"><delim>\n</delim><match><data>ZclWdeA = |"jmD","ZUp"|\n</data></match></read>
<read echo="ascii"><delim>\n</delim><match><data>hDwCF = |"h3b8"|\n</data></match></read>
<read echo="ascii"><delim>\n</delim><match><data>JYja7 = |"ppWi","VBGW0y","hRo2DF","2g3Tjs","rJK82TO","AHm0x","nPG","wO5CC1z","uPV"|\n</data></match></read>
<read echo="ascii"><delim>\n</delim><match><data>GfHsi = |"hRo2DF","2g3Tjs","uPV","AHm0x","rJK82TO","pen0lNzCBU"|\n</data></match></read>
<read echo="ascii"><delim>\n</delim><match><data>rJWzFW = |"6","8LINf","FU3","upms","mbD2h4","z33","rhFF","4loEij","uv7","oGXuDG","T29B38","2tM1wmb"|\n</data></match></read>
<read echo="ascii"><delim>\n</delim><match><data>f5fFTj = |"IwWJc","6ZzG","TFqch","Wfw45XJ","xENC","mTVR"|\n</data></match></read>
		<read echo="ascii"><delim> </delim><match><data>\x3E </data></match></read>
		<write echo="ascii"><data>.l\n</data></write>
	</replay>
</pov>
