<?xml version="1.0" standalone="no" ?>
<!DOCTYPE pov SYSTEM "/usr/share/cgc-docs/replay.dtd"><pov>
	<cbid>CROMU_00011</cbid>
	<replay>
		<read echo="ascii"><delim> </delim><match><data>\x3E </data></match></read>
		<write echo="ascii"><data>MZjBjC = |"eTqskkP","G3EtCNV","dTYGo","amWr","jr8xlHC","Z9m"|~|"QH","eTqskkP","dTYGo","Jt","Z","amWr"|\n</data></write>
		<read echo="ascii"><delim> </delim><match><data>\x3E </data></match></read>
		<write echo="ascii"><data>40bW2D = MZjBjC ~ MZjBjC\n</data></write>
		<read echo="ascii"><delim> </delim><match><data>\x3E </data></match></read>
		<write echo="ascii"><data>Nfv0CET = 40bW2D - 40bW2D\n</data></write>
		<read echo="ascii"><delim> </delim><match><data>\x3E </data></match></read>
		<write echo="ascii"><data>BVm3Z9 = |"X3jj76J","lFX","Fs2x","n6","0pC5xvN"|+|"l","TQRst","2","t4"|\n</data></write>
		<read echo="ascii"><delim> </delim><match><data>\x3E </data></match></read>
		<write echo="ascii"><data>GU1pAn = |"2qt5q0T","YN51","1","8CCMn","EOO","cv"|-|"uvQwlQ","o2nV","rZzTxc"|\n</data></write>
		<read echo="ascii"><delim> </delim><match><data>\x3E </data></match></read>
		<write echo="ascii"><data>dL5Utr = |"Lk","H","i"|-|"Lk","qeFgGA","fWt"|\n</data></write>
		<read echo="ascii"><delim> </delim><match><data>\x3E </data></match></read>
		<write echo="ascii"><data>9IGIX = |"0IYC","whLFJ","l","J0xSD9","0RsG"|+|"t1o","whLFJ","LODz22T","CIqR"|\n</data></write>
		<read echo="ascii"><delim> </delim><match><data>\x3E </data></match></read>
		<write echo="ascii"><data>DwucR = |"UxS","vvESd","40S","WyUZL0f","szrnCU","tzjCq","6uNYoU3","59Hwm","Dp1sav","5c4"|\n</data></write>
		<read echo="ascii"><delim> </delim><match><data>\x3E </data></match></read>
		<write echo="ascii"><data>UbVWpZ = |"Dp1sav","vvESd"|\n</data></write>
		<read echo="ascii"><delim> </delim><match><data>\x3E </data></match></read>
		<write echo="ascii"><data>UbVWpZ@DwucR\n</data></write>
		<read echo="ascii"><delim>\n</delim><match><data>TRUE\n</data></match></read>
		<read echo="ascii"><delim> </delim><match><data>\x3E </data></match></read>
		<write echo="ascii"><data>wLCrW1x6X = UbVWpZ ^ Nfv0CET\n</data></write>
		<read echo="ascii"><delim> </delim><match><data>\x3E </data></match></read>
		<write echo="ascii"><data>iPP9qZm = |"HFXol","HNqzW","J","iZ","WDGc","c","n"|-|"GNqy","T","V","bJts","n","KM4IJPv","J"|\n</data></write>
		<read echo="ascii"><delim> </delim><match><data>\x3E </data></match></read>
		<write echo="ascii"><data>0jB3sM = MZjBjC + iPP9qZm\n</data></write>
		<read echo="ascii"><delim> </delim><match><data>\x3E </data></match></read>
		<write echo="ascii"><data>RuHfpem = |"R9","yZ","PjYFl","R","oW8"|-|"Rgg31SK","PjYFl","6akO51","JEzBk","oW8"|\n</data></write>
		<read echo="ascii"><delim> </delim><match><data>\x3E </data></match></read>
		<write echo="ascii"><data>g15in = UbVWpZ + dL5Utr\n</data></write>
		<read echo="ascii"><delim> </delim><match><data>\x3E </data></match></read>
		<write echo="ascii"><data>hW1H1 = |"QwX","JL","w6q","vj6xmxS","f39","LWN61","Q5av","x8R","7r6B","HWp"|\n</data></write>
		<read echo="ascii"><delim> </delim><match><data>\x3E </data></match></read>
		<write echo="ascii"><data>kWmAgK = |"7r6B","x8R"|\n</data></write>
		<read echo="ascii"><delim> </delim><match><data>\x3E </data></match></read>
		<write echo="ascii"><data>kWmAgK@hW1H1\n</data></write>
		<read echo="ascii"><delim>\n</delim><match><data>TRUE\n</data></match></read>
		<read echo="ascii"><delim> </delim><match><data>\x3E </data></match></read>
		<write echo="ascii"><data>.p\n</data></write>
<read echo="ascii"><delim>\n</delim><match><data>MZjBjC = |"G3EtCNV","jr8xlHC","Z9m","QH","Jt","Z"|\n</data></match></read>
<read echo="ascii"><delim>\n</delim><match><data>40bW2D = ||\n</data></match></read>
<read echo="ascii"><delim>\n</delim><match><data>Nfv0CET = ||\n</data></match></read>
<read echo="ascii"><delim>\n</delim><match><data>BVm3Z9 = |"X3jj76J","lFX","Fs2x","n6","0pC5xvN","l","TQRst","2","t4"|\n</data></match></read>
<read echo="ascii"><delim>\n</delim><match><data>GU1pAn = |"2qt5q0T","YN51","1","8CCMn","EOO","cv"|\n</data></match></read>
<read echo="ascii"><delim>\n</delim><match><data>dL5Utr = |"H","i"|\n</data></match></read>
<read echo="ascii"><delim>\n</delim><match><data>9IGIX = |"0IYC","whLFJ","l","J0xSD9","0RsG","t1o","LODz22T","CIqR"|\n</data></match></read>
<read echo="ascii"><delim>\n</delim><match><data>DwucR = |"UxS","vvESd","40S","WyUZL0f","szrnCU","tzjCq","6uNYoU3","59Hwm","Dp1sav","5c4"|\n</data></match></read>
<read echo="ascii"><delim>\n</delim><match><data>UbVWpZ = |"Dp1sav","vvESd"|\n</data></match></read>
<read echo="ascii"><delim>\n</delim><match><data>wLCrW1x6X = ||\n</data></match></read>
<read echo="ascii"><delim>\n</delim><match><data>iPP9qZm = |"HFXol","HNqzW","iZ","WDGc","c"|\n</data></match></read>
<read echo="ascii"><delim>\n</delim><match><data>0jB3sM = |"G3EtCNV","jr8xlHC","Z9m","QH","Jt","Z","HFXol","HNqzW","iZ","WDGc","c"|\n</data></match></read>
<read echo="ascii"><delim>\n</delim><match><data>RuHfpem = |"R9","yZ","R"|\n</data></match></read>
<read echo="ascii"><delim>\n</delim><match><data>g15in = |"Dp1sav","vvESd","H","i"|\n</data></match></read>
<read echo="ascii"><delim>\n</delim><match><data>hW1H1 = |"QwX","JL","w6q","vj6xmxS","f39","LWN61","Q5av","x8R","7r6B","HWp"|\n</data></match></read>
<read echo="ascii"><delim>\n</delim><match><data>kWmAgK = |"7r6B","x8R"|\n</data></match></read>
		<read echo="ascii"><delim> </delim><match><data>\x3E </data></match></read>
		<write echo="ascii"><data>.l\n</data></write>
	</replay>
</pov>
