<?xml version="1.0" standalone="no" ?>
<!DOCTYPE pov SYSTEM "/usr/share/cgc-docs/replay.dtd"><pov>
	<cbid>CROMU_00011</cbid>
	<replay>
		<read echo="ascii"><delim> </delim><match><data>\x3E </data></match></read>
		<write echo="ascii"><data>XiTLeX = |"aeB","uB2QM89","7nuIfYF","1TMT","GemV2","Tba","OHF"|~|"y"|\n</data></write>
		<read echo="ascii"><delim> </delim><match><data>\x3E </data></match></read>
		<write echo="ascii"><data>r4Edr0 = XiTLeX - XiTLeX\n</data></write>
		<read echo="ascii"><delim> </delim><match><data>\x3E </data></match></read>
		<write echo="ascii"><data>YhWHFb = |"PbyE","NLhWb","rD8","v31mr6","lkS"|^|"8oy6"|\n</data></write>
		<read echo="ascii"><delim> </delim><match><data>\x3E </data></match></read>
		<write echo="ascii"><data>zI0O9 = r4Edr0 - r4Edr0\n</data></write>
		<read echo="ascii"><delim> </delim><match><data>\x3E </data></match></read>
		<write echo="ascii"><data>qNujbvN = YhWHFb ~ zI0O9\n</data></write>
		<read echo="ascii"><delim> </delim><match><data>\x3E </data></match></read>
		<write echo="ascii"><data>qKMbWv = |"Rr"|+|"hxBL","UtUG6","714","rAjpl","Bw7E","zM","gS9"|\n</data></write>
		<read echo="ascii"><delim> </delim><match><data>\x3E </data></match></read>
		<write echo="ascii"><data>wwnLrrb = |"Y"|+|"Ze211VR"|\n</data></write>
		<read echo="ascii"><delim> </delim><match><data>\x3E </data></match></read>
		<write echo="ascii"><data>U7wlYq = qKMbWv ~ YhWHFb\n</data></write>
		<read echo="ascii"><delim> </delim><match><data>\x3E </data></match></read>
		<write echo="ascii"><data>72Xkmig = |"MLe","hkNJQO","3FimljL","QZD5xOV","yGodL"|+|"yGodL"|\n</data></write>
		<read echo="ascii"><delim> </delim><match><data>\x3E </data></match></read>
		<write echo="ascii"><data>yDgqZ = |"wRIj","g","bnjqfq","B6","CHo"|-|"bnjqfq","U4Kh","gi00t7","qs40"|\n</data></write>
		<read echo="ascii"><delim> </delim><match><data>\x3E </data></match></read>
		<write echo="ascii"><data>.p\n</data></write>
<read echo="ascii"><delim>\n</delim><match><data>XiTLeX = |"aeB","uB2QM89","7nuIfYF","1TMT","GemV2","Tba","OHF","y"|\n</data></match></read>
<read echo="ascii"><delim>\n</delim><match><data>r4Edr0 = ||\n</data></match></read>
<read echo="ascii"><delim>\n</delim><match><data>YhWHFb = ||\n</data></match></read>
<read echo="ascii"><delim>\n</delim><match><data>zI0O9 = ||\n</data></match></read>
<read echo="ascii"><delim>\n</delim><match><data>qNujbvN = ||\n</data></match></read>
<read echo="ascii"><delim>\n</delim><match><data>qKMbWv = |"Rr","hxBL","UtUG6","714","rAjpl","Bw7E","zM","gS9"|\n</data></match></read>
<read echo="ascii"><delim>\n</delim><match><data>wwnLrrb = |"Y","Ze211VR"|\n</data></match></read>
<read echo="ascii"><delim>\n</delim><match><data>U7wlYq = |"Rr","hxBL","UtUG6","714","rAjpl","Bw7E","zM","gS9"|\n</data></match></read>
<read echo="ascii"><delim>\n</delim><match><data>72Xkmig = |"MLe","hkNJQO","3FimljL","QZD5xOV","yGodL"|\n</data></match></read>
<read echo="ascii"><delim>\n</delim><match><data>yDgqZ = |"wRIj","g","B6","CHo"|\n</data></match></read>
		<read echo="ascii"><delim> </delim><match><data>\x3E </data></match></read>
		<write echo="ascii"><data>.l\n</data></write>
	</replay>
</pov>
