<?xml version="1.0" standalone="no" ?>
<!DOCTYPE pov SYSTEM "/usr/share/cgc-docs/replay.dtd"><pov>
	<cbid>CROMU_00011</cbid>
	<replay>
		<read echo="ascii"><delim> </delim><match><data>\x3E </data></match></read>
		<write echo="ascii"><data>LUgq7S = |"H"|+|"AvpQa9","Xu"|\n</data></write>
		<read echo="ascii"><delim> </delim><match><data>\x3E </data></match></read>
		<write echo="ascii"><data>8kd7c6r = |"z","HIxF","Pc","nk5oWD","tlPKC6","APi0VD","Jj2UZ"|-|"Pc","MPTc4","5A","um7vz6","Rc9E9"|\n</data></write>
		<read echo="ascii"><delim> </delim><match><data>\x3E </data></match></read>
		<write echo="ascii"><data>h6tIg7U = |"RkdUbZ","WM","BJb7uFt","wN","NL1UDj","Jj","3S7P","Fc"|\n</data></write>
		<read echo="ascii"><delim> </delim><match><data>\x3E </data></match></read>
		<write echo="ascii"><data>PT35yLR = |"NL1UDj","wN","Jj","BJb7uFt","3S7P","WM"|\n</data></write>
		<read echo="ascii"><delim> </delim><match><data>\x3E </data></match></read>
		<write echo="ascii"><data>PT35yLR@h6tIg7U\n</data></write>
		<read echo="ascii"><delim>\n</delim><match><data>TRUE\n</data></match></read>
		<read echo="ascii"><delim> </delim><match><data>\x3E </data></match></read>
		<write echo="ascii"><data>X5spy = |"n3kqp","7Itfuj","ZHTB6","bKWdKx","LP","JR","AOhK","60qC","vvj","O9dOLC0"|\n</data></write>
		<read echo="ascii"><delim> </delim><match><data>\x3E </data></match></read>
		<write echo="ascii"><data>gWALtsO = |"7Itfuj","vvj"|\n</data></write>
		<read echo="ascii"><delim> </delim><match><data>\x3E </data></match></read>
		<write echo="ascii"><data>gWALtsO@X5spy\n</data></write>
		<read echo="ascii"><delim>\n</delim><match><data>TRUE\n</data></match></read>
		<read echo="ascii"><delim> </delim><match><data>\x3E </data></match></read>
		<write echo="ascii"><data>gnQKa = LUgq7S ~ h6tIg7U\n</data></write>
		<read echo="ascii"><delim> </delim><match><data>\x3E </data></match></read>
		<write echo="ascii"><data>nKD49R = |"9lHa5","fXTR","K1rzr5","dKz"|~|"EUS2Eb2","6"|\n</data></write>
		<read echo="ascii"><delim> </delim><match><data>\x3E </data></match></read>
		<write echo="ascii"><data>bWsUwEKaK = nKD49R ^ h6tIg7U\n</data></write>
		<read echo="ascii"><delim> </delim><match><data>\x3E </data></match></read>
		<write echo="ascii"><data>Sw34i = h6tIg7U ~ gnQKa\n</data></write>
		<read echo="ascii"><delim> </delim><match><data>\x3E </data></match></read>
		<write echo="ascii"><data>EN3xFh = |"vQO5l","IYIvEB7","l7g","3tpfP3","Cy5B"|~|"v","rpLeh","vQO5l","to9LJdo","9k","3tpfP3","1CPMOM"|\n</data></write>
		<read echo="ascii"><delim> </delim><match><data>\x3E </data></match></read>
		<write echo="ascii"><data>XXVI1 = |"t3"|^|"3bf","CB","k6lBQgw","t3","V1NPob","S2HXf","KRX2"|\n</data></write>
		<read echo="ascii"><delim> </delim><match><data>\x3E </data></match></read>
		<write echo="ascii"><data>Cmui2jY = |"wY1YtM2","3ULC","Ptc2","CMk","C2AZPfR","zJPpZ"|^|"Y7vd1","zJPpZ","rkacxOY"|\n</data></write>
		<read echo="ascii"><delim> </delim><match><data>\x3E </data></match></read>
		<write echo="ascii"><data>zeOwtk8 = |"I9","Bobq","NmI6i","6oaueB","vc50Vn","sOV","4hOk","8IHunUD"|\n</data></write>
		<read echo="ascii"><delim> </delim><match><data>\x3E </data></match></read>
		<write echo="ascii"><data>CseRf = |"Bobq","sOV","NmI6i"|\n</data></write>
		<read echo="ascii"><delim> </delim><match><data>\x3E </data></match></read>
		<write echo="ascii"><data>CseRf@zeOwtk8\n</data></write>
		<read echo="ascii"><delim>\n</delim><match><data>TRUE\n</data></match></read>
		<read echo="ascii"><delim> </delim><match><data>\x3E </data></match></read>
		<write echo="ascii"><data>.p\n</data></write>
<read echo="ascii"><delim>\n</delim><match><data>LUgq7S = |"H","AvpQa9","Xu"|\n</data></match></read>
<read echo="ascii"><delim>\n</delim><match><data>8kd7c6r = |"z","HIxF","nk5oWD","tlPKC6","APi0VD","Jj2UZ"|\n</data></match></read>
<read echo="ascii"><delim>\n</delim><match><data>h6tIg7U = |"RkdUbZ","WM","BJb7uFt","wN","NL1UDj","Jj","3S7P","Fc"|\n</data></match></read>
<read echo="ascii"><delim>\n</delim><match><data>PT35yLR = |"NL1UDj","wN","Jj","BJb7uFt","3S7P","WM"|\n</data></match></read>
<read echo="ascii"><delim>\n</delim><match><data>X5spy = |"n3kqp","7Itfuj","ZHTB6","bKWdKx","LP","JR","AOhK","60qC","vvj","O9dOLC0"|\n</data></match></read>
<read echo="ascii"><delim>\n</delim><match><data>gWALtsO = |"7Itfuj","vvj"|\n</data></match></read>
<read echo="ascii"><delim>\n</delim><match><data>gnQKa = |"H","AvpQa9","Xu","RkdUbZ","WM","BJb7uFt","wN","NL1UDj","Jj","3S7P","Fc"|\n</data></match></read>
<read echo="ascii"><delim>\n</delim><match><data>nKD49R = |"9lHa5","fXTR","K1rzr5","dKz","EUS2Eb2","6"|\n</data></match></read>
<read echo="ascii"><delim>\n</delim><match><data>bWsUwEKaK = ||\n</data></match></read>
<read echo="ascii"><delim>\n</delim><match><data>Sw34i = |"H","AvpQa9","Xu"|\n</data></match></read>
<read echo="ascii"><delim>\n</delim><match><data>EN3xFh = |"IYIvEB7","l7g","Cy5B","v","rpLeh","to9LJdo","9k","1CPMOM"|\n</data></match></read>
<read echo="ascii"><delim>\n</delim><match><data>XXVI1 = |"t3"|\n</data></match></read>
<read echo="ascii"><delim>\n</delim><match><data>Cmui2jY = |"zJPpZ"|\n</data></match></read>
<read echo="ascii"><delim>\n</delim><match><data>zeOwtk8 = |"I9","Bobq","NmI6i","6oaueB","vc50Vn","sOV","4hOk","8IHunUD"|\n</data></match></read>
<read echo="ascii"><delim>\n</delim><match><data>CseRf = |"Bobq","sOV","NmI6i"|\n</data></match></read>
		<read echo="ascii"><delim> </delim><match><data>\x3E </data></match></read>
		<write echo="ascii"><data>.l\n</data></write>
	</replay>
</pov>
