<?xml version="1.0" standalone="no" ?>
<!DOCTYPE pov SYSTEM "/usr/share/cgc-docs/replay.dtd"><pov>
	<cbid>CROMU_00011</cbid>
	<replay>
		<read echo="ascii"><delim> </delim><match><data>\x3E </data></match></read>
		<write echo="ascii"><data>3YLqEgx = |"16NaJ","F","eX57M","NJ","BaJJ7","t1GErl"|~|"16NaJ","BaJJ7","YoVlxxa","bYD9"|\n</data></write>
		<read echo="ascii"><delim> </delim><match><data>\x3E </data></match></read>
		<write echo="ascii"><data>ji75fGs = |"JhKlXd","kM386y","DPxs7","55Eo99P","vVnWEZc","0Bl6U0g","KqW"|+|"9oMZ3","mD","e","0Bl6U0g","55Eo99P"|\n</data></write>
		<read echo="ascii"><delim> </delim><match><data>\x3E </data></match></read>
		<write echo="ascii"><data>AKbQYyn = ji75fGs ~ ji75fGs\n</data></write>
		<read echo="ascii"><delim> </delim><match><data>\x3E </data></match></read>
		<write echo="ascii"><data>OQy87d = 3YLqEgx + 3YLqEgx\n</data></write>
		<read echo="ascii"><delim> </delim><match><data>\x3E </data></match></read>
		<write echo="ascii"><data>Q3R65xK = |"qkOvIZ","L","Wyh3Se","bP","G0RYlr9"|-|"wDOt","DgmV6","J8xvV"|\n</data></write>
		<read echo="ascii"><delim> </delim><match><data>\x3E </data></match></read>
		<write echo="ascii"><data>oYhiXh = |"Vku","GS","RGCLUrR","mxD","YeQQ2v","7bmRH6","6xSM5f","Bo9"|\n</data></write>
		<read echo="ascii"><delim> </delim><match><data>\x3E </data></match></read>
		<write echo="ascii"><data>drhsdX = |"YeQQ2v","Bo9","RGCLUrR","mxD","7bmRH6","Vku","vX45rY3SDR"|\n</data></write>
		<read echo="ascii"><delim> </delim><match><data>\x3E </data></match></read>
		<write echo="ascii"><data>drhsdX@oYhiXh\n</data></write>
		<read echo="ascii"><delim>\n</delim><match><data>FALSE\n</data></match></read>
		<read echo="ascii"><delim> </delim><match><data>\x3E </data></match></read>
		<write echo="ascii"><data>JTSd23 = drhsdX - ji75fGs\n</data></write>
		<read echo="ascii"><delim> </delim><match><data>\x3E </data></match></read>
		<write echo="ascii"><data>S8lefc = |"dW","hh","kPhBZM","8NuxL3"|-|"J46NM","P9sYpLQ","SZ","a","8NuxL3","H","yX3bz"|\n</data></write>
		<read echo="ascii"><delim> </delim><match><data>\x3E </data></match></read>
		<write echo="ascii"><data>kizlWPW = OQy87d + 3YLqEgx\n</data></write>
		<read echo="ascii"><delim> </delim><match><data>\x3E </data></match></read>
		<write echo="ascii"><data>.p\n</data></write>
<read echo="ascii"><delim>\n</delim><match><data>3YLqEgx = |"F","eX57M","NJ","t1GErl","YoVlxxa","bYD9"|\n</data></match></read>
<read echo="ascii"><delim>\n</delim><match><data>ji75fGs = |"JhKlXd","kM386y","DPxs7","55Eo99P","vVnWEZc","0Bl6U0g","KqW","9oMZ3","mD","e"|\n</data></match></read>
<read echo="ascii"><delim>\n</delim><match><data>AKbQYyn = ||\n</data></match></read>
<read echo="ascii"><delim>\n</delim><match><data>OQy87d = |"F","eX57M","NJ","t1GErl","YoVlxxa","bYD9"|\n</data></match></read>
<read echo="ascii"><delim>\n</delim><match><data>Q3R65xK = |"qkOvIZ","L","Wyh3Se","bP","G0RYlr9"|\n</data></match></read>
<read echo="ascii"><delim>\n</delim><match><data>oYhiXh = |"Vku","GS","RGCLUrR","mxD","YeQQ2v","7bmRH6","6xSM5f","Bo9"|\n</data></match></read>
<read echo="ascii"><delim>\n</delim><match><data>drhsdX = |"YeQQ2v","Bo9","RGCLUrR","mxD","7bmRH6","Vku","vX45rY3SDR"|\n</data></match></read>
<read echo="ascii"><delim>\n</delim><match><data>JTSd23 = |"YeQQ2v","Bo9","RGCLUrR","mxD","7bmRH6","Vku","vX45rY3SDR"|\n</data></match></read>
<read echo="ascii"><delim>\n</delim><match><data>S8lefc = |"dW","hh","kPhBZM"|\n</data></match></read>
<read echo="ascii"><delim>\n</delim><match><data>kizlWPW = |"F","eX57M","NJ","t1GErl","YoVlxxa","bYD9"|\n</data></match></read>
		<read echo="ascii"><delim> </delim><match><data>\x3E </data></match></read>
		<write echo="ascii"><data>.l\n</data></write>
	</replay>
</pov>
