<?xml version="1.0" standalone="no" ?>
<!DOCTYPE pov SYSTEM "/usr/share/cgc-docs/replay.dtd"><pov>
	<cbid>CROMU_00011</cbid>
	<replay>
		<read echo="ascii"><delim> </delim><match><data>\x3E </data></match></read>
		<write echo="ascii"><data>fkSuS = |"s","GEUl","BqmyG","2Ff","Wl7L","FIJ1e"|-|"VRL","N9","R3Nfg","N","qqS","iM9","mkNHJ"|\n</data></write>
		<read echo="ascii"><delim> </delim><match><data>\x3E </data></match></read>
		<write echo="ascii"><data>EcqI9e = |"Q","kn"|~|"bji","qik","rkO7bx","kn","nxK1bX","xPmi"|\n</data></write>
		<read echo="ascii"><delim> </delim><match><data>\x3E </data></match></read>
		<write echo="ascii"><data>r6zt67U = |"54I","n3d"|~|"T3ZhYT"|\n</data></write>
		<read echo="ascii"><delim> </delim><match><data>\x3E </data></match></read>
		<write echo="ascii"><data>llDQ3Q = |"Xs57","qcoUC","5w","tozy","11","0ya","jhpO"|\n</data></write>
		<read echo="ascii"><delim> </delim><match><data>\x3E </data></match></read>
		<write echo="ascii"><data>bRYOdbq = |"jhpO","tozy","11","Gpu1lpUOA5"|\n</data></write>
		<read echo="ascii"><delim> </delim><match><data>\x3E </data></match></read>
		<write echo="ascii"><data>bRYOdbq@llDQ3Q\n</data></write>
		<read echo="ascii"><delim>\n</delim><match><data>FALSE\n</data></match></read>
		<read echo="ascii"><delim> </delim><match><data>\x3E </data></match></read>
		<write echo="ascii"><data>yo3Lmf = |"14AQY","Ni3P","yuq9eyC"|~|"myNLdE2","uvad"|\n</data></write>
		<read echo="ascii"><delim> </delim><match><data>\x3E </data></match></read>
		<write echo="ascii"><data>MTSHu9Y = EcqI9e + r6zt67U\n</data></write>
		<read echo="ascii"><delim> </delim><match><data>\x3E </data></match></read>
		<write echo="ascii"><data>BTCVuW = |"OX","pdp","iVz5EU","DRru","36z","JSP","aY"|\n</data></write>
		<read echo="ascii"><delim> </delim><match><data>\x3E </data></match></read>
		<write echo="ascii"><data>GaZ1A = |"aY","pdp","iVz5EU","OX","36z","DRru"|\n</data></write>
		<read echo="ascii"><delim> </delim><match><data>\x3E </data></match></read>
		<write echo="ascii"><data>GaZ1A@BTCVuW\n</data></write>
		<read echo="ascii"><delim>\n</delim><match><data>TRUE\n</data></match></read>
		<read echo="ascii"><delim> </delim><match><data>\x3E </data></match></read>
		<write echo="ascii"><data>dpWqt = |"UQR","qqy","bp0g","N0dx0","tvEK","rSrH7mP"|-|"R","rSrH7mP","tvEK","5h"|\n</data></write>
		<read echo="ascii"><delim> </delim><match><data>\x3E </data></match></read>
		<write echo="ascii"><data>KxVw8 = |"iXM","vGg8bIy"|+|"UNI","g8g","6n1Yd7","6GoM0Rb","Mk"|\n</data></write>
		<read echo="ascii"><delim> </delim><match><data>\x3E </data></match></read>
		<write echo="ascii"><data>NXFsB79 = |"4i"|^|"pZCV1u","PDFCA","36nGFTr","5XvS"|\n</data></write>
		<read echo="ascii"><delim> </delim><match><data>\x3E </data></match></read>
		<write echo="ascii"><data>.p\n</data></write>
<read echo="ascii"><delim>\n</delim><match><data>fkSuS = |"s","GEUl","BqmyG","2Ff","Wl7L","FIJ1e"|\n</data></match></read>
<read echo="ascii"><delim>\n</delim><match><data>EcqI9e = |"Q","bji","qik","rkO7bx","nxK1bX","xPmi"|\n</data></match></read>
<read echo="ascii"><delim>\n</delim><match><data>r6zt67U = |"54I","n3d","T3ZhYT"|\n</data></match></read>
<read echo="ascii"><delim>\n</delim><match><data>llDQ3Q = |"Xs57","qcoUC","5w","tozy","11","0ya","jhpO"|\n</data></match></read>
<read echo="ascii"><delim>\n</delim><match><data>bRYOdbq = |"jhpO","tozy","11","Gpu1lpUOA5"|\n</data></match></read>
<read echo="ascii"><delim>\n</delim><match><data>yo3Lmf = |"14AQY","Ni3P","yuq9eyC","myNLdE2","uvad"|\n</data></match></read>
<read echo="ascii"><delim>\n</delim><match><data>MTSHu9Y = |"Q","bji","qik","rkO7bx","nxK1bX","xPmi","54I","n3d","T3ZhYT"|\n</data></match></read>
<read echo="ascii"><delim>\n</delim><match><data>BTCVuW = |"OX","pdp","iVz5EU","DRru","36z","JSP","aY"|\n</data></match></read>
<read echo="ascii"><delim>\n</delim><match><data>GaZ1A = |"aY","pdp","iVz5EU","OX","36z","DRru"|\n</data></match></read>
<read echo="ascii"><delim>\n</delim><match><data>dpWqt = |"UQR","qqy","bp0g","N0dx0"|\n</data></match></read>
<read echo="ascii"><delim>\n</delim><match><data>KxVw8 = |"iXM","vGg8bIy","UNI","g8g","6n1Yd7","6GoM0Rb","Mk"|\n</data></match></read>
<read echo="ascii"><delim>\n</delim><match><data>NXFsB79 = ||\n</data></match></read>
		<read echo="ascii"><delim> </delim><match><data>\x3E </data></match></read>
		<write echo="ascii"><data>.l\n</data></write>
	</replay>
</pov>
