<?xml version="1.0" standalone="no" ?>
<!DOCTYPE pov SYSTEM "/usr/share/cgc-docs/replay.dtd"><pov>
	<cbid>CROMU_00011</cbid>
	<replay>
		<read echo="ascii"><delim> </delim><match><data>\x3E </data></match></read>
		<write echo="ascii"><data>CINm5 = |"Pc"|^|"CXokEu","kl","0O"|\n</data></write>
		<read echo="ascii"><delim> </delim><match><data>\x3E </data></match></read>
		<write echo="ascii"><data>fQLqKIQ69M = CINm5 ^ CINm5\n</data></write>
		<read echo="ascii"><delim> </delim><match><data>\x3E </data></match></read>
		<write echo="ascii"><data>LbJCEr = |"U","aVVc","HCh"|~|"bjSIg","DqX","RG","R3LJ"|\n</data></write>
		<read echo="ascii"><delim> </delim><match><data>\x3E </data></match></read>
		<write echo="ascii"><data>L11S7Kn = fQLqKIQ69M ~ fQLqKIQ69M\n</data></write>
		<read echo="ascii"><delim> </delim><match><data>\x3E </data></match></read>
		<write echo="ascii"><data>nbCS1 = |"RrAN1","4R3Eld","Ja","uEYS6QI"|+|"cD58","q5Rh"|\n</data></write>
		<read echo="ascii"><delim> </delim><match><data>\x3E </data></match></read>
		<write echo="ascii"><data>UgWPgM = CINm5 ~ LbJCEr\n</data></write>
		<read echo="ascii"><delim> </delim><match><data>\x3E </data></match></read>
		<write echo="ascii"><data>dIYuk = |"Axi8","yV4d","K","GMrFrS"|-|"3J","0","oCMDa6i","Lf"|\n</data></write>
		<read echo="ascii"><delim> </delim><match><data>\x3E </data></match></read>
		<write echo="ascii"><data>NNhNhJPA = dIYuk ^ fQLqKIQ69M\n</data></write>
		<read echo="ascii"><delim> </delim><match><data>\x3E </data></match></read>
		<write echo="ascii"><data>S41wyIB = LbJCEr ^ NNhNhJPA\n</data></write>
		<read echo="ascii"><delim> </delim><match><data>\x3E </data></match></read>
		<write echo="ascii"><data>fn38NJ = fQLqKIQ69M + dIYuk\n</data></write>
		<read echo="ascii"><delim> </delim><match><data>\x3E </data></match></read>
		<write echo="ascii"><data>ZX3sPZi = |"RZXr5BO"|+|"RGe7Hgy","NisXoGq","ZoI7"|\n</data></write>
		<read echo="ascii"><delim> </delim><match><data>\x3E </data></match></read>
		<write echo="ascii"><data>Ys97Hm = S41wyIB ~ nbCS1\n</data></write>
		<read echo="ascii"><delim> </delim><match><data>\x3E </data></match></read>
		<write echo="ascii"><data>.p\n</data></write>
<read echo="ascii"><delim>\n</delim><match><data>CINm5 = ||\n</data></match></read>
<read echo="ascii"><delim>\n</delim><match><data>fQLqKIQ69M = ||\n</data></match></read>
<read echo="ascii"><delim>\n</delim><match><data>LbJCEr = |"U","aVVc","HCh","bjSIg","DqX","RG","R3LJ"|\n</data></match></read>
<read echo="ascii"><delim>\n</delim><match><data>L11S7Kn = ||\n</data></match></read>
<read echo="ascii"><delim>\n</delim><match><data>nbCS1 = |"RrAN1","4R3Eld","Ja","uEYS6QI","cD58","q5Rh"|\n</data></match></read>
<read echo="ascii"><delim>\n</delim><match><data>UgWPgM = |"U","aVVc","HCh","bjSIg","DqX","RG","R3LJ"|\n</data></match></read>
<read echo="ascii"><delim>\n</delim><match><data>dIYuk = |"Axi8","yV4d","K","GMrFrS"|\n</data></match></read>
<read echo="ascii"><delim>\n</delim><match><data>NNhNhJPA = ||\n</data></match></read>
<read echo="ascii"><delim>\n</delim><match><data>S41wyIB = ||\n</data></match></read>
<read echo="ascii"><delim>\n</delim><match><data>fn38NJ = |"Axi8","yV4d","K","GMrFrS"|\n</data></match></read>
<read echo="ascii"><delim>\n</delim><match><data>ZX3sPZi = |"RZXr5BO","RGe7Hgy","NisXoGq","ZoI7"|\n</data></match></read>
<read echo="ascii"><delim>\n</delim><match><data>Ys97Hm = |"RrAN1","4R3Eld","Ja","uEYS6QI","cD58","q5Rh"|\n</data></match></read>
		<read echo="ascii"><delim> </delim><match><data>\x3E </data></match></read>
		<write echo="ascii"><data>.l\n</data></write>
	</replay>
</pov>
