<?xml version="1.0" standalone="no" ?>
<!DOCTYPE pov SYSTEM "/usr/share/cgc-docs/replay.dtd"><pov>
	<cbid>CROMU_00011</cbid>
	<replay>
		<read echo="ascii"><delim> </delim><match><data>\x3E </data></match></read>
		<write echo="ascii"><data>ui3ELF = |"qJygUag","btP6iGE","rmaop9o","DyGw","OT1","mugGaHY","Ctp","wQZ","KcsMC4"|\n</data></write>
		<read echo="ascii"><delim> </delim><match><data>\x3E </data></match></read>
		<write echo="ascii"><data>Yn8bqe = |"OT1","Ctp","qJygUag","KcsMC4","mugGaHY","t0bdt5hBjm"|\n</data></write>
		<read echo="ascii"><delim> </delim><match><data>\x3E </data></match></read>
		<write echo="ascii"><data>Yn8bqe@ui3ELF\n</data></write>
		<read echo="ascii"><delim>\n</delim><match><data>FALSE\n</data></match></read>
		<read echo="ascii"><delim> </delim><match><data>\x3E </data></match></read>
		<write echo="ascii"><data>lVPDK0 = |"epiD","3E","Mc","7j","U0YVE","6Ww1","e7bLbyg"|\n</data></write>
		<read echo="ascii"><delim> </delim><match><data>\x3E </data></match></read>
		<write echo="ascii"><data>aKAQOA = |"U0YVE","7j","3E"|\n</data></write>
		<read echo="ascii"><delim> </delim><match><data>\x3E </data></match></read>
		<write echo="ascii"><data>aKAQOA@lVPDK0\n</data></write>
		<read echo="ascii"><delim>\n</delim><match><data>TRUE\n</data></match></read>
		<read echo="ascii"><delim> </delim><match><data>\x3E </data></match></read>
		<write echo="ascii"><data>rrXhGZ2 = |"5sodsOP","SW5","iHlWAJ","Tjxcsp","m0zHdq","NYr","Ca3"|+|"2l","5sodsOP","NYr"|\n</data></write>
		<read echo="ascii"><delim> </delim><match><data>\x3E </data></match></read>
		<write echo="ascii"><data>Djogbud = |"NR0be","KTRsL","Mvi","wqTj","ys","6N","E85we","xmI1c"|\n</data></write>
		<read echo="ascii"><delim> </delim><match><data>\x3E </data></match></read>
		<write echo="ascii"><data>ni8jK4 = |"ys","E85we","KTRsL","6N","Mvi","wqTj","NR0be","Zzec9vJ9nF"|\n</data></write>
		<read echo="ascii"><delim> </delim><match><data>\x3E </data></match></read>
		<write echo="ascii"><data>ni8jK4@Djogbud\n</data></write>
		<read echo="ascii"><delim>\n</delim><match><data>FALSE\n</data></match></read>
		<read echo="ascii"><delim> </delim><match><data>\x3E </data></match></read>
		<write echo="ascii"><data>tlJKG7 = |"s","Tl","f0rG","ts","Tgpcz","wOLb"|-|"Vh06sH","vFnW","wOLb","tb","5Ka"|\n</data></write>
		<read echo="ascii"><delim> </delim><match><data>\x3E </data></match></read>
		<write echo="ascii"><data>6iFYnj = Yn8bqe ^ ui3ELF\n</data></write>
		<read echo="ascii"><delim> </delim><match><data>\x3E </data></match></read>
		<write echo="ascii"><data>EExNKqp = |"WLMD","dA9G","45","bJZ57","bf4gC0"|^|"Olcji","iZ"|\n</data></write>
		<read echo="ascii"><delim> </delim><match><data>\x3E </data></match></read>
		<write echo="ascii"><data>aRFkMWyerT = aKAQOA ^ 6iFYnj\n</data></write>
		<read echo="ascii"><delim> </delim><match><data>\x3E </data></match></read>
		<write echo="ascii"><data>gc9kY6s = 6iFYnj - ni8jK4\n</data></write>
		<read echo="ascii"><delim> </delim><match><data>\x3E </data></match></read>
		<write echo="ascii"><data>g3ZpH1H = tlJKG7 + Yn8bqe\n</data></write>
		<read echo="ascii"><delim> </delim><match><data>\x3E </data></match></read>
		<write echo="ascii"><data>vNpHLxC = |"Ap4","g5z","bZacnT","msT"|+|"Iq","8PmIw","7s42FA6","PmWf","Vauex","E1PGnhU","msT"|\n</data></write>
		<read echo="ascii"><delim> </delim><match><data>\x3E </data></match></read>
		<write echo="ascii"><data>Tza5tyk = |"LeIiH","4a77Gr","SB","R44","7Fhzf","phVnu","dZoAD","EuOa"|\n</data></write>
		<read echo="ascii"><delim> </delim><match><data>\x3E </data></match></read>
		<write echo="ascii"><data>7AXBYa = |"LeIiH","4a77Gr"|\n</data></write>
		<read echo="ascii"><delim> </delim><match><data>\x3E </data></match></read>
		<write echo="ascii"><data>7AXBYa@Tza5tyk\n</data></write>
		<read echo="ascii"><delim>\n</delim><match><data>TRUE\n</data></match></read>
		<read echo="ascii"><delim> </delim><match><data>\x3E </data></match></read>
		<write echo="ascii"><data>f9PrDH = |"5Vpmfl","B15m0","UlvV96"|-|"kUDt5Kf","VHs","B15m0","b","xpIJIqD"|\n</data></write>
		<read echo="ascii"><delim> </delim><match><data>\x3E </data></match></read>
		<write echo="ascii"><data>gGbdIZN = vNpHLxC - g3ZpH1H\n</data></write>
		<read echo="ascii"><delim> </delim><match><data>\x3E </data></match></read>
		<write echo="ascii"><data>LZRjnVy = g3ZpH1H - lVPDK0\n</data></write>
		<read echo="ascii"><delim> </delim><match><data>\x3E </data></match></read>
		<write echo="ascii"><data>.p\n</data></write>
<read echo="ascii"><delim>\n</delim><match><data>ui3ELF = |"qJygUag","btP6iGE","rmaop9o","DyGw","OT1","mugGaHY","Ctp","wQZ","KcsMC4"|\n</data></match></read>
<read echo="ascii"><delim>\n</delim><match><data>Yn8bqe = |"OT1","Ctp","qJygUag","KcsMC4","mugGaHY","t0bdt5hBjm"|\n</data></match></read>
<read echo="ascii"><delim>\n</delim><match><data>lVPDK0 = |"epiD","3E","Mc","7j","U0YVE","6Ww1","e7bLbyg"|\n</data></match></read>
<read echo="ascii"><delim>\n</delim><match><data>aKAQOA = |"U0YVE","7j","3E"|\n</data></match></read>
<read echo="ascii"><delim>\n</delim><match><data>rrXhGZ2 = |"5sodsOP","SW5","iHlWAJ","Tjxcsp","m0zHdq","NYr","Ca3","2l"|\n</data></match></read>
<read echo="ascii"><delim>\n</delim><match><data>Djogbud = |"NR0be","KTRsL","Mvi","wqTj","ys","6N","E85we","xmI1c"|\n</data></match></read>
<read echo="ascii"><delim>\n</delim><match><data>ni8jK4 = |"ys","E85we","KTRsL","6N","Mvi","wqTj","NR0be","Zzec9vJ9nF"|\n</data></match></read>
<read echo="ascii"><delim>\n</delim><match><data>tlJKG7 = |"s","Tl","f0rG","ts","Tgpcz"|\n</data></match></read>
<read echo="ascii"><delim>\n</delim><match><data>6iFYnj = |"OT1","Ctp","qJygUag","KcsMC4","mugGaHY"|\n</data></match></read>
<read echo="ascii"><delim>\n</delim><match><data>EExNKqp = ||\n</data></match></read>
<read echo="ascii"><delim>\n</delim><match><data>aRFkMWyerT = ||\n</data></match></read>
<read echo="ascii"><delim>\n</delim><match><data>gc9kY6s = |"OT1","Ctp","qJygUag","KcsMC4","mugGaHY"|\n</data></match></read>
<read echo="ascii"><delim>\n</delim><match><data>g3ZpH1H = |"s","Tl","f0rG","ts","Tgpcz","OT1","Ctp","qJygUag","KcsMC4","mugGaHY","t0bdt5hBjm"|\n</data></match></read>
<read echo="ascii"><delim>\n</delim><match><data>vNpHLxC = |"Ap4","g5z","bZacnT","msT","Iq","8PmIw","7s42FA6","PmWf","Vauex","E1PGnhU"|\n</data></match></read>
<read echo="ascii"><delim>\n</delim><match><data>Tza5tyk = |"LeIiH","4a77Gr","SB","R44","7Fhzf","phVnu","dZoAD","EuOa"|\n</data></match></read>
<read echo="ascii"><delim>\n</delim><match><data>7AXBYa = |"LeIiH","4a77Gr"|\n</data></match></read>
<read echo="ascii"><delim>\n</delim><match><data>f9PrDH = |"5Vpmfl","UlvV96"|\n</data></match></read>
<read echo="ascii"><delim>\n</delim><match><data>gGbdIZN = |"Ap4","g5z","bZacnT","msT","Iq","8PmIw","7s42FA6","PmWf","Vauex","E1PGnhU"|\n</data></match></read>
<read echo="ascii"><delim>\n</delim><match><data>LZRjnVy = |"s","Tl","f0rG","ts","Tgpcz","OT1","Ctp","qJygUag","KcsMC4","mugGaHY","t0bdt5hBjm"|\n</data></match></read>
		<read echo="ascii"><delim> </delim><match><data>\x3E </data></match></read>
		<write echo="ascii"><data>.l\n</data></write>
	</replay>
</pov>
