<?xml version="1.0" standalone="no" ?>
<!DOCTYPE pov SYSTEM "/usr/share/cgc-docs/replay.dtd"><pov>
	<cbid>CROMU_00011</cbid>
	<replay>
		<read echo="ascii"><delim> </delim><match><data>\x3E </data></match></read>
		<write echo="ascii"><data>pguRp = |"TkUC8","t2NnK","EyxX6P0","fgt","l","Z"|~|"W0rrWB","P54","yn","rQK"|\n</data></write>
		<read echo="ascii"><delim> </delim><match><data>\x3E </data></match></read>
		<write echo="ascii"><data>B8RIy = pguRp ~ pguRp\n</data></write>
		<read echo="ascii"><delim> </delim><match><data>\x3E </data></match></read>
		<write echo="ascii"><data>pG9an = |"WBqjR","6GC","BSoFls","gIno","TVeE5","s"|~|"619gzK8","BjZ0a","V","TVeE5","SAS","n5"|\n</data></write>
		<read echo="ascii"><delim> </delim><match><data>\x3E </data></match></read>
		<write echo="ascii"><data>zzofaz = |"BNw2VM","ZEci","g3xI8","zNt","03i"|+|"wJ","x2J"|\n</data></write>
		<read echo="ascii"><delim> </delim><match><data>\x3E </data></match></read>
		<write echo="ascii"><data>g0Cy9Wa = |"Xd","A5Xw","Al","G","r"|~|"kLNZKX","vpv","Y","2hzhDG","qseBGCe","y9ssaN","Xe1"|\n</data></write>
		<read echo="ascii"><delim> </delim><match><data>\x3E </data></match></read>
		<write echo="ascii"><data>sVDlzI = g0Cy9Wa - pguRp\n</data></write>
		<read echo="ascii"><delim> </delim><match><data>\x3E </data></match></read>
		<write echo="ascii"><data>t0O8m = g0Cy9Wa ^ sVDlzI\n</data></write>
		<read echo="ascii"><delim> </delim><match><data>\x3E </data></match></read>
		<write echo="ascii"><data>QvroLIN = |"AXfn","Latj","fBuXwq2","Ge"|^|"txG"|\n</data></write>
		<read echo="ascii"><delim> </delim><match><data>\x3E </data></match></read>
		<write echo="ascii"><data>6aE6z = g0Cy9Wa ~ g0Cy9Wa\n</data></write>
		<read echo="ascii"><delim> </delim><match><data>\x3E </data></match></read>
		<write echo="ascii"><data>0atECD = t0O8m ~ t0O8m\n</data></write>
		<read echo="ascii"><delim> </delim><match><data>\x3E </data></match></read>
		<write echo="ascii"><data>GOk19p = pG9an - g0Cy9Wa\n</data></write>
		<read echo="ascii"><delim> </delim><match><data>\x3E </data></match></read>
		<write echo="ascii"><data>9ihtXXG = pguRp - zzofaz\n</data></write>
		<read echo="ascii"><delim> </delim><match><data>\x3E </data></match></read>
		<write echo="ascii"><data>vT40Yy = |"WT","354lA","HviKC","che8NT","KS8CbG","g0AKf","xo4ao","0LZH","UAGvHc","Hlh"|\n</data></write>
		<read echo="ascii"><delim> </delim><match><data>\x3E </data></match></read>
		<write echo="ascii"><data>hQkhUPe = |"HviKC","g0AKf","cnt4l9jCtq"|\n</data></write>
		<read echo="ascii"><delim> </delim><match><data>\x3E </data></match></read>
		<write echo="ascii"><data>hQkhUPe@vT40Yy\n</data></write>
		<read echo="ascii"><delim>\n</delim><match><data>FALSE\n</data></match></read>
		<read echo="ascii"><delim> </delim><match><data>\x3E </data></match></read>
		<write echo="ascii"><data>io14rm = B8RIy ^ pG9an\n</data></write>
		<read echo="ascii"><delim> </delim><match><data>\x3E </data></match></read>
		<write echo="ascii"><data>.p\n</data></write>
<read echo="ascii"><delim>\n</delim><match><data>pguRp = |"TkUC8","t2NnK","EyxX6P0","fgt","l","Z","W0rrWB","P54","yn","rQK"|\n</data></match></read>
<read echo="ascii"><delim>\n</delim><match><data>B8RIy = ||\n</data></match></read>
<read echo="ascii"><delim>\n</delim><match><data>pG9an = |"WBqjR","6GC","BSoFls","gIno","s","619gzK8","BjZ0a","V","SAS","n5"|\n</data></match></read>
<read echo="ascii"><delim>\n</delim><match><data>zzofaz = |"BNw2VM","ZEci","g3xI8","zNt","03i","wJ","x2J"|\n</data></match></read>
<read echo="ascii"><delim>\n</delim><match><data>g0Cy9Wa = |"Xd","A5Xw","Al","G","r","kLNZKX","vpv","Y","2hzhDG","qseBGCe","y9ssaN","Xe1"|\n</data></match></read>
<read echo="ascii"><delim>\n</delim><match><data>sVDlzI = |"Xd","A5Xw","Al","G","r","kLNZKX","vpv","Y","2hzhDG","qseBGCe","y9ssaN","Xe1"|\n</data></match></read>
<read echo="ascii"><delim>\n</delim><match><data>t0O8m = |"Xd","A5Xw","Al","G","r","kLNZKX","vpv","Y","2hzhDG","qseBGCe","y9ssaN","Xe1"|\n</data></match></read>
<read echo="ascii"><delim>\n</delim><match><data>QvroLIN = ||\n</data></match></read>
<read echo="ascii"><delim>\n</delim><match><data>6aE6z = ||\n</data></match></read>
<read echo="ascii"><delim>\n</delim><match><data>0atECD = ||\n</data></match></read>
<read echo="ascii"><delim>\n</delim><match><data>GOk19p = |"WBqjR","6GC","BSoFls","gIno","s","619gzK8","BjZ0a","V","SAS","n5"|\n</data></match></read>
<read echo="ascii"><delim>\n</delim><match><data>9ihtXXG = |"TkUC8","t2NnK","EyxX6P0","fgt","l","Z","W0rrWB","P54","yn","rQK"|\n</data></match></read>
<read echo="ascii"><delim>\n</delim><match><data>vT40Yy = |"WT","354lA","HviKC","che8NT","KS8CbG","g0AKf","xo4ao","0LZH","UAGvHc","Hlh"|\n</data></match></read>
<read echo="ascii"><delim>\n</delim><match><data>hQkhUPe = |"HviKC","g0AKf","cnt4l9jCtq"|\n</data></match></read>
<read echo="ascii"><delim>\n</delim><match><data>io14rm = ||\n</data></match></read>
		<read echo="ascii"><delim> </delim><match><data>\x3E </data></match></read>
		<write echo="ascii"><data>.l\n</data></write>
	</replay>
</pov>
