<?xml version="1.0" standalone="no" ?>
<!DOCTYPE pov SYSTEM "/usr/share/cgc-docs/replay.dtd"><pov>
	<cbid>CROMU_00011</cbid>
	<replay>
		<read echo="ascii"><delim> </delim><match><data>\x3E </data></match></read>
		<write echo="ascii"><data>ecxVV = |"Rdhhb1i","l9jAECr","tyA8Pv","19oUN","Yzo66vT","ajq5Q"|~|"ajq5Q","Rdhhb1i"|\n</data></write>
		<read echo="ascii"><delim> </delim><match><data>\x3E </data></match></read>
		<write echo="ascii"><data>FP1Jo = ecxVV ~ ecxVV\n</data></write>
		<read echo="ascii"><delim> </delim><match><data>\x3E </data></match></read>
		<write echo="ascii"><data>D2FJZF0 = |"l53M","h","a38ySu","752p","ESu","Cl"|-|"5","Cl","ot0Nh","ESu","a38ySu"|\n</data></write>
		<read echo="ascii"><delim> </delim><match><data>\x3E </data></match></read>
		<write echo="ascii"><data>n4Atx01X = FP1Jo ^ FP1Jo\n</data></write>
		<read echo="ascii"><delim> </delim><match><data>\x3E </data></match></read>
		<write echo="ascii"><data>GR9RD = |"mLjBy"|~|"pd","t5","o","7Yx"|\n</data></write>
		<read echo="ascii"><delim> </delim><match><data>\x3E </data></match></read>
		<write echo="ascii"><data>a1TwI = |"P1cjvsu","GRl","Sx","gBKh","qWP","lp","56","5VmkU","PecfAR6","nB6Ze"|\n</data></write>
		<read echo="ascii"><delim> </delim><match><data>\x3E </data></match></read>
		<write echo="ascii"><data>86w1zny = |"PecfAR6","nB6Ze","lp","qWP","gBKh","Sx","56","P1cjvsu","GRl"|\n</data></write>
		<read echo="ascii"><delim> </delim><match><data>\x3E </data></match></read>
		<write echo="ascii"><data>86w1zny@a1TwI\n</data></write>
		<read echo="ascii"><delim>\n</delim><match><data>TRUE\n</data></match></read>
		<read echo="ascii"><delim> </delim><match><data>\x3E </data></match></read>
		<write echo="ascii"><data>VWDUKOE = GR9RD ~ D2FJZF0\n</data></write>
		<read echo="ascii"><delim> </delim><match><data>\x3E </data></match></read>
		<write echo="ascii"><data>AyOd4wI = 86w1zny ^ VWDUKOE\n</data></write>
		<read echo="ascii"><delim> </delim><match><data>\x3E </data></match></read>
		<write echo="ascii"><data>yAzNR = |"DiT","GEJuCh","r6","I8b4Nu8","p","9Nu","axD0p4D"|~|"e","v","6heayWm","I8b4Nu8","Ug"|\n</data></write>
		<read echo="ascii"><delim> </delim><match><data>\x3E </data></match></read>
		<write echo="ascii"><data>saerULS = |"GhwU"|+|"RfK","w"|\n</data></write>
		<read echo="ascii"><delim> </delim><match><data>\x3E </data></match></read>
		<write echo="ascii"><data>ZXiRfc = |"Y0","A","ERFt","c89cHD","ERvCD","mMhjLZm"|-|"ERFt","PGrVxl3","KfuzRGH","nr","9","MQ","ordq3K"|\n</data></write>
		<read echo="ascii"><delim> </delim><match><data>\x3E </data></match></read>
		<write echo="ascii"><data>.p\n</data></write>
<read echo="ascii"><delim>\n</delim><match><data>ecxVV = |"l9jAECr","tyA8Pv","19oUN","Yzo66vT"|\n</data></match></read>
<read echo="ascii"><delim>\n</delim><match><data>FP1Jo = ||\n</data></match></read>
<read echo="ascii"><delim>\n</delim><match><data>D2FJZF0 = |"l53M","h","752p"|\n</data></match></read>
<read echo="ascii"><delim>\n</delim><match><data>n4Atx01X = ||\n</data></match></read>
<read echo="ascii"><delim>\n</delim><match><data>GR9RD = |"mLjBy","pd","t5","o","7Yx"|\n</data></match></read>
<read echo="ascii"><delim>\n</delim><match><data>a1TwI = |"P1cjvsu","GRl","Sx","gBKh","qWP","lp","56","5VmkU","PecfAR6","nB6Ze"|\n</data></match></read>
<read echo="ascii"><delim>\n</delim><match><data>86w1zny = |"PecfAR6","nB6Ze","lp","qWP","gBKh","Sx","56","P1cjvsu","GRl"|\n</data></match></read>
<read echo="ascii"><delim>\n</delim><match><data>VWDUKOE = |"mLjBy","pd","t5","o","7Yx","l53M","h","752p"|\n</data></match></read>
<read echo="ascii"><delim>\n</delim><match><data>AyOd4wI = ||\n</data></match></read>
<read echo="ascii"><delim>\n</delim><match><data>yAzNR = |"DiT","GEJuCh","r6","p","9Nu","axD0p4D","e","v","6heayWm","Ug"|\n</data></match></read>
<read echo="ascii"><delim>\n</delim><match><data>saerULS = |"GhwU","RfK","w"|\n</data></match></read>
<read echo="ascii"><delim>\n</delim><match><data>ZXiRfc = |"Y0","A","c89cHD","ERvCD","mMhjLZm"|\n</data></match></read>
		<read echo="ascii"><delim> </delim><match><data>\x3E </data></match></read>
		<write echo="ascii"><data>.l\n</data></write>
	</replay>
</pov>
