<?xml version="1.0" standalone="no" ?>
<!DOCTYPE pov SYSTEM "/usr/share/cgc-docs/replay.dtd"><pov>
	<cbid>CROMU_00011</cbid>
	<replay>
		<read echo="ascii"><delim> </delim><match><data>\x3E </data></match></read>
		<write echo="ascii"><data>WtLzvre = |"S","ss","C43qKB","AUzmxZ9","OqLIH8N","QFqA","kHxnWK"|-|"ay2nT","ss","u0a4","EvC9q","U"|\n</data></write>
		<read echo="ascii"><delim> </delim><match><data>\x3E </data></match></read>
		<write echo="ascii"><data>1KKjZm4 = WtLzvre + WtLzvre\n</data></write>
		<read echo="ascii"><delim> </delim><match><data>\x3E </data></match></read>
		<write echo="ascii"><data>uwUVU = |"fTvKsx"|^|"ESRh","tWn7uwH","rtYy","XR"|\n</data></write>
		<read echo="ascii"><delim> </delim><match><data>\x3E </data></match></read>
		<write echo="ascii"><data>gKX0kX = |"lvjLG","Vb8fcVX","jofkQP","LlLv","WJcz","Or","uLBo"|-|"vfJ2D","P7","uLBo","dmZ","WJcz","j","jofkQP"|\n</data></write>
		<read echo="ascii"><delim> </delim><match><data>\x3E </data></match></read>
		<write echo="ascii"><data>2MMvvmJ = |"LmAd","R"|~|"oEsE"|\n</data></write>
		<read echo="ascii"><delim> </delim><match><data>\x3E </data></match></read>
		<write echo="ascii"><data>EXeby = |"q","fYZS","Q","RCN0Y","pA","KU"|-|"RCN0Y","iVZaV","yezVjeu","Dm","KU","g5sgl8","q"|\n</data></write>
		<read echo="ascii"><delim> </delim><match><data>\x3E </data></match></read>
		<write echo="ascii"><data>Zvfe97K = |"wZVPcr","ErP","5a3"|^|"LhEE","8lQ","KNpp2TY","wZVPcr"|\n</data></write>
		<read echo="ascii"><delim> </delim><match><data>\x3E </data></match></read>
		<write echo="ascii"><data>VZLPKT = |"dkA","ljSLoR","v5DPeQC","BNM6Yd1","StEX","jP2W","TvzQA"|-|"Oi","BNM6Yd1","HVcZ","StEX","vYk","kgjPkfB"|\n</data></write>
		<read echo="ascii"><delim> </delim><match><data>\x3E </data></match></read>
		<write echo="ascii"><data>UF0BU = EXeby - EXeby\n</data></write>
		<read echo="ascii"><delim> </delim><match><data>\x3E </data></match></read>
		<write echo="ascii"><data>2PvX3nNpE = Zvfe97K ^ Zvfe97K\n</data></write>
		<read echo="ascii"><delim> </delim><match><data>\x3E </data></match></read>
		<write echo="ascii"><data>NiIvQzv = |"4","rV","Eta","FYF1G0x","OSb","dmqc"|~|"X"|\n</data></write>
		<read echo="ascii"><delim> </delim><match><data>\x3E </data></match></read>
		<write echo="ascii"><data>.p\n</data></write>
<read echo="ascii"><delim>\n</delim><match><data>WtLzvre = |"S","C43qKB","AUzmxZ9","OqLIH8N","QFqA","kHxnWK"|\n</data></match></read>
<read echo="ascii"><delim>\n</delim><match><data>1KKjZm4 = |"S","C43qKB","AUzmxZ9","OqLIH8N","QFqA","kHxnWK"|\n</data></match></read>
<read echo="ascii"><delim>\n</delim><match><data>uwUVU = ||\n</data></match></read>
<read echo="ascii"><delim>\n</delim><match><data>gKX0kX = |"lvjLG","Vb8fcVX","LlLv","Or"|\n</data></match></read>
<read echo="ascii"><delim>\n</delim><match><data>2MMvvmJ = |"LmAd","R","oEsE"|\n</data></match></read>
<read echo="ascii"><delim>\n</delim><match><data>EXeby = |"fYZS","Q","pA"|\n</data></match></read>
<read echo="ascii"><delim>\n</delim><match><data>Zvfe97K = |"wZVPcr"|\n</data></match></read>
<read echo="ascii"><delim>\n</delim><match><data>VZLPKT = |"dkA","ljSLoR","v5DPeQC","jP2W","TvzQA"|\n</data></match></read>
<read echo="ascii"><delim>\n</delim><match><data>UF0BU = ||\n</data></match></read>
<read echo="ascii"><delim>\n</delim><match><data>2PvX3nNpE = |"wZVPcr"|\n</data></match></read>
<read echo="ascii"><delim>\n</delim><match><data>NiIvQzv = |"4","rV","Eta","FYF1G0x","OSb","dmqc","X"|\n</data></match></read>
		<read echo="ascii"><delim> </delim><match><data>\x3E </data></match></read>
		<write echo="ascii"><data>.l\n</data></write>
	</replay>
</pov>
