<?xml version="1.0" standalone="no" ?>
<!DOCTYPE pov SYSTEM "/usr/share/cgc-docs/replay.dtd"><pov>
	<cbid>CROMU_00011</cbid>
	<replay>
		<read echo="ascii"><delim> </delim><match><data>\x3E </data></match></read>
		<write echo="ascii"><data>6AhlXDj = |"ZvWfu","7","NiFPf","s","jMho"|-|"ZvWfu","OR6YsL","Z","SVIEmdD","r4afb"|\n</data></write>
		<read echo="ascii"><delim> </delim><match><data>\x3E </data></match></read>
		<write echo="ascii"><data>fXIatdB = |"JHuy","jMp","3Ju2mKx","wbK5VB","ym","NrvGkJZ","6ttVj8h","OAlC46v"|\n</data></write>
		<read echo="ascii"><delim> </delim><match><data>\x3E </data></match></read>
		<write echo="ascii"><data>Tm4Fbe = |"jMp","wbK5VB","JHuy","6ttVj8h","NrvGkJZ","3Ju2mKx","4UE0XvA3S1"|\n</data></write>
		<read echo="ascii"><delim> </delim><match><data>\x3E </data></match></read>
		<write echo="ascii"><data>Tm4Fbe@fXIatdB\n</data></write>
		<read echo="ascii"><delim>\n</delim><match><data>FALSE\n</data></match></read>
		<read echo="ascii"><delim> </delim><match><data>\x3E </data></match></read>
		<write echo="ascii"><data>g6sMYzE = 6AhlXDj - 6AhlXDj\n</data></write>
		<read echo="ascii"><delim> </delim><match><data>\x3E </data></match></read>
		<write echo="ascii"><data>0TAwc9xcKA = fXIatdB ^ fXIatdB\n</data></write>
		<read echo="ascii"><delim> </delim><match><data>\x3E </data></match></read>
		<write echo="ascii"><data>kenp4P = |"Y","ipP7"|~|"5HrzVxj","a1nSqXV"|\n</data></write>
		<read echo="ascii"><delim> </delim><match><data>\x3E </data></match></read>
		<write echo="ascii"><data>PxwDgY = |"2nx","YZdNVR","grne","5UE","E8MU3BS","Yifbzk","geA"|^|"peu8T","ynBR0"|\n</data></write>
		<read echo="ascii"><delim> </delim><match><data>\x3E </data></match></read>
		<write echo="ascii"><data>h8lKN = PxwDgY + 0TAwc9xcKA\n</data></write>
		<read echo="ascii"><delim> </delim><match><data>\x3E </data></match></read>
		<write echo="ascii"><data>Edhpq = |"Kg0rjsn","1f4YN"|~|"0s","lUW","QGQ","Z85O3V","Rvqh","sgPtL2C"|\n</data></write>
		<read echo="ascii"><delim> </delim><match><data>\x3E </data></match></read>
		<write echo="ascii"><data>F06fE = kenp4P + h8lKN\n</data></write>
		<read echo="ascii"><delim> </delim><match><data>\x3E </data></match></read>
		<write echo="ascii"><data>.p\n</data></write>
<read echo="ascii"><delim>\n</delim><match><data>6AhlXDj = |"7","NiFPf","s","jMho"|\n</data></match></read>
<read echo="ascii"><delim>\n</delim><match><data>fXIatdB = |"JHuy","jMp","3Ju2mKx","wbK5VB","ym","NrvGkJZ","6ttVj8h","OAlC46v"|\n</data></match></read>
<read echo="ascii"><delim>\n</delim><match><data>Tm4Fbe = |"jMp","wbK5VB","JHuy","6ttVj8h","NrvGkJZ","3Ju2mKx","4UE0XvA3S1"|\n</data></match></read>
<read echo="ascii"><delim>\n</delim><match><data>g6sMYzE = ||\n</data></match></read>
<read echo="ascii"><delim>\n</delim><match><data>0TAwc9xcKA = |"JHuy","jMp","3Ju2mKx","wbK5VB","ym","NrvGkJZ","6ttVj8h","OAlC46v"|\n</data></match></read>
<read echo="ascii"><delim>\n</delim><match><data>kenp4P = |"Y","ipP7","5HrzVxj","a1nSqXV"|\n</data></match></read>
<read echo="ascii"><delim>\n</delim><match><data>PxwDgY = ||\n</data></match></read>
<read echo="ascii"><delim>\n</delim><match><data>h8lKN = |"JHuy","jMp","3Ju2mKx","wbK5VB","ym","NrvGkJZ","6ttVj8h","OAlC46v"|\n</data></match></read>
<read echo="ascii"><delim>\n</delim><match><data>Edhpq = |"Kg0rjsn","1f4YN","0s","lUW","QGQ","Z85O3V","Rvqh","sgPtL2C"|\n</data></match></read>
<read echo="ascii"><delim>\n</delim><match><data>F06fE = |"Y","ipP7","5HrzVxj","a1nSqXV","JHuy","jMp","3Ju2mKx","wbK5VB","ym","NrvGkJZ","6ttVj8h","OAlC46v"|\n</data></match></read>
		<read echo="ascii"><delim> </delim><match><data>\x3E </data></match></read>
		<write echo="ascii"><data>.l\n</data></write>
	</replay>
</pov>
