<?xml version="1.0" standalone="no" ?>
<!DOCTYPE pov SYSTEM "/usr/share/cgc-docs/replay.dtd"><pov>
	<cbid>CROMU_00011</cbid>
	<replay>
		<read echo="ascii"><delim> </delim><match><data>\x3E </data></match></read>
		<write echo="ascii"><data>av27tr = |"o","h2M1P","OIa45xP","nNc3hh3","HdGqol","Nhd","2cA8kS"|~|"Gr2JAYF","MbdM78L","5t","E3Jt97J","OIa45xP"|\n</data></write>
		<read echo="ascii"><delim> </delim><match><data>\x3E </data></match></read>
		<write echo="ascii"><data>oGG8PV = |"a2D","foBmtsC","DLso0r","gQ"|+|"9","AeMZhLL","Bqe4","8Tt9","V9vly"|\n</data></write>
		<read echo="ascii"><delim> </delim><match><data>\x3E </data></match></read>
		<write echo="ascii"><data>arNQg = oGG8PV ~ oGG8PV\n</data></write>
		<read echo="ascii"><delim> </delim><match><data>\x3E </data></match></read>
		<write echo="ascii"><data>HIgTf = |"W14uO","5v5rkx","En1","AVYypO"|^|"BxV3n","swdev96","3KHTRS8","5v5rkx","AVYypO","RRg"|\n</data></write>
		<read echo="ascii"><delim> </delim><match><data>\x3E </data></match></read>
		<write echo="ascii"><data>uh9IF = |"uRAs","PS1","nAS0a5s","Fp","m3zlgL"|~|"3fre0X","nqEq"|\n</data></write>
		<read echo="ascii"><delim> </delim><match><data>\x3E </data></match></read>
		<write echo="ascii"><data>3dthoZ = HIgTf ^ uh9IF\n</data></write>
		<read echo="ascii"><delim> </delim><match><data>\x3E </data></match></read>
		<write echo="ascii"><data>hsHsR2k = arNQg ~ HIgTf\n</data></write>
		<read echo="ascii"><delim> </delim><match><data>\x3E </data></match></read>
		<write echo="ascii"><data>aUSME0 = |"SZLbh9","i","OE2UJg","h","CSNjrT"|~|"dJ18QCK"|\n</data></write>
		<read echo="ascii"><delim> </delim><match><data>\x3E </data></match></read>
		<write echo="ascii"><data>HffFx = 3dthoZ ~ HIgTf\n</data></write>
		<read echo="ascii"><delim> </delim><match><data>\x3E </data></match></read>
		<write echo="ascii"><data>.p\n</data></write>
<read echo="ascii"><delim>\n</delim><match><data>av27tr = |"o","h2M1P","nNc3hh3","HdGqol","Nhd","2cA8kS","Gr2JAYF","MbdM78L","5t","E3Jt97J"|\n</data></match></read>
<read echo="ascii"><delim>\n</delim><match><data>oGG8PV = |"a2D","foBmtsC","DLso0r","gQ","9","AeMZhLL","Bqe4","8Tt9","V9vly"|\n</data></match></read>
<read echo="ascii"><delim>\n</delim><match><data>arNQg = ||\n</data></match></read>
<read echo="ascii"><delim>\n</delim><match><data>HIgTf = |"5v5rkx","AVYypO"|\n</data></match></read>
<read echo="ascii"><delim>\n</delim><match><data>uh9IF = |"uRAs","PS1","nAS0a5s","Fp","m3zlgL","3fre0X","nqEq"|\n</data></match></read>
<read echo="ascii"><delim>\n</delim><match><data>3dthoZ = ||\n</data></match></read>
<read echo="ascii"><delim>\n</delim><match><data>hsHsR2k = |"5v5rkx","AVYypO"|\n</data></match></read>
<read echo="ascii"><delim>\n</delim><match><data>aUSME0 = |"SZLbh9","i","OE2UJg","h","CSNjrT","dJ18QCK"|\n</data></match></read>
<read echo="ascii"><delim>\n</delim><match><data>HffFx = |"5v5rkx","AVYypO"|\n</data></match></read>
		<read echo="ascii"><delim> </delim><match><data>\x3E </data></match></read>
		<write echo="ascii"><data>.l\n</data></write>
	</replay>
</pov>
