<?xml version="1.0" standalone="no" ?>
<!DOCTYPE pov SYSTEM "/usr/share/cgc-docs/replay.dtd"><pov>
	<cbid>CROMU_00011</cbid>
	<replay>
		<read echo="ascii"><delim> </delim><match><data>\x3E </data></match></read>
		<write echo="ascii"><data>gmm5hpQ = |"JPVWbQ","WMKLy","Wz","OABFdZI","RcNUR","Osdf","W"|+|"Khggi","WMKLy","uw","ObE2aL5"|\n</data></write>
		<read echo="ascii"><delim> </delim><match><data>\x3E </data></match></read>
		<write echo="ascii"><data>ICKr8u = |"CZ"|+|"7LSwCj0","Ydqn07","lYXsOc","Agd64M2"|\n</data></write>
		<read echo="ascii"><delim> </delim><match><data>\x3E </data></match></read>
		<write echo="ascii"><data>LPvSHQM = gmm5hpQ ~ gmm5hpQ\n</data></write>
		<read echo="ascii"><delim> </delim><match><data>\x3E </data></match></read>
		<write echo="ascii"><data>rBKIh9y = |"gRP9WVd","g4Kk","iz","A","Bx","R1","g01NZNY"|-|"Bx","W","g4Kk","UuT1y"|\n</data></write>
		<read echo="ascii"><delim> </delim><match><data>\x3E </data></match></read>
		<write echo="ascii"><data>YmkKmwy = |"bog"|+|"K7","MBacZgX","3"|\n</data></write>
		<read echo="ascii"><delim> </delim><match><data>\x3E </data></match></read>
		<write echo="ascii"><data>XfLsy = LPvSHQM + ICKr8u\n</data></write>
		<read echo="ascii"><delim> </delim><match><data>\x3E </data></match></read>
		<write echo="ascii"><data>7riKB = |"sqyDxDB"|+|"lvC4Ds","2TQewU"|\n</data></write>
		<read echo="ascii"><delim> </delim><match><data>\x3E </data></match></read>
		<write echo="ascii"><data>1N5Fea = 7riKB + YmkKmwy\n</data></write>
		<read echo="ascii"><delim> </delim><match><data>\x3E </data></match></read>
		<write echo="ascii"><data>UWK4x = |"CiFYxN","pJP"|^|"zT","CiFYxN","uPS","ySPGxM","gSokSE","EM2xX","WxW"|\n</data></write>
		<read echo="ascii"><delim> </delim><match><data>\x3E </data></match></read>
		<write echo="ascii"><data>tyPcQ = 1N5Fea - gmm5hpQ\n</data></write>
		<read echo="ascii"><delim> </delim><match><data>\x3E </data></match></read>
		<write echo="ascii"><data>D4rQa = |"QiQ","Mr","2O","C","u"|+|"2O","byP","DcBZI"|\n</data></write>
		<read echo="ascii"><delim> </delim><match><data>\x3E </data></match></read>
		<write echo="ascii"><data>jhUat = |"qDWPM","huBe99","qN3"|^|"huBe99","PS","RunVr8M"|\n</data></write>
		<read echo="ascii"><delim> </delim><match><data>\x3E </data></match></read>
		<write echo="ascii"><data>.p\n</data></write>
<read echo="ascii"><delim>\n</delim><match><data>gmm5hpQ = |"JPVWbQ","WMKLy","Wz","OABFdZI","RcNUR","Osdf","W","Khggi","uw","ObE2aL5"|\n</data></match></read>
<read echo="ascii"><delim>\n</delim><match><data>ICKr8u = |"CZ","7LSwCj0","Ydqn07","lYXsOc","Agd64M2"|\n</data></match></read>
<read echo="ascii"><delim>\n</delim><match><data>LPvSHQM = ||\n</data></match></read>
<read echo="ascii"><delim>\n</delim><match><data>rBKIh9y = |"gRP9WVd","iz","A","R1","g01NZNY"|\n</data></match></read>
<read echo="ascii"><delim>\n</delim><match><data>YmkKmwy = |"bog","K7","MBacZgX","3"|\n</data></match></read>
<read echo="ascii"><delim>\n</delim><match><data>XfLsy = |"CZ","7LSwCj0","Ydqn07","lYXsOc","Agd64M2"|\n</data></match></read>
<read echo="ascii"><delim>\n</delim><match><data>7riKB = |"sqyDxDB","lvC4Ds","2TQewU"|\n</data></match></read>
<read echo="ascii"><delim>\n</delim><match><data>1N5Fea = |"sqyDxDB","lvC4Ds","2TQewU","bog","K7","MBacZgX","3"|\n</data></match></read>
<read echo="ascii"><delim>\n</delim><match><data>UWK4x = |"CiFYxN"|\n</data></match></read>
<read echo="ascii"><delim>\n</delim><match><data>tyPcQ = |"sqyDxDB","lvC4Ds","2TQewU","bog","K7","MBacZgX","3"|\n</data></match></read>
<read echo="ascii"><delim>\n</delim><match><data>D4rQa = |"QiQ","Mr","2O","C","u","byP","DcBZI"|\n</data></match></read>
<read echo="ascii"><delim>\n</delim><match><data>jhUat = |"huBe99"|\n</data></match></read>
		<read echo="ascii"><delim> </delim><match><data>\x3E </data></match></read>
		<write echo="ascii"><data>.l\n</data></write>
	</replay>
</pov>
