<?xml version="1.0" standalone="no" ?>
<!DOCTYPE pov SYSTEM "/usr/share/cgc-docs/replay.dtd"><pov>
	<cbid>CROMU_00011</cbid>
	<replay>
		<read echo="ascii"><delim> </delim><match><data>\x3E </data></match></read>
		<write echo="ascii"><data>ik5qSh = |"EhyoO","ORuT","Syf8vJb","sDZm7","cR","M227EC","BeTHx4l"|^|"HxS7","R2G2mxF","df6I","sDZm7","ORuT","cpdY2"|\n</data></write>
		<read echo="ascii"><delim> </delim><match><data>\x3E </data></match></read>
		<write echo="ascii"><data>39Xmne = ik5qSh ~ ik5qSh\n</data></write>
		<read echo="ascii"><delim> </delim><match><data>\x3E </data></match></read>
		<write echo="ascii"><data>sdjUpqK = |"xdvL","TjNGC","VR4Phfr","Dm","XwaZA","f2W"|\n</data></write>
		<read echo="ascii"><delim> </delim><match><data>\x3E </data></match></read>
		<write echo="ascii"><data>xueu7R = |"f2W","VR4Phfr","Dm","XwaZA","TjNGC","TarIh3grzP"|\n</data></write>
		<read echo="ascii"><delim> </delim><match><data>\x3E </data></match></read>
		<write echo="ascii"><data>xueu7R@sdjUpqK\n</data></write>
		<read echo="ascii"><delim>\n</delim><match><data>FALSE\n</data></match></read>
		<read echo="ascii"><delim> </delim><match><data>\x3E </data></match></read>
		<write echo="ascii"><data>CPO26 = |"hC","NEhpwmb","f"|-|"jQ1a1Mo","JuDy","uDT1","CI3mDb","5Pte","E3N4","NCNZ"|\n</data></write>
		<read echo="ascii"><delim> </delim><match><data>\x3E </data></match></read>
		<write echo="ascii"><data>PpxLQfa = 39Xmne ~ 39Xmne\n</data></write>
		<read echo="ascii"><delim> </delim><match><data>\x3E </data></match></read>
		<write echo="ascii"><data>KikjY = |"VASq1","3x0","P","fWxT3","ove","sjx","lnLtSYA"|+|"nqeVZc9","oDSBz","sjx","c","JKQ0","YxMA","G"|\n</data></write>
		<read echo="ascii"><delim> </delim><match><data>\x3E </data></match></read>
		<write echo="ascii"><data>boFWX = ik5qSh + 39Xmne\n</data></write>
		<read echo="ascii"><delim> </delim><match><data>\x3E </data></match></read>
		<write echo="ascii"><data>J2fHC = |"sAiF7k","X7ZaL"|+|"s","PF"|\n</data></write>
		<read echo="ascii"><delim> </delim><match><data>\x3E </data></match></read>
		<write echo="ascii"><data>sB6W633 = J2fHC + sdjUpqK\n</data></write>
		<read echo="ascii"><delim> </delim><match><data>\x3E </data></match></read>
		<write echo="ascii"><data>wIV0IBpMKb = boFWX ^ boFWX\n</data></write>
		<read echo="ascii"><delim> </delim><match><data>\x3E </data></match></read>
		<write echo="ascii"><data>fvdE8Gt = |"7JsW","z1","tt","4L","WaEC0N","M9L","J0GlyK","01sS","74irb","3y5S"|\n</data></write>
		<read echo="ascii"><delim> </delim><match><data>\x3E </data></match></read>
		<write echo="ascii"><data>B0QABxN = |"J0GlyK","7JsW","3y5S","tVmzfinh3a"|\n</data></write>
		<read echo="ascii"><delim> </delim><match><data>\x3E </data></match></read>
		<write echo="ascii"><data>B0QABxN@fvdE8Gt\n</data></write>
		<read echo="ascii"><delim>\n</delim><match><data>FALSE\n</data></match></read>
		<read echo="ascii"><delim> </delim><match><data>\x3E </data></match></read>
		<write echo="ascii"><data>bMnX92o = sB6W633 ~ sdjUpqK\n</data></write>
		<read echo="ascii"><delim> </delim><match><data>\x3E </data></match></read>
		<write echo="ascii"><data>Jwid4 = |"qs","0","OA9Qc","BkceSCz","Ynbwwy"|+|"MY","oDWWUr","UX","Ynbwwy"|\n</data></write>
		<read echo="ascii"><delim> </delim><match><data>\x3E </data></match></read>
		<write echo="ascii"><data>YcgiqinC = sdjUpqK ^ 39Xmne\n</data></write>
		<read echo="ascii"><delim> </delim><match><data>\x3E </data></match></read>
		<write echo="ascii"><data>.p\n</data></write>
<read echo="ascii"><delim>\n</delim><match><data>ik5qSh = |"ORuT","sDZm7"|\n</data></match></read>
<read echo="ascii"><delim>\n</delim><match><data>39Xmne = ||\n</data></match></read>
<read echo="ascii"><delim>\n</delim><match><data>sdjUpqK = |"xdvL","TjNGC","VR4Phfr","Dm","XwaZA","f2W"|\n</data></match></read>
<read echo="ascii"><delim>\n</delim><match><data>xueu7R = |"f2W","VR4Phfr","Dm","XwaZA","TjNGC","TarIh3grzP"|\n</data></match></read>
<read echo="ascii"><delim>\n</delim><match><data>CPO26 = |"hC","NEhpwmb","f"|\n</data></match></read>
<read echo="ascii"><delim>\n</delim><match><data>PpxLQfa = ||\n</data></match></read>
<read echo="ascii"><delim>\n</delim><match><data>KikjY = |"VASq1","3x0","P","fWxT3","ove","sjx","lnLtSYA","nqeVZc9","oDSBz","c","JKQ0","YxMA","G"|\n</data></match></read>
<read echo="ascii"><delim>\n</delim><match><data>boFWX = |"ORuT","sDZm7"|\n</data></match></read>
<read echo="ascii"><delim>\n</delim><match><data>J2fHC = |"sAiF7k","X7ZaL","s","PF"|\n</data></match></read>
<read echo="ascii"><delim>\n</delim><match><data>sB6W633 = |"sAiF7k","X7ZaL","s","PF","xdvL","TjNGC","VR4Phfr","Dm","XwaZA","f2W"|\n</data></match></read>
<read echo="ascii"><delim>\n</delim><match><data>wIV0IBpMKb = |"ORuT","sDZm7"|\n</data></match></read>
<read echo="ascii"><delim>\n</delim><match><data>fvdE8Gt = |"7JsW","z1","tt","4L","WaEC0N","M9L","J0GlyK","01sS","74irb","3y5S"|\n</data></match></read>
<read echo="ascii"><delim>\n</delim><match><data>B0QABxN = |"J0GlyK","7JsW","3y5S","tVmzfinh3a"|\n</data></match></read>
<read echo="ascii"><delim>\n</delim><match><data>bMnX92o = |"sAiF7k","X7ZaL","s","PF"|\n</data></match></read>
<read echo="ascii"><delim>\n</delim><match><data>Jwid4 = |"qs","0","OA9Qc","BkceSCz","Ynbwwy","MY","oDWWUr","UX"|\n</data></match></read>
<read echo="ascii"><delim>\n</delim><match><data>YcgiqinC = ||\n</data></match></read>
		<read echo="ascii"><delim> </delim><match><data>\x3E </data></match></read>
		<write echo="ascii"><data>.l\n</data></write>
	</replay>
</pov>
