<?xml version="1.0" standalone="no" ?>
<!DOCTYPE pov SYSTEM "/usr/share/cgc-docs/replay.dtd"><pov>
	<cbid>CROMU_00011</cbid>
	<replay>
		<read echo="ascii"><delim> </delim><match><data>\x3E </data></match></read>
		<write echo="ascii"><data>q2UkUl = |"ICP","0Bn","g2q5At","ASrpC7h"|-|"xwR","ASrpC7h","ICP","6x"|\n</data></write>
		<read echo="ascii"><delim> </delim><match><data>\x3E </data></match></read>
		<write echo="ascii"><data>46e953 = |"j19NU","pf3Hb","RbFpBS","89TS96s","7Ysl3d","iD4ym","LbqD","K1JNe","SXZ1Gm","T4oI"|\n</data></write>
		<read echo="ascii"><delim> </delim><match><data>\x3E </data></match></read>
		<write echo="ascii"><data>CFY3iF = |"T4oI","SXZ1Gm","LbqD","pf3Hb"|\n</data></write>
		<read echo="ascii"><delim> </delim><match><data>\x3E </data></match></read>
		<write echo="ascii"><data>CFY3iF@46e953\n</data></write>
		<read echo="ascii"><delim>\n</delim><match><data>TRUE\n</data></match></read>
		<read echo="ascii"><delim> </delim><match><data>\x3E </data></match></read>
		<write echo="ascii"><data>pP2jtHx = q2UkUl ~ 46e953\n</data></write>
		<read echo="ascii"><delim> </delim><match><data>\x3E </data></match></read>
		<write echo="ascii"><data>JycnqB = 46e953 + pP2jtHx\n</data></write>
		<read echo="ascii"><delim> </delim><match><data>\x3E </data></match></read>
		<write echo="ascii"><data>RGvEb = 46e953 + 46e953\n</data></write>
		<read echo="ascii"><delim> </delim><match><data>\x3E </data></match></read>
		<write echo="ascii"><data>WxSq7h = |"yYgMX","d2E","2r","ETeBiK","NL","RU","SlurT"|\n</data></write>
		<read echo="ascii"><delim> </delim><match><data>\x3E </data></match></read>
		<write echo="ascii"><data>comAhn9 = |"SlurT","d2E","RU"|\n</data></write>
		<read echo="ascii"><delim> </delim><match><data>\x3E </data></match></read>
		<write echo="ascii"><data>comAhn9@WxSq7h\n</data></write>
		<read echo="ascii"><delim>\n</delim><match><data>TRUE\n</data></match></read>
		<read echo="ascii"><delim> </delim><match><data>\x3E </data></match></read>
		<write echo="ascii"><data>mOyCwc = q2UkUl ~ CFY3iF\n</data></write>
		<read echo="ascii"><delim> </delim><match><data>\x3E </data></match></read>
		<write echo="ascii"><data>aDlHO8 = |"49UwA","kQXp"|~|"K","z","knm","49UwA"|\n</data></write>
		<read echo="ascii"><delim> </delim><match><data>\x3E </data></match></read>
		<write echo="ascii"><data>05f8tpX = |"9R6","yE2R","S8QI","MTH","c1Pju3","THotJ"|~|"c1Pju3","U","p7Vs"|\n</data></write>
		<read echo="ascii"><delim> </delim><match><data>\x3E </data></match></read>
		<write echo="ascii"><data>OTTnIR = |"83jqMW","M9","ETfG","JjKX"|-|"Atl3BP","a","B0JX3w"|\n</data></write>
		<read echo="ascii"><delim> </delim><match><data>\x3E </data></match></read>
		<write echo="ascii"><data>xCBHydK = OTTnIR - JycnqB\n</data></write>
		<read echo="ascii"><delim> </delim><match><data>\x3E </data></match></read>
		<write echo="ascii"><data>oSMhEpL = |"o4GKG","7IRnHNl","LW","baw","mWxz","VYQkK","9zZ"|\n</data></write>
		<read echo="ascii"><delim> </delim><match><data>\x3E </data></match></read>
		<write echo="ascii"><data>WXlhF = |"mWxz","VYQkK","LW","baw","o4GKG","ut81yycDmT"|\n</data></write>
		<read echo="ascii"><delim> </delim><match><data>\x3E </data></match></read>
		<write echo="ascii"><data>WXlhF@oSMhEpL\n</data></write>
		<read echo="ascii"><delim>\n</delim><match><data>FALSE\n</data></match></read>
		<read echo="ascii"><delim> </delim><match><data>\x3E </data></match></read>
		<write echo="ascii"><data>iOwCs = |"czMgDq","SVP7","hMcw","HN","JP6WM2","ZQ6hl4h"|\n</data></write>
		<read echo="ascii"><delim> </delim><match><data>\x3E </data></match></read>
		<write echo="ascii"><data>gwGAg = |"czMgDq","SVP7","ZQ6hl4h","JP6WM2","hMcw"|\n</data></write>
		<read echo="ascii"><delim> </delim><match><data>\x3E </data></match></read>
		<write echo="ascii"><data>gwGAg@iOwCs\n</data></write>
		<read echo="ascii"><delim>\n</delim><match><data>TRUE\n</data></match></read>
		<read echo="ascii"><delim> </delim><match><data>\x3E </data></match></read>
		<write echo="ascii"><data>Vw1Ax = gwGAg ~ comAhn9\n</data></write>
		<read echo="ascii"><delim> </delim><match><data>\x3E </data></match></read>
		<write echo="ascii"><data>.p\n</data></write>
<read echo="ascii"><delim>\n</delim><match><data>q2UkUl = |"0Bn","g2q5At"|\n</data></match></read>
<read echo="ascii"><delim>\n</delim><match><data>46e953 = |"j19NU","pf3Hb","RbFpBS","89TS96s","7Ysl3d","iD4ym","LbqD","K1JNe","SXZ1Gm","T4oI"|\n</data></match></read>
<read echo="ascii"><delim>\n</delim><match><data>CFY3iF = |"T4oI","SXZ1Gm","LbqD","pf3Hb"|\n</data></match></read>
<read echo="ascii"><delim>\n</delim><match><data>pP2jtHx = |"0Bn","g2q5At","j19NU","pf3Hb","RbFpBS","89TS96s","7Ysl3d","iD4ym","LbqD","K1JNe","SXZ1Gm","T4oI"|\n</data></match></read>
<read echo="ascii"><delim>\n</delim><match><data>JycnqB = |"j19NU","pf3Hb","RbFpBS","89TS96s","7Ysl3d","iD4ym","LbqD","K1JNe","SXZ1Gm","T4oI","0Bn","g2q5At"|\n</data></match></read>
<read echo="ascii"><delim>\n</delim><match><data>RGvEb = |"j19NU","pf3Hb","RbFpBS","89TS96s","7Ysl3d","iD4ym","LbqD","K1JNe","SXZ1Gm","T4oI"|\n</data></match></read>
<read echo="ascii"><delim>\n</delim><match><data>WxSq7h = |"yYgMX","d2E","2r","ETeBiK","NL","RU","SlurT"|\n</data></match></read>
<read echo="ascii"><delim>\n</delim><match><data>comAhn9 = |"SlurT","d2E","RU"|\n</data></match></read>
<read echo="ascii"><delim>\n</delim><match><data>mOyCwc = |"0Bn","g2q5At","T4oI","SXZ1Gm","LbqD","pf3Hb"|\n</data></match></read>
<read echo="ascii"><delim>\n</delim><match><data>aDlHO8 = |"kQXp","K","z","knm"|\n</data></match></read>
<read echo="ascii"><delim>\n</delim><match><data>05f8tpX = |"9R6","yE2R","S8QI","MTH","THotJ","U","p7Vs"|\n</data></match></read>
<read echo="ascii"><delim>\n</delim><match><data>OTTnIR = |"83jqMW","M9","ETfG","JjKX"|\n</data></match></read>
<read echo="ascii"><delim>\n</delim><match><data>xCBHydK = |"83jqMW","M9","ETfG","JjKX"|\n</data></match></read>
<read echo="ascii"><delim>\n</delim><match><data>oSMhEpL = |"o4GKG","7IRnHNl","LW","baw","mWxz","VYQkK","9zZ"|\n</data></match></read>
<read echo="ascii"><delim>\n</delim><match><data>WXlhF = |"mWxz","VYQkK","LW","baw","o4GKG","ut81yycDmT"|\n</data></match></read>
<read echo="ascii"><delim>\n</delim><match><data>iOwCs = |"czMgDq","SVP7","hMcw","HN","JP6WM2","ZQ6hl4h"|\n</data></match></read>
<read echo="ascii"><delim>\n</delim><match><data>gwGAg = |"czMgDq","SVP7","ZQ6hl4h","JP6WM2","hMcw"|\n</data></match></read>
<read echo="ascii"><delim>\n</delim><match><data>Vw1Ax = |"czMgDq","SVP7","ZQ6hl4h","JP6WM2","hMcw","SlurT","d2E","RU"|\n</data></match></read>
		<read echo="ascii"><delim> </delim><match><data>\x3E </data></match></read>
		<write echo="ascii"><data>.l\n</data></write>
	</replay>
</pov>
