<?xml version="1.0" standalone="no" ?>
<!DOCTYPE pov SYSTEM "/usr/share/cgc-docs/replay.dtd"><pov>
	<cbid>CROMU_00011</cbid>
	<replay>
		<read echo="ascii"><delim> </delim><match><data>\x3E </data></match></read>
		<write echo="ascii"><data>h1Wrsr3 = |"DphYDf2"|+|"jsuDVD","6Z"|\n</data></write>
		<read echo="ascii"><delim> </delim><match><data>\x3E </data></match></read>
		<write echo="ascii"><data>mfMD1KF = |"0fwU0t","PmzaX","b36J"|-|"HU","2Vlxk","b36J"|\n</data></write>
		<read echo="ascii"><delim> </delim><match><data>\x3E </data></match></read>
		<write echo="ascii"><data>WRINWC8 = h1Wrsr3 + mfMD1KF\n</data></write>
		<read echo="ascii"><delim> </delim><match><data>\x3E </data></match></read>
		<write echo="ascii"><data>cQDgvYu = |"dvpnZ"|^|"v5OPac"|\n</data></write>
		<read echo="ascii"><delim> </delim><match><data>\x3E </data></match></read>
		<write echo="ascii"><data>XQA0c = WRINWC8 ~ cQDgvYu\n</data></write>
		<read echo="ascii"><delim> </delim><match><data>\x3E </data></match></read>
		<write echo="ascii"><data>zurgyj = cQDgvYu ~ cQDgvYu\n</data></write>
		<read echo="ascii"><delim> </delim><match><data>\x3E </data></match></read>
		<write echo="ascii"><data>YCrh9G = WRINWC8 + h1Wrsr3\n</data></write>
		<read echo="ascii"><delim> </delim><match><data>\x3E </data></match></read>
		<write echo="ascii"><data>fMYVFm = mfMD1KF ^ XQA0c\n</data></write>
		<read echo="ascii"><delim> </delim><match><data>\x3E </data></match></read>
		<write echo="ascii"><data>imS7nuP = |"WzUbQb","rQ5b","ToVq","zsH","OCj","k8h"|-|"ToVq","zsH","Qr6PV0","R","BbUwy0","k8h"|\n</data></write>
		<read echo="ascii"><delim> </delim><match><data>\x3E </data></match></read>
		<write echo="ascii"><data>exIcL = |"kX4bgYw","FfBTdo"|^|"hnBIk","AA","8B7l4","nTxTG","kX4bgYw","VM8"|\n</data></write>
		<read echo="ascii"><delim> </delim><match><data>\x3E </data></match></read>
		<write echo="ascii"><data>hTqAX1E = |"6PSeZR","Nz2YLX","YRA1x"|-|"c2Odx","BmT","ol9","FT","IW0dGH"|\n</data></write>
		<read echo="ascii"><delim> </delim><match><data>\x3E </data></match></read>
		<write echo="ascii"><data>e9dQCwX = |"xj2SbYn","XRA7UTq","kNN","sSyjWP","oAZm","VdUrYd","JqcVKZ2","8X9rEy"|\n</data></write>
		<read echo="ascii"><delim> </delim><match><data>\x3E </data></match></read>
		<write echo="ascii"><data>cMqF74 = |"8X9rEy","VdUrYd","xj2SbYn","sSyjWP","JqcVKZ2","kNN","XRA7UTq"|\n</data></write>
		<read echo="ascii"><delim> </delim><match><data>\x3E </data></match></read>
		<write echo="ascii"><data>cMqF74@e9dQCwX\n</data></write>
		<read echo="ascii"><delim>\n</delim><match><data>TRUE\n</data></match></read>
		<read echo="ascii"><delim> </delim><match><data>\x3E </data></match></read>
		<write echo="ascii"><data>EtQwdC = |"f6D","Gl","e2"|~|"r1i7Q","WBH","HNvN9B","kYDZ","MwnXfSA","f6D","hm5o"|\n</data></write>
		<read echo="ascii"><delim> </delim><match><data>\x3E </data></match></read>
		<write echo="ascii"><data>cyRQgn = |"VCFyM","veq","p2b","Z9"|^|"jh","Z9","F2UT"|\n</data></write>
		<read echo="ascii"><delim> </delim><match><data>\x3E </data></match></read>
		<write echo="ascii"><data>1YQIe = WRINWC8 ^ YCrh9G\n</data></write>
		<read echo="ascii"><delim> </delim><match><data>\x3E </data></match></read>
		<write echo="ascii"><data>.p\n</data></write>
<read echo="ascii"><delim>\n</delim><match><data>h1Wrsr3 = |"DphYDf2","jsuDVD","6Z"|\n</data></match></read>
<read echo="ascii"><delim>\n</delim><match><data>mfMD1KF = |"0fwU0t","PmzaX"|\n</data></match></read>
<read echo="ascii"><delim>\n</delim><match><data>WRINWC8 = |"DphYDf2","jsuDVD","6Z","0fwU0t","PmzaX"|\n</data></match></read>
<read echo="ascii"><delim>\n</delim><match><data>cQDgvYu = ||\n</data></match></read>
<read echo="ascii"><delim>\n</delim><match><data>XQA0c = |"DphYDf2","jsuDVD","6Z","0fwU0t","PmzaX"|\n</data></match></read>
<read echo="ascii"><delim>\n</delim><match><data>zurgyj = ||\n</data></match></read>
<read echo="ascii"><delim>\n</delim><match><data>YCrh9G = |"DphYDf2","jsuDVD","6Z","0fwU0t","PmzaX"|\n</data></match></read>
<read echo="ascii"><delim>\n</delim><match><data>fMYVFm = |"0fwU0t","PmzaX"|\n</data></match></read>
<read echo="ascii"><delim>\n</delim><match><data>imS7nuP = |"WzUbQb","rQ5b","OCj"|\n</data></match></read>
<read echo="ascii"><delim>\n</delim><match><data>exIcL = |"kX4bgYw"|\n</data></match></read>
<read echo="ascii"><delim>\n</delim><match><data>hTqAX1E = |"6PSeZR","Nz2YLX","YRA1x"|\n</data></match></read>
<read echo="ascii"><delim>\n</delim><match><data>e9dQCwX = |"xj2SbYn","XRA7UTq","kNN","sSyjWP","oAZm","VdUrYd","JqcVKZ2","8X9rEy"|\n</data></match></read>
<read echo="ascii"><delim>\n</delim><match><data>cMqF74 = |"8X9rEy","VdUrYd","xj2SbYn","sSyjWP","JqcVKZ2","kNN","XRA7UTq"|\n</data></match></read>
<read echo="ascii"><delim>\n</delim><match><data>EtQwdC = |"Gl","e2","r1i7Q","WBH","HNvN9B","kYDZ","MwnXfSA","hm5o"|\n</data></match></read>
<read echo="ascii"><delim>\n</delim><match><data>cyRQgn = |"Z9"|\n</data></match></read>
<read echo="ascii"><delim>\n</delim><match><data>1YQIe = |"DphYDf2","jsuDVD","6Z","0fwU0t","PmzaX"|\n</data></match></read>
		<read echo="ascii"><delim> </delim><match><data>\x3E </data></match></read>
		<write echo="ascii"><data>.l\n</data></write>
	</replay>
</pov>
