<?xml version="1.0" standalone="no" ?>
<!DOCTYPE pov SYSTEM "/usr/share/cgc-docs/replay.dtd"><pov>
	<cbid>CROMU_00011</cbid>
	<replay>
		<read echo="ascii"><delim> </delim><match><data>\x3E </data></match></read>
		<write echo="ascii"><data>UdcFD = |"ptR7","FHYa","3OMBt","nYOsYTh","G","Hf","Y"|+|"5","inBf"|\n</data></write>
		<read echo="ascii"><delim> </delim><match><data>\x3E </data></match></read>
		<write echo="ascii"><data>dq2Mw = |"9Y","IuB","7B0","NC2","SUGJGk","F5j","1I"|-|"ig","s8L","FzbXKm","jd","1I","B1SKJ16"|\n</data></write>
		<read echo="ascii"><delim> </delim><match><data>\x3E </data></match></read>
		<write echo="ascii"><data>vttvW3 = dq2Mw ^ dq2Mw\n</data></write>
		<read echo="ascii"><delim> </delim><match><data>\x3E </data></match></read>
		<write echo="ascii"><data>CEERt = UdcFD + UdcFD\n</data></write>
		<read echo="ascii"><delim> </delim><match><data>\x3E </data></match></read>
		<write echo="ascii"><data>ys5Ie = |"z2qhRw","efYs","K","j","2iGJjr5"|-|"s","Wf","MJ9Pwf","d8PWmz3","j","aINN4"|\n</data></write>
		<read echo="ascii"><delim> </delim><match><data>\x3E </data></match></read>
		<write echo="ascii"><data>g2fmzl = vttvW3 + CEERt\n</data></write>
		<read echo="ascii"><delim> </delim><match><data>\x3E </data></match></read>
		<write echo="ascii"><data>cTkER8 = |"BpC7mp0","x2b","lsM","jvy","uAv","7s1h","GRRdK6w"|~|"lsM","x2b","Gqj","vDd"|\n</data></write>
		<read echo="ascii"><delim> </delim><match><data>\x3E </data></match></read>
		<write echo="ascii"><data>008D7lg = |"4f3","smEuq"|^|"smEuq","MJWH","lFj7l"|\n</data></write>
		<read echo="ascii"><delim> </delim><match><data>\x3E </data></match></read>
		<write echo="ascii"><data>dTK3PrL = |"taDSzJ"|~|"BZk","TyD6R","iJnX","OCUgH"|\n</data></write>
		<read echo="ascii"><delim> </delim><match><data>\x3E </data></match></read>
		<write echo="ascii"><data>98SIEW = |"mN6sBvz","di","CUzF","itnSS","Mc","Q2Nvl"|\n</data></write>
		<read echo="ascii"><delim> </delim><match><data>\x3E </data></match></read>
		<write echo="ascii"><data>nKu0W = |"di"|\n</data></write>
		<read echo="ascii"><delim> </delim><match><data>\x3E </data></match></read>
		<write echo="ascii"><data>nKu0W@98SIEW\n</data></write>
		<read echo="ascii"><delim>\n</delim><match><data>TRUE\n</data></match></read>
		<read echo="ascii"><delim> </delim><match><data>\x3E </data></match></read>
		<write echo="ascii"><data>Icksf = 98SIEW ~ UdcFD\n</data></write>
		<read echo="ascii"><delim> </delim><match><data>\x3E </data></match></read>
		<write echo="ascii"><data>pM9leT = |"yGSKCR","qiaNo","Zvwu","I5g"|+|"lMJNTVY","yGSKCR","OrZoc37","mKodO16","qiaNo"|\n</data></write>
		<read echo="ascii"><delim> </delim><match><data>\x3E </data></match></read>
		<write echo="ascii"><data>RJh9h = |"pcK67m","t2b6i","WORR","HRPqh","uBW","ZkKgW","1ga5am"|^|"ZkKgW","WORR","I2UJ","pN"|\n</data></write>
		<read echo="ascii"><delim> </delim><match><data>\x3E </data></match></read>
		<write echo="ascii"><data>rJOkXw = |"bs3ays","E0lV","v18","p6t","NK","1m"|\n</data></write>
		<read echo="ascii"><delim> </delim><match><data>\x3E </data></match></read>
		<write echo="ascii"><data>LOnb7Ai = |"bs3ays","1m","E0lV","NK","qXXqUtfVh0"|\n</data></write>
		<read echo="ascii"><delim> </delim><match><data>\x3E </data></match></read>
		<write echo="ascii"><data>LOnb7Ai@rJOkXw\n</data></write>
		<read echo="ascii"><delim>\n</delim><match><data>FALSE\n</data></match></read>
		<read echo="ascii"><delim> </delim><match><data>\x3E </data></match></read>
		<write echo="ascii"><data>.p\n</data></write>
<read echo="ascii"><delim>\n</delim><match><data>UdcFD = |"ptR7","FHYa","3OMBt","nYOsYTh","G","Hf","Y","5","inBf"|\n</data></match></read>
<read echo="ascii"><delim>\n</delim><match><data>dq2Mw = |"9Y","IuB","7B0","NC2","SUGJGk","F5j"|\n</data></match></read>
<read echo="ascii"><delim>\n</delim><match><data>vttvW3 = |"9Y","IuB","7B0","NC2","SUGJGk","F5j"|\n</data></match></read>
<read echo="ascii"><delim>\n</delim><match><data>CEERt = |"ptR7","FHYa","3OMBt","nYOsYTh","G","Hf","Y","5","inBf"|\n</data></match></read>
<read echo="ascii"><delim>\n</delim><match><data>ys5Ie = |"z2qhRw","efYs","K","2iGJjr5"|\n</data></match></read>
<read echo="ascii"><delim>\n</delim><match><data>g2fmzl = |"9Y","IuB","7B0","NC2","SUGJGk","F5j","ptR7","FHYa","3OMBt","nYOsYTh","G","Hf","Y","5","inBf"|\n</data></match></read>
<read echo="ascii"><delim>\n</delim><match><data>cTkER8 = |"BpC7mp0","jvy","uAv","7s1h","GRRdK6w","Gqj","vDd"|\n</data></match></read>
<read echo="ascii"><delim>\n</delim><match><data>008D7lg = |"smEuq"|\n</data></match></read>
<read echo="ascii"><delim>\n</delim><match><data>dTK3PrL = |"taDSzJ","BZk","TyD6R","iJnX","OCUgH"|\n</data></match></read>
<read echo="ascii"><delim>\n</delim><match><data>98SIEW = |"mN6sBvz","di","CUzF","itnSS","Mc","Q2Nvl"|\n</data></match></read>
<read echo="ascii"><delim>\n</delim><match><data>nKu0W = |"di"|\n</data></match></read>
<read echo="ascii"><delim>\n</delim><match><data>Icksf = |"mN6sBvz","di","CUzF","itnSS","Mc","Q2Nvl","ptR7","FHYa","3OMBt","nYOsYTh","G","Hf","Y","5","inBf"|\n</data></match></read>
<read echo="ascii"><delim>\n</delim><match><data>pM9leT = |"yGSKCR","qiaNo","Zvwu","I5g","lMJNTVY","OrZoc37","mKodO16"|\n</data></match></read>
<read echo="ascii"><delim>\n</delim><match><data>RJh9h = |"WORR","ZkKgW"|\n</data></match></read>
<read echo="ascii"><delim>\n</delim><match><data>rJOkXw = |"bs3ays","E0lV","v18","p6t","NK","1m"|\n</data></match></read>
<read echo="ascii"><delim>\n</delim><match><data>LOnb7Ai = |"bs3ays","1m","E0lV","NK","qXXqUtfVh0"|\n</data></match></read>
		<read echo="ascii"><delim> </delim><match><data>\x3E </data></match></read>
		<write echo="ascii"><data>.l\n</data></write>
	</replay>
</pov>
