<?xml version="1.0" standalone="no" ?>
<!DOCTYPE pov SYSTEM "/usr/share/cgc-docs/replay.dtd"><pov>
	<cbid>CROMU_00011</cbid>
	<replay>
		<read echo="ascii"><delim> </delim><match><data>\x3E </data></match></read>
		<write echo="ascii"><data>0EIoI5 = |"NXc","XgPIlW","Ud2","C0Ik9N","Ug","A"|~|"8","vBb0xx","CpP"|\n</data></write>
		<read echo="ascii"><delim> </delim><match><data>\x3E </data></match></read>
		<write echo="ascii"><data>zPGGU = |"c","1","QArh5O2","Pnu9"|~|"1B","RP"|\n</data></write>
		<read echo="ascii"><delim> </delim><match><data>\x3E </data></match></read>
		<write echo="ascii"><data>D0oY8yb = |"OJ","E","pjwOA","Orqn","BfiW","0"|-|"DD","LvF","7fU"|\n</data></write>
		<read echo="ascii"><delim> </delim><match><data>\x3E </data></match></read>
		<write echo="ascii"><data>ge85t0 = 0EIoI5 + zPGGU\n</data></write>
		<read echo="ascii"><delim> </delim><match><data>\x3E </data></match></read>
		<write echo="ascii"><data>Ucf23 = 0EIoI5 - zPGGU\n</data></write>
		<read echo="ascii"><delim> </delim><match><data>\x3E </data></match></read>
		<write echo="ascii"><data>WUmnAKB = D0oY8yb - 0EIoI5\n</data></write>
		<read echo="ascii"><delim> </delim><match><data>\x3E </data></match></read>
		<write echo="ascii"><data>QIRYUp = 0EIoI5 ^ Ucf23\n</data></write>
		<read echo="ascii"><delim> </delim><match><data>\x3E </data></match></read>
		<write echo="ascii"><data>bjmoGcy = |"Pi","2sy","3EAp","2Nv"|-|"MmTAqgE","Vb","2Nv","DFsY","1G","2sy","xGo9H"|\n</data></write>
		<read echo="ascii"><delim> </delim><match><data>\x3E </data></match></read>
		<write echo="ascii"><data>9AfME = |"Vx01","E7Ke","Hn","W8xo6"|-|"cjc","Gq85n","Hn","e","Vx01","bpY1"|\n</data></write>
		<read echo="ascii"><delim> </delim><match><data>\x3E </data></match></read>
		<write echo="ascii"><data>9Jvuv4Y = Ucf23 + 9AfME\n</data></write>
		<read echo="ascii"><delim> </delim><match><data>\x3E </data></match></read>
		<write echo="ascii"><data>YBbLwun = WUmnAKB - 0EIoI5\n</data></write>
		<read echo="ascii"><delim> </delim><match><data>\x3E </data></match></read>
		<write echo="ascii"><data>PEi8Yn = |"v9htk"|^|"Tl"|\n</data></write>
		<read echo="ascii"><delim> </delim><match><data>\x3E </data></match></read>
		<write echo="ascii"><data>SfSrqV = |"xj07V","SCqIm","ttQVfCo","r"|~|"xj07V","Tp87V","5dl5","T5"|\n</data></write>
		<read echo="ascii"><delim> </delim><match><data>\x3E </data></match></read>
		<write echo="ascii"><data>seXcM = |"uKoXy","tyz","Dl","zQE","QI2sVF","eM2K","X4r"|~|"UEo8oH","dP1ap0B","Y"|\n</data></write>
		<read echo="ascii"><delim> </delim><match><data>\x3E </data></match></read>
		<write echo="ascii"><data>t9fZFX = |"aIe4r","PHo5b","Hy","fpCede","xEo","nkjaxd"|^|"Hy","aIe4r","7EHs"|\n</data></write>
		<read echo="ascii"><delim> </delim><match><data>\x3E </data></match></read>
		<write echo="ascii"><data>.p\n</data></write>
<read echo="ascii"><delim>\n</delim><match><data>0EIoI5 = |"NXc","XgPIlW","Ud2","C0Ik9N","Ug","A","8","vBb0xx","CpP"|\n</data></match></read>
<read echo="ascii"><delim>\n</delim><match><data>zPGGU = |"c","1","QArh5O2","Pnu9","1B","RP"|\n</data></match></read>
<read echo="ascii"><delim>\n</delim><match><data>D0oY8yb = |"OJ","E","pjwOA","Orqn","BfiW","0"|\n</data></match></read>
<read echo="ascii"><delim>\n</delim><match><data>ge85t0 = |"NXc","XgPIlW","Ud2","C0Ik9N","Ug","A","8","vBb0xx","CpP","c","1","QArh5O2","Pnu9","1B","RP"|\n</data></match></read>
<read echo="ascii"><delim>\n</delim><match><data>Ucf23 = |"NXc","XgPIlW","Ud2","C0Ik9N","Ug","A","8","vBb0xx","CpP"|\n</data></match></read>
<read echo="ascii"><delim>\n</delim><match><data>WUmnAKB = |"OJ","E","pjwOA","Orqn","BfiW","0"|\n</data></match></read>
<read echo="ascii"><delim>\n</delim><match><data>QIRYUp = |"NXc","XgPIlW","Ud2","C0Ik9N","Ug","A","8","vBb0xx","CpP"|\n</data></match></read>
<read echo="ascii"><delim>\n</delim><match><data>bjmoGcy = |"Pi","3EAp"|\n</data></match></read>
<read echo="ascii"><delim>\n</delim><match><data>9AfME = |"E7Ke","W8xo6"|\n</data></match></read>
<read echo="ascii"><delim>\n</delim><match><data>9Jvuv4Y = |"NXc","XgPIlW","Ud2","C0Ik9N","Ug","A","8","vBb0xx","CpP","E7Ke","W8xo6"|\n</data></match></read>
<read echo="ascii"><delim>\n</delim><match><data>YBbLwun = |"OJ","E","pjwOA","Orqn","BfiW","0"|\n</data></match></read>
<read echo="ascii"><delim>\n</delim><match><data>PEi8Yn = ||\n</data></match></read>
<read echo="ascii"><delim>\n</delim><match><data>SfSrqV = |"SCqIm","ttQVfCo","r","Tp87V","5dl5","T5"|\n</data></match></read>
<read echo="ascii"><delim>\n</delim><match><data>seXcM = |"uKoXy","tyz","Dl","zQE","QI2sVF","eM2K","X4r","UEo8oH","dP1ap0B","Y"|\n</data></match></read>
<read echo="ascii"><delim>\n</delim><match><data>t9fZFX = |"aIe4r","Hy"|\n</data></match></read>
		<read echo="ascii"><delim> </delim><match><data>\x3E </data></match></read>
		<write echo="ascii"><data>.l\n</data></write>
	</replay>
</pov>
