<?xml version="1.0" standalone="no" ?>
<!DOCTYPE pov SYSTEM "/usr/share/cgc-docs/replay.dtd"><pov>
	<cbid>CROMU_00011</cbid>
	<replay>
		<read echo="ascii"><delim> </delim><match><data>\x3E </data></match></read>
		<write echo="ascii"><data>hT7APAY = |"WudXCW","NNuBY","nvUU","d9","q6zHJ","5qelmh","h5bk"|-|"4MiX5","LAGtNS","qc5"|\n</data></write>
		<read echo="ascii"><delim> </delim><match><data>\x3E </data></match></read>
		<write echo="ascii"><data>NwzGc7a = |"dYbc","MrhY","AVJ","zWqmG","yipbRO1","3O17LMl","WK9SECn","ux"|\n</data></write>
		<read echo="ascii"><delim> </delim><match><data>\x3E </data></match></read>
		<write echo="ascii"><data>8CK97fu = |"AVJ","MrhY","ux","dYbc"|\n</data></write>
		<read echo="ascii"><delim> </delim><match><data>\x3E </data></match></read>
		<write echo="ascii"><data>8CK97fu@NwzGc7a\n</data></write>
		<read echo="ascii"><delim>\n</delim><match><data>TRUE\n</data></match></read>
		<read echo="ascii"><delim> </delim><match><data>\x3E </data></match></read>
		<write echo="ascii"><data>YIL3KOW = |"QY","OsFm","U0BI","yinOIRc"|-|"C","q","QY"|\n</data></write>
		<read echo="ascii"><delim> </delim><match><data>\x3E </data></match></read>
		<write echo="ascii"><data>vRoahM = YIL3KOW ~ NwzGc7a\n</data></write>
		<read echo="ascii"><delim> </delim><match><data>\x3E </data></match></read>
		<write echo="ascii"><data>PzGNk = NwzGc7a ~ hT7APAY\n</data></write>
		<read echo="ascii"><delim> </delim><match><data>\x3E </data></match></read>
		<write echo="ascii"><data>OHcAP = |"Nj","kPJO8","Zxtb","GY9urY","hwJX","VPG1RRO","zuJasgt"|-|"zuJasgt","Nj","VPG1RRO","visoxde","kPJO8","Zxtb","fenR25"|\n</data></write>
		<read echo="ascii"><delim> </delim><match><data>\x3E </data></match></read>
		<write echo="ascii"><data>dHAXF2 = |"JtV94","HxZiaA","aQbkjD","gTm"|^|"Bc","aQbkjD","tcxANo8","gTm","aq"|\n</data></write>
		<read echo="ascii"><delim> </delim><match><data>\x3E </data></match></read>
		<write echo="ascii"><data>1cXuo = |"ct67E","gDR","mhze","fd2","H4Fn","Bx"|^|"gDR","H4Fn","42Z","XG2Bl","Vsn56P"|\n</data></write>
		<read echo="ascii"><delim> </delim><match><data>\x3E </data></match></read>
		<write echo="ascii"><data>TQopQ = vRoahM ^ PzGNk\n</data></write>
		<read echo="ascii"><delim> </delim><match><data>\x3E </data></match></read>
		<write echo="ascii"><data>hgUppYj = vRoahM ~ TQopQ\n</data></write>
		<read echo="ascii"><delim> </delim><match><data>\x3E </data></match></read>
		<write echo="ascii"><data>hhOGtN = |"r2XcU","MZ","V","lu","R219T"|~|"QmN7HYz","mDvBHCk","R219T","W9pV","f13ZG9X","MZ","r2XcU"|\n</data></write>
		<read echo="ascii"><delim> </delim><match><data>\x3E </data></match></read>
		<write echo="ascii"><data>Al6aOf = |"a3R","0TMKvk4","ChAHD"|-|"oVBNZCP","ytj","gvN4Mdt"|\n</data></write>
		<read echo="ascii"><delim> </delim><match><data>\x3E </data></match></read>
		<write echo="ascii"><data>4CLxBs = OHcAP ~ Al6aOf\n</data></write>
		<read echo="ascii"><delim> </delim><match><data>\x3E </data></match></read>
		<write echo="ascii"><data>.p\n</data></write>
<read echo="ascii"><delim>\n</delim><match><data>hT7APAY = |"WudXCW","NNuBY","nvUU","d9","q6zHJ","5qelmh","h5bk"|\n</data></match></read>
<read echo="ascii"><delim>\n</delim><match><data>NwzGc7a = |"dYbc","MrhY","AVJ","zWqmG","yipbRO1","3O17LMl","WK9SECn","ux"|\n</data></match></read>
<read echo="ascii"><delim>\n</delim><match><data>8CK97fu = |"AVJ","MrhY","ux","dYbc"|\n</data></match></read>
<read echo="ascii"><delim>\n</delim><match><data>YIL3KOW = |"OsFm","U0BI","yinOIRc"|\n</data></match></read>
<read echo="ascii"><delim>\n</delim><match><data>vRoahM = |"OsFm","U0BI","yinOIRc","dYbc","MrhY","AVJ","zWqmG","yipbRO1","3O17LMl","WK9SECn","ux"|\n</data></match></read>
<read echo="ascii"><delim>\n</delim><match><data>PzGNk = |"dYbc","MrhY","AVJ","zWqmG","yipbRO1","3O17LMl","WK9SECn","ux","WudXCW","NNuBY","nvUU","d9","q6zHJ","5qelmh","h5bk"|\n</data></match></read>
<read echo="ascii"><delim>\n</delim><match><data>OHcAP = |"GY9urY","hwJX"|\n</data></match></read>
<read echo="ascii"><delim>\n</delim><match><data>dHAXF2 = |"aQbkjD","gTm"|\n</data></match></read>
<read echo="ascii"><delim>\n</delim><match><data>1cXuo = |"gDR","H4Fn"|\n</data></match></read>
<read echo="ascii"><delim>\n</delim><match><data>TQopQ = |"dYbc","MrhY","AVJ","zWqmG","yipbRO1","3O17LMl","WK9SECn","ux"|\n</data></match></read>
<read echo="ascii"><delim>\n</delim><match><data>hgUppYj = |"OsFm","U0BI","yinOIRc"|\n</data></match></read>
<read echo="ascii"><delim>\n</delim><match><data>hhOGtN = |"V","lu","QmN7HYz","mDvBHCk","W9pV","f13ZG9X"|\n</data></match></read>
<read echo="ascii"><delim>\n</delim><match><data>Al6aOf = |"a3R","0TMKvk4","ChAHD"|\n</data></match></read>
<read echo="ascii"><delim>\n</delim><match><data>4CLxBs = |"GY9urY","hwJX","a3R","0TMKvk4","ChAHD"|\n</data></match></read>
		<read echo="ascii"><delim> </delim><match><data>\x3E </data></match></read>
		<write echo="ascii"><data>.l\n</data></write>
	</replay>
</pov>
