<?xml version="1.0" standalone="no" ?>
<!DOCTYPE pov SYSTEM "/usr/share/cgc-docs/replay.dtd"><pov>
	<cbid>CROMU_00011</cbid>
	<replay>
		<read echo="ascii"><delim> </delim><match><data>\x3E </data></match></read>
		<write echo="ascii"><data>yPF4HS8 = |"Ia","9fLq","yyvKd"|+|"KHjYFc","HS","WXXS","Ia","TYqc5f","L","go"|\n</data></write>
		<read echo="ascii"><delim> </delim><match><data>\x3E </data></match></read>
		<write echo="ascii"><data>4paLz = |"V0A7Bys","o49tol","mu8pH","ZpZ","VOxAj","vC5","ycKl","GS","Jq","inBb4j4"|\n</data></write>
		<read echo="ascii"><delim> </delim><match><data>\x3E </data></match></read>
		<write echo="ascii"><data>mqs3Fjw = |"vC5","GS","ZpZ","Jq","inBb4j4","mu8pH","VOxAj"|\n</data></write>
		<read echo="ascii"><delim> </delim><match><data>\x3E </data></match></read>
		<write echo="ascii"><data>mqs3Fjw@4paLz\n</data></write>
		<read echo="ascii"><delim>\n</delim><match><data>TRUE\n</data></match></read>
		<read echo="ascii"><delim> </delim><match><data>\x3E </data></match></read>
		<write echo="ascii"><data>LjnI01 = mqs3Fjw - 4paLz\n</data></write>
		<read echo="ascii"><delim> </delim><match><data>\x3E </data></match></read>
		<write echo="ascii"><data>RhRBS = yPF4HS8 ~ LjnI01\n</data></write>
		<read echo="ascii"><delim> </delim><match><data>\x3E </data></match></read>
		<write echo="ascii"><data>Wpt9yM = |"GBYGJKz","606m","fMTojdC","2zZr","eq","fmqpoem"|^|"aUPG","QNasWL"|\n</data></write>
		<read echo="ascii"><delim> </delim><match><data>\x3E </data></match></read>
		<write echo="ascii"><data>CbFDT = 4paLz ^ 4paLz\n</data></write>
		<read echo="ascii"><delim> </delim><match><data>\x3E </data></match></read>
		<write echo="ascii"><data>Ixn76 = |"68Par","ie9","HqIe","5bw","Mn","G81YO","PWGG3","vZ"|\n</data></write>
		<read echo="ascii"><delim> </delim><match><data>\x3E </data></match></read>
		<write echo="ascii"><data>okLbNP = |"G81YO","vZ","ie9","68Par","eaDnzNosdQ"|\n</data></write>
		<read echo="ascii"><delim> </delim><match><data>\x3E </data></match></read>
		<write echo="ascii"><data>okLbNP@Ixn76\n</data></write>
		<read echo="ascii"><delim>\n</delim><match><data>FALSE\n</data></match></read>
		<read echo="ascii"><delim> </delim><match><data>\x3E </data></match></read>
		<write echo="ascii"><data>Jt7YH = okLbNP ~ mqs3Fjw\n</data></write>
		<read echo="ascii"><delim> </delim><match><data>\x3E </data></match></read>
		<write echo="ascii"><data>VBRFMo = |"9","8ej","qJAtw"|-|"tq","8ej","pu8Ge","4VonQn","FXQ","9"|\n</data></write>
		<read echo="ascii"><delim> </delim><match><data>\x3E </data></match></read>
		<write echo="ascii"><data>RR91FWe = |"HLi6","OWl4fc","XZ","44","5Rh"|-|"sQgr","PlU","deL","6XfJve","AAfrO","44"|\n</data></write>
		<read echo="ascii"><delim> </delim><match><data>\x3E </data></match></read>
		<write echo="ascii"><data>Y141vzbe7 = RhRBS ^ RhRBS\n</data></write>
		<read echo="ascii"><delim> </delim><match><data>\x3E </data></match></read>
		<write echo="ascii"><data>.p\n</data></write>
<read echo="ascii"><delim>\n</delim><match><data>yPF4HS8 = |"Ia","9fLq","yyvKd","KHjYFc","HS","WXXS","TYqc5f","L","go"|\n</data></match></read>
<read echo="ascii"><delim>\n</delim><match><data>4paLz = |"V0A7Bys","o49tol","mu8pH","ZpZ","VOxAj","vC5","ycKl","GS","Jq","inBb4j4"|\n</data></match></read>
<read echo="ascii"><delim>\n</delim><match><data>mqs3Fjw = |"vC5","GS","ZpZ","Jq","inBb4j4","mu8pH","VOxAj"|\n</data></match></read>
<read echo="ascii"><delim>\n</delim><match><data>LjnI01 = ||\n</data></match></read>
<read echo="ascii"><delim>\n</delim><match><data>RhRBS = |"Ia","9fLq","yyvKd","KHjYFc","HS","WXXS","TYqc5f","L","go"|\n</data></match></read>
<read echo="ascii"><delim>\n</delim><match><data>Wpt9yM = ||\n</data></match></read>
<read echo="ascii"><delim>\n</delim><match><data>CbFDT = |"V0A7Bys","o49tol","mu8pH","ZpZ","VOxAj","vC5","ycKl","GS","Jq","inBb4j4"|\n</data></match></read>
<read echo="ascii"><delim>\n</delim><match><data>Ixn76 = |"68Par","ie9","HqIe","5bw","Mn","G81YO","PWGG3","vZ"|\n</data></match></read>
<read echo="ascii"><delim>\n</delim><match><data>okLbNP = |"G81YO","vZ","ie9","68Par","eaDnzNosdQ"|\n</data></match></read>
<read echo="ascii"><delim>\n</delim><match><data>Jt7YH = |"G81YO","vZ","ie9","68Par","eaDnzNosdQ","vC5","GS","ZpZ","Jq","inBb4j4","mu8pH","VOxAj"|\n</data></match></read>
<read echo="ascii"><delim>\n</delim><match><data>VBRFMo = |"qJAtw"|\n</data></match></read>
<read echo="ascii"><delim>\n</delim><match><data>RR91FWe = |"HLi6","OWl4fc","XZ","5Rh"|\n</data></match></read>
<read echo="ascii"><delim>\n</delim><match><data>Y141vzbe7 = |"Ia","9fLq","yyvKd","KHjYFc","HS","WXXS","TYqc5f","L","go"|\n</data></match></read>
		<read echo="ascii"><delim> </delim><match><data>\x3E </data></match></read>
		<write echo="ascii"><data>.l\n</data></write>
	</replay>
</pov>
