<?xml version="1.0" standalone="no" ?>
<!DOCTYPE pov SYSTEM "/usr/share/cgc-docs/replay.dtd"><pov>
	<cbid>CROMU_00011</cbid>
	<replay>
		<read echo="ascii"><delim> </delim><match><data>\x3E </data></match></read>
		<write echo="ascii"><data>9qakosz = |"sNJEP","yCb","O52OdT","CSW5D","v9js74","FkY5"|\n</data></write>
		<read echo="ascii"><delim> </delim><match><data>\x3E </data></match></read>
		<write echo="ascii"><data>4t38So = |"v9js74","CSW5D","yCb","FkY5","O52OdT","F8NqJ3fvDu"|\n</data></write>
		<read echo="ascii"><delim> </delim><match><data>\x3E </data></match></read>
		<write echo="ascii"><data>4t38So@9qakosz\n</data></write>
		<read echo="ascii"><delim>\n</delim><match><data>FALSE\n</data></match></read>
		<read echo="ascii"><delim> </delim><match><data>\x3E </data></match></read>
		<write echo="ascii"><data>tGQxCn = |"fWy","jwqaBSB","hsk07","p","hpI"|-|"5eEr","jGXWJ","JtSWaa","Fd1qp"|\n</data></write>
		<read echo="ascii"><delim> </delim><match><data>\x3E </data></match></read>
		<write echo="ascii"><data>NiKt9 = 9qakosz ~ 9qakosz\n</data></write>
		<read echo="ascii"><delim> </delim><match><data>\x3E </data></match></read>
		<write echo="ascii"><data>GrPzolNxh = tGQxCn ^ 4t38So\n</data></write>
		<read echo="ascii"><delim> </delim><match><data>\x3E </data></match></read>
		<write echo="ascii"><data>pNOSrlm = tGQxCn ^ tGQxCn\n</data></write>
		<read echo="ascii"><delim> </delim><match><data>\x3E </data></match></read>
		<write echo="ascii"><data>QCKvtn = pNOSrlm - NiKt9\n</data></write>
		<read echo="ascii"><delim> </delim><match><data>\x3E </data></match></read>
		<write echo="ascii"><data>ymbkgZ = |"MrIBiiU","QbN","qjxYh","SGg","nb4","ZuVnBZC","Nss"|~|"dBQt1dC","MrIBiiU"|\n</data></write>
		<read echo="ascii"><delim> </delim><match><data>\x3E </data></match></read>
		<write echo="ascii"><data>f45FP = |"OoOGB8h","MKQm","eAaea"|^|"q4NB","eAaea"|\n</data></write>
		<read echo="ascii"><delim> </delim><match><data>\x3E </data></match></read>
		<write echo="ascii"><data>XCXjQ = tGQxCn ^ GrPzolNxh\n</data></write>
		<read echo="ascii"><delim> </delim><match><data>\x3E </data></match></read>
		<write echo="ascii"><data>YlGnRP9 = |"S36tua","UR","7k62jW","rpq1Pe3"|^|"Ab","2AjdF6","yVw"|\n</data></write>
		<read echo="ascii"><delim> </delim><match><data>\x3E </data></match></read>
		<write echo="ascii"><data>n61L6 = |"Gd","SWctTFz","HzpEsf","04pHU","vtwS","i3NtF3","AIHn8f"|^|"lwg","S9","HzpEsf","vsi6","XGj"|\n</data></write>
		<read echo="ascii"><delim> </delim><match><data>\x3E </data></match></read>
		<write echo="ascii"><data>CHzwgdUR6 = tGQxCn ^ n61L6\n</data></write>
		<read echo="ascii"><delim> </delim><match><data>\x3E </data></match></read>
		<write echo="ascii"><data>.p\n</data></write>
<read echo="ascii"><delim>\n</delim><match><data>9qakosz = |"sNJEP","yCb","O52OdT","CSW5D","v9js74","FkY5"|\n</data></match></read>
<read echo="ascii"><delim>\n</delim><match><data>4t38So = |"v9js74","CSW5D","yCb","FkY5","O52OdT","F8NqJ3fvDu"|\n</data></match></read>
<read echo="ascii"><delim>\n</delim><match><data>tGQxCn = |"fWy","jwqaBSB","hsk07","p","hpI"|\n</data></match></read>
<read echo="ascii"><delim>\n</delim><match><data>NiKt9 = ||\n</data></match></read>
<read echo="ascii"><delim>\n</delim><match><data>GrPzolNxh = ||\n</data></match></read>
<read echo="ascii"><delim>\n</delim><match><data>pNOSrlm = |"fWy","jwqaBSB","hsk07","p","hpI"|\n</data></match></read>
<read echo="ascii"><delim>\n</delim><match><data>QCKvtn = |"fWy","jwqaBSB","hsk07","p","hpI"|\n</data></match></read>
<read echo="ascii"><delim>\n</delim><match><data>ymbkgZ = |"QbN","qjxYh","SGg","nb4","ZuVnBZC","Nss","dBQt1dC"|\n</data></match></read>
<read echo="ascii"><delim>\n</delim><match><data>f45FP = |"eAaea"|\n</data></match></read>
<read echo="ascii"><delim>\n</delim><match><data>XCXjQ = ||\n</data></match></read>
<read echo="ascii"><delim>\n</delim><match><data>YlGnRP9 = ||\n</data></match></read>
<read echo="ascii"><delim>\n</delim><match><data>n61L6 = |"HzpEsf"|\n</data></match></read>
<read echo="ascii"><delim>\n</delim><match><data>CHzwgdUR6 = ||\n</data></match></read>
		<read echo="ascii"><delim> </delim><match><data>\x3E </data></match></read>
		<write echo="ascii"><data>.l\n</data></write>
	</replay>
</pov>
