<?xml version="1.0" standalone="no" ?>
<!DOCTYPE pov SYSTEM "/usr/share/cgc-docs/replay.dtd"><pov>
	<cbid>CROMU_00011</cbid>
	<replay>
		<read echo="ascii"><delim> </delim><match><data>\x3E </data></match></read>
		<write echo="ascii"><data>cHX1BsR = |"tg6t","eJZRJTH","NVT4z","K9V0","ogw4F","YZ","2Rk"|\n</data></write>
		<read echo="ascii"><delim> </delim><match><data>\x3E </data></match></read>
		<write echo="ascii"><data>1UaLWLG = |"eJZRJTH","tg6t","ogw4F","YZ","2Rk","NVT4z","LNULgAID7R"|\n</data></write>
		<read echo="ascii"><delim> </delim><match><data>\x3E </data></match></read>
		<write echo="ascii"><data>1UaLWLG@cHX1BsR\n</data></write>
		<read echo="ascii"><delim>\n</delim><match><data>FALSE\n</data></match></read>
		<read echo="ascii"><delim> </delim><match><data>\x3E </data></match></read>
		<write echo="ascii"><data>J0HeM = |"T6y"|~|"EA9Hc","E","hX4Ubrk"|\n</data></write>
		<read echo="ascii"><delim> </delim><match><data>\x3E </data></match></read>
		<write echo="ascii"><data>B8oZEg = |"k","4kebw62","fXb5R","lV","aHu31U"|-|"OoF6V","BCD5","V","9","gkratch","a"|\n</data></write>
		<read echo="ascii"><delim> </delim><match><data>\x3E </data></match></read>
		<write echo="ascii"><data>iHzZrF = |"7z69hJ7","a3","pO2","S3BF1L","hFc","n5cjKpi","4oO3wYx","XQ7PlVJ","27W14"|\n</data></write>
		<read echo="ascii"><delim> </delim><match><data>\x3E </data></match></read>
		<write echo="ascii"><data>iii3uJd = |"pO2","7z69hJ7","4oO3wYx","n5cjKpi","XQ7PlVJ","S3BF1L","a3","hFc"|\n</data></write>
		<read echo="ascii"><delim> </delim><match><data>\x3E </data></match></read>
		<write echo="ascii"><data>iii3uJd@iHzZrF\n</data></write>
		<read echo="ascii"><delim>\n</delim><match><data>TRUE\n</data></match></read>
		<read echo="ascii"><delim> </delim><match><data>\x3E </data></match></read>
		<write echo="ascii"><data>31hNF = |"LTa","ZvayW3Y","TyxmJHw","xq","tf96","cksFa","MCGlRe"|\n</data></write>
		<read echo="ascii"><delim> </delim><match><data>\x3E </data></match></read>
		<write echo="ascii"><data>Lq3zDh = |"MCGlRe","TyxmJHw","PaHZ5RLIOE"|\n</data></write>
		<read echo="ascii"><delim> </delim><match><data>\x3E </data></match></read>
		<write echo="ascii"><data>Lq3zDh@31hNF\n</data></write>
		<read echo="ascii"><delim>\n</delim><match><data>FALSE\n</data></match></read>
		<read echo="ascii"><delim> </delim><match><data>\x3E </data></match></read>
		<write echo="ascii"><data>YUvyEv7 = 31hNF - B8oZEg\n</data></write>
		<read echo="ascii"><delim> </delim><match><data>\x3E </data></match></read>
		<write echo="ascii"><data>x6ajJP = |"syCOfA"|~|"qxP97","7la","SEUV","NZnsrPE"|\n</data></write>
		<read echo="ascii"><delim> </delim><match><data>\x3E </data></match></read>
		<write echo="ascii"><data>Lh3L7e = |"4bK","HlAa","bXxuvY","b3gVw","cr","7D1","dmZT99O","VT"|\n</data></write>
		<read echo="ascii"><delim> </delim><match><data>\x3E </data></match></read>
		<write echo="ascii"><data>Olle3 = |"HlAa","4bK","8Z2FOQOvFU"|\n</data></write>
		<read echo="ascii"><delim> </delim><match><data>\x3E </data></match></read>
		<write echo="ascii"><data>Olle3@Lh3L7e\n</data></write>
		<read echo="ascii"><delim>\n</delim><match><data>FALSE\n</data></match></read>
		<read echo="ascii"><delim> </delim><match><data>\x3E </data></match></read>
		<write echo="ascii"><data>j9P3gj = |"v4"|^|"4gTBF"|\n</data></write>
		<read echo="ascii"><delim> </delim><match><data>\x3E </data></match></read>
		<write echo="ascii"><data>8Z9tCQ = 31hNF ^ iHzZrF\n</data></write>
		<read echo="ascii"><delim> </delim><match><data>\x3E </data></match></read>
		<write echo="ascii"><data>ETSno = Lh3L7e + j9P3gj\n</data></write>
		<read echo="ascii"><delim> </delim><match><data>\x3E </data></match></read>
		<write echo="ascii"><data>.p\n</data></write>
<read echo="ascii"><delim>\n</delim><match><data>cHX1BsR = |"tg6t","eJZRJTH","NVT4z","K9V0","ogw4F","YZ","2Rk"|\n</data></match></read>
<read echo="ascii"><delim>\n</delim><match><data>1UaLWLG = |"eJZRJTH","tg6t","ogw4F","YZ","2Rk","NVT4z","LNULgAID7R"|\n</data></match></read>
<read echo="ascii"><delim>\n</delim><match><data>J0HeM = |"T6y","EA9Hc","E","hX4Ubrk"|\n</data></match></read>
<read echo="ascii"><delim>\n</delim><match><data>B8oZEg = |"k","4kebw62","fXb5R","lV","aHu31U"|\n</data></match></read>
<read echo="ascii"><delim>\n</delim><match><data>iHzZrF = |"7z69hJ7","a3","pO2","S3BF1L","hFc","n5cjKpi","4oO3wYx","XQ7PlVJ","27W14"|\n</data></match></read>
<read echo="ascii"><delim>\n</delim><match><data>iii3uJd = |"pO2","7z69hJ7","4oO3wYx","n5cjKpi","XQ7PlVJ","S3BF1L","a3","hFc"|\n</data></match></read>
<read echo="ascii"><delim>\n</delim><match><data>31hNF = |"LTa","ZvayW3Y","TyxmJHw","xq","tf96","cksFa","MCGlRe"|\n</data></match></read>
<read echo="ascii"><delim>\n</delim><match><data>Lq3zDh = |"MCGlRe","TyxmJHw","PaHZ5RLIOE"|\n</data></match></read>
<read echo="ascii"><delim>\n</delim><match><data>YUvyEv7 = |"LTa","ZvayW3Y","TyxmJHw","xq","tf96","cksFa","MCGlRe"|\n</data></match></read>
<read echo="ascii"><delim>\n</delim><match><data>x6ajJP = |"syCOfA","qxP97","7la","SEUV","NZnsrPE"|\n</data></match></read>
<read echo="ascii"><delim>\n</delim><match><data>Lh3L7e = |"4bK","HlAa","bXxuvY","b3gVw","cr","7D1","dmZT99O","VT"|\n</data></match></read>
<read echo="ascii"><delim>\n</delim><match><data>Olle3 = |"HlAa","4bK","8Z2FOQOvFU"|\n</data></match></read>
<read echo="ascii"><delim>\n</delim><match><data>j9P3gj = ||\n</data></match></read>
<read echo="ascii"><delim>\n</delim><match><data>8Z9tCQ = ||\n</data></match></read>
<read echo="ascii"><delim>\n</delim><match><data>ETSno = |"4bK","HlAa","bXxuvY","b3gVw","cr","7D1","dmZT99O","VT"|\n</data></match></read>
		<read echo="ascii"><delim> </delim><match><data>\x3E </data></match></read>
		<write echo="ascii"><data>.l\n</data></write>
	</replay>
</pov>
