<?xml version="1.0" standalone="no" ?>
<!DOCTYPE pov SYSTEM "/usr/share/cgc-docs/replay.dtd"><pov>
	<cbid>CROMU_00011</cbid>
	<replay>
		<read echo="ascii"><delim> </delim><match><data>\x3E </data></match></read>
		<write echo="ascii"><data>MTi8Nl = |"26imeFR","tRP","V82EVa","QCRP249","Hc77","3g","4JUtkSw","v0q","rPl2bbD"|\n</data></write>
		<read echo="ascii"><delim> </delim><match><data>\x3E </data></match></read>
		<write echo="ascii"><data>CKuGA = |"tRP","26imeFR","3g","rPl2bbD"|\n</data></write>
		<read echo="ascii"><delim> </delim><match><data>\x3E </data></match></read>
		<write echo="ascii"><data>CKuGA@MTi8Nl\n</data></write>
		<read echo="ascii"><delim>\n</delim><match><data>TRUE\n</data></match></read>
		<read echo="ascii"><delim> </delim><match><data>\x3E </data></match></read>
		<write echo="ascii"><data>cEf0w = |"AqQOB1","v2xdpO7","Ktb","2N8M5"|-|"m3e9","fxK","jAv"|\n</data></write>
		<read echo="ascii"><delim> </delim><match><data>\x3E </data></match></read>
		<write echo="ascii"><data>Iauk6h = |"OB7","9pdmIZ","GjMNr","LuT5EDQ","ze","hpQats9","0e","ca"|\n</data></write>
		<read echo="ascii"><delim> </delim><match><data>\x3E </data></match></read>
		<write echo="ascii"><data>zG3YSk = |"OB7","ze","GjMNr","LuT5EDQ","hpQats9","Ant7hqwBkS"|\n</data></write>
		<read echo="ascii"><delim> </delim><match><data>\x3E </data></match></read>
		<write echo="ascii"><data>zG3YSk@Iauk6h\n</data></write>
		<read echo="ascii"><delim>\n</delim><match><data>FALSE\n</data></match></read>
		<read echo="ascii"><delim> </delim><match><data>\x3E </data></match></read>
		<write echo="ascii"><data>bBP6MBJ = |"wckwH","5DtK","dC","A9","4Yk8A","XoXjQ","J5sK","CvM","55dK"|\n</data></write>
		<read echo="ascii"><delim> </delim><match><data>\x3E </data></match></read>
		<write echo="ascii"><data>1MwPFrJ = |"J5sK","XoXjQ","5DtK","4Yk8A","wckwH","CvM"|\n</data></write>
		<read echo="ascii"><delim> </delim><match><data>\x3E </data></match></read>
		<write echo="ascii"><data>1MwPFrJ@bBP6MBJ\n</data></write>
		<read echo="ascii"><delim>\n</delim><match><data>TRUE\n</data></match></read>
		<read echo="ascii"><delim> </delim><match><data>\x3E </data></match></read>
		<write echo="ascii"><data>NlSHU = |"rKM","3tp","DNDxh"|^|"cf","lsS","3tp","Qb","RjVnC","rbu"|\n</data></write>
		<read echo="ascii"><delim> </delim><match><data>\x3E </data></match></read>
		<write echo="ascii"><data>8ojZQ5g = |"a2GU6","sQ","bjm","H","g6","y58EiZx","Ym"|~|"uxR"|\n</data></write>
		<read echo="ascii"><delim> </delim><match><data>\x3E </data></match></read>
		<write echo="ascii"><data>dG4Y4yR = MTi8Nl + MTi8Nl\n</data></write>
		<read echo="ascii"><delim> </delim><match><data>\x3E </data></match></read>
		<write echo="ascii"><data>1uP9Y8jce = dG4Y4yR ^ CKuGA\n</data></write>
		<read echo="ascii"><delim> </delim><match><data>\x3E </data></match></read>
		<write echo="ascii"><data>.p\n</data></write>
<read echo="ascii"><delim>\n</delim><match><data>MTi8Nl = |"26imeFR","tRP","V82EVa","QCRP249","Hc77","3g","4JUtkSw","v0q","rPl2bbD"|\n</data></match></read>
<read echo="ascii"><delim>\n</delim><match><data>CKuGA = |"tRP","26imeFR","3g","rPl2bbD"|\n</data></match></read>
<read echo="ascii"><delim>\n</delim><match><data>cEf0w = |"AqQOB1","v2xdpO7","Ktb","2N8M5"|\n</data></match></read>
<read echo="ascii"><delim>\n</delim><match><data>Iauk6h = |"OB7","9pdmIZ","GjMNr","LuT5EDQ","ze","hpQats9","0e","ca"|\n</data></match></read>
<read echo="ascii"><delim>\n</delim><match><data>zG3YSk = |"OB7","ze","GjMNr","LuT5EDQ","hpQats9","Ant7hqwBkS"|\n</data></match></read>
<read echo="ascii"><delim>\n</delim><match><data>bBP6MBJ = |"wckwH","5DtK","dC","A9","4Yk8A","XoXjQ","J5sK","CvM","55dK"|\n</data></match></read>
<read echo="ascii"><delim>\n</delim><match><data>1MwPFrJ = |"J5sK","XoXjQ","5DtK","4Yk8A","wckwH","CvM"|\n</data></match></read>
<read echo="ascii"><delim>\n</delim><match><data>NlSHU = |"3tp"|\n</data></match></read>
<read echo="ascii"><delim>\n</delim><match><data>8ojZQ5g = |"a2GU6","sQ","bjm","H","g6","y58EiZx","Ym","uxR"|\n</data></match></read>
<read echo="ascii"><delim>\n</delim><match><data>dG4Y4yR = |"26imeFR","tRP","V82EVa","QCRP249","Hc77","3g","4JUtkSw","v0q","rPl2bbD"|\n</data></match></read>
<read echo="ascii"><delim>\n</delim><match><data>1uP9Y8jce = |"26imeFR","tRP","3g","rPl2bbD"|\n</data></match></read>
		<read echo="ascii"><delim> </delim><match><data>\x3E </data></match></read>
		<write echo="ascii"><data>.l\n</data></write>
	</replay>
</pov>
