<?xml version="1.0" standalone="no" ?>
<!DOCTYPE pov SYSTEM "/usr/share/cgc-docs/replay.dtd"><pov>
	<cbid>CROMU_00011</cbid>
	<replay>
		<read echo="ascii"><delim> </delim><match><data>\x3E </data></match></read>
		<write echo="ascii"><data>cc8Fk1G = |"gMy","jsLDk2","HDE3ae","iTo","oz","wt","9yb4xF","f7WhL0l","0hdsvm","BPHWjk"|\n</data></write>
		<read echo="ascii"><delim> </delim><match><data>\x3E </data></match></read>
		<write echo="ascii"><data>PNs2U = |"9yb4xF","wt"|\n</data></write>
		<read echo="ascii"><delim> </delim><match><data>\x3E </data></match></read>
		<write echo="ascii"><data>PNs2U@cc8Fk1G\n</data></write>
		<read echo="ascii"><delim>\n</delim><match><data>TRUE\n</data></match></read>
		<read echo="ascii"><delim> </delim><match><data>\x3E </data></match></read>
		<write echo="ascii"><data>eFlle = |"cRi","Q0XF1M","OO"|~|"S17jz3w","csx2BVE"|\n</data></write>
		<read echo="ascii"><delim> </delim><match><data>\x3E </data></match></read>
		<write echo="ascii"><data>iKMZp9 = |"YgI","4AiK","F","mTw3"|-|"4AiK","8BfHL","Gm","6VEK5","hKziFb2"|\n</data></write>
		<read echo="ascii"><delim> </delim><match><data>\x3E </data></match></read>
		<write echo="ascii"><data>Svb6Uot0I = iKMZp9 ^ eFlle\n</data></write>
		<read echo="ascii"><delim> </delim><match><data>\x3E </data></match></read>
		<write echo="ascii"><data>MngjEw = Svb6Uot0I - eFlle\n</data></write>
		<read echo="ascii"><delim> </delim><match><data>\x3E </data></match></read>
		<write echo="ascii"><data>ROKQXN = iKMZp9 - iKMZp9\n</data></write>
		<read echo="ascii"><delim> </delim><match><data>\x3E </data></match></read>
		<write echo="ascii"><data>gdKq4C = |"o","FfkX","1fVZ"|-|"AGPmM1","hMWC","vtPnDT","w3jTD","hW","ovenZct","o"|\n</data></write>
		<read echo="ascii"><delim> </delim><match><data>\x3E </data></match></read>
		<write echo="ascii"><data>mnySY = |"Vv4","bNsHRo","A1JuoHH","hHpQ9","l6k","Yc","Hf","i6uTr"|\n</data></write>
		<read echo="ascii"><delim> </delim><match><data>\x3E </data></match></read>
		<write echo="ascii"><data>zC20ea = |"l6k","A1JuoHH","Yc"|\n</data></write>
		<read echo="ascii"><delim> </delim><match><data>\x3E </data></match></read>
		<write echo="ascii"><data>zC20ea@mnySY\n</data></write>
		<read echo="ascii"><delim>\n</delim><match><data>TRUE\n</data></match></read>
		<read echo="ascii"><delim> </delim><match><data>\x3E </data></match></read>
		<write echo="ascii"><data>XrGKB5 = |"efJ","Tk","hrSL0MV","R8","FIrzp","5Osxv"|~|"hrSL0MV","nKy","FyBlt","0IIiR","5Osxv","efJ"|\n</data></write>
		<read echo="ascii"><delim> </delim><match><data>\x3E </data></match></read>
		<write echo="ascii"><data>MIJxgHA = |"ehlRYV","FKH9I","qE"|~|"k","i","Nj","f"|\n</data></write>
		<read echo="ascii"><delim> </delim><match><data>\x3E </data></match></read>
		<write echo="ascii"><data>70PqKm = MngjEw + zC20ea\n</data></write>
		<read echo="ascii"><delim> </delim><match><data>\x3E </data></match></read>
		<write echo="ascii"><data>cD1Crpa = |"2ZiSB","tJOMV","I"|+|"VcysZ","I","eU380","lMT3mD","mrPpymg","OKRgDf","wE"|\n</data></write>
		<read echo="ascii"><delim> </delim><match><data>\x3E </data></match></read>
		<write echo="ascii"><data>EwKV5Vc = gdKq4C ^ PNs2U\n</data></write>
		<read echo="ascii"><delim> </delim><match><data>\x3E </data></match></read>
		<write echo="ascii"><data>.p\n</data></write>
<read echo="ascii"><delim>\n</delim><match><data>cc8Fk1G = |"gMy","jsLDk2","HDE3ae","iTo","oz","wt","9yb4xF","f7WhL0l","0hdsvm","BPHWjk"|\n</data></match></read>
<read echo="ascii"><delim>\n</delim><match><data>PNs2U = |"9yb4xF","wt"|\n</data></match></read>
<read echo="ascii"><delim>\n</delim><match><data>eFlle = |"cRi","Q0XF1M","OO","S17jz3w","csx2BVE"|\n</data></match></read>
<read echo="ascii"><delim>\n</delim><match><data>iKMZp9 = |"YgI","F","mTw3"|\n</data></match></read>
<read echo="ascii"><delim>\n</delim><match><data>Svb6Uot0I = ||\n</data></match></read>
<read echo="ascii"><delim>\n</delim><match><data>MngjEw = ||\n</data></match></read>
<read echo="ascii"><delim>\n</delim><match><data>ROKQXN = ||\n</data></match></read>
<read echo="ascii"><delim>\n</delim><match><data>gdKq4C = |"FfkX","1fVZ"|\n</data></match></read>
<read echo="ascii"><delim>\n</delim><match><data>mnySY = |"Vv4","bNsHRo","A1JuoHH","hHpQ9","l6k","Yc","Hf","i6uTr"|\n</data></match></read>
<read echo="ascii"><delim>\n</delim><match><data>zC20ea = |"l6k","A1JuoHH","Yc"|\n</data></match></read>
<read echo="ascii"><delim>\n</delim><match><data>XrGKB5 = |"Tk","R8","FIrzp","nKy","FyBlt","0IIiR"|\n</data></match></read>
<read echo="ascii"><delim>\n</delim><match><data>MIJxgHA = |"ehlRYV","FKH9I","qE","k","i","Nj","f"|\n</data></match></read>
<read echo="ascii"><delim>\n</delim><match><data>70PqKm = |"l6k","A1JuoHH","Yc"|\n</data></match></read>
<read echo="ascii"><delim>\n</delim><match><data>cD1Crpa = |"2ZiSB","tJOMV","I","VcysZ","eU380","lMT3mD","mrPpymg","OKRgDf","wE"|\n</data></match></read>
<read echo="ascii"><delim>\n</delim><match><data>EwKV5Vc = ||\n</data></match></read>
		<read echo="ascii"><delim> </delim><match><data>\x3E </data></match></read>
		<write echo="ascii"><data>.l\n</data></write>
	</replay>
</pov>
