<?xml version="1.0" standalone="no" ?>
<!DOCTYPE pov SYSTEM "/usr/share/cgc-docs/replay.dtd"><pov>
	<cbid>CROMU_00011</cbid>
	<replay>
		<read echo="ascii"><delim> </delim><match><data>\x3E </data></match></read>
		<write echo="ascii"><data>dp6jz = |"bau1aH","OlyO6V1"|^|"IVZbqci","vVp2sk","Ee3URD","jl","jYwgxzb","MbrV","2ikBMp"|\n</data></write>
		<read echo="ascii"><delim> </delim><match><data>\x3E </data></match></read>
		<write echo="ascii"><data>fdwJAGI = dp6jz ~ dp6jz\n</data></write>
		<read echo="ascii"><delim> </delim><match><data>\x3E </data></match></read>
		<write echo="ascii"><data>Sslrs = |"YnOY","Tzkgl1U"|+|"oRCdOC","qrHj","YnOY","g25x","2A"|\n</data></write>
		<read echo="ascii"><delim> </delim><match><data>\x3E </data></match></read>
		<write echo="ascii"><data>YKVEBE3 = fdwJAGI - dp6jz\n</data></write>
		<read echo="ascii"><delim> </delim><match><data>\x3E </data></match></read>
		<write echo="ascii"><data>GYG7ir0 = Sslrs ~ fdwJAGI\n</data></write>
		<read echo="ascii"><delim> </delim><match><data>\x3E </data></match></read>
		<write echo="ascii"><data>T51pQq = fdwJAGI - YKVEBE3\n</data></write>
		<read echo="ascii"><delim> </delim><match><data>\x3E </data></match></read>
		<write echo="ascii"><data>zDTbE = |"B"|~|"7sBdx","Lg","jljQ2"|\n</data></write>
		<read echo="ascii"><delim> </delim><match><data>\x3E </data></match></read>
		<write echo="ascii"><data>BEEcFgm = |"4ZXrd","2Wlw","I2T2kh","KQ"|+|"h","6yh2kF","KQ","2Wlw","nYuRF","SzSEY","0gD0U"|\n</data></write>
		<read echo="ascii"><delim> </delim><match><data>\x3E </data></match></read>
		<write echo="ascii"><data>GjMXHyp = |"dPTH","IIDI","GVDN","8ivAj","AZgj","p9vwuP"|\n</data></write>
		<read echo="ascii"><delim> </delim><match><data>\x3E </data></match></read>
		<write echo="ascii"><data>zCY3mJ = |"GVDN"|\n</data></write>
		<read echo="ascii"><delim> </delim><match><data>\x3E </data></match></read>
		<write echo="ascii"><data>zCY3mJ@GjMXHyp\n</data></write>
		<read echo="ascii"><delim>\n</delim><match><data>TRUE\n</data></match></read>
		<read echo="ascii"><delim> </delim><match><data>\x3E </data></match></read>
		<write echo="ascii"><data>.p\n</data></write>
<read echo="ascii"><delim>\n</delim><match><data>dp6jz = ||\n</data></match></read>
<read echo="ascii"><delim>\n</delim><match><data>fdwJAGI = ||\n</data></match></read>
<read echo="ascii"><delim>\n</delim><match><data>Sslrs = |"YnOY","Tzkgl1U","oRCdOC","qrHj","g25x","2A"|\n</data></match></read>
<read echo="ascii"><delim>\n</delim><match><data>YKVEBE3 = ||\n</data></match></read>
<read echo="ascii"><delim>\n</delim><match><data>GYG7ir0 = |"YnOY","Tzkgl1U","oRCdOC","qrHj","g25x","2A"|\n</data></match></read>
<read echo="ascii"><delim>\n</delim><match><data>T51pQq = ||\n</data></match></read>
<read echo="ascii"><delim>\n</delim><match><data>zDTbE = |"B","7sBdx","Lg","jljQ2"|\n</data></match></read>
<read echo="ascii"><delim>\n</delim><match><data>BEEcFgm = |"4ZXrd","2Wlw","I2T2kh","KQ","h","6yh2kF","nYuRF","SzSEY","0gD0U"|\n</data></match></read>
<read echo="ascii"><delim>\n</delim><match><data>GjMXHyp = |"dPTH","IIDI","GVDN","8ivAj","AZgj","p9vwuP"|\n</data></match></read>
<read echo="ascii"><delim>\n</delim><match><data>zCY3mJ = |"GVDN"|\n</data></match></read>
		<read echo="ascii"><delim> </delim><match><data>\x3E </data></match></read>
		<write echo="ascii"><data>.l\n</data></write>
	</replay>
</pov>
