<?xml version="1.0" standalone="no" ?>
<!DOCTYPE pov SYSTEM "/usr/share/cgc-docs/replay.dtd"><pov>
	<cbid>CROMU_00011</cbid>
	<replay>
		<read echo="ascii"><delim> </delim><match><data>\x3E </data></match></read>
		<write echo="ascii"><data>jkTqjwc = |"nirXgS","1KjVUq","HTjVBK","smnbP","VzNHmRD","Xdw"|-|"hZUHG","MkI3y6","1KjVUq","xSYA6G","HTjVBK","C"|\n</data></write>
		<read echo="ascii"><delim> </delim><match><data>\x3E </data></match></read>
		<write echo="ascii"><data>LVb5b = |"B9NgE","H7"|+|"pB7O","RkGvsJA","SCm","H7"|\n</data></write>
		<read echo="ascii"><delim> </delim><match><data>\x3E </data></match></read>
		<write echo="ascii"><data>3MqmFSd = |"ka7nS","XxR","K2m","SYiHCBd","TLNbV3","VJshe","txst0O"|\n</data></write>
		<read echo="ascii"><delim> </delim><match><data>\x3E </data></match></read>
		<write echo="ascii"><data>jCQ1m0 = |"TLNbV3","txst0O","K2m"|\n</data></write>
		<read echo="ascii"><delim> </delim><match><data>\x3E </data></match></read>
		<write echo="ascii"><data>jCQ1m0@3MqmFSd\n</data></write>
		<read echo="ascii"><delim>\n</delim><match><data>TRUE\n</data></match></read>
		<read echo="ascii"><delim> </delim><match><data>\x3E </data></match></read>
		<write echo="ascii"><data>QoM1YOF = |"isj","ZZg2z"|+|"qRG","gP3o1l8","k1xPfeE","CY3CqDR","G","1Z0F","GsuED"|\n</data></write>
		<read echo="ascii"><delim> </delim><match><data>\x3E </data></match></read>
		<write echo="ascii"><data>JmXPu = jCQ1m0 ~ jkTqjwc\n</data></write>
		<read echo="ascii"><delim> </delim><match><data>\x3E </data></match></read>
		<write echo="ascii"><data>Znkb7L = |"6JmoA","8aa5","hINda","sX9b8","MhmfC"|^|"TvzNZJh","jEPT","sfeIE2","31zK9"|\n</data></write>
		<read echo="ascii"><delim> </delim><match><data>\x3E </data></match></read>
		<write echo="ascii"><data>xQdwg35 = LVb5b ~ LVb5b\n</data></write>
		<read echo="ascii"><delim> </delim><match><data>\x3E </data></match></read>
		<write echo="ascii"><data>.p\n</data></write>
<read echo="ascii"><delim>\n</delim><match><data>jkTqjwc = |"nirXgS","smnbP","VzNHmRD","Xdw"|\n</data></match></read>
<read echo="ascii"><delim>\n</delim><match><data>LVb5b = |"B9NgE","H7","pB7O","RkGvsJA","SCm"|\n</data></match></read>
<read echo="ascii"><delim>\n</delim><match><data>3MqmFSd = |"ka7nS","XxR","K2m","SYiHCBd","TLNbV3","VJshe","txst0O"|\n</data></match></read>
<read echo="ascii"><delim>\n</delim><match><data>jCQ1m0 = |"TLNbV3","txst0O","K2m"|\n</data></match></read>
<read echo="ascii"><delim>\n</delim><match><data>QoM1YOF = |"isj","ZZg2z","qRG","gP3o1l8","k1xPfeE","CY3CqDR","G","1Z0F","GsuED"|\n</data></match></read>
<read echo="ascii"><delim>\n</delim><match><data>JmXPu = |"TLNbV3","txst0O","K2m","nirXgS","smnbP","VzNHmRD","Xdw"|\n</data></match></read>
<read echo="ascii"><delim>\n</delim><match><data>Znkb7L = ||\n</data></match></read>
<read echo="ascii"><delim>\n</delim><match><data>xQdwg35 = ||\n</data></match></read>
		<read echo="ascii"><delim> </delim><match><data>\x3E </data></match></read>
		<write echo="ascii"><data>.l\n</data></write>
	</replay>
</pov>
