<?xml version="1.0" standalone="no" ?>
<!DOCTYPE pov SYSTEM "/usr/share/cgc-docs/replay.dtd"><pov>
	<cbid>CROMU_00011</cbid>
	<replay>
		<read echo="ascii"><delim> </delim><match><data>\x3E </data></match></read>
		<write echo="ascii"><data>b84Mh = |"N","jeY","s","QYV"|-|"H","QYV","AE8E","oU"|\n</data></write>
		<read echo="ascii"><delim> </delim><match><data>\x3E </data></match></read>
		<write echo="ascii"><data>C2sUd = |"fFr","5s8D2gc","m5l","qNIF","3h54","EW"|+|"X0","m5l","AX","fFr","NveTnKf","nNH","qNIF"|\n</data></write>
		<read echo="ascii"><delim> </delim><match><data>\x3E </data></match></read>
		<write echo="ascii"><data>T36VN = |"1pYv7","1O","QCkrW8c"|+|"eS","Ubdiw","1LQu","MTW7Am"|\n</data></write>
		<read echo="ascii"><delim> </delim><match><data>\x3E </data></match></read>
		<write echo="ascii"><data>NrEar = |"4F"|~|"4F","raaCPoS"|\n</data></write>
		<read echo="ascii"><delim> </delim><match><data>\x3E </data></match></read>
		<write echo="ascii"><data>RufQI = |"nN2vfL","rx8i54t","Gp","JvtLHb","iIn","H0IwIFJ","sw"|\n</data></write>
		<read echo="ascii"><delim> </delim><match><data>\x3E </data></match></read>
		<write echo="ascii"><data>t7hv0 = |"nN2vfL","JvtLHb","sw","H0IwIFJ","iIn","waQvrguy3m"|\n</data></write>
		<read echo="ascii"><delim> </delim><match><data>\x3E </data></match></read>
		<write echo="ascii"><data>t7hv0@RufQI\n</data></write>
		<read echo="ascii"><delim>\n</delim><match><data>FALSE\n</data></match></read>
		<read echo="ascii"><delim> </delim><match><data>\x3E </data></match></read>
		<write echo="ascii"><data>V2YEFJP = |"DWzlG","2H8up7","0POYcSU","peTo","MwPN","Un"|-|"v8dOgt","DWzlG","DNKZp7","38DfiFq","E"|\n</data></write>
		<read echo="ascii"><delim> </delim><match><data>\x3E </data></match></read>
		<write echo="ascii"><data>Ek2SB = |"Lyv","QXffqty","2PvokBc","Rq1EsNL","hWl1o","v3NkZoQ"|+|"QXffqty","4gskNGb","VCx2of1","0"|\n</data></write>
		<read echo="ascii"><delim> </delim><match><data>\x3E </data></match></read>
		<write echo="ascii"><data>UqzR9 = T36VN ~ t7hv0\n</data></write>
		<read echo="ascii"><delim> </delim><match><data>\x3E </data></match></read>
		<write echo="ascii"><data>BXKED = |"EjSm","C2hHGE","ao","79uLYJ","C","T7kC"|-|"T7kC","sfR","9ze","7n1ox","VpS4G","BFuW6","X"|\n</data></write>
		<read echo="ascii"><delim> </delim><match><data>\x3E </data></match></read>
		<write echo="ascii"><data>vVzxVX = |"guL","9PU4","vGN","nEX","aen","QjjJKQi","gpd1v"|\n</data></write>
		<read echo="ascii"><delim> </delim><match><data>\x3E </data></match></read>
		<write echo="ascii"><data>7BmMJ = |"9PU4","aen","gpd1v","O03XeCIrFj"|\n</data></write>
		<read echo="ascii"><delim> </delim><match><data>\x3E </data></match></read>
		<write echo="ascii"><data>7BmMJ@vVzxVX\n</data></write>
		<read echo="ascii"><delim>\n</delim><match><data>FALSE\n</data></match></read>
		<read echo="ascii"><delim> </delim><match><data>\x3E </data></match></read>
		<write echo="ascii"><data>.p\n</data></write>
<read echo="ascii"><delim>\n</delim><match><data>b84Mh = |"N","jeY","s"|\n</data></match></read>
<read echo="ascii"><delim>\n</delim><match><data>C2sUd = |"fFr","5s8D2gc","m5l","qNIF","3h54","EW","X0","AX","NveTnKf","nNH"|\n</data></match></read>
<read echo="ascii"><delim>\n</delim><match><data>T36VN = |"1pYv7","1O","QCkrW8c","eS","Ubdiw","1LQu","MTW7Am"|\n</data></match></read>
<read echo="ascii"><delim>\n</delim><match><data>NrEar = |"raaCPoS"|\n</data></match></read>
<read echo="ascii"><delim>\n</delim><match><data>RufQI = |"nN2vfL","rx8i54t","Gp","JvtLHb","iIn","H0IwIFJ","sw"|\n</data></match></read>
<read echo="ascii"><delim>\n</delim><match><data>t7hv0 = |"nN2vfL","JvtLHb","sw","H0IwIFJ","iIn","waQvrguy3m"|\n</data></match></read>
<read echo="ascii"><delim>\n</delim><match><data>V2YEFJP = |"2H8up7","0POYcSU","peTo","MwPN","Un"|\n</data></match></read>
<read echo="ascii"><delim>\n</delim><match><data>Ek2SB = |"Lyv","QXffqty","2PvokBc","Rq1EsNL","hWl1o","v3NkZoQ","4gskNGb","VCx2of1","0"|\n</data></match></read>
<read echo="ascii"><delim>\n</delim><match><data>UqzR9 = |"1pYv7","1O","QCkrW8c","eS","Ubdiw","1LQu","MTW7Am","nN2vfL","JvtLHb","sw","H0IwIFJ","iIn","waQvrguy3m"|\n</data></match></read>
<read echo="ascii"><delim>\n</delim><match><data>BXKED = |"EjSm","C2hHGE","ao","79uLYJ","C"|\n</data></match></read>
<read echo="ascii"><delim>\n</delim><match><data>vVzxVX = |"guL","9PU4","vGN","nEX","aen","QjjJKQi","gpd1v"|\n</data></match></read>
<read echo="ascii"><delim>\n</delim><match><data>7BmMJ = |"9PU4","aen","gpd1v","O03XeCIrFj"|\n</data></match></read>
		<read echo="ascii"><delim> </delim><match><data>\x3E </data></match></read>
		<write echo="ascii"><data>.l\n</data></write>
	</replay>
</pov>
