<?xml version="1.0" standalone="no" ?>
<!DOCTYPE pov SYSTEM "/usr/share/cgc-docs/replay.dtd"><pov>
	<cbid>CROMU_00011</cbid>
	<replay>
		<read echo="ascii"><delim> </delim><match><data>\x3E </data></match></read>
		<write echo="ascii"><data>SUZsWZz = |"1p7ju","z4eO"|^|"1p7ju","Nla8"|\n</data></write>
		<read echo="ascii"><delim> </delim><match><data>\x3E </data></match></read>
		<write echo="ascii"><data>PveJ1 = SUZsWZz + SUZsWZz\n</data></write>
		<read echo="ascii"><delim> </delim><match><data>\x3E </data></match></read>
		<write echo="ascii"><data>XCNpG = |"AT","IO","R","TcXT","amTc"|~|"Jb","amTc","IO","bu","gIy8kT"|\n</data></write>
		<read echo="ascii"><delim> </delim><match><data>\x3E </data></match></read>
		<write echo="ascii"><data>yZ1XYj = |"4j","em","zNoyj"|^|"ib","4j","mh","nd9ElP","8L","bDpkXDq"|\n</data></write>
		<read echo="ascii"><delim> </delim><match><data>\x3E </data></match></read>
		<write echo="ascii"><data>OdCV6A = |"JlD","2SU","rTbt","cCNUWlg"|+|"R","r0s","JrLLGs","1lGuWDj","2SU"|\n</data></write>
		<read echo="ascii"><delim> </delim><match><data>\x3E </data></match></read>
		<write echo="ascii"><data>ByJ2L = |"9","wQ","rY2TJTP","xgZju7","4X0gEb","TzEDCj7","Dp44"|-|"0lB7PnU","axLk5GL","1T","Dp44","sUzU7l"|\n</data></write>
		<read echo="ascii"><delim> </delim><match><data>\x3E </data></match></read>
		<write echo="ascii"><data>luU3Ijq = |"pRn6A2a","WH","DRz0lIT","eHyvaDB","yJm1vi","xUnBmf"|~|"1AHH21z","d3D"|\n</data></write>
		<read echo="ascii"><delim> </delim><match><data>\x3E </data></match></read>
		<write echo="ascii"><data>cmamR9w = |"16"|^|"bVRn","i0g","amswQB","16","35o","LB","XbX"|\n</data></write>
		<read echo="ascii"><delim> </delim><match><data>\x3E </data></match></read>
		<write echo="ascii"><data>StCjtx = |"UMc3wnM","GCw","fiD","jk9yTa","5m3","7T","6"|~|"GCw","4Q6x","7T","Ij","KfvakbW","bR"|\n</data></write>
		<read echo="ascii"><delim> </delim><match><data>\x3E </data></match></read>
		<write echo="ascii"><data>hO0Lb6F = |"wIMFv","CJLwDg4","v0CZ","Md4p8V","WTEgF","JR8V","XsZZIB","Dui9W1","sQ7Ep","4o"|\n</data></write>
		<read echo="ascii"><delim> </delim><match><data>\x3E </data></match></read>
		<write echo="ascii"><data>LPiOT = |"sQ7Ep","CJLwDg4","Dui9W1","ndFdzypzLK"|\n</data></write>
		<read echo="ascii"><delim> </delim><match><data>\x3E </data></match></read>
		<write echo="ascii"><data>LPiOT@hO0Lb6F\n</data></write>
		<read echo="ascii"><delim>\n</delim><match><data>FALSE\n</data></match></read>
		<read echo="ascii"><delim> </delim><match><data>\x3E </data></match></read>
		<write echo="ascii"><data>.p\n</data></write>
<read echo="ascii"><delim>\n</delim><match><data>SUZsWZz = |"1p7ju"|\n</data></match></read>
<read echo="ascii"><delim>\n</delim><match><data>PveJ1 = |"1p7ju"|\n</data></match></read>
<read echo="ascii"><delim>\n</delim><match><data>XCNpG = |"AT","R","TcXT","Jb","bu","gIy8kT"|\n</data></match></read>
<read echo="ascii"><delim>\n</delim><match><data>yZ1XYj = |"4j"|\n</data></match></read>
<read echo="ascii"><delim>\n</delim><match><data>OdCV6A = |"JlD","2SU","rTbt","cCNUWlg","R","r0s","JrLLGs","1lGuWDj"|\n</data></match></read>
<read echo="ascii"><delim>\n</delim><match><data>ByJ2L = |"9","wQ","rY2TJTP","xgZju7","4X0gEb","TzEDCj7"|\n</data></match></read>
<read echo="ascii"><delim>\n</delim><match><data>luU3Ijq = |"pRn6A2a","WH","DRz0lIT","eHyvaDB","yJm1vi","xUnBmf","1AHH21z","d3D"|\n</data></match></read>
<read echo="ascii"><delim>\n</delim><match><data>cmamR9w = |"16"|\n</data></match></read>
<read echo="ascii"><delim>\n</delim><match><data>StCjtx = |"UMc3wnM","fiD","jk9yTa","5m3","6","4Q6x","Ij","KfvakbW","bR"|\n</data></match></read>
<read echo="ascii"><delim>\n</delim><match><data>hO0Lb6F = |"wIMFv","CJLwDg4","v0CZ","Md4p8V","WTEgF","JR8V","XsZZIB","Dui9W1","sQ7Ep","4o"|\n</data></match></read>
<read echo="ascii"><delim>\n</delim><match><data>LPiOT = |"sQ7Ep","CJLwDg4","Dui9W1","ndFdzypzLK"|\n</data></match></read>
		<read echo="ascii"><delim> </delim><match><data>\x3E </data></match></read>
		<write echo="ascii"><data>.l\n</data></write>
	</replay>
</pov>
