<?xml version="1.0" standalone="no" ?>
<!DOCTYPE pov SYSTEM "/usr/share/cgc-docs/replay.dtd"><pov>
	<cbid>CROMU_00011</cbid>
	<replay>
		<read echo="ascii"><delim> </delim><match><data>\x3E </data></match></read>
		<write echo="ascii"><data>yandB = |"4dk2jlv","2u4","8Y","eJ"|-|"9XUAaz3","vK","Mx","2u4","degf","hZOkIV"|\n</data></write>
		<read echo="ascii"><delim> </delim><match><data>\x3E </data></match></read>
		<write echo="ascii"><data>ieGXBe = |"ZMQP0k","GXn1wm","LJZ","zWq","MDmwnt2","nFB5A","GtW","w01","2siCye"|\n</data></write>
		<read echo="ascii"><delim> </delim><match><data>\x3E </data></match></read>
		<write echo="ascii"><data>jpAnGS = |"zWq","w01","ZMQP0k","GtW","2siCye"|\n</data></write>
		<read echo="ascii"><delim> </delim><match><data>\x3E </data></match></read>
		<write echo="ascii"><data>jpAnGS@ieGXBe\n</data></write>
		<read echo="ascii"><delim>\n</delim><match><data>TRUE\n</data></match></read>
		<read echo="ascii"><delim> </delim><match><data>\x3E </data></match></read>
		<write echo="ascii"><data>BpsjQD = jpAnGS + jpAnGS\n</data></write>
		<read echo="ascii"><delim> </delim><match><data>\x3E </data></match></read>
		<write echo="ascii"><data>RxCcl = yandB + jpAnGS\n</data></write>
		<read echo="ascii"><delim> </delim><match><data>\x3E </data></match></read>
		<write echo="ascii"><data>I8llN = ieGXBe ~ jpAnGS\n</data></write>
		<read echo="ascii"><delim> </delim><match><data>\x3E </data></match></read>
		<write echo="ascii"><data>dyJzyX8 = |"c","Hh","jRX","nA1XH6B","p9s6J"|-|"DYZ","oCkEbgw","c","GmHLh","jRX","eoIITd"|\n</data></write>
		<read echo="ascii"><delim> </delim><match><data>\x3E </data></match></read>
		<write echo="ascii"><data>IZHfX = |"38Sw","1","vWe","M212m","rZS","6W8iw4a","IOE2D5i"|+|"GY6zPMc","IOE2D5i","E1D","38Sw"|\n</data></write>
		<read echo="ascii"><delim> </delim><match><data>\x3E </data></match></read>
		<write echo="ascii"><data>ZfzpjwI = |"N","8Ncciw","W","nRJXVR","4"|+|"YRMLk","vIciDN","vR1Apc","W"|\n</data></write>
		<read echo="ascii"><delim> </delim><match><data>\x3E </data></match></read>
		<write echo="ascii"><data>i1rQDQ = ieGXBe - ZfzpjwI\n</data></write>
		<read echo="ascii"><delim> </delim><match><data>\x3E </data></match></read>
		<write echo="ascii"><data>eIz4gO = RxCcl - dyJzyX8\n</data></write>
		<read echo="ascii"><delim> </delim><match><data>\x3E </data></match></read>
		<write echo="ascii"><data>tpIIU5shU = dyJzyX8 ^ jpAnGS\n</data></write>
		<read echo="ascii"><delim> </delim><match><data>\x3E </data></match></read>
		<write echo="ascii"><data>YvO6Q = |"BRQ","KSbwTj2","T","pOUO"|-|"VF3","NEgVoF","dQfb","KSbwTj2","9bn","iyh"|\n</data></write>
		<read echo="ascii"><delim> </delim><match><data>\x3E </data></match></read>
		<write echo="ascii"><data>NJPUh1 = |"PguK","Ni5H0","bJUv","lwsOrY","BeE2s","lt2ay","fcCVkzN","M6GT"|\n</data></write>
		<read echo="ascii"><delim> </delim><match><data>\x3E </data></match></read>
		<write echo="ascii"><data>WBTpc = |"PguK","Ni5H0","BeE2s","M6GT","lwsOrY","bJUv","lt2ay"|\n</data></write>
		<read echo="ascii"><delim> </delim><match><data>\x3E </data></match></read>
		<write echo="ascii"><data>WBTpc@NJPUh1\n</data></write>
		<read echo="ascii"><delim>\n</delim><match><data>TRUE\n</data></match></read>
		<read echo="ascii"><delim> </delim><match><data>\x3E </data></match></read>
		<write echo="ascii"><data>.p\n</data></write>
<read echo="ascii"><delim>\n</delim><match><data>yandB = |"4dk2jlv","8Y","eJ"|\n</data></match></read>
<read echo="ascii"><delim>\n</delim><match><data>ieGXBe = |"ZMQP0k","GXn1wm","LJZ","zWq","MDmwnt2","nFB5A","GtW","w01","2siCye"|\n</data></match></read>
<read echo="ascii"><delim>\n</delim><match><data>jpAnGS = |"zWq","w01","ZMQP0k","GtW","2siCye"|\n</data></match></read>
<read echo="ascii"><delim>\n</delim><match><data>BpsjQD = |"zWq","w01","ZMQP0k","GtW","2siCye"|\n</data></match></read>
<read echo="ascii"><delim>\n</delim><match><data>RxCcl = |"4dk2jlv","8Y","eJ","zWq","w01","ZMQP0k","GtW","2siCye"|\n</data></match></read>
<read echo="ascii"><delim>\n</delim><match><data>I8llN = |"GXn1wm","LJZ","MDmwnt2","nFB5A"|\n</data></match></read>
<read echo="ascii"><delim>\n</delim><match><data>dyJzyX8 = |"Hh","nA1XH6B","p9s6J"|\n</data></match></read>
<read echo="ascii"><delim>\n</delim><match><data>IZHfX = |"38Sw","1","vWe","M212m","rZS","6W8iw4a","IOE2D5i","GY6zPMc","E1D"|\n</data></match></read>
<read echo="ascii"><delim>\n</delim><match><data>ZfzpjwI = |"N","8Ncciw","W","nRJXVR","4","YRMLk","vIciDN","vR1Apc"|\n</data></match></read>
<read echo="ascii"><delim>\n</delim><match><data>i1rQDQ = |"ZMQP0k","GXn1wm","LJZ","zWq","MDmwnt2","nFB5A","GtW","w01","2siCye"|\n</data></match></read>
<read echo="ascii"><delim>\n</delim><match><data>eIz4gO = |"4dk2jlv","8Y","eJ","zWq","w01","ZMQP0k","GtW","2siCye"|\n</data></match></read>
<read echo="ascii"><delim>\n</delim><match><data>tpIIU5shU = ||\n</data></match></read>
<read echo="ascii"><delim>\n</delim><match><data>YvO6Q = |"BRQ","T","pOUO"|\n</data></match></read>
<read echo="ascii"><delim>\n</delim><match><data>NJPUh1 = |"PguK","Ni5H0","bJUv","lwsOrY","BeE2s","lt2ay","fcCVkzN","M6GT"|\n</data></match></read>
<read echo="ascii"><delim>\n</delim><match><data>WBTpc = |"PguK","Ni5H0","BeE2s","M6GT","lwsOrY","bJUv","lt2ay"|\n</data></match></read>
		<read echo="ascii"><delim> </delim><match><data>\x3E </data></match></read>
		<write echo="ascii"><data>.l\n</data></write>
	</replay>
</pov>
