<?xml version="1.0" standalone="no" ?>
<!DOCTYPE pov SYSTEM "/usr/share/cgc-docs/replay.dtd"><pov>
	<cbid>CROMU_00011</cbid>
	<replay>
		<read echo="ascii"><delim> </delim><match><data>\x3E </data></match></read>
		<write echo="ascii"><data>1DeRfe4 = |"gCmh8i","lQqX55","YHm8Nr"|^|"lQqX55","hw3","3XrfQ","QR","8zvHS","HzSdsoi","E0N4"|\n</data></write>
		<read echo="ascii"><delim> </delim><match><data>\x3E </data></match></read>
		<write echo="ascii"><data>Tfp2U = 1DeRfe4 ^ 1DeRfe4\n</data></write>
		<read echo="ascii"><delim> </delim><match><data>\x3E </data></match></read>
		<write echo="ascii"><data>5lfuynI = |"WWhegw","j5epE","TuUwBai","Ovi"|^|"j5epE","9o0","6FMoVEF","M4whgd8","ytVdOc0"|\n</data></write>
		<read echo="ascii"><delim> </delim><match><data>\x3E </data></match></read>
		<write echo="ascii"><data>F9d034h = 5lfuynI ~ 1DeRfe4\n</data></write>
		<read echo="ascii"><delim> </delim><match><data>\x3E </data></match></read>
		<write echo="ascii"><data>Le1GFSDl = 1DeRfe4 ^ Tfp2U\n</data></write>
		<read echo="ascii"><delim> </delim><match><data>\x3E </data></match></read>
		<write echo="ascii"><data>C4YDfM = |"ld","bdfMZy","LgwD3","7","E"|~|"tOY"|\n</data></write>
		<read echo="ascii"><delim> </delim><match><data>\x3E </data></match></read>
		<write echo="ascii"><data>Lfeemgqw = 1DeRfe4 ^ Tfp2U\n</data></write>
		<read echo="ascii"><delim> </delim><match><data>\x3E </data></match></read>
		<write echo="ascii"><data>KAQfr = Lfeemgqw ~ 5lfuynI\n</data></write>
		<read echo="ascii"><delim> </delim><match><data>\x3E </data></match></read>
		<write echo="ascii"><data>KN4s02c = Le1GFSDl + 1DeRfe4\n</data></write>
		<read echo="ascii"><delim> </delim><match><data>\x3E </data></match></read>
		<write echo="ascii"><data>GCSxJ = |"dKK96","3H29zJE","nAF","AocyU"|-|"3dTKKO","3H29zJE","Yhn","7dYpF"|\n</data></write>
		<read echo="ascii"><delim> </delim><match><data>\x3E </data></match></read>
		<write echo="ascii"><data>.p\n</data></write>
<read echo="ascii"><delim>\n</delim><match><data>1DeRfe4 = |"lQqX55"|\n</data></match></read>
<read echo="ascii"><delim>\n</delim><match><data>Tfp2U = |"lQqX55"|\n</data></match></read>
<read echo="ascii"><delim>\n</delim><match><data>5lfuynI = |"j5epE"|\n</data></match></read>
<read echo="ascii"><delim>\n</delim><match><data>F9d034h = |"j5epE","lQqX55"|\n</data></match></read>
<read echo="ascii"><delim>\n</delim><match><data>Le1GFSDl = |"lQqX55"|\n</data></match></read>
<read echo="ascii"><delim>\n</delim><match><data>C4YDfM = |"ld","bdfMZy","LgwD3","7","E","tOY"|\n</data></match></read>
<read echo="ascii"><delim>\n</delim><match><data>Lfeemgqw = |"lQqX55"|\n</data></match></read>
<read echo="ascii"><delim>\n</delim><match><data>KAQfr = |"lQqX55","j5epE"|\n</data></match></read>
<read echo="ascii"><delim>\n</delim><match><data>KN4s02c = |"lQqX55"|\n</data></match></read>
<read echo="ascii"><delim>\n</delim><match><data>GCSxJ = |"dKK96","nAF","AocyU"|\n</data></match></read>
		<read echo="ascii"><delim> </delim><match><data>\x3E </data></match></read>
		<write echo="ascii"><data>.l\n</data></write>
	</replay>
</pov>
