<?xml version="1.0" standalone="no" ?>
<!DOCTYPE pov SYSTEM "/usr/share/cgc-docs/replay.dtd"><pov>
	<cbid>CROMU_00011</cbid>
	<replay>
		<read echo="ascii"><delim> </delim><match><data>\x3E </data></match></read>
		<write echo="ascii"><data>8MmL6M = |"1E","L","Zxr","AQ","f"|+|"VX9MOgc","uYM","s"|\n</data></write>
		<read echo="ascii"><delim> </delim><match><data>\x3E </data></match></read>
		<write echo="ascii"><data>SXXRIC9 = 8MmL6M ^ 8MmL6M\n</data></write>
		<read echo="ascii"><delim> </delim><match><data>\x3E </data></match></read>
		<write echo="ascii"><data>fre5Xn = 8MmL6M + 8MmL6M\n</data></write>
		<read echo="ascii"><delim> </delim><match><data>\x3E </data></match></read>
		<write echo="ascii"><data>FZQFW1 = |"Md9Kgf","MM","KWb","6inQrJ","7OcFjal"|-|"PEPHdoQ","F8b38a","U","0YWFl","eVGX","827hxfi"|\n</data></write>
		<read echo="ascii"><delim> </delim><match><data>\x3E </data></match></read>
		<write echo="ascii"><data>GEUw0UY = |"DgS","AOS","Jlw4F","t44","hAlViA","u5pG2","mi"|-|"9x","R","mP2NlsX","n5kNoDM"|\n</data></write>
		<read echo="ascii"><delim> </delim><match><data>\x3E </data></match></read>
		<write echo="ascii"><data>yzXFM = |"pjP","GUpR","vH3"|-|"drRHMqa","SqTQ5K","aOsKUa"|\n</data></write>
		<read echo="ascii"><delim> </delim><match><data>\x3E </data></match></read>
		<write echo="ascii"><data>m4nfs = |"P","Z1z","MuijR","iAU"|~|"ANb86i","8eE67ne","C"|\n</data></write>
		<read echo="ascii"><delim> </delim><match><data>\x3E </data></match></read>
		<write echo="ascii"><data>Otx5KJ = GEUw0UY ~ 8MmL6M\n</data></write>
		<read echo="ascii"><delim> </delim><match><data>\x3E </data></match></read>
		<write echo="ascii"><data>eY9d5QJ = |"Onn","gi","Pcb3","klXm7","KSP8","sp2tlO4","SnWMJ"|\n</data></write>
		<read echo="ascii"><delim> </delim><match><data>\x3E </data></match></read>
		<write echo="ascii"><data>tOVPFiT = |"sp2tlO4","KSP8","SnWMJ","mI36IQhutI"|\n</data></write>
		<read echo="ascii"><delim> </delim><match><data>\x3E </data></match></read>
		<write echo="ascii"><data>tOVPFiT@eY9d5QJ\n</data></write>
		<read echo="ascii"><delim>\n</delim><match><data>FALSE\n</data></match></read>
		<read echo="ascii"><delim> </delim><match><data>\x3E </data></match></read>
		<write echo="ascii"><data>fNo60t = |"Zh5Mi","8"|~|"8"|\n</data></write>
		<read echo="ascii"><delim> </delim><match><data>\x3E </data></match></read>
		<write echo="ascii"><data>TR5ng = |"tj","jN","pm","KGl2","26teSC","0gBdJ","W5Luwgd"|\n</data></write>
		<read echo="ascii"><delim> </delim><match><data>\x3E </data></match></read>
		<write echo="ascii"><data>bvNpbA = |"0gBdJ","KGl2","jN","26teSC"|\n</data></write>
		<read echo="ascii"><delim> </delim><match><data>\x3E </data></match></read>
		<write echo="ascii"><data>bvNpbA@TR5ng\n</data></write>
		<read echo="ascii"><delim>\n</delim><match><data>TRUE\n</data></match></read>
		<read echo="ascii"><delim> </delim><match><data>\x3E </data></match></read>
		<write echo="ascii"><data>dEoHJIw = tOVPFiT ~ SXXRIC9\n</data></write>
		<read echo="ascii"><delim> </delim><match><data>\x3E </data></match></read>
		<write echo="ascii"><data>.p\n</data></write>
<read echo="ascii"><delim>\n</delim><match><data>8MmL6M = |"1E","L","Zxr","AQ","f","VX9MOgc","uYM","s"|\n</data></match></read>
<read echo="ascii"><delim>\n</delim><match><data>SXXRIC9 = |"1E","L","Zxr","AQ","f","VX9MOgc","uYM","s"|\n</data></match></read>
<read echo="ascii"><delim>\n</delim><match><data>fre5Xn = |"1E","L","Zxr","AQ","f","VX9MOgc","uYM","s"|\n</data></match></read>
<read echo="ascii"><delim>\n</delim><match><data>FZQFW1 = |"Md9Kgf","MM","KWb","6inQrJ","7OcFjal"|\n</data></match></read>
<read echo="ascii"><delim>\n</delim><match><data>GEUw0UY = |"DgS","AOS","Jlw4F","t44","hAlViA","u5pG2","mi"|\n</data></match></read>
<read echo="ascii"><delim>\n</delim><match><data>yzXFM = |"pjP","GUpR","vH3"|\n</data></match></read>
<read echo="ascii"><delim>\n</delim><match><data>m4nfs = |"P","Z1z","MuijR","iAU","ANb86i","8eE67ne","C"|\n</data></match></read>
<read echo="ascii"><delim>\n</delim><match><data>Otx5KJ = |"DgS","AOS","Jlw4F","t44","hAlViA","u5pG2","mi","1E","L","Zxr","AQ","f","VX9MOgc","uYM","s"|\n</data></match></read>
<read echo="ascii"><delim>\n</delim><match><data>eY9d5QJ = |"Onn","gi","Pcb3","klXm7","KSP8","sp2tlO4","SnWMJ"|\n</data></match></read>
<read echo="ascii"><delim>\n</delim><match><data>tOVPFiT = |"sp2tlO4","KSP8","SnWMJ","mI36IQhutI"|\n</data></match></read>
<read echo="ascii"><delim>\n</delim><match><data>fNo60t = |"Zh5Mi"|\n</data></match></read>
<read echo="ascii"><delim>\n</delim><match><data>TR5ng = |"tj","jN","pm","KGl2","26teSC","0gBdJ","W5Luwgd"|\n</data></match></read>
<read echo="ascii"><delim>\n</delim><match><data>bvNpbA = |"0gBdJ","KGl2","jN","26teSC"|\n</data></match></read>
<read echo="ascii"><delim>\n</delim><match><data>dEoHJIw = |"sp2tlO4","KSP8","SnWMJ","mI36IQhutI","1E","L","Zxr","AQ","f","VX9MOgc","uYM","s"|\n</data></match></read>
		<read echo="ascii"><delim> </delim><match><data>\x3E </data></match></read>
		<write echo="ascii"><data>.l\n</data></write>
	</replay>
</pov>
