<?xml version="1.0" standalone="no" ?>
<!DOCTYPE pov SYSTEM "/usr/share/cgc-docs/replay.dtd"><pov>
	<cbid>CROMU_00011</cbid>
	<replay>
		<read echo="ascii"><delim> </delim><match><data>\x3E </data></match></read>
		<write echo="ascii"><data>qzP92JV = |"B","mFAOP4y","W7cfIn","nHGu","78"|+|"fr1hHo0","B","5ckSw","o6","78","eZ9w5","MT8"|\n</data></write>
		<read echo="ascii"><delim> </delim><match><data>\x3E </data></match></read>
		<write echo="ascii"><data>Q7z4Enf = qzP92JV + qzP92JV\n</data></write>
		<read echo="ascii"><delim> </delim><match><data>\x3E </data></match></read>
		<write echo="ascii"><data>j1Zfngn = |"IeRNd","q3m","79ecVK","WWeho","Yj4iy","X78"|\n</data></write>
		<read echo="ascii"><delim> </delim><match><data>\x3E </data></match></read>
		<write echo="ascii"><data>P5FR2Bv = |"Yj4iy"|\n</data></write>
		<read echo="ascii"><delim> </delim><match><data>\x3E </data></match></read>
		<write echo="ascii"><data>P5FR2Bv@j1Zfngn\n</data></write>
		<read echo="ascii"><delim>\n</delim><match><data>TRUE\n</data></match></read>
		<read echo="ascii"><delim> </delim><match><data>\x3E </data></match></read>
		<write echo="ascii"><data>EZ9GG9 = |"V0FyT0j","FjoM","fMdbF"|+|"oIgzDFt"|\n</data></write>
		<read echo="ascii"><delim> </delim><match><data>\x3E </data></match></read>
		<write echo="ascii"><data>iU6LDGF = |"Xg","4tYXZS","glIzHIr","2JvN","gDfN1c"|^|"H7G","Aw","2JvN","6PS","glIzHIr","9n5RuuM"|\n</data></write>
		<read echo="ascii"><delim> </delim><match><data>\x3E </data></match></read>
		<write echo="ascii"><data>hCeIw = j1Zfngn + j1Zfngn\n</data></write>
		<read echo="ascii"><delim> </delim><match><data>\x3E </data></match></read>
		<write echo="ascii"><data>fJIEtIK = iU6LDGF - j1Zfngn\n</data></write>
		<read echo="ascii"><delim> </delim><match><data>\x3E </data></match></read>
		<write echo="ascii"><data>TilNEQ = iU6LDGF ~ iU6LDGF\n</data></write>
		<read echo="ascii"><delim> </delim><match><data>\x3E </data></match></read>
		<write echo="ascii"><data>qSxpU = |"d1","jS9wbR","SH","3Cu","7H","8K9B"|-|"QE","hA","tUN76","Drqf7","SH","xoE4I","q"|\n</data></write>
		<read echo="ascii"><delim> </delim><match><data>\x3E </data></match></read>
		<write echo="ascii"><data>bikrRd3 = hCeIw + EZ9GG9\n</data></write>
		<read echo="ascii"><delim> </delim><match><data>\x3E </data></match></read>
		<write echo="ascii"><data>.p\n</data></write>
<read echo="ascii"><delim>\n</delim><match><data>qzP92JV = |"B","mFAOP4y","W7cfIn","nHGu","78","fr1hHo0","5ckSw","o6","eZ9w5","MT8"|\n</data></match></read>
<read echo="ascii"><delim>\n</delim><match><data>Q7z4Enf = |"B","mFAOP4y","W7cfIn","nHGu","78","fr1hHo0","5ckSw","o6","eZ9w5","MT8"|\n</data></match></read>
<read echo="ascii"><delim>\n</delim><match><data>j1Zfngn = |"IeRNd","q3m","79ecVK","WWeho","Yj4iy","X78"|\n</data></match></read>
<read echo="ascii"><delim>\n</delim><match><data>P5FR2Bv = |"Yj4iy"|\n</data></match></read>
<read echo="ascii"><delim>\n</delim><match><data>EZ9GG9 = |"V0FyT0j","FjoM","fMdbF","oIgzDFt"|\n</data></match></read>
<read echo="ascii"><delim>\n</delim><match><data>iU6LDGF = |"glIzHIr","2JvN"|\n</data></match></read>
<read echo="ascii"><delim>\n</delim><match><data>hCeIw = |"IeRNd","q3m","79ecVK","WWeho","Yj4iy","X78"|\n</data></match></read>
<read echo="ascii"><delim>\n</delim><match><data>fJIEtIK = |"glIzHIr","2JvN"|\n</data></match></read>
<read echo="ascii"><delim>\n</delim><match><data>TilNEQ = ||\n</data></match></read>
<read echo="ascii"><delim>\n</delim><match><data>qSxpU = |"d1","jS9wbR","3Cu","7H","8K9B"|\n</data></match></read>
<read echo="ascii"><delim>\n</delim><match><data>bikrRd3 = |"IeRNd","q3m","79ecVK","WWeho","Yj4iy","X78","V0FyT0j","FjoM","fMdbF","oIgzDFt"|\n</data></match></read>
		<read echo="ascii"><delim> </delim><match><data>\x3E </data></match></read>
		<write echo="ascii"><data>.l\n</data></write>
	</replay>
</pov>
