<?xml version="1.0" standalone="no" ?>
<!DOCTYPE pov SYSTEM "/usr/share/cgc-docs/replay.dtd"><pov>
	<cbid>CROMU_00011</cbid>
	<replay>
		<read echo="ascii"><delim> </delim><match><data>\x3E </data></match></read>
		<write echo="ascii"><data>2aQ04 = |"AK7Y","ob","vIZb","ap","6MFn","91Z"|^|"AK7Y","8XDKE"|\n</data></write>
		<read echo="ascii"><delim> </delim><match><data>\x3E </data></match></read>
		<write echo="ascii"><data>Pg4C7Fa = |"GLwG"|^|"Lv5Bsw","vr0fx","Mz0x9"|\n</data></write>
		<read echo="ascii"><delim> </delim><match><data>\x3E </data></match></read>
		<write echo="ascii"><data>1V1aU0 = 2aQ04 + Pg4C7Fa\n</data></write>
		<read echo="ascii"><delim> </delim><match><data>\x3E </data></match></read>
		<write echo="ascii"><data>SMGM6 = |"DlRb","5EPRbp1","10O","lIHQryW","sFykH","LQ","2Kou"|\n</data></write>
		<read echo="ascii"><delim> </delim><match><data>\x3E </data></match></read>
		<write echo="ascii"><data>zGgSL5 = |"DlRb"|\n</data></write>
		<read echo="ascii"><delim> </delim><match><data>\x3E </data></match></read>
		<write echo="ascii"><data>zGgSL5@SMGM6\n</data></write>
		<read echo="ascii"><delim>\n</delim><match><data>TRUE\n</data></match></read>
		<read echo="ascii"><delim> </delim><match><data>\x3E </data></match></read>
		<write echo="ascii"><data>xYbfS = |"U","crQLw","Wcssj"|-|"Ep8","Gd","crQLw","Wcssj","E"|\n</data></write>
		<read echo="ascii"><delim> </delim><match><data>\x3E </data></match></read>
		<write echo="ascii"><data>kH21o = |"KCBiPx9","7","so","9Qqg","qb9KaJ","2XP"|-|"wIMYU","5","BMTnJZ"|\n</data></write>
		<read echo="ascii"><delim> </delim><match><data>\x3E </data></match></read>
		<write echo="ascii"><data>3Vscfm = |"E464I","PW7PGv8"|^|"nYIyW","h5","AhooicK","idq","pbSo0","fo7tfrN","AlZL0l"|\n</data></write>
		<read echo="ascii"><delim> </delim><match><data>\x3E </data></match></read>
		<write echo="ascii"><data>BzzbIWM = kH21o + kH21o\n</data></write>
		<read echo="ascii"><delim> </delim><match><data>\x3E </data></match></read>
		<write echo="ascii"><data>h0gK5M5 = 3Vscfm ~ zGgSL5\n</data></write>
		<read echo="ascii"><delim> </delim><match><data>\x3E </data></match></read>
		<write echo="ascii"><data>n7V24Q3 = zGgSL5 + SMGM6\n</data></write>
		<read echo="ascii"><delim> </delim><match><data>\x3E </data></match></read>
		<write echo="ascii"><data>.p\n</data></write>
<read echo="ascii"><delim>\n</delim><match><data>2aQ04 = |"AK7Y"|\n</data></match></read>
<read echo="ascii"><delim>\n</delim><match><data>Pg4C7Fa = ||\n</data></match></read>
<read echo="ascii"><delim>\n</delim><match><data>1V1aU0 = |"AK7Y"|\n</data></match></read>
<read echo="ascii"><delim>\n</delim><match><data>SMGM6 = |"DlRb","5EPRbp1","10O","lIHQryW","sFykH","LQ","2Kou"|\n</data></match></read>
<read echo="ascii"><delim>\n</delim><match><data>zGgSL5 = |"DlRb"|\n</data></match></read>
<read echo="ascii"><delim>\n</delim><match><data>xYbfS = |"U"|\n</data></match></read>
<read echo="ascii"><delim>\n</delim><match><data>kH21o = |"KCBiPx9","7","so","9Qqg","qb9KaJ","2XP"|\n</data></match></read>
<read echo="ascii"><delim>\n</delim><match><data>3Vscfm = ||\n</data></match></read>
<read echo="ascii"><delim>\n</delim><match><data>BzzbIWM = |"KCBiPx9","7","so","9Qqg","qb9KaJ","2XP"|\n</data></match></read>
<read echo="ascii"><delim>\n</delim><match><data>h0gK5M5 = |"DlRb"|\n</data></match></read>
<read echo="ascii"><delim>\n</delim><match><data>n7V24Q3 = |"DlRb","5EPRbp1","10O","lIHQryW","sFykH","LQ","2Kou"|\n</data></match></read>
		<read echo="ascii"><delim> </delim><match><data>\x3E </data></match></read>
		<write echo="ascii"><data>.l\n</data></write>
	</replay>
</pov>
