<?xml version="1.0" standalone="no" ?>
<!DOCTYPE pov SYSTEM "/usr/share/cgc-docs/replay.dtd"><pov>
	<cbid>CROMU_00011</cbid>
	<replay>
		<read echo="ascii"><delim> </delim><match><data>\x3E </data></match></read>
		<write echo="ascii"><data>7l4iK = |"bcZi","TP"|^|"BA9UI","hc2Xmw","Ts","zhjsCDS","xjQ5Z","P8"|\n</data></write>
		<read echo="ascii"><delim> </delim><match><data>\x3E </data></match></read>
		<write echo="ascii"><data>9MbATw9 = |"vglT","p0AxR","FYjnEU3","K2u18xA"|-|"nk9Ipo7","a4OZW","OzAP","B","VMSF","WhU"|\n</data></write>
		<read echo="ascii"><delim> </delim><match><data>\x3E </data></match></read>
		<write echo="ascii"><data>OyV4UAG = 7l4iK ~ 9MbATw9\n</data></write>
		<read echo="ascii"><delim> </delim><match><data>\x3E </data></match></read>
		<write echo="ascii"><data>SESAkRZ = OyV4UAG - 9MbATw9\n</data></write>
		<read echo="ascii"><delim> </delim><match><data>\x3E </data></match></read>
		<write echo="ascii"><data>0Y7jl0Pw4 = OyV4UAG ^ 9MbATw9\n</data></write>
		<read echo="ascii"><delim> </delim><match><data>\x3E </data></match></read>
		<write echo="ascii"><data>D8JwC6 = 0Y7jl0Pw4 - SESAkRZ\n</data></write>
		<read echo="ascii"><delim> </delim><match><data>\x3E </data></match></read>
		<write echo="ascii"><data>a43hNHB = D8JwC6 - SESAkRZ\n</data></write>
		<read echo="ascii"><delim> </delim><match><data>\x3E </data></match></read>
		<write echo="ascii"><data>nVTYgZ6Vei = 7l4iK ^ OyV4UAG\n</data></write>
		<read echo="ascii"><delim> </delim><match><data>\x3E </data></match></read>
		<write echo="ascii"><data>JSRZ4ef = 7l4iK - OyV4UAG\n</data></write>
		<read echo="ascii"><delim> </delim><match><data>\x3E </data></match></read>
		<write echo="ascii"><data>S8rXH = |"e"|+|"P9QB","MrFp2a","i2SWzW"|\n</data></write>
		<read echo="ascii"><delim> </delim><match><data>\x3E </data></match></read>
		<write echo="ascii"><data>aYDCa05 = |"66ybM","3bKm","l"|-|"VZJ","JxBsL","VNoaL3","414KwD","I3unI","Dv3mVFX"|\n</data></write>
		<read echo="ascii"><delim> </delim><match><data>\x3E </data></match></read>
		<write echo="ascii"><data>jywqK = |"kk1Wb4Q","30fs9","KhmL2","gSlV4R5","6pJD9Oq","dj9","3va"|^|"UmdYE","6pMj","30fs9","eiBDGL","3va"|\n</data></write>
		<read echo="ascii"><delim> </delim><match><data>\x3E </data></match></read>
		<write echo="ascii"><data>H17LH = SESAkRZ ^ D8JwC6\n</data></write>
		<read echo="ascii"><delim> </delim><match><data>\x3E </data></match></read>
		<write echo="ascii"><data>6s0n6r = SESAkRZ + H17LH\n</data></write>
		<read echo="ascii"><delim> </delim><match><data>\x3E </data></match></read>
		<write echo="ascii"><data>arPYNl = |"Y1HNt","wi03o","EjD7j4","x6fz"|^|"CLe"|\n</data></write>
		<read echo="ascii"><delim> </delim><match><data>\x3E </data></match></read>
		<write echo="ascii"><data>.p\n</data></write>
<read echo="ascii"><delim>\n</delim><match><data>7l4iK = ||\n</data></match></read>
<read echo="ascii"><delim>\n</delim><match><data>9MbATw9 = |"vglT","p0AxR","FYjnEU3","K2u18xA"|\n</data></match></read>
<read echo="ascii"><delim>\n</delim><match><data>OyV4UAG = |"vglT","p0AxR","FYjnEU3","K2u18xA"|\n</data></match></read>
<read echo="ascii"><delim>\n</delim><match><data>SESAkRZ = ||\n</data></match></read>
<read echo="ascii"><delim>\n</delim><match><data>0Y7jl0Pw4 = |"vglT","p0AxR","FYjnEU3","K2u18xA"|\n</data></match></read>
<read echo="ascii"><delim>\n</delim><match><data>D8JwC6 = |"vglT","p0AxR","FYjnEU3","K2u18xA"|\n</data></match></read>
<read echo="ascii"><delim>\n</delim><match><data>a43hNHB = |"vglT","p0AxR","FYjnEU3","K2u18xA"|\n</data></match></read>
<read echo="ascii"><delim>\n</delim><match><data>nVTYgZ6Vei = ||\n</data></match></read>
<read echo="ascii"><delim>\n</delim><match><data>JSRZ4ef = ||\n</data></match></read>
<read echo="ascii"><delim>\n</delim><match><data>S8rXH = |"e","P9QB","MrFp2a","i2SWzW"|\n</data></match></read>
<read echo="ascii"><delim>\n</delim><match><data>aYDCa05 = |"66ybM","3bKm","l"|\n</data></match></read>
<read echo="ascii"><delim>\n</delim><match><data>jywqK = |"30fs9","3va"|\n</data></match></read>
<read echo="ascii"><delim>\n</delim><match><data>H17LH = ||\n</data></match></read>
<read echo="ascii"><delim>\n</delim><match><data>6s0n6r = ||\n</data></match></read>
<read echo="ascii"><delim>\n</delim><match><data>arPYNl = ||\n</data></match></read>
		<read echo="ascii"><delim> </delim><match><data>\x3E </data></match></read>
		<write echo="ascii"><data>.l\n</data></write>
	</replay>
</pov>
