<?xml version="1.0" standalone="no" ?>
<!DOCTYPE pov SYSTEM "/usr/share/cgc-docs/replay.dtd"><pov>
	<cbid>CROMU_00011</cbid>
	<replay>
		<read echo="ascii"><delim> </delim><match><data>\x3E </data></match></read>
		<write echo="ascii"><data>0CoY1iJ = |"E65","zk","z53","1R44LI","6ggXc","4sKWid","vyL","rTQdDRf","f0NTiN"|\n</data></write>
		<read echo="ascii"><delim> </delim><match><data>\x3E </data></match></read>
		<write echo="ascii"><data>pby8OE7 = |"4sKWid","f0NTiN","z53","Q46czrxWaL"|\n</data></write>
		<read echo="ascii"><delim> </delim><match><data>\x3E </data></match></read>
		<write echo="ascii"><data>pby8OE7@0CoY1iJ\n</data></write>
		<read echo="ascii"><delim>\n</delim><match><data>FALSE\n</data></match></read>
		<read echo="ascii"><delim> </delim><match><data>\x3E </data></match></read>
		<write echo="ascii"><data>YeOp4Nk = |"v82","zyDH9","uWY2Gn","k5ox","te1"|+|"te1","S3","2Tlb","zyDH9","mn6Q"|\n</data></write>
		<read echo="ascii"><delim> </delim><match><data>\x3E </data></match></read>
		<write echo="ascii"><data>nXBVMb = pby8OE7 - YeOp4Nk\n</data></write>
		<read echo="ascii"><delim> </delim><match><data>\x3E </data></match></read>
		<write echo="ascii"><data>Y5SoN = nXBVMb ~ 0CoY1iJ\n</data></write>
		<read echo="ascii"><delim> </delim><match><data>\x3E </data></match></read>
		<write echo="ascii"><data>1SKSM7 = |"Ut","8XsUp","RGscs","zN67","074RYZ"|~|"I4nMpAk","4NmBhzW","i"|\n</data></write>
		<read echo="ascii"><delim> </delim><match><data>\x3E </data></match></read>
		<write echo="ascii"><data>Su46GQk = |"KY","U8","9BJRNY9","EfI"|^|"01E","DoEkz","KY","yqAvx","wlq98Au"|\n</data></write>
		<read echo="ascii"><delim> </delim><match><data>\x3E </data></match></read>
		<write echo="ascii"><data>KZ7zla = |"MWJ","f","Xea","OZ2BsA","av"|-|"OW","E","Xl","av","81dy","7SkxMz"|\n</data></write>
		<read echo="ascii"><delim> </delim><match><data>\x3E </data></match></read>
		<write echo="ascii"><data>4REei = |"hA7uW","UJ","3xVk","kb0H6DF","pgR","tcw3Tc","eBt6","vfu0xX","AHX","UeQZKlg"|\n</data></write>
		<read echo="ascii"><delim> </delim><match><data>\x3E </data></match></read>
		<write echo="ascii"><data>pGzZfh = |"kb0H6DF","vfu0xX","pgR","tcw3Tc","hA7uW","AHX","o3s4iJY4Bi"|\n</data></write>
		<read echo="ascii"><delim> </delim><match><data>\x3E </data></match></read>
		<write echo="ascii"><data>pGzZfh@4REei\n</data></write>
		<read echo="ascii"><delim>\n</delim><match><data>FALSE\n</data></match></read>
		<read echo="ascii"><delim> </delim><match><data>\x3E </data></match></read>
		<write echo="ascii"><data>C4ZFNK = Su46GQk ~ YeOp4Nk\n</data></write>
		<read echo="ascii"><delim> </delim><match><data>\x3E </data></match></read>
		<write echo="ascii"><data>fGpXXpO = |"Z","oH9","fDdRuE"|-|"BM","BHJtx54","fDdRuE","Z","Py"|\n</data></write>
		<read echo="ascii"><delim> </delim><match><data>\x3E </data></match></read>
		<write echo="ascii"><data>iBaW4 = |"q3Rt","yfWIMHg","qT4ySp6","bTj","wp","axW","LwopLAd"|^|"Kn7","3Wj6yb","tac","IpEkG","kd"|\n</data></write>
		<read echo="ascii"><delim> </delim><match><data>\x3E </data></match></read>
		<write echo="ascii"><data>TdHUH3 = |"Bo8"|^|"2r0E4","XJdOs","GABot"|\n</data></write>
		<read echo="ascii"><delim> </delim><match><data>\x3E </data></match></read>
		<write echo="ascii"><data>RnQ5fn = |"hIEYvOV","WWVzqo","Lwqd","af","aqFboQ","yyh4","kr","E72Wd","avzEP5","8Mmaxr"|\n</data></write>
		<read echo="ascii"><delim> </delim><match><data>\x3E </data></match></read>
		<write echo="ascii"><data>mrQlRU = |"8Mmaxr","MvkGIngG7U"|\n</data></write>
		<read echo="ascii"><delim> </delim><match><data>\x3E </data></match></read>
		<write echo="ascii"><data>mrQlRU@RnQ5fn\n</data></write>
		<read echo="ascii"><delim>\n</delim><match><data>FALSE\n</data></match></read>
		<read echo="ascii"><delim> </delim><match><data>\x3E </data></match></read>
		<write echo="ascii"><data>ak9kP6V = |"rhRyLV","mrRD","pwGtt6","8I5VVQ","fdU0ePj","WT","DrqM8"|\n</data></write>
		<read echo="ascii"><delim> </delim><match><data>\x3E </data></match></read>
		<write echo="ascii"><data>H87RF = |"WT","mrRD","YYqX7dJq4h"|\n</data></write>
		<read echo="ascii"><delim> </delim><match><data>\x3E </data></match></read>
		<write echo="ascii"><data>H87RF@ak9kP6V\n</data></write>
		<read echo="ascii"><delim>\n</delim><match><data>FALSE\n</data></match></read>
		<read echo="ascii"><delim> </delim><match><data>\x3E </data></match></read>
		<write echo="ascii"><data>.p\n</data></write>
<read echo="ascii"><delim>\n</delim><match><data>0CoY1iJ = |"E65","zk","z53","1R44LI","6ggXc","4sKWid","vyL","rTQdDRf","f0NTiN"|\n</data></match></read>
<read echo="ascii"><delim>\n</delim><match><data>pby8OE7 = |"4sKWid","f0NTiN","z53","Q46czrxWaL"|\n</data></match></read>
<read echo="ascii"><delim>\n</delim><match><data>YeOp4Nk = |"v82","zyDH9","uWY2Gn","k5ox","te1","S3","2Tlb","mn6Q"|\n</data></match></read>
<read echo="ascii"><delim>\n</delim><match><data>nXBVMb = |"4sKWid","f0NTiN","z53","Q46czrxWaL"|\n</data></match></read>
<read echo="ascii"><delim>\n</delim><match><data>Y5SoN = |"Q46czrxWaL","E65","zk","1R44LI","6ggXc","vyL","rTQdDRf"|\n</data></match></read>
<read echo="ascii"><delim>\n</delim><match><data>1SKSM7 = |"Ut","8XsUp","RGscs","zN67","074RYZ","I4nMpAk","4NmBhzW","i"|\n</data></match></read>
<read echo="ascii"><delim>\n</delim><match><data>Su46GQk = |"KY"|\n</data></match></read>
<read echo="ascii"><delim>\n</delim><match><data>KZ7zla = |"MWJ","f","Xea","OZ2BsA"|\n</data></match></read>
<read echo="ascii"><delim>\n</delim><match><data>4REei = |"hA7uW","UJ","3xVk","kb0H6DF","pgR","tcw3Tc","eBt6","vfu0xX","AHX","UeQZKlg"|\n</data></match></read>
<read echo="ascii"><delim>\n</delim><match><data>pGzZfh = |"kb0H6DF","vfu0xX","pgR","tcw3Tc","hA7uW","AHX","o3s4iJY4Bi"|\n</data></match></read>
<read echo="ascii"><delim>\n</delim><match><data>C4ZFNK = |"KY","v82","zyDH9","uWY2Gn","k5ox","te1","S3","2Tlb","mn6Q"|\n</data></match></read>
<read echo="ascii"><delim>\n</delim><match><data>fGpXXpO = |"oH9"|\n</data></match></read>
<read echo="ascii"><delim>\n</delim><match><data>iBaW4 = ||\n</data></match></read>
<read echo="ascii"><delim>\n</delim><match><data>TdHUH3 = ||\n</data></match></read>
<read echo="ascii"><delim>\n</delim><match><data>RnQ5fn = |"hIEYvOV","WWVzqo","Lwqd","af","aqFboQ","yyh4","kr","E72Wd","avzEP5","8Mmaxr"|\n</data></match></read>
<read echo="ascii"><delim>\n</delim><match><data>mrQlRU = |"8Mmaxr","MvkGIngG7U"|\n</data></match></read>
<read echo="ascii"><delim>\n</delim><match><data>ak9kP6V = |"rhRyLV","mrRD","pwGtt6","8I5VVQ","fdU0ePj","WT","DrqM8"|\n</data></match></read>
<read echo="ascii"><delim>\n</delim><match><data>H87RF = |"WT","mrRD","YYqX7dJq4h"|\n</data></match></read>
		<read echo="ascii"><delim> </delim><match><data>\x3E </data></match></read>
		<write echo="ascii"><data>.l\n</data></write>
	</replay>
</pov>
