<?xml version="1.0" standalone="no" ?>
<!DOCTYPE pov SYSTEM "/usr/share/cgc-docs/replay.dtd"><pov>
	<cbid>CROMU_00011</cbid>
	<replay>
		<read echo="ascii"><delim> </delim><match><data>\x3E </data></match></read>
		<write echo="ascii"><data>UOK6f = |"xv4wTc","IoDjwN","aA7","Ss","u","jQ1s"|~|"D","UABKZ","FJxgv"|\n</data></write>
		<read echo="ascii"><delim> </delim><match><data>\x3E </data></match></read>
		<write echo="ascii"><data>3JVax = |"tyO","3","qQgEY","OTjZbb","ZwGlwF","TlbNq44","s"|+|"n3kqnav","U6zKse","a67fR"|\n</data></write>
		<read echo="ascii"><delim> </delim><match><data>\x3E </data></match></read>
		<write echo="ascii"><data>Z6YFKU4 = |"kZW","2ifg","U57","cZO","u8"|+|"kZW","Boiho","gB4","G","DZBN","H","tkaqr"|\n</data></write>
		<read echo="ascii"><delim> </delim><match><data>\x3E </data></match></read>
		<write echo="ascii"><data>pseR6 = 3JVax - 3JVax\n</data></write>
		<read echo="ascii"><delim> </delim><match><data>\x3E </data></match></read>
		<write echo="ascii"><data>ywXWp = pseR6 + Z6YFKU4\n</data></write>
		<read echo="ascii"><delim> </delim><match><data>\x3E </data></match></read>
		<write echo="ascii"><data>jcZtkj = |"VWAarz7","iIrR"|~|"wGAjJ","M93zYxY","x","xvo0Fq","b4uD9SK"|\n</data></write>
		<read echo="ascii"><delim> </delim><match><data>\x3E </data></match></read>
		<write echo="ascii"><data>LdZR4sA = 3JVax - ywXWp\n</data></write>
		<read echo="ascii"><delim> </delim><match><data>\x3E </data></match></read>
		<write echo="ascii"><data>FPQeg = |"Ast6hAh","ixe","BuD6lKP","EynDozc","T56P","1yKUkex"|\n</data></write>
		<read echo="ascii"><delim> </delim><match><data>\x3E </data></match></read>
		<write echo="ascii"><data>eEg3D = |"Ast6hAh","T56P","1yKUkex"|\n</data></write>
		<read echo="ascii"><delim> </delim><match><data>\x3E </data></match></read>
		<write echo="ascii"><data>eEg3D@FPQeg\n</data></write>
		<read echo="ascii"><delim>\n</delim><match><data>TRUE\n</data></match></read>
		<read echo="ascii"><delim> </delim><match><data>\x3E </data></match></read>
		<write echo="ascii"><data>bv7BM = |"JXxP","sZ9ss8"|~|"Qsx","A8qz4","l0E06ut","oAmN"|\n</data></write>
		<read echo="ascii"><delim> </delim><match><data>\x3E </data></match></read>
		<write echo="ascii"><data>bcuQfc = |"gZps","5i3sycb","eOs9ag","VxtFoy"|^|"X0","Pq2iFe","ew4","pz2p"|\n</data></write>
		<read echo="ascii"><delim> </delim><match><data>\x3E </data></match></read>
		<write echo="ascii"><data>.p\n</data></write>
<read echo="ascii"><delim>\n</delim><match><data>UOK6f = |"xv4wTc","IoDjwN","aA7","Ss","u","jQ1s","D","UABKZ","FJxgv"|\n</data></match></read>
<read echo="ascii"><delim>\n</delim><match><data>3JVax = |"tyO","3","qQgEY","OTjZbb","ZwGlwF","TlbNq44","s","n3kqnav","U6zKse","a67fR"|\n</data></match></read>
<read echo="ascii"><delim>\n</delim><match><data>Z6YFKU4 = |"kZW","2ifg","U57","cZO","u8","Boiho","gB4","G","DZBN","H","tkaqr"|\n</data></match></read>
<read echo="ascii"><delim>\n</delim><match><data>pseR6 = ||\n</data></match></read>
<read echo="ascii"><delim>\n</delim><match><data>ywXWp = |"kZW","2ifg","U57","cZO","u8","Boiho","gB4","G","DZBN","H","tkaqr"|\n</data></match></read>
<read echo="ascii"><delim>\n</delim><match><data>jcZtkj = |"VWAarz7","iIrR","wGAjJ","M93zYxY","x","xvo0Fq","b4uD9SK"|\n</data></match></read>
<read echo="ascii"><delim>\n</delim><match><data>LdZR4sA = |"tyO","3","qQgEY","OTjZbb","ZwGlwF","TlbNq44","s","n3kqnav","U6zKse","a67fR"|\n</data></match></read>
<read echo="ascii"><delim>\n</delim><match><data>FPQeg = |"Ast6hAh","ixe","BuD6lKP","EynDozc","T56P","1yKUkex"|\n</data></match></read>
<read echo="ascii"><delim>\n</delim><match><data>eEg3D = |"Ast6hAh","T56P","1yKUkex"|\n</data></match></read>
<read echo="ascii"><delim>\n</delim><match><data>bv7BM = |"JXxP","sZ9ss8","Qsx","A8qz4","l0E06ut","oAmN"|\n</data></match></read>
<read echo="ascii"><delim>\n</delim><match><data>bcuQfc = ||\n</data></match></read>
		<read echo="ascii"><delim> </delim><match><data>\x3E </data></match></read>
		<write echo="ascii"><data>.l\n</data></write>
	</replay>
</pov>
