<?xml version="1.0" standalone="no" ?>
<!DOCTYPE pov SYSTEM "/usr/share/cgc-docs/replay.dtd"><pov>
	<cbid>CROMU_00011</cbid>
	<replay>
		<read echo="ascii"><delim> </delim><match><data>\x3E </data></match></read>
		<write echo="ascii"><data>MWHaU = |"csgQJ4","JC","veN8Z","wYYQtM"|+|"pyG","b","0TxE","PZt8sm","icN","3rX5p2"|\n</data></write>
		<read echo="ascii"><delim> </delim><match><data>\x3E </data></match></read>
		<write echo="ascii"><data>VMh3tm = |"jM","c1","FcFyc6G","7pq","0mtHq"|~|"c1"|\n</data></write>
		<read echo="ascii"><delim> </delim><match><data>\x3E </data></match></read>
		<write echo="ascii"><data>cqhFkj0 = |"7W5T","9D","cVPJjl","gDwmL","hhesy","HjhoV","AR","AU","9rFO","f5IZN"|\n</data></write>
		<read echo="ascii"><delim> </delim><match><data>\x3E </data></match></read>
		<write echo="ascii"><data>uqn9nC = |"gDwmL","AU","f5IZN","cVPJjl","hhesy","7W5T","9D"|\n</data></write>
		<read echo="ascii"><delim> </delim><match><data>\x3E </data></match></read>
		<write echo="ascii"><data>uqn9nC@cqhFkj0\n</data></write>
		<read echo="ascii"><delim>\n</delim><match><data>TRUE\n</data></match></read>
		<read echo="ascii"><delim> </delim><match><data>\x3E </data></match></read>
		<write echo="ascii"><data>YHyh7LJ = |"Zv57yI","oxF","ri8b"|+|"ZC2","VG9","s"|\n</data></write>
		<read echo="ascii"><delim> </delim><match><data>\x3E </data></match></read>
		<write echo="ascii"><data>FArDdk = |"epYJ"|~|"6","Zp","TDv"|\n</data></write>
		<read echo="ascii"><delim> </delim><match><data>\x3E </data></match></read>
		<write echo="ascii"><data>g7XH6o = |"X8ewKn","o","TO","QTgQl2u","gRY042m"|~|"TO","CW4y3Vb","6t"|\n</data></write>
		<read echo="ascii"><delim> </delim><match><data>\x3E </data></match></read>
		<write echo="ascii"><data>sXgGwu1 = MWHaU ~ VMh3tm\n</data></write>
		<read echo="ascii"><delim> </delim><match><data>\x3E </data></match></read>
		<write echo="ascii"><data>qPS5vdp = VMh3tm + VMh3tm\n</data></write>
		<read echo="ascii"><delim> </delim><match><data>\x3E </data></match></read>
		<write echo="ascii"><data>X9N9Va = |"IG3Q","SKG0O","4ydmrJ","VPVr","KZvh","qenH","2H9teW"|\n</data></write>
		<read echo="ascii"><delim> </delim><match><data>\x3E </data></match></read>
		<write echo="ascii"><data>jeo9kwO = |"4ydmrJ","KZvh","2H9teW","IG3Q","VPVr","u2u8eaICz4"|\n</data></write>
		<read echo="ascii"><delim> </delim><match><data>\x3E </data></match></read>
		<write echo="ascii"><data>jeo9kwO@X9N9Va\n</data></write>
		<read echo="ascii"><delim>\n</delim><match><data>FALSE\n</data></match></read>
		<read echo="ascii"><delim> </delim><match><data>\x3E </data></match></read>
		<write echo="ascii"><data>fo1NINS = |"5","dIF","O","oKOKC","PWG"|-|"ND","iw61d","a9LU"|\n</data></write>
		<read echo="ascii"><delim> </delim><match><data>\x3E </data></match></read>
		<write echo="ascii"><data>fZ7ti2X = jeo9kwO ^ X9N9Va\n</data></write>
		<read echo="ascii"><delim> </delim><match><data>\x3E </data></match></read>
		<write echo="ascii"><data>vN2vp = fo1NINS - uqn9nC\n</data></write>
		<read echo="ascii"><delim> </delim><match><data>\x3E </data></match></read>
		<write echo="ascii"><data>.p\n</data></write>
<read echo="ascii"><delim>\n</delim><match><data>MWHaU = |"csgQJ4","JC","veN8Z","wYYQtM","pyG","b","0TxE","PZt8sm","icN","3rX5p2"|\n</data></match></read>
<read echo="ascii"><delim>\n</delim><match><data>VMh3tm = |"jM","FcFyc6G","7pq","0mtHq"|\n</data></match></read>
<read echo="ascii"><delim>\n</delim><match><data>cqhFkj0 = |"7W5T","9D","cVPJjl","gDwmL","hhesy","HjhoV","AR","AU","9rFO","f5IZN"|\n</data></match></read>
<read echo="ascii"><delim>\n</delim><match><data>uqn9nC = |"gDwmL","AU","f5IZN","cVPJjl","hhesy","7W5T","9D"|\n</data></match></read>
<read echo="ascii"><delim>\n</delim><match><data>YHyh7LJ = |"Zv57yI","oxF","ri8b","ZC2","VG9","s"|\n</data></match></read>
<read echo="ascii"><delim>\n</delim><match><data>FArDdk = |"epYJ","6","Zp","TDv"|\n</data></match></read>
<read echo="ascii"><delim>\n</delim><match><data>g7XH6o = |"X8ewKn","o","QTgQl2u","gRY042m","CW4y3Vb","6t"|\n</data></match></read>
<read echo="ascii"><delim>\n</delim><match><data>sXgGwu1 = |"csgQJ4","JC","veN8Z","wYYQtM","pyG","b","0TxE","PZt8sm","icN","3rX5p2","jM","FcFyc6G","7pq","0mtHq"|\n</data></match></read>
<read echo="ascii"><delim>\n</delim><match><data>qPS5vdp = |"jM","FcFyc6G","7pq","0mtHq"|\n</data></match></read>
<read echo="ascii"><delim>\n</delim><match><data>X9N9Va = |"IG3Q","SKG0O","4ydmrJ","VPVr","KZvh","qenH","2H9teW"|\n</data></match></read>
<read echo="ascii"><delim>\n</delim><match><data>jeo9kwO = |"4ydmrJ","KZvh","2H9teW","IG3Q","VPVr","u2u8eaICz4"|\n</data></match></read>
<read echo="ascii"><delim>\n</delim><match><data>fo1NINS = |"5","dIF","O","oKOKC","PWG"|\n</data></match></read>
<read echo="ascii"><delim>\n</delim><match><data>fZ7ti2X = |"4ydmrJ","KZvh","2H9teW","IG3Q","VPVr"|\n</data></match></read>
<read echo="ascii"><delim>\n</delim><match><data>vN2vp = |"5","dIF","O","oKOKC","PWG"|\n</data></match></read>
		<read echo="ascii"><delim> </delim><match><data>\x3E </data></match></read>
		<write echo="ascii"><data>.l\n</data></write>
	</replay>
</pov>
