<?xml version="1.0" standalone="no" ?>
<!DOCTYPE pov SYSTEM "/usr/share/cgc-docs/replay.dtd"><pov>
	<cbid>CROMU_00011</cbid>
	<replay>
		<read echo="ascii"><delim> </delim><match><data>\x3E </data></match></read>
		<write echo="ascii"><data>URoH3oi = |"Kb7vT"|+|"Gv","eNF7aOk"|\n</data></write>
		<read echo="ascii"><delim> </delim><match><data>\x3E </data></match></read>
		<write echo="ascii"><data>7PaWC = URoH3oi ~ URoH3oi\n</data></write>
		<read echo="ascii"><delim> </delim><match><data>\x3E </data></match></read>
		<write echo="ascii"><data>uGtPda = |"Mi9M","Db5CL1"|^|"WZC","V0","G36","zK","miSl7TQ","Db5CL1","JZWtmem"|\n</data></write>
		<read echo="ascii"><delim> </delim><match><data>\x3E </data></match></read>
		<write echo="ascii"><data>XO0eL = URoH3oi + URoH3oi\n</data></write>
		<read echo="ascii"><delim> </delim><match><data>\x3E </data></match></read>
		<write echo="ascii"><data>xRROF = |"M338CWI","0XzkmO","ybcW","3w","mrHv","vc9UvZ","YG","seECN","bQ1"|\n</data></write>
		<read echo="ascii"><delim> </delim><match><data>\x3E </data></match></read>
		<write echo="ascii"><data>zeQEnq = |"mrHv","qJqRBJ1CNB"|\n</data></write>
		<read echo="ascii"><delim> </delim><match><data>\x3E </data></match></read>
		<write echo="ascii"><data>zeQEnq@xRROF\n</data></write>
		<read echo="ascii"><delim>\n</delim><match><data>FALSE\n</data></match></read>
		<read echo="ascii"><delim> </delim><match><data>\x3E </data></match></read>
		<write echo="ascii"><data>Fsmh8R = |"eWJ9Y","zVW","2r","JvmbgG0","qTKBzoS"|-|"hfmV","W16iCs","J7KqHS","74k","O4mIFmk"|\n</data></write>
		<read echo="ascii"><delim> </delim><match><data>\x3E </data></match></read>
		<write echo="ascii"><data>saMhh8 = |"Zf","hVJMQtM","e1","PbHtK","Fh","gF","6b7"|+|"gF","b","nW8JKER","FmLE","nj"|\n</data></write>
		<read echo="ascii"><delim> </delim><match><data>\x3E </data></match></read>
		<write echo="ascii"><data>JcxdJ4S = |"EA","iJ0e","8e16uzB","YW","Tn","7L5"|\n</data></write>
		<read echo="ascii"><delim> </delim><match><data>\x3E </data></match></read>
		<write echo="ascii"><data>S0UGeb = |"Tn","rSQhn67Q8X"|\n</data></write>
		<read echo="ascii"><delim> </delim><match><data>\x3E </data></match></read>
		<write echo="ascii"><data>S0UGeb@JcxdJ4S\n</data></write>
		<read echo="ascii"><delim>\n</delim><match><data>FALSE\n</data></match></read>
		<read echo="ascii"><delim> </delim><match><data>\x3E </data></match></read>
		<write echo="ascii"><data>ZJhezQh = |"ju","KQ","KK"|^|"eb1WjDf","BR","aZUwrN","FjVLg4","iMH16G5","5pEHJ"|\n</data></write>
		<read echo="ascii"><delim> </delim><match><data>\x3E </data></match></read>
		<write echo="ascii"><data>lvILaNv = |"yg5","Ntc","aBBGd","h8","DhcA7qy","Xd","Ry0kM","TN8u"|\n</data></write>
		<read echo="ascii"><delim> </delim><match><data>\x3E </data></match></read>
		<write echo="ascii"><data>ZAhL9 = |"Ry0kM","Ntc","96WCjPIIOK"|\n</data></write>
		<read echo="ascii"><delim> </delim><match><data>\x3E </data></match></read>
		<write echo="ascii"><data>ZAhL9@lvILaNv\n</data></write>
		<read echo="ascii"><delim>\n</delim><match><data>FALSE\n</data></match></read>
		<read echo="ascii"><delim> </delim><match><data>\x3E </data></match></read>
		<write echo="ascii"><data>fEaX9 = |"3mctMsO","S9whK","in","BGESmV6","uR"|^|"3mctMsO","a5wRh"|\n</data></write>
		<read echo="ascii"><delim> </delim><match><data>\x3E </data></match></read>
		<write echo="ascii"><data>oftj0P = |"V8Vll5","japehz","miJ","XxFXG","zH8","BfZbLe","eIraXx","O1"|\n</data></write>
		<read echo="ascii"><delim> </delim><match><data>\x3E </data></match></read>
		<write echo="ascii"><data>JXabLRD = |"XxFXG","g8oJNWIo5A"|\n</data></write>
		<read echo="ascii"><delim> </delim><match><data>\x3E </data></match></read>
		<write echo="ascii"><data>JXabLRD@oftj0P\n</data></write>
		<read echo="ascii"><delim>\n</delim><match><data>FALSE\n</data></match></read>
		<read echo="ascii"><delim> </delim><match><data>\x3E </data></match></read>
		<write echo="ascii"><data>B0pU4 = |"WJ","aC","DdatTML","6","mAIstn","CM","FKKUDyj"|-|"HFEOX","m8hk","YXgTX","x","DdatTML","b","FKKUDyj"|\n</data></write>
		<read echo="ascii"><delim> </delim><match><data>\x3E </data></match></read>
		<write echo="ascii"><data>vBpheUn = |"S","TS8uC","P","Tw"|~|"0vSRRH","Oiicy","z1e57m"|\n</data></write>
		<read echo="ascii"><delim> </delim><match><data>\x3E </data></match></read>
		<write echo="ascii"><data>.p\n</data></write>
<read echo="ascii"><delim>\n</delim><match><data>URoH3oi = |"Kb7vT","Gv","eNF7aOk"|\n</data></match></read>
<read echo="ascii"><delim>\n</delim><match><data>7PaWC = ||\n</data></match></read>
<read echo="ascii"><delim>\n</delim><match><data>uGtPda = |"Db5CL1"|\n</data></match></read>
<read echo="ascii"><delim>\n</delim><match><data>XO0eL = |"Kb7vT","Gv","eNF7aOk"|\n</data></match></read>
<read echo="ascii"><delim>\n</delim><match><data>xRROF = |"M338CWI","0XzkmO","ybcW","3w","mrHv","vc9UvZ","YG","seECN","bQ1"|\n</data></match></read>
<read echo="ascii"><delim>\n</delim><match><data>zeQEnq = |"mrHv","qJqRBJ1CNB"|\n</data></match></read>
<read echo="ascii"><delim>\n</delim><match><data>Fsmh8R = |"eWJ9Y","zVW","2r","JvmbgG0","qTKBzoS"|\n</data></match></read>
<read echo="ascii"><delim>\n</delim><match><data>saMhh8 = |"Zf","hVJMQtM","e1","PbHtK","Fh","gF","6b7","b","nW8JKER","FmLE","nj"|\n</data></match></read>
<read echo="ascii"><delim>\n</delim><match><data>JcxdJ4S = |"EA","iJ0e","8e16uzB","YW","Tn","7L5"|\n</data></match></read>
<read echo="ascii"><delim>\n</delim><match><data>S0UGeb = |"Tn","rSQhn67Q8X"|\n</data></match></read>
<read echo="ascii"><delim>\n</delim><match><data>ZJhezQh = ||\n</data></match></read>
<read echo="ascii"><delim>\n</delim><match><data>lvILaNv = |"yg5","Ntc","aBBGd","h8","DhcA7qy","Xd","Ry0kM","TN8u"|\n</data></match></read>
<read echo="ascii"><delim>\n</delim><match><data>ZAhL9 = |"Ry0kM","Ntc","96WCjPIIOK"|\n</data></match></read>
<read echo="ascii"><delim>\n</delim><match><data>fEaX9 = |"3mctMsO"|\n</data></match></read>
<read echo="ascii"><delim>\n</delim><match><data>oftj0P = |"V8Vll5","japehz","miJ","XxFXG","zH8","BfZbLe","eIraXx","O1"|\n</data></match></read>
<read echo="ascii"><delim>\n</delim><match><data>JXabLRD = |"XxFXG","g8oJNWIo5A"|\n</data></match></read>
<read echo="ascii"><delim>\n</delim><match><data>B0pU4 = |"WJ","aC","6","mAIstn","CM"|\n</data></match></read>
<read echo="ascii"><delim>\n</delim><match><data>vBpheUn = |"S","TS8uC","P","Tw","0vSRRH","Oiicy","z1e57m"|\n</data></match></read>
		<read echo="ascii"><delim> </delim><match><data>\x3E </data></match></read>
		<write echo="ascii"><data>.l\n</data></write>
	</replay>
</pov>
