<?xml version="1.0" standalone="no" ?>
<!DOCTYPE pov SYSTEM "/usr/share/cgc-docs/replay.dtd"><pov>
	<cbid>CROMU_00011</cbid>
	<replay>
		<read echo="ascii"><delim> </delim><match><data>\x3E </data></match></read>
		<write echo="ascii"><data>OvN5IOH = |"3","9FDJO3a","TQDWK"|+|"B8FHR","l","9FDJO3a","v","TR"|\n</data></write>
		<read echo="ascii"><delim> </delim><match><data>\x3E </data></match></read>
		<write echo="ascii"><data>TlSCa09 = |"V"|~|"TYBDS"|\n</data></write>
		<read echo="ascii"><delim> </delim><match><data>\x3E </data></match></read>
		<write echo="ascii"><data>OS9Q72 = |"kDs","4MhV7","q1Uu","K1","WTv"|+|"4MhV7","i","q1Uu","0ssl","fO60LGS","dTApo","K1"|\n</data></write>
		<read echo="ascii"><delim> </delim><match><data>\x3E </data></match></read>
		<write echo="ascii"><data>ls1a89h = |"D","sstX","87L","2ENp","C","cH8A7"|-|"OUzu","C","VT4kXe","IPoxxf"|\n</data></write>
		<read echo="ascii"><delim> </delim><match><data>\x3E </data></match></read>
		<write echo="ascii"><data>LzcMkuX = |"iBPILS","8","w7","zBW","IyPU","3CQz0"|~|"0aG","L","3CQz0","uVoiSbx","h93L081","QfCiL"|\n</data></write>
		<read echo="ascii"><delim> </delim><match><data>\x3E </data></match></read>
		<write echo="ascii"><data>2hABaF = |"Gp","edgx6ZQ","7yNh","scz4s"|^|"hJ","jIef0tN","uFnHa","Wc","5Zu4","kwKl","LJx"|\n</data></write>
		<read echo="ascii"><delim> </delim><match><data>\x3E </data></match></read>
		<write echo="ascii"><data>dgj3oS2 = 2hABaF - OvN5IOH\n</data></write>
		<read echo="ascii"><delim> </delim><match><data>\x3E </data></match></read>
		<write echo="ascii"><data>.p\n</data></write>
<read echo="ascii"><delim>\n</delim><match><data>OvN5IOH = |"3","9FDJO3a","TQDWK","B8FHR","l","v","TR"|\n</data></match></read>
<read echo="ascii"><delim>\n</delim><match><data>TlSCa09 = |"V","TYBDS"|\n</data></match></read>
<read echo="ascii"><delim>\n</delim><match><data>OS9Q72 = |"kDs","4MhV7","q1Uu","K1","WTv","i","0ssl","fO60LGS","dTApo"|\n</data></match></read>
<read echo="ascii"><delim>\n</delim><match><data>ls1a89h = |"D","sstX","87L","2ENp","cH8A7"|\n</data></match></read>
<read echo="ascii"><delim>\n</delim><match><data>LzcMkuX = |"iBPILS","8","w7","zBW","IyPU","0aG","L","uVoiSbx","h93L081","QfCiL"|\n</data></match></read>
<read echo="ascii"><delim>\n</delim><match><data>2hABaF = ||\n</data></match></read>
<read echo="ascii"><delim>\n</delim><match><data>dgj3oS2 = ||\n</data></match></read>
		<read echo="ascii"><delim> </delim><match><data>\x3E </data></match></read>
		<write echo="ascii"><data>.l\n</data></write>
	</replay>
</pov>
