<?xml version="1.0" standalone="no" ?>
<!DOCTYPE pov SYSTEM "/usr/share/cgc-docs/replay.dtd"><pov>
	<cbid>CROMU_00011</cbid>
	<replay>
		<read echo="ascii"><delim> </delim><match><data>\x3E </data></match></read>
		<write echo="ascii"><data>r2t7L = |"KF","o8xjNt","P","kpDvVN","C9E","dl3jl","SPDzp"|+|"EM7Z","eqNRiWY"|\n</data></write>
		<read echo="ascii"><delim> </delim><match><data>\x3E </data></match></read>
		<write echo="ascii"><data>NN1dM = r2t7L + r2t7L\n</data></write>
		<read echo="ascii"><delim> </delim><match><data>\x3E </data></match></read>
		<write echo="ascii"><data>SyxMqDF = |"EO5yhJc","fRgVam","RG3P9f"|+|"iFe","U9l8f","X1","s4","RG3P9f"|\n</data></write>
		<read echo="ascii"><delim> </delim><match><data>\x3E </data></match></read>
		<write echo="ascii"><data>gvrE3ut = |"hRqLIe","QZ","GFX","UDmA","Eext","FT"|^|"qa44Yw8","IP2VuD","vO","XzE7","61Sr"|\n</data></write>
		<read echo="ascii"><delim> </delim><match><data>\x3E </data></match></read>
		<write echo="ascii"><data>MO4yL6k = gvrE3ut ~ SyxMqDF\n</data></write>
		<read echo="ascii"><delim> </delim><match><data>\x3E </data></match></read>
		<write echo="ascii"><data>sfTAneh = NN1dM - gvrE3ut\n</data></write>
		<read echo="ascii"><delim> </delim><match><data>\x3E </data></match></read>
		<write echo="ascii"><data>wiBjc = SyxMqDF + gvrE3ut\n</data></write>
		<read echo="ascii"><delim> </delim><match><data>\x3E </data></match></read>
		<write echo="ascii"><data>oy21SJYP = MO4yL6k ^ sfTAneh\n</data></write>
		<read echo="ascii"><delim> </delim><match><data>\x3E </data></match></read>
		<write echo="ascii"><data>78lDWV = |"q"|+|"L5","rFP","fO0uN","KoRl","ScSbh","aTUtBc","bLk"|\n</data></write>
		<read echo="ascii"><delim> </delim><match><data>\x3E </data></match></read>
		<write echo="ascii"><data>CnRrMc = sfTAneh - MO4yL6k\n</data></write>
		<read echo="ascii"><delim> </delim><match><data>\x3E </data></match></read>
		<write echo="ascii"><data>.p\n</data></write>
<read echo="ascii"><delim>\n</delim><match><data>r2t7L = |"KF","o8xjNt","P","kpDvVN","C9E","dl3jl","SPDzp","EM7Z","eqNRiWY"|\n</data></match></read>
<read echo="ascii"><delim>\n</delim><match><data>NN1dM = |"KF","o8xjNt","P","kpDvVN","C9E","dl3jl","SPDzp","EM7Z","eqNRiWY"|\n</data></match></read>
<read echo="ascii"><delim>\n</delim><match><data>SyxMqDF = |"EO5yhJc","fRgVam","RG3P9f","iFe","U9l8f","X1","s4"|\n</data></match></read>
<read echo="ascii"><delim>\n</delim><match><data>gvrE3ut = ||\n</data></match></read>
<read echo="ascii"><delim>\n</delim><match><data>MO4yL6k = |"EO5yhJc","fRgVam","RG3P9f","iFe","U9l8f","X1","s4"|\n</data></match></read>
<read echo="ascii"><delim>\n</delim><match><data>sfTAneh = |"KF","o8xjNt","P","kpDvVN","C9E","dl3jl","SPDzp","EM7Z","eqNRiWY"|\n</data></match></read>
<read echo="ascii"><delim>\n</delim><match><data>wiBjc = |"EO5yhJc","fRgVam","RG3P9f","iFe","U9l8f","X1","s4"|\n</data></match></read>
<read echo="ascii"><delim>\n</delim><match><data>oy21SJYP = ||\n</data></match></read>
<read echo="ascii"><delim>\n</delim><match><data>78lDWV = |"q","L5","rFP","fO0uN","KoRl","ScSbh","aTUtBc","bLk"|\n</data></match></read>
<read echo="ascii"><delim>\n</delim><match><data>CnRrMc = |"KF","o8xjNt","P","kpDvVN","C9E","dl3jl","SPDzp","EM7Z","eqNRiWY"|\n</data></match></read>
		<read echo="ascii"><delim> </delim><match><data>\x3E </data></match></read>
		<write echo="ascii"><data>.l\n</data></write>
	</replay>
</pov>
