<?xml version="1.0" standalone="no" ?>
<!DOCTYPE pov SYSTEM "/usr/share/cgc-docs/replay.dtd"><pov>
	<cbid>CROMU_00011</cbid>
	<replay>
		<read echo="ascii"><delim> </delim><match><data>\x3E </data></match></read>
		<write echo="ascii"><data>dUAfg = |"f3TY5p","OCqaN"|+|"Gv0NOHu","eerWs1X","z","OCqaN","3WHo","sIc","EyQaFt"|\n</data></write>
		<read echo="ascii"><delim> </delim><match><data>\x3E </data></match></read>
		<write echo="ascii"><data>7iKnRW8gBm = dUAfg ^ dUAfg\n</data></write>
		<read echo="ascii"><delim> </delim><match><data>\x3E </data></match></read>
		<write echo="ascii"><data>tlFEjGB = |"Zs9rtLs","p3","VBLwUN","Gte4I"|^|"zETS","kGW3","9Xlt","Ta","3j33","tUv","8pNnz80"|\n</data></write>
		<read echo="ascii"><delim> </delim><match><data>\x3E </data></match></read>
		<write echo="ascii"><data>I2iDYYh = |"oDF2n","0Y","BM1","T"|+|"YL","zvhpT"|\n</data></write>
		<read echo="ascii"><delim> </delim><match><data>\x3E </data></match></read>
		<write echo="ascii"><data>IQQ0w = 7iKnRW8gBm + 7iKnRW8gBm\n</data></write>
		<read echo="ascii"><delim> </delim><match><data>\x3E </data></match></read>
		<write echo="ascii"><data>n1laE6HR = tlFEjGB ^ tlFEjGB\n</data></write>
		<read echo="ascii"><delim> </delim><match><data>\x3E </data></match></read>
		<write echo="ascii"><data>gLexOIANX7 = I2iDYYh ^ dUAfg\n</data></write>
		<read echo="ascii"><delim> </delim><match><data>\x3E </data></match></read>
		<write echo="ascii"><data>qU5dZLD = |"f3lAMq","JL","R1mL"|^|"7KabMX","hGycklx","R1mL","fyp","L3dQKk","s8OG0E"|\n</data></write>
		<read echo="ascii"><delim> </delim><match><data>\x3E </data></match></read>
		<write echo="ascii"><data>EMNix = |"6C","O","GklNk6","K","s","ANoX09","YGio"|~|"8k4"|\n</data></write>
		<read echo="ascii"><delim> </delim><match><data>\x3E </data></match></read>
		<write echo="ascii"><data>8aJiA = qU5dZLD ~ EMNix\n</data></write>
		<read echo="ascii"><delim> </delim><match><data>\x3E </data></match></read>
		<write echo="ascii"><data>tUeSJ = |"1PcE","BAOU","SvKA","gl","6LRMmk","Rr0TR","90","l3aIa","L7mDwI"|\n</data></write>
		<read echo="ascii"><delim> </delim><match><data>\x3E </data></match></read>
		<write echo="ascii"><data>Lj0xVVU = |"SvKA","L7mDwI","gl","90","He7tTju6B7"|\n</data></write>
		<read echo="ascii"><delim> </delim><match><data>\x3E </data></match></read>
		<write echo="ascii"><data>Lj0xVVU@tUeSJ\n</data></write>
		<read echo="ascii"><delim>\n</delim><match><data>FALSE\n</data></match></read>
		<read echo="ascii"><delim> </delim><match><data>\x3E </data></match></read>
		<write echo="ascii"><data>.p\n</data></write>
<read echo="ascii"><delim>\n</delim><match><data>dUAfg = |"f3TY5p","OCqaN","Gv0NOHu","eerWs1X","z","3WHo","sIc","EyQaFt"|\n</data></match></read>
<read echo="ascii"><delim>\n</delim><match><data>7iKnRW8gBm = |"f3TY5p","OCqaN","Gv0NOHu","eerWs1X","z","3WHo","sIc","EyQaFt"|\n</data></match></read>
<read echo="ascii"><delim>\n</delim><match><data>tlFEjGB = ||\n</data></match></read>
<read echo="ascii"><delim>\n</delim><match><data>I2iDYYh = |"oDF2n","0Y","BM1","T","YL","zvhpT"|\n</data></match></read>
<read echo="ascii"><delim>\n</delim><match><data>IQQ0w = |"f3TY5p","OCqaN","Gv0NOHu","eerWs1X","z","3WHo","sIc","EyQaFt"|\n</data></match></read>
<read echo="ascii"><delim>\n</delim><match><data>n1laE6HR = ||\n</data></match></read>
<read echo="ascii"><delim>\n</delim><match><data>gLexOIANX7 = ||\n</data></match></read>
<read echo="ascii"><delim>\n</delim><match><data>qU5dZLD = |"R1mL"|\n</data></match></read>
<read echo="ascii"><delim>\n</delim><match><data>EMNix = |"6C","O","GklNk6","K","s","ANoX09","YGio","8k4"|\n</data></match></read>
<read echo="ascii"><delim>\n</delim><match><data>8aJiA = |"R1mL","6C","O","GklNk6","K","s","ANoX09","YGio","8k4"|\n</data></match></read>
<read echo="ascii"><delim>\n</delim><match><data>tUeSJ = |"1PcE","BAOU","SvKA","gl","6LRMmk","Rr0TR","90","l3aIa","L7mDwI"|\n</data></match></read>
<read echo="ascii"><delim>\n</delim><match><data>Lj0xVVU = |"SvKA","L7mDwI","gl","90","He7tTju6B7"|\n</data></match></read>
		<read echo="ascii"><delim> </delim><match><data>\x3E </data></match></read>
		<write echo="ascii"><data>.l\n</data></write>
	</replay>
</pov>
