<?xml version="1.0" standalone="no" ?>
<!DOCTYPE pov SYSTEM "/usr/share/cgc-docs/replay.dtd"><pov>
	<cbid>CROMU_00011</cbid>
	<replay>
		<read echo="ascii"><delim> </delim><match><data>\x3E </data></match></read>
		<write echo="ascii"><data>9GdWPLE = |"Bm"|+|"FjGf2N","R","UVSITT","pGVYCJ","Bm","aFBT"|\n</data></write>
		<read echo="ascii"><delim> </delim><match><data>\x3E </data></match></read>
		<write echo="ascii"><data>j1DxzNw = |"GysG","B8","QJ","qT","s1pxmL"|^|"EL","ZSy","70EXt5I","eWZ","Al3U"|\n</data></write>
		<read echo="ascii"><delim> </delim><match><data>\x3E </data></match></read>
		<write echo="ascii"><data>GtCQwW = |"E8hlua","TiLp5j2"|+|"GIu","mo","TiLp5j2","Asa","X"|\n</data></write>
		<read echo="ascii"><delim> </delim><match><data>\x3E </data></match></read>
		<write echo="ascii"><data>T6uCHCw = |"Jp"|+|"NbbU"|\n</data></write>
		<read echo="ascii"><delim> </delim><match><data>\x3E </data></match></read>
		<write echo="ascii"><data>SbrUZ = 9GdWPLE + T6uCHCw\n</data></write>
		<read echo="ascii"><delim> </delim><match><data>\x3E </data></match></read>
		<write echo="ascii"><data>ditYG = |"WoVjd","tFz","S2HgoX1","Kn7"|^|"3QG","YdBa9","Kn7","iu1","S2HgoX1","ofTea","WoVjd"|\n</data></write>
		<read echo="ascii"><delim> </delim><match><data>\x3E </data></match></read>
		<write echo="ascii"><data>efhgk1M = |"rwpXj","CHzA","N"|~|"Z2be","ldgc"|\n</data></write>
		<read echo="ascii"><delim> </delim><match><data>\x3E </data></match></read>
		<write echo="ascii"><data>cl8HAXp = |"lU5Rx","MaQmhX","4uaVKq","CDA9PAn","bHMw7","vYUxl","np"|\n</data></write>
		<read echo="ascii"><delim> </delim><match><data>\x3E </data></match></read>
		<write echo="ascii"><data>lJbXt = |"np","bHMw7","CDA9PAn","NtLOkLcFrp"|\n</data></write>
		<read echo="ascii"><delim> </delim><match><data>\x3E </data></match></read>
		<write echo="ascii"><data>lJbXt@cl8HAXp\n</data></write>
		<read echo="ascii"><delim>\n</delim><match><data>FALSE\n</data></match></read>
		<read echo="ascii"><delim> </delim><match><data>\x3E </data></match></read>
		<write echo="ascii"><data>DVrSL = SbrUZ + 9GdWPLE\n</data></write>
		<read echo="ascii"><delim> </delim><match><data>\x3E </data></match></read>
		<write echo="ascii"><data>cYkaPo = |"2YRZ","T","nTmTG","U8ziGK","rsme","1hs"|+|"hlu8NEX","zIRNvp","LTfsKf","T","5"|\n</data></write>
		<read echo="ascii"><delim> </delim><match><data>\x3E </data></match></read>
		<write echo="ascii"><data>n79S0X = |"A4"|~|"1JMjJzb","EcM1A","BI","jH","5ubd6"|\n</data></write>
		<read echo="ascii"><delim> </delim><match><data>\x3E </data></match></read>
		<write echo="ascii"><data>e29TPPE = efhgk1M - cl8HAXp\n</data></write>
		<read echo="ascii"><delim> </delim><match><data>\x3E </data></match></read>
		<write echo="ascii"><data>ldP7lCX = lJbXt + n79S0X\n</data></write>
		<read echo="ascii"><delim> </delim><match><data>\x3E </data></match></read>
		<write echo="ascii"><data>.p\n</data></write>
<read echo="ascii"><delim>\n</delim><match><data>9GdWPLE = |"Bm","FjGf2N","R","UVSITT","pGVYCJ","aFBT"|\n</data></match></read>
<read echo="ascii"><delim>\n</delim><match><data>j1DxzNw = ||\n</data></match></read>
<read echo="ascii"><delim>\n</delim><match><data>GtCQwW = |"E8hlua","TiLp5j2","GIu","mo","Asa","X"|\n</data></match></read>
<read echo="ascii"><delim>\n</delim><match><data>T6uCHCw = |"Jp","NbbU"|\n</data></match></read>
<read echo="ascii"><delim>\n</delim><match><data>SbrUZ = |"Bm","FjGf2N","R","UVSITT","pGVYCJ","aFBT","Jp","NbbU"|\n</data></match></read>
<read echo="ascii"><delim>\n</delim><match><data>ditYG = |"WoVjd","S2HgoX1","Kn7"|\n</data></match></read>
<read echo="ascii"><delim>\n</delim><match><data>efhgk1M = |"rwpXj","CHzA","N","Z2be","ldgc"|\n</data></match></read>
<read echo="ascii"><delim>\n</delim><match><data>cl8HAXp = |"lU5Rx","MaQmhX","4uaVKq","CDA9PAn","bHMw7","vYUxl","np"|\n</data></match></read>
<read echo="ascii"><delim>\n</delim><match><data>lJbXt = |"np","bHMw7","CDA9PAn","NtLOkLcFrp"|\n</data></match></read>
<read echo="ascii"><delim>\n</delim><match><data>DVrSL = |"Bm","FjGf2N","R","UVSITT","pGVYCJ","aFBT","Jp","NbbU"|\n</data></match></read>
<read echo="ascii"><delim>\n</delim><match><data>cYkaPo = |"2YRZ","T","nTmTG","U8ziGK","rsme","1hs","hlu8NEX","zIRNvp","LTfsKf","5"|\n</data></match></read>
<read echo="ascii"><delim>\n</delim><match><data>n79S0X = |"A4","1JMjJzb","EcM1A","BI","jH","5ubd6"|\n</data></match></read>
<read echo="ascii"><delim>\n</delim><match><data>e29TPPE = |"rwpXj","CHzA","N","Z2be","ldgc"|\n</data></match></read>
<read echo="ascii"><delim>\n</delim><match><data>ldP7lCX = |"np","bHMw7","CDA9PAn","NtLOkLcFrp","A4","1JMjJzb","EcM1A","BI","jH","5ubd6"|\n</data></match></read>
		<read echo="ascii"><delim> </delim><match><data>\x3E </data></match></read>
		<write echo="ascii"><data>.l\n</data></write>
	</replay>
</pov>
