<?xml version="1.0" standalone="no" ?>
<!DOCTYPE pov SYSTEM "/usr/share/cgc-docs/replay.dtd"><pov>
	<cbid>CROMU_00011</cbid>
	<replay>
		<read echo="ascii"><delim> </delim><match><data>\x3E </data></match></read>
		<write echo="ascii"><data>qeHhC4d = |"U","fBp","cJUt6Q","Mcz","d0Dzq","nbmhaG"|+|"LKXQj"|\n</data></write>
		<read echo="ascii"><delim> </delim><match><data>\x3E </data></match></read>
		<write echo="ascii"><data>TFz4HIs1wI = qeHhC4d ^ qeHhC4d\n</data></write>
		<read echo="ascii"><delim> </delim><match><data>\x3E </data></match></read>
		<write echo="ascii"><data>T2eIXn = |"sfDHZ","DV1R","aH","gU","96lhMW","BPy2r","dbQ8JB","NLdlqhx","ulLeO1","UpwJmQ"|\n</data></write>
		<read echo="ascii"><delim> </delim><match><data>\x3E </data></match></read>
		<write echo="ascii"><data>dMxdQOf = |"ulLeO1","UpwJmQ","BPy2r","NLdlqhx","96lhMW","sfDHZ","gU"|\n</data></write>
		<read echo="ascii"><delim> </delim><match><data>\x3E </data></match></read>
		<write echo="ascii"><data>dMxdQOf@T2eIXn\n</data></write>
		<read echo="ascii"><delim>\n</delim><match><data>TRUE\n</data></match></read>
		<read echo="ascii"><delim> </delim><match><data>\x3E </data></match></read>
		<write echo="ascii"><data>j691NG = |"qXZ","i1ICaU","xjI5LN","Q","dGwg","d72"|-|"qXZ","w","i1ICaU"|\n</data></write>
		<read echo="ascii"><delim> </delim><match><data>\x3E </data></match></read>
		<write echo="ascii"><data>mEaYf = j691NG + dMxdQOf\n</data></write>
		<read echo="ascii"><delim> </delim><match><data>\x3E </data></match></read>
		<write echo="ascii"><data>FTDw2 = |"Y","lRWeu","0vkFF","XoOmiOy"|-|"GLKWLCf","0E4NkD","uV7QrI","OWx2Pq","lRWeu","Y"|\n</data></write>
		<read echo="ascii"><delim> </delim><match><data>\x3E </data></match></read>
		<write echo="ascii"><data>iNYHQY4 = FTDw2 - TFz4HIs1wI\n</data></write>
		<read echo="ascii"><delim> </delim><match><data>\x3E </data></match></read>
		<write echo="ascii"><data>Mepxa = |"KnRhK","FG6wKCR","LmCe","Diifh"|~|"NQ"|\n</data></write>
		<read echo="ascii"><delim> </delim><match><data>\x3E </data></match></read>
		<write echo="ascii"><data>5HSpa2m = j691NG + T2eIXn\n</data></write>
		<read echo="ascii"><delim> </delim><match><data>\x3E </data></match></read>
		<write echo="ascii"><data>lcPws2c = FTDw2 - TFz4HIs1wI\n</data></write>
		<read echo="ascii"><delim> </delim><match><data>\x3E </data></match></read>
		<write echo="ascii"><data>yn3Rsdy = |"TSepc","87mI","dl61","XyzVwnr","MOa","r8FdQR","AOxw","d0Dqbn","FOq1gx","0uSc7"|\n</data></write>
		<read echo="ascii"><delim> </delim><match><data>\x3E </data></match></read>
		<write echo="ascii"><data>pRXGWZu = |"XyzVwnr","MOa","FOq1gx","0uSc7","AOxw"|\n</data></write>
		<read echo="ascii"><delim> </delim><match><data>\x3E </data></match></read>
		<write echo="ascii"><data>pRXGWZu@yn3Rsdy\n</data></write>
		<read echo="ascii"><delim>\n</delim><match><data>TRUE\n</data></match></read>
		<read echo="ascii"><delim> </delim><match><data>\x3E </data></match></read>
		<write echo="ascii"><data>f9trG = TFz4HIs1wI + iNYHQY4\n</data></write>
		<read echo="ascii"><delim> </delim><match><data>\x3E </data></match></read>
		<write echo="ascii"><data>j5PFQ = |"s","6HhA55N","JBx"|+|"SFUQiZ7","Syl2CnW","oEOL","sRWPAs"|\n</data></write>
		<read echo="ascii"><delim> </delim><match><data>\x3E </data></match></read>
		<write echo="ascii"><data>.p\n</data></write>
<read echo="ascii"><delim>\n</delim><match><data>qeHhC4d = |"U","fBp","cJUt6Q","Mcz","d0Dzq","nbmhaG","LKXQj"|\n</data></match></read>
<read echo="ascii"><delim>\n</delim><match><data>TFz4HIs1wI = |"U","fBp","cJUt6Q","Mcz","d0Dzq","nbmhaG","LKXQj"|\n</data></match></read>
<read echo="ascii"><delim>\n</delim><match><data>T2eIXn = |"sfDHZ","DV1R","aH","gU","96lhMW","BPy2r","dbQ8JB","NLdlqhx","ulLeO1","UpwJmQ"|\n</data></match></read>
<read echo="ascii"><delim>\n</delim><match><data>dMxdQOf = |"ulLeO1","UpwJmQ","BPy2r","NLdlqhx","96lhMW","sfDHZ","gU"|\n</data></match></read>
<read echo="ascii"><delim>\n</delim><match><data>j691NG = |"xjI5LN","Q","dGwg","d72"|\n</data></match></read>
<read echo="ascii"><delim>\n</delim><match><data>mEaYf = |"xjI5LN","Q","dGwg","d72","ulLeO1","UpwJmQ","BPy2r","NLdlqhx","96lhMW","sfDHZ","gU"|\n</data></match></read>
<read echo="ascii"><delim>\n</delim><match><data>FTDw2 = |"0vkFF","XoOmiOy"|\n</data></match></read>
<read echo="ascii"><delim>\n</delim><match><data>iNYHQY4 = |"0vkFF","XoOmiOy"|\n</data></match></read>
<read echo="ascii"><delim>\n</delim><match><data>Mepxa = |"KnRhK","FG6wKCR","LmCe","Diifh","NQ"|\n</data></match></read>
<read echo="ascii"><delim>\n</delim><match><data>5HSpa2m = |"xjI5LN","Q","dGwg","d72","sfDHZ","DV1R","aH","gU","96lhMW","BPy2r","dbQ8JB","NLdlqhx","ulLeO1","UpwJmQ"|\n</data></match></read>
<read echo="ascii"><delim>\n</delim><match><data>lcPws2c = |"0vkFF","XoOmiOy"|\n</data></match></read>
<read echo="ascii"><delim>\n</delim><match><data>yn3Rsdy = |"TSepc","87mI","dl61","XyzVwnr","MOa","r8FdQR","AOxw","d0Dqbn","FOq1gx","0uSc7"|\n</data></match></read>
<read echo="ascii"><delim>\n</delim><match><data>pRXGWZu = |"XyzVwnr","MOa","FOq1gx","0uSc7","AOxw"|\n</data></match></read>
<read echo="ascii"><delim>\n</delim><match><data>f9trG = |"U","fBp","cJUt6Q","Mcz","d0Dzq","nbmhaG","LKXQj","0vkFF","XoOmiOy"|\n</data></match></read>
<read echo="ascii"><delim>\n</delim><match><data>j5PFQ = |"s","6HhA55N","JBx","SFUQiZ7","Syl2CnW","oEOL","sRWPAs"|\n</data></match></read>
		<read echo="ascii"><delim> </delim><match><data>\x3E </data></match></read>
		<write echo="ascii"><data>.l\n</data></write>
	</replay>
</pov>
