<?xml version="1.0" standalone="no" ?>
<!DOCTYPE pov SYSTEM "/usr/share/cgc-docs/replay.dtd"><pov>
	<cbid>CROMU_00011</cbid>
	<replay>
		<read echo="ascii"><delim> </delim><match><data>\x3E </data></match></read>
		<write echo="ascii"><data>iEThaM = |"9","VDJ"|~|"7HD2","3TLj0","9","wTsE8q","r3l2Pu"|\n</data></write>
		<read echo="ascii"><delim> </delim><match><data>\x3E </data></match></read>
		<write echo="ascii"><data>ZCB7sDG = |"Evd","65sJ","w35t","g","KdCp33z","wX0geX","UAey"|-|"g","8xC","q9","B69lROz","w35t","wX0geX"|\n</data></write>
		<read echo="ascii"><delim> </delim><match><data>\x3E </data></match></read>
		<write echo="ascii"><data>wcqGc = iEThaM + iEThaM\n</data></write>
		<read echo="ascii"><delim> </delim><match><data>\x3E </data></match></read>
		<write echo="ascii"><data>l6TrN = |"zc1eK","DgFWNA","4g"|^|"KuxRAww","23lYF","IYhzj"|\n</data></write>
		<read echo="ascii"><delim> </delim><match><data>\x3E </data></match></read>
		<write echo="ascii"><data>7RXenh = |"GHf","L0eF","i5WPal","KlQO","gHIL","1jg","3tQDQ","qn","nuBBa","WmFVMNF"|\n</data></write>
		<read echo="ascii"><delim> </delim><match><data>\x3E </data></match></read>
		<write echo="ascii"><data>oLTHR = |"i5WPal","WmFVMNF","KlQO","3tQDQ","1jg","GpYGiBTO4A"|\n</data></write>
		<read echo="ascii"><delim> </delim><match><data>\x3E </data></match></read>
		<write echo="ascii"><data>oLTHR@7RXenh\n</data></write>
		<read echo="ascii"><delim>\n</delim><match><data>FALSE\n</data></match></read>
		<read echo="ascii"><delim> </delim><match><data>\x3E </data></match></read>
		<write echo="ascii"><data>0loicl = |"lIjL","NPXz4Iz","9lfz","z1A","fqw","PGFp","0rU"|~|"fqw","l4irH3z","NPXz4Iz","E25Hzhh","9lfz","hKH","TJwd2Pd"|\n</data></write>
		<read echo="ascii"><delim> </delim><match><data>\x3E </data></match></read>
		<write echo="ascii"><data>Llo1YT = oLTHR ~ oLTHR\n</data></write>
		<read echo="ascii"><delim> </delim><match><data>\x3E </data></match></read>
		<write echo="ascii"><data>jt3it0V = |"xxtr","R"|~|"5H7kc","8uZo","bcuAfp","R","rMBYn","Q"|\n</data></write>
		<read echo="ascii"><delim> </delim><match><data>\x3E </data></match></read>
		<write echo="ascii"><data>pod9kpRmPL = wcqGc ^ oLTHR\n</data></write>
		<read echo="ascii"><delim> </delim><match><data>\x3E </data></match></read>
		<write echo="ascii"><data>nNpxDW3 = jt3it0V - 7RXenh\n</data></write>
		<read echo="ascii"><delim> </delim><match><data>\x3E </data></match></read>
		<write echo="ascii"><data>wvwvo = |"YnSLA4C","gu","ChAYkv","3It9","sk","9MiRmmQ","fKOAs","0wL","JD5U"|\n</data></write>
		<read echo="ascii"><delim> </delim><match><data>\x3E </data></match></read>
		<write echo="ascii"><data>XN3OB = |"0wL","YnSLA4C","gu","ChAYkv","3It9"|\n</data></write>
		<read echo="ascii"><delim> </delim><match><data>\x3E </data></match></read>
		<write echo="ascii"><data>XN3OB@wvwvo\n</data></write>
		<read echo="ascii"><delim>\n</delim><match><data>TRUE\n</data></match></read>
		<read echo="ascii"><delim> </delim><match><data>\x3E </data></match></read>
		<write echo="ascii"><data>.p\n</data></write>
<read echo="ascii"><delim>\n</delim><match><data>iEThaM = |"VDJ","7HD2","3TLj0","wTsE8q","r3l2Pu"|\n</data></match></read>
<read echo="ascii"><delim>\n</delim><match><data>ZCB7sDG = |"Evd","65sJ","KdCp33z","UAey"|\n</data></match></read>
<read echo="ascii"><delim>\n</delim><match><data>wcqGc = |"VDJ","7HD2","3TLj0","wTsE8q","r3l2Pu"|\n</data></match></read>
<read echo="ascii"><delim>\n</delim><match><data>l6TrN = ||\n</data></match></read>
<read echo="ascii"><delim>\n</delim><match><data>7RXenh = |"GHf","L0eF","i5WPal","KlQO","gHIL","1jg","3tQDQ","qn","nuBBa","WmFVMNF"|\n</data></match></read>
<read echo="ascii"><delim>\n</delim><match><data>oLTHR = |"i5WPal","WmFVMNF","KlQO","3tQDQ","1jg","GpYGiBTO4A"|\n</data></match></read>
<read echo="ascii"><delim>\n</delim><match><data>0loicl = |"lIjL","z1A","PGFp","0rU","l4irH3z","E25Hzhh","hKH","TJwd2Pd"|\n</data></match></read>
<read echo="ascii"><delim>\n</delim><match><data>Llo1YT = ||\n</data></match></read>
<read echo="ascii"><delim>\n</delim><match><data>jt3it0V = |"xxtr","5H7kc","8uZo","bcuAfp","rMBYn","Q"|\n</data></match></read>
<read echo="ascii"><delim>\n</delim><match><data>pod9kpRmPL = ||\n</data></match></read>
<read echo="ascii"><delim>\n</delim><match><data>nNpxDW3 = |"xxtr","5H7kc","8uZo","bcuAfp","rMBYn","Q"|\n</data></match></read>
<read echo="ascii"><delim>\n</delim><match><data>wvwvo = |"YnSLA4C","gu","ChAYkv","3It9","sk","9MiRmmQ","fKOAs","0wL","JD5U"|\n</data></match></read>
<read echo="ascii"><delim>\n</delim><match><data>XN3OB = |"0wL","YnSLA4C","gu","ChAYkv","3It9"|\n</data></match></read>
		<read echo="ascii"><delim> </delim><match><data>\x3E </data></match></read>
		<write echo="ascii"><data>.l\n</data></write>
	</replay>
</pov>
