<?xml version="1.0" standalone="no" ?>
<!DOCTYPE pov SYSTEM "/usr/share/cgc-docs/replay.dtd"><pov>
	<cbid>CROMU_00011</cbid>
	<replay>
		<read echo="ascii"><delim> </delim><match><data>\x3E </data></match></read>
		<write echo="ascii"><data>Z4iVYvU = |"FXOH","Hrro1jD","2x","ufMy0A9","gxW2hhV","1T04"|\n</data></write>
		<read echo="ascii"><delim> </delim><match><data>\x3E </data></match></read>
		<write echo="ascii"><data>p213jE = |"2x","FXOH","1T04","gxW2hhV"|\n</data></write>
		<read echo="ascii"><delim> </delim><match><data>\x3E </data></match></read>
		<write echo="ascii"><data>p213jE@Z4iVYvU\n</data></write>
		<read echo="ascii"><delim>\n</delim><match><data>TRUE\n</data></match></read>
		<read echo="ascii"><delim> </delim><match><data>\x3E </data></match></read>
		<write echo="ascii"><data>rkqq3 = |"Kj","JrUE","9aASfiR","GyIfzbr"|~|"M6t","qjsuN","IbfG"|\n</data></write>
		<read echo="ascii"><delim> </delim><match><data>\x3E </data></match></read>
		<write echo="ascii"><data>99iZj = |"CA510F3","bzJ","bxHpw","ANrJEyC","YP"|^|"YP","gvlos1"|\n</data></write>
		<read echo="ascii"><delim> </delim><match><data>\x3E </data></match></read>
		<write echo="ascii"><data>HJQAA = |"HoL0s","KhSk","6OW","iN","bqSIpLe","pGpN1"|\n</data></write>
		<read echo="ascii"><delim> </delim><match><data>\x3E </data></match></read>
		<write echo="ascii"><data>GxN8sIR = |"HoL0s","bqSIpLe","pGpN1"|\n</data></write>
		<read echo="ascii"><delim> </delim><match><data>\x3E </data></match></read>
		<write echo="ascii"><data>GxN8sIR@HJQAA\n</data></write>
		<read echo="ascii"><delim>\n</delim><match><data>TRUE\n</data></match></read>
		<read echo="ascii"><delim> </delim><match><data>\x3E </data></match></read>
		<write echo="ascii"><data>4wKmTV = |"xutew6U","SVl","9s","s5NeCs","PwZVFp","McU6Yt"|\n</data></write>
		<read echo="ascii"><delim> </delim><match><data>\x3E </data></match></read>
		<write echo="ascii"><data>CyPAZ = |"s5NeCs"|\n</data></write>
		<read echo="ascii"><delim> </delim><match><data>\x3E </data></match></read>
		<write echo="ascii"><data>CyPAZ@4wKmTV\n</data></write>
		<read echo="ascii"><delim>\n</delim><match><data>TRUE\n</data></match></read>
		<read echo="ascii"><delim> </delim><match><data>\x3E </data></match></read>
		<write echo="ascii"><data>yNPqve = Z4iVYvU ^ CyPAZ\n</data></write>
		<read echo="ascii"><delim> </delim><match><data>\x3E </data></match></read>
		<write echo="ascii"><data>WMWDX6n = Z4iVYvU ~ GxN8sIR\n</data></write>
		<read echo="ascii"><delim> </delim><match><data>\x3E </data></match></read>
		<write echo="ascii"><data>fl46sy = |"BYT","WBx","lmIH","12TLY1X","nf4PH7","kr1Og5","3f","pzauuR3","nH3r"|\n</data></write>
		<read echo="ascii"><delim> </delim><match><data>\x3E </data></match></read>
		<write echo="ascii"><data>LDGYBpe = |"3f"|\n</data></write>
		<read echo="ascii"><delim> </delim><match><data>\x3E </data></match></read>
		<write echo="ascii"><data>LDGYBpe@fl46sy\n</data></write>
		<read echo="ascii"><delim>\n</delim><match><data>TRUE\n</data></match></read>
		<read echo="ascii"><delim> </delim><match><data>\x3E </data></match></read>
		<write echo="ascii"><data>xJZ9IF = 4wKmTV ~ Z4iVYvU\n</data></write>
		<read echo="ascii"><delim> </delim><match><data>\x3E </data></match></read>
		<write echo="ascii"><data>A7YACJa = |"K9Qjm","ax0","dMf","f","W","R9vIFVi","gjUzn"|+|"chhOf","yinzKS"|\n</data></write>
		<read echo="ascii"><delim> </delim><match><data>\x3E </data></match></read>
		<write echo="ascii"><data>EOtCj = |"qwz","us","a59U9m","Vhlzw","Ysfj","Bn","cAlVhB","Pn"|\n</data></write>
		<read echo="ascii"><delim> </delim><match><data>\x3E </data></match></read>
		<write echo="ascii"><data>7HgU9EN = |"Pn","Vhlzw","us"|\n</data></write>
		<read echo="ascii"><delim> </delim><match><data>\x3E </data></match></read>
		<write echo="ascii"><data>7HgU9EN@EOtCj\n</data></write>
		<read echo="ascii"><delim>\n</delim><match><data>TRUE\n</data></match></read>
		<read echo="ascii"><delim> </delim><match><data>\x3E </data></match></read>
		<write echo="ascii"><data>HViDg = |"mq2R","i8saR4","ZEI","itQ","CL"|^|"Q7Yz","0Mue9hs","vC0ZVxg","ZEI","6V","ndt2G6","mov2"|\n</data></write>
		<read echo="ascii"><delim> </delim><match><data>\x3E </data></match></read>
		<write echo="ascii"><data>du1NC = |"Wr","W0w1Ra","BeJR","DybOR","zMoPAok","O"|-|"Wr","ZokD","B240","JGyVDW1","cXVm0h","kuUN4"|\n</data></write>
		<read echo="ascii"><delim> </delim><match><data>\x3E </data></match></read>
		<write echo="ascii"><data>ooEaHR = CyPAZ - du1NC\n</data></write>
		<read echo="ascii"><delim> </delim><match><data>\x3E </data></match></read>
		<write echo="ascii"><data>.p\n</data></write>
<read echo="ascii"><delim>\n</delim><match><data>Z4iVYvU = |"FXOH","Hrro1jD","2x","ufMy0A9","gxW2hhV","1T04"|\n</data></match></read>
<read echo="ascii"><delim>\n</delim><match><data>p213jE = |"2x","FXOH","1T04","gxW2hhV"|\n</data></match></read>
<read echo="ascii"><delim>\n</delim><match><data>rkqq3 = |"Kj","JrUE","9aASfiR","GyIfzbr","M6t","qjsuN","IbfG"|\n</data></match></read>
<read echo="ascii"><delim>\n</delim><match><data>99iZj = |"YP"|\n</data></match></read>
<read echo="ascii"><delim>\n</delim><match><data>HJQAA = |"HoL0s","KhSk","6OW","iN","bqSIpLe","pGpN1"|\n</data></match></read>
<read echo="ascii"><delim>\n</delim><match><data>GxN8sIR = |"HoL0s","bqSIpLe","pGpN1"|\n</data></match></read>
<read echo="ascii"><delim>\n</delim><match><data>4wKmTV = |"xutew6U","SVl","9s","s5NeCs","PwZVFp","McU6Yt"|\n</data></match></read>
<read echo="ascii"><delim>\n</delim><match><data>CyPAZ = |"s5NeCs"|\n</data></match></read>
<read echo="ascii"><delim>\n</delim><match><data>yNPqve = ||\n</data></match></read>
<read echo="ascii"><delim>\n</delim><match><data>WMWDX6n = |"FXOH","Hrro1jD","2x","ufMy0A9","gxW2hhV","1T04","HoL0s","bqSIpLe","pGpN1"|\n</data></match></read>
<read echo="ascii"><delim>\n</delim><match><data>fl46sy = |"BYT","WBx","lmIH","12TLY1X","nf4PH7","kr1Og5","3f","pzauuR3","nH3r"|\n</data></match></read>
<read echo="ascii"><delim>\n</delim><match><data>LDGYBpe = |"3f"|\n</data></match></read>
<read echo="ascii"><delim>\n</delim><match><data>xJZ9IF = |"xutew6U","SVl","9s","s5NeCs","PwZVFp","McU6Yt","FXOH","Hrro1jD","2x","ufMy0A9","gxW2hhV","1T04"|\n</data></match></read>
<read echo="ascii"><delim>\n</delim><match><data>A7YACJa = |"K9Qjm","ax0","dMf","f","W","R9vIFVi","gjUzn","chhOf","yinzKS"|\n</data></match></read>
<read echo="ascii"><delim>\n</delim><match><data>EOtCj = |"qwz","us","a59U9m","Vhlzw","Ysfj","Bn","cAlVhB","Pn"|\n</data></match></read>
<read echo="ascii"><delim>\n</delim><match><data>7HgU9EN = |"Pn","Vhlzw","us"|\n</data></match></read>
<read echo="ascii"><delim>\n</delim><match><data>HViDg = |"ZEI"|\n</data></match></read>
<read echo="ascii"><delim>\n</delim><match><data>du1NC = |"W0w1Ra","BeJR","DybOR","zMoPAok","O"|\n</data></match></read>
<read echo="ascii"><delim>\n</delim><match><data>ooEaHR = |"s5NeCs"|\n</data></match></read>
		<read echo="ascii"><delim> </delim><match><data>\x3E </data></match></read>
		<write echo="ascii"><data>.l\n</data></write>
	</replay>
</pov>
