<?xml version="1.0" standalone="no" ?>
<!DOCTYPE pov SYSTEM "/usr/share/cgc-docs/replay.dtd"><pov>
	<cbid>CROMU_00011</cbid>
	<replay>
		<read echo="ascii"><delim> </delim><match><data>\x3E </data></match></read>
		<write echo="ascii"><data>B3wIj82 = |"MF3"|~|"SV","N0Q","y0OU","mlKH9Ac","MKzVu7b"|\n</data></write>
		<read echo="ascii"><delim> </delim><match><data>\x3E </data></match></read>
		<write echo="ascii"><data>BKi6WZc = |"o3"|^|"akDdM5","T2","ajy5D","m4K","CH"|\n</data></write>
		<read echo="ascii"><delim> </delim><match><data>\x3E </data></match></read>
		<write echo="ascii"><data>wFO7qFA = |"S8ksS"|^|"vIiKZnL","UebmEV","wZF","XcZWeT"|\n</data></write>
		<read echo="ascii"><delim> </delim><match><data>\x3E </data></match></read>
		<write echo="ascii"><data>QlTW7 = B3wIj82 - BKi6WZc\n</data></write>
		<read echo="ascii"><delim> </delim><match><data>\x3E </data></match></read>
		<write echo="ascii"><data>YLarX = QlTW7 ~ QlTW7\n</data></write>
		<read echo="ascii"><delim> </delim><match><data>\x3E </data></match></read>
		<write echo="ascii"><data>WbjZk = B3wIj82 ~ BKi6WZc\n</data></write>
		<read echo="ascii"><delim> </delim><match><data>\x3E </data></match></read>
		<write echo="ascii"><data>Yl0dZzVTx = QlTW7 ^ YLarX\n</data></write>
		<read echo="ascii"><delim> </delim><match><data>\x3E </data></match></read>
		<write echo="ascii"><data>2CqM0u = |"co2t","VfJOn","fRQpd","V2p9"|-|"pD","nW5SQ","G1K1Lr"|\n</data></write>
		<read echo="ascii"><delim> </delim><match><data>\x3E </data></match></read>
		<write echo="ascii"><data>11D9u = BKi6WZc - wFO7qFA\n</data></write>
		<read echo="ascii"><delim> </delim><match><data>\x3E </data></match></read>
		<write echo="ascii"><data>YQBRf = |"MMjYf","4aJI","2e","MpKt"|^|"Z8"|\n</data></write>
		<read echo="ascii"><delim> </delim><match><data>\x3E </data></match></read>
		<write echo="ascii"><data>.p\n</data></write>
<read echo="ascii"><delim>\n</delim><match><data>B3wIj82 = |"MF3","SV","N0Q","y0OU","mlKH9Ac","MKzVu7b"|\n</data></match></read>
<read echo="ascii"><delim>\n</delim><match><data>BKi6WZc = ||\n</data></match></read>
<read echo="ascii"><delim>\n</delim><match><data>wFO7qFA = ||\n</data></match></read>
<read echo="ascii"><delim>\n</delim><match><data>QlTW7 = |"MF3","SV","N0Q","y0OU","mlKH9Ac","MKzVu7b"|\n</data></match></read>
<read echo="ascii"><delim>\n</delim><match><data>YLarX = ||\n</data></match></read>
<read echo="ascii"><delim>\n</delim><match><data>WbjZk = |"MF3","SV","N0Q","y0OU","mlKH9Ac","MKzVu7b"|\n</data></match></read>
<read echo="ascii"><delim>\n</delim><match><data>Yl0dZzVTx = ||\n</data></match></read>
<read echo="ascii"><delim>\n</delim><match><data>2CqM0u = |"co2t","VfJOn","fRQpd","V2p9"|\n</data></match></read>
<read echo="ascii"><delim>\n</delim><match><data>11D9u = ||\n</data></match></read>
<read echo="ascii"><delim>\n</delim><match><data>YQBRf = ||\n</data></match></read>
		<read echo="ascii"><delim> </delim><match><data>\x3E </data></match></read>
		<write echo="ascii"><data>.l\n</data></write>
	</replay>
</pov>
