<?xml version="1.0" standalone="no" ?>
<!DOCTYPE pov SYSTEM "/usr/share/cgc-docs/replay.dtd"><pov>
	<cbid>CROMU_00011</cbid>
	<replay>
		<read echo="ascii"><delim> </delim><match><data>\x3E </data></match></read>
		<write echo="ascii"><data>dwmee = |"9GQFG","Oij77w","svb","66b","fflfiW","IEtmq8o"|\n</data></write>
		<read echo="ascii"><delim> </delim><match><data>\x3E </data></match></read>
		<write echo="ascii"><data>SoYKw = |"fflfiW","66b","IEtmq8o","Oij77w"|\n</data></write>
		<read echo="ascii"><delim> </delim><match><data>\x3E </data></match></read>
		<write echo="ascii"><data>SoYKw@dwmee\n</data></write>
		<read echo="ascii"><delim>\n</delim><match><data>TRUE\n</data></match></read>
		<read echo="ascii"><delim> </delim><match><data>\x3E </data></match></read>
		<write echo="ascii"><data>Nq1vgq = |"5u","byBGN","2nd5R0","yBBZ"|-|"5u","V7bZ1E","l0CEe","40SD","yBBZ","IZ","erg89I1"|\n</data></write>
		<read echo="ascii"><delim> </delim><match><data>\x3E </data></match></read>
		<write echo="ascii"><data>pNT5L2 = |"na","Y7vPsZB","u"|+|"iYSd","iT9PS"|\n</data></write>
		<read echo="ascii"><delim> </delim><match><data>\x3E </data></match></read>
		<write echo="ascii"><data>cVpho2q = dwmee + dwmee\n</data></write>
		<read echo="ascii"><delim> </delim><match><data>\x3E </data></match></read>
		<write echo="ascii"><data>lTzKn7z = |"e","T27Ly"|+|"b3ZfyO","6GlC9","2","96","MQu","bd"|\n</data></write>
		<read echo="ascii"><delim> </delim><match><data>\x3E </data></match></read>
		<write echo="ascii"><data>5GLsA3J = |"x","n"|~|"kLX9d6","XmK","B6qp"|\n</data></write>
		<read echo="ascii"><delim> </delim><match><data>\x3E </data></match></read>
		<write echo="ascii"><data>68DyG = |"y","zzXFT","3JXFU9","xQSdh","DAoz"|~|"yS"|\n</data></write>
		<read echo="ascii"><delim> </delim><match><data>\x3E </data></match></read>
		<write echo="ascii"><data>.p\n</data></write>
<read echo="ascii"><delim>\n</delim><match><data>dwmee = |"9GQFG","Oij77w","svb","66b","fflfiW","IEtmq8o"|\n</data></match></read>
<read echo="ascii"><delim>\n</delim><match><data>SoYKw = |"fflfiW","66b","IEtmq8o","Oij77w"|\n</data></match></read>
<read echo="ascii"><delim>\n</delim><match><data>Nq1vgq = |"byBGN","2nd5R0"|\n</data></match></read>
<read echo="ascii"><delim>\n</delim><match><data>pNT5L2 = |"na","Y7vPsZB","u","iYSd","iT9PS"|\n</data></match></read>
<read echo="ascii"><delim>\n</delim><match><data>cVpho2q = |"9GQFG","Oij77w","svb","66b","fflfiW","IEtmq8o"|\n</data></match></read>
<read echo="ascii"><delim>\n</delim><match><data>lTzKn7z = |"e","T27Ly","b3ZfyO","6GlC9","2","96","MQu","bd"|\n</data></match></read>
<read echo="ascii"><delim>\n</delim><match><data>5GLsA3J = |"x","n","kLX9d6","XmK","B6qp"|\n</data></match></read>
<read echo="ascii"><delim>\n</delim><match><data>68DyG = |"y","zzXFT","3JXFU9","xQSdh","DAoz","yS"|\n</data></match></read>
		<read echo="ascii"><delim> </delim><match><data>\x3E </data></match></read>
		<write echo="ascii"><data>.l\n</data></write>
	</replay>
</pov>
