<?xml version="1.0" standalone="no" ?>
<!DOCTYPE pov SYSTEM "/usr/share/cgc-docs/replay.dtd"><pov>
	<cbid>CROMU_00011</cbid>
	<replay>
		<read echo="ascii"><delim> </delim><match><data>\x3E </data></match></read>
		<write echo="ascii"><data>UyeFCG = |"nJotRv","hr8s","0OY1fR"|^|"hr8s","Xnp"|\n</data></write>
		<read echo="ascii"><delim> </delim><match><data>\x3E </data></match></read>
		<write echo="ascii"><data>oWxKorF = |"Xi","Qvy8","mA0MnBm","EO95TEq","5cQE5","bX0","0wEOv","o09a"|\n</data></write>
		<read echo="ascii"><delim> </delim><match><data>\x3E </data></match></read>
		<write echo="ascii"><data>CJBzGB1 = |"mA0MnBm","Xi","KUeoFrjnW7"|\n</data></write>
		<read echo="ascii"><delim> </delim><match><data>\x3E </data></match></read>
		<write echo="ascii"><data>CJBzGB1@oWxKorF\n</data></write>
		<read echo="ascii"><delim>\n</delim><match><data>FALSE\n</data></match></read>
		<read echo="ascii"><delim> </delim><match><data>\x3E </data></match></read>
		<write echo="ascii"><data>oo7q6 = |"80O2","xyWdls","iiH","5K7vg8i","qkQ2D0","suut","Bi"|-|"tz","80O2","eO0u4","fSwB","VHdP6M","qb5gsA","Vnck"|\n</data></write>
		<read echo="ascii"><delim> </delim><match><data>\x3E </data></match></read>
		<write echo="ascii"><data>PNGcA = |"fpYP","pXEy1Lj","nDUXk","84W","G9xCmAA","teWfd4"|^|"pXEy1Lj","Elh","T7","84W"|\n</data></write>
		<read echo="ascii"><delim> </delim><match><data>\x3E </data></match></read>
		<write echo="ascii"><data>nlITz = oo7q6 - oo7q6\n</data></write>
		<read echo="ascii"><delim> </delim><match><data>\x3E </data></match></read>
		<write echo="ascii"><data>uyDDH3l = oo7q6 - oWxKorF\n</data></write>
		<read echo="ascii"><delim> </delim><match><data>\x3E </data></match></read>
		<write echo="ascii"><data>TKtlY = UyeFCG + nlITz\n</data></write>
		<read echo="ascii"><delim> </delim><match><data>\x3E </data></match></read>
		<write echo="ascii"><data>3GPAYg = |"xEv","dTMfP"|+|"dTMfP","8KAf","KO0m"|\n</data></write>
		<read echo="ascii"><delim> </delim><match><data>\x3E </data></match></read>
		<write echo="ascii"><data>UdKffQ = TKtlY ^ TKtlY\n</data></write>
		<read echo="ascii"><delim> </delim><match><data>\x3E </data></match></read>
		<write echo="ascii"><data>NjIiL = TKtlY - PNGcA\n</data></write>
		<read echo="ascii"><delim> </delim><match><data>\x3E </data></match></read>
		<write echo="ascii"><data>ZZE87 = |"VRxB9f","k37","MdXjeKV","2fK","T1s6P5","JUJMug"|^|"tD","Hu","UNEp","lkl2IiU","zpEUqe"|\n</data></write>
		<read echo="ascii"><delim> </delim><match><data>\x3E </data></match></read>
		<write echo="ascii"><data>.p\n</data></write>
<read echo="ascii"><delim>\n</delim><match><data>UyeFCG = |"hr8s"|\n</data></match></read>
<read echo="ascii"><delim>\n</delim><match><data>oWxKorF = |"Xi","Qvy8","mA0MnBm","EO95TEq","5cQE5","bX0","0wEOv","o09a"|\n</data></match></read>
<read echo="ascii"><delim>\n</delim><match><data>CJBzGB1 = |"mA0MnBm","Xi","KUeoFrjnW7"|\n</data></match></read>
<read echo="ascii"><delim>\n</delim><match><data>oo7q6 = |"xyWdls","iiH","5K7vg8i","qkQ2D0","suut","Bi"|\n</data></match></read>
<read echo="ascii"><delim>\n</delim><match><data>PNGcA = |"pXEy1Lj","84W"|\n</data></match></read>
<read echo="ascii"><delim>\n</delim><match><data>nlITz = ||\n</data></match></read>
<read echo="ascii"><delim>\n</delim><match><data>uyDDH3l = |"xyWdls","iiH","5K7vg8i","qkQ2D0","suut","Bi"|\n</data></match></read>
<read echo="ascii"><delim>\n</delim><match><data>TKtlY = |"hr8s"|\n</data></match></read>
<read echo="ascii"><delim>\n</delim><match><data>3GPAYg = |"xEv","dTMfP","8KAf","KO0m"|\n</data></match></read>
<read echo="ascii"><delim>\n</delim><match><data>UdKffQ = |"hr8s"|\n</data></match></read>
<read echo="ascii"><delim>\n</delim><match><data>NjIiL = |"hr8s"|\n</data></match></read>
<read echo="ascii"><delim>\n</delim><match><data>ZZE87 = ||\n</data></match></read>
		<read echo="ascii"><delim> </delim><match><data>\x3E </data></match></read>
		<write echo="ascii"><data>.l\n</data></write>
	</replay>
</pov>
