<?xml version="1.0" standalone="no" ?>
<!DOCTYPE pov SYSTEM "/usr/share/cgc-docs/replay.dtd"><pov>
	<cbid>CROMU_00011</cbid>
	<replay>
		<read echo="ascii"><delim> </delim><match><data>\x3E </data></match></read>
		<write echo="ascii"><data>1X5jK9 = |"HKz","BXSf","5KYC","yTq","dEDXeY3","VEnKS","3Lf"|+|"4BbImaa","uaMz","HKz","nLOWU","dEDXeY3"|\n</data></write>
		<read echo="ascii"><delim> </delim><match><data>\x3E </data></match></read>
		<write echo="ascii"><data>qRTll = |"Equ","TCKUPo","1T","LCCbHAR","Dt02js","AL","53"|+|"zl"|\n</data></write>
		<read echo="ascii"><delim> </delim><match><data>\x3E </data></match></read>
		<write echo="ascii"><data>1mEbx = 1X5jK9 - 1X5jK9\n</data></write>
		<read echo="ascii"><delim> </delim><match><data>\x3E </data></match></read>
		<write echo="ascii"><data>lF56fe = 1mEbx + 1mEbx\n</data></write>
		<read echo="ascii"><delim> </delim><match><data>\x3E </data></match></read>
		<write echo="ascii"><data>NGvraFPfCg = qRTll ^ 1mEbx\n</data></write>
		<read echo="ascii"><delim> </delim><match><data>\x3E </data></match></read>
		<write echo="ascii"><data>41AmeH = 1X5jK9 - 1X5jK9\n</data></write>
		<read echo="ascii"><delim> </delim><match><data>\x3E </data></match></read>
		<write echo="ascii"><data>1HffvaB = |"G"|~|"lnmHsi","FCUBt9Y","U"|\n</data></write>
		<read echo="ascii"><delim> </delim><match><data>\x3E </data></match></read>
		<write echo="ascii"><data>GAhL8sX = |"ZxxT64","TFnqZRu","S3z","gd","UWxSRi","yZBdcIw"|^|"PtYbZC","y8"|\n</data></write>
		<read echo="ascii"><delim> </delim><match><data>\x3E </data></match></read>
		<write echo="ascii"><data>Lzs8i6 = |"ib2","u3"|^|"bcGmJ","FTEgfu"|\n</data></write>
		<read echo="ascii"><delim> </delim><match><data>\x3E </data></match></read>
		<write echo="ascii"><data>6ZW09 = |"5MYJXOM","kv","qmvDePU","ejb8sQ","qG1ZQpd","ndJP"|\n</data></write>
		<read echo="ascii"><delim> </delim><match><data>\x3E </data></match></read>
		<write echo="ascii"><data>wA2yId = |"ejb8sQ","5MYJXOM","qG1ZQpd"|\n</data></write>
		<read echo="ascii"><delim> </delim><match><data>\x3E </data></match></read>
		<write echo="ascii"><data>wA2yId@6ZW09\n</data></write>
		<read echo="ascii"><delim>\n</delim><match><data>TRUE\n</data></match></read>
		<read echo="ascii"><delim> </delim><match><data>\x3E </data></match></read>
		<write echo="ascii"><data>0SuEI = |"YAA","F44","spT6DI","ECcId","1Mst","61Ai","rae","IjRLY"|\n</data></write>
		<read echo="ascii"><delim> </delim><match><data>\x3E </data></match></read>
		<write echo="ascii"><data>sHfP4F = |"F44","1Mst","IjRLY","61Ai","spT6DI","YAA","ECcId","kQILsacFLx"|\n</data></write>
		<read echo="ascii"><delim> </delim><match><data>\x3E </data></match></read>
		<write echo="ascii"><data>sHfP4F@0SuEI\n</data></write>
		<read echo="ascii"><delim>\n</delim><match><data>FALSE\n</data></match></read>
		<read echo="ascii"><delim> </delim><match><data>\x3E </data></match></read>
		<write echo="ascii"><data>Qzhfbl = |"omCKWcR","IA22L","lZtoIvT"|^|"NoFaPg4","HBbLP"|\n</data></write>
		<read echo="ascii"><delim> </delim><match><data>\x3E </data></match></read>
		<write echo="ascii"><data>IwkI99B = |"N2u","Wv","zTg2k","kSBsElo","IQXeo9","CVLNh","9gDDAx9"|^|"CVLNh","HdLGr","WOvf","gFfNze","Uf9","Wtms3W","Wv"|\n</data></write>
		<read echo="ascii"><delim> </delim><match><data>\x3E </data></match></read>
		<write echo="ascii"><data>yF1Pt = GAhL8sX ^ 6ZW09\n</data></write>
		<read echo="ascii"><delim> </delim><match><data>\x3E </data></match></read>
		<write echo="ascii"><data>.p\n</data></write>
<read echo="ascii"><delim>\n</delim><match><data>1X5jK9 = |"HKz","BXSf","5KYC","yTq","dEDXeY3","VEnKS","3Lf","4BbImaa","uaMz","nLOWU"|\n</data></match></read>
<read echo="ascii"><delim>\n</delim><match><data>qRTll = |"Equ","TCKUPo","1T","LCCbHAR","Dt02js","AL","53","zl"|\n</data></match></read>
<read echo="ascii"><delim>\n</delim><match><data>1mEbx = ||\n</data></match></read>
<read echo="ascii"><delim>\n</delim><match><data>lF56fe = ||\n</data></match></read>
<read echo="ascii"><delim>\n</delim><match><data>NGvraFPfCg = ||\n</data></match></read>
<read echo="ascii"><delim>\n</delim><match><data>41AmeH = ||\n</data></match></read>
<read echo="ascii"><delim>\n</delim><match><data>1HffvaB = |"G","lnmHsi","FCUBt9Y","U"|\n</data></match></read>
<read echo="ascii"><delim>\n</delim><match><data>GAhL8sX = ||\n</data></match></read>
<read echo="ascii"><delim>\n</delim><match><data>Lzs8i6 = ||\n</data></match></read>
<read echo="ascii"><delim>\n</delim><match><data>6ZW09 = |"5MYJXOM","kv","qmvDePU","ejb8sQ","qG1ZQpd","ndJP"|\n</data></match></read>
<read echo="ascii"><delim>\n</delim><match><data>wA2yId = |"ejb8sQ","5MYJXOM","qG1ZQpd"|\n</data></match></read>
<read echo="ascii"><delim>\n</delim><match><data>0SuEI = |"YAA","F44","spT6DI","ECcId","1Mst","61Ai","rae","IjRLY"|\n</data></match></read>
<read echo="ascii"><delim>\n</delim><match><data>sHfP4F = |"F44","1Mst","IjRLY","61Ai","spT6DI","YAA","ECcId","kQILsacFLx"|\n</data></match></read>
<read echo="ascii"><delim>\n</delim><match><data>Qzhfbl = ||\n</data></match></read>
<read echo="ascii"><delim>\n</delim><match><data>IwkI99B = |"Wv","CVLNh"|\n</data></match></read>
<read echo="ascii"><delim>\n</delim><match><data>yF1Pt = ||\n</data></match></read>
		<read echo="ascii"><delim> </delim><match><data>\x3E </data></match></read>
		<write echo="ascii"><data>.l\n</data></write>
	</replay>
</pov>
