<?xml version="1.0" standalone="no" ?>
<!DOCTYPE pov SYSTEM "/usr/share/cgc-docs/replay.dtd"><pov>
	<cbid>CROMU_00011</cbid>
	<replay>
		<read echo="ascii"><delim> </delim><match><data>\x3E </data></match></read>
		<write echo="ascii"><data>FAUi1T = |"xOWuHX","i","x2Jbyz","CC","qJk","g"|+|"CC","GKKC","WJJ"|\n</data></write>
		<read echo="ascii"><delim> </delim><match><data>\x3E </data></match></read>
		<write echo="ascii"><data>CjiF4w = |"W8X","2PUU","fRFVz"|~|"O","T","q"|\n</data></write>
		<read echo="ascii"><delim> </delim><match><data>\x3E </data></match></read>
		<write echo="ascii"><data>pu9AWF = |"DAu8L","5","vnO","7G"|~|"SR50k","Vt3","7G","RcdtXqz"|\n</data></write>
		<read echo="ascii"><delim> </delim><match><data>\x3E </data></match></read>
		<write echo="ascii"><data>rPsPn = |"V","O","b","bs","ysRc","J","rmCZXp"|~|"YlqVK","sXyQ","boiYYWU","O","b"|\n</data></write>
		<read echo="ascii"><delim> </delim><match><data>\x3E </data></match></read>
		<write echo="ascii"><data>zVB7GTR = rPsPn - rPsPn\n</data></write>
		<read echo="ascii"><delim> </delim><match><data>\x3E </data></match></read>
		<write echo="ascii"><data>VQKAQM3 = |"a0"|~|"KBLuApO","vi0fJms"|\n</data></write>
		<read echo="ascii"><delim> </delim><match><data>\x3E </data></match></read>
		<write echo="ascii"><data>BExhZwOr = zVB7GTR ^ zVB7GTR\n</data></write>
		<read echo="ascii"><delim> </delim><match><data>\x3E </data></match></read>
		<write echo="ascii"><data>79fssJ4 = |"4n"|+|"TV","CKh"|\n</data></write>
		<read echo="ascii"><delim> </delim><match><data>\x3E </data></match></read>
		<write echo="ascii"><data>bQUQ9N = |"p1","WdbK7Sl"|+|"f71cK"|\n</data></write>
		<read echo="ascii"><delim> </delim><match><data>\x3E </data></match></read>
		<write echo="ascii"><data>PqBpb = |"VW8dCTO"|+|"m0LYj","8vASQ","DOsw","mEhuU","1FA","pUO"|\n</data></write>
		<read echo="ascii"><delim> </delim><match><data>\x3E </data></match></read>
		<write echo="ascii"><data>gJOh1 = zVB7GTR ^ BExhZwOr\n</data></write>
		<read echo="ascii"><delim> </delim><match><data>\x3E </data></match></read>
		<write echo="ascii"><data>3xMRv = |"K","wIJ","ITP","n","J","mjNI6Z","c9"|+|"n","L"|\n</data></write>
		<read echo="ascii"><delim> </delim><match><data>\x3E </data></match></read>
		<write echo="ascii"><data>GuMYs = |"xVWL9","flpzA","b9e","ZE","ihuAc","s3D","Us","9GFH","hkZ","0S"|\n</data></write>
		<read echo="ascii"><delim> </delim><match><data>\x3E </data></match></read>
		<write echo="ascii"><data>anPzMn = |"9GFH","xVWL9","0S","b9e","ZE","ihuAc","flpzA"|\n</data></write>
		<read echo="ascii"><delim> </delim><match><data>\x3E </data></match></read>
		<write echo="ascii"><data>anPzMn@GuMYs\n</data></write>
		<read echo="ascii"><delim>\n</delim><match><data>TRUE\n</data></match></read>
		<read echo="ascii"><delim> </delim><match><data>\x3E </data></match></read>
		<write echo="ascii"><data>b6Tguv = |"vQWox","0N","UOk","ASc","P6K"|-|"2","sr65","O"|\n</data></write>
		<read echo="ascii"><delim> </delim><match><data>\x3E </data></match></read>
		<write echo="ascii"><data>.p\n</data></write>
<read echo="ascii"><delim>\n</delim><match><data>FAUi1T = |"xOWuHX","i","x2Jbyz","CC","qJk","g","GKKC","WJJ"|\n</data></match></read>
<read echo="ascii"><delim>\n</delim><match><data>CjiF4w = |"W8X","2PUU","fRFVz","O","T","q"|\n</data></match></read>
<read echo="ascii"><delim>\n</delim><match><data>pu9AWF = |"DAu8L","5","vnO","SR50k","Vt3","RcdtXqz"|\n</data></match></read>
<read echo="ascii"><delim>\n</delim><match><data>rPsPn = |"V","bs","ysRc","J","rmCZXp","YlqVK","sXyQ","boiYYWU"|\n</data></match></read>
<read echo="ascii"><delim>\n</delim><match><data>zVB7GTR = ||\n</data></match></read>
<read echo="ascii"><delim>\n</delim><match><data>VQKAQM3 = |"a0","KBLuApO","vi0fJms"|\n</data></match></read>
<read echo="ascii"><delim>\n</delim><match><data>BExhZwOr = ||\n</data></match></read>
<read echo="ascii"><delim>\n</delim><match><data>79fssJ4 = |"4n","TV","CKh"|\n</data></match></read>
<read echo="ascii"><delim>\n</delim><match><data>bQUQ9N = |"p1","WdbK7Sl","f71cK"|\n</data></match></read>
<read echo="ascii"><delim>\n</delim><match><data>PqBpb = |"VW8dCTO","m0LYj","8vASQ","DOsw","mEhuU","1FA","pUO"|\n</data></match></read>
<read echo="ascii"><delim>\n</delim><match><data>gJOh1 = ||\n</data></match></read>
<read echo="ascii"><delim>\n</delim><match><data>3xMRv = |"K","wIJ","ITP","n","J","mjNI6Z","c9","L"|\n</data></match></read>
<read echo="ascii"><delim>\n</delim><match><data>GuMYs = |"xVWL9","flpzA","b9e","ZE","ihuAc","s3D","Us","9GFH","hkZ","0S"|\n</data></match></read>
<read echo="ascii"><delim>\n</delim><match><data>anPzMn = |"9GFH","xVWL9","0S","b9e","ZE","ihuAc","flpzA"|\n</data></match></read>
<read echo="ascii"><delim>\n</delim><match><data>b6Tguv = |"vQWox","0N","UOk","ASc","P6K"|\n</data></match></read>
		<read echo="ascii"><delim> </delim><match><data>\x3E </data></match></read>
		<write echo="ascii"><data>.l\n</data></write>
	</replay>
</pov>
