<?xml version="1.0" standalone="no" ?>
<!DOCTYPE pov SYSTEM "/usr/share/cgc-docs/replay.dtd"><pov>
	<cbid>CROMU_00011</cbid>
	<replay>
		<read echo="ascii"><delim> </delim><match><data>\x3E </data></match></read>
		<write echo="ascii"><data>2Z8Srg = |"id","wYMRX8","x","EY","HVL","5Nz","7mOMLfd"|-|"7mOMLfd","9dCdEn","wYMRX8","FJ","U"|\n</data></write>
		<read echo="ascii"><delim> </delim><match><data>\x3E </data></match></read>
		<write echo="ascii"><data>j2xYoJ = 2Z8Srg - 2Z8Srg\n</data></write>
		<read echo="ascii"><delim> </delim><match><data>\x3E </data></match></read>
		<write echo="ascii"><data>9JFFVoR = j2xYoJ - 2Z8Srg\n</data></write>
		<read echo="ascii"><delim> </delim><match><data>\x3E </data></match></read>
		<write echo="ascii"><data>h76KTJ5 = 9JFFVoR - j2xYoJ\n</data></write>
		<read echo="ascii"><delim> </delim><match><data>\x3E </data></match></read>
		<write echo="ascii"><data>bbU5ABT = j2xYoJ ~ j2xYoJ\n</data></write>
		<read echo="ascii"><delim> </delim><match><data>\x3E </data></match></read>
		<write echo="ascii"><data>cD4Sf = 9JFFVoR - j2xYoJ\n</data></write>
		<read echo="ascii"><delim> </delim><match><data>\x3E </data></match></read>
		<write echo="ascii"><data>KQKEn = |"qlZ","Ok","IMGL","Qhwe","YQC"|^|"YQC","rUP","S6S8mbF","hm"|\n</data></write>
		<read echo="ascii"><delim> </delim><match><data>\x3E </data></match></read>
		<write echo="ascii"><data>KXXM19C = 9JFFVoR - KQKEn\n</data></write>
		<read echo="ascii"><delim> </delim><match><data>\x3E </data></match></read>
		<write echo="ascii"><data>0HpOY = |"7i"|^|"DO49","ft9MU3","5l","0geJrUD","Ed","B8NDrX"|\n</data></write>
		<read echo="ascii"><delim> </delim><match><data>\x3E </data></match></read>
		<write echo="ascii"><data>.p\n</data></write>
<read echo="ascii"><delim>\n</delim><match><data>2Z8Srg = |"id","x","EY","HVL","5Nz"|\n</data></match></read>
<read echo="ascii"><delim>\n</delim><match><data>j2xYoJ = ||\n</data></match></read>
<read echo="ascii"><delim>\n</delim><match><data>9JFFVoR = ||\n</data></match></read>
<read echo="ascii"><delim>\n</delim><match><data>h76KTJ5 = ||\n</data></match></read>
<read echo="ascii"><delim>\n</delim><match><data>bbU5ABT = ||\n</data></match></read>
<read echo="ascii"><delim>\n</delim><match><data>cD4Sf = ||\n</data></match></read>
<read echo="ascii"><delim>\n</delim><match><data>KQKEn = |"YQC"|\n</data></match></read>
<read echo="ascii"><delim>\n</delim><match><data>KXXM19C = ||\n</data></match></read>
<read echo="ascii"><delim>\n</delim><match><data>0HpOY = ||\n</data></match></read>
		<read echo="ascii"><delim> </delim><match><data>\x3E </data></match></read>
		<write echo="ascii"><data>.l\n</data></write>
	</replay>
</pov>
