<?xml version="1.0" standalone="no" ?>
<!DOCTYPE pov SYSTEM "/usr/share/cgc-docs/replay.dtd"><pov>
	<cbid>CROMU_00011</cbid>
	<replay>
		<read echo="ascii"><delim> </delim><match><data>\x3E </data></match></read>
		<write echo="ascii"><data>30XpC = |"72sJ8fO","5FGJgED","up1Sq","icG9oUB","t59","zYWdfg","NJlAA","gZ5G","6m8"|\n</data></write>
		<read echo="ascii"><delim> </delim><match><data>\x3E </data></match></read>
		<write echo="ascii"><data>aA8tC2 = |"up1Sq","NJlAA","6m8"|\n</data></write>
		<read echo="ascii"><delim> </delim><match><data>\x3E </data></match></read>
		<write echo="ascii"><data>aA8tC2@30XpC\n</data></write>
		<read echo="ascii"><delim>\n</delim><match><data>TRUE\n</data></match></read>
		<read echo="ascii"><delim> </delim><match><data>\x3E </data></match></read>
		<write echo="ascii"><data>VoqgU = 30XpC ~ 30XpC\n</data></write>
		<read echo="ascii"><delim> </delim><match><data>\x3E </data></match></read>
		<write echo="ascii"><data>kgR5MM8 = aA8tC2 - 30XpC\n</data></write>
		<read echo="ascii"><delim> </delim><match><data>\x3E </data></match></read>
		<write echo="ascii"><data>75Va6Bq = |"Yb39E","Zrzya","k6G5nz","42s1","6ex","NZoH","46u"|-|"Ybq9","X","b","Yb39E"|\n</data></write>
		<read echo="ascii"><delim> </delim><match><data>\x3E </data></match></read>
		<write echo="ascii"><data>3Lidj = |"mg","kH","ucF6A","yXt"|~|"7","QvT96","Zt8WP"|\n</data></write>
		<read echo="ascii"><delim> </delim><match><data>\x3E </data></match></read>
		<write echo="ascii"><data>BfrN6abP5J = 3Lidj ^ 30XpC\n</data></write>
		<read echo="ascii"><delim> </delim><match><data>\x3E </data></match></read>
		<write echo="ascii"><data>JY0eD = |"Ra71IJy","n","I","3vk00"|+|"Ra71IJy","CH","z7z0HE"|\n</data></write>
		<read echo="ascii"><delim> </delim><match><data>\x3E </data></match></read>
		<write echo="ascii"><data>n1n1e = |"3GRZQXK","zgAM","WD","GLu","9AlQ2","fz","qwlvdb"|~|"c","rDdf","9AlQ2","PfPO5"|\n</data></write>
		<read echo="ascii"><delim> </delim><match><data>\x3E </data></match></read>
		<write echo="ascii"><data>33hqwy = |"2LQoF","qessCgp","O"|-|"Dp","1Ztj","Bv","XEpu","q","5bInkR"|\n</data></write>
		<read echo="ascii"><delim> </delim><match><data>\x3E </data></match></read>
		<write echo="ascii"><data>uopas4 = JY0eD ^ aA8tC2\n</data></write>
		<read echo="ascii"><delim> </delim><match><data>\x3E </data></match></read>
		<write echo="ascii"><data>67uWF = BfrN6abP5J ~ 3Lidj\n</data></write>
		<read echo="ascii"><delim> </delim><match><data>\x3E </data></match></read>
		<write echo="ascii"><data>TDKmrf = |"ylfdCB","xxbz2HJ","80W9NPU"|-|"ZW0","r","vmq","JCG","Zok"|\n</data></write>
		<read echo="ascii"><delim> </delim><match><data>\x3E </data></match></read>
		<write echo="ascii"><data>2vJNjlC = |"eXFDLc","w"|+|"P1","fgwA","jnf","eXFDLc"|\n</data></write>
		<read echo="ascii"><delim> </delim><match><data>\x3E </data></match></read>
		<write echo="ascii"><data>.p\n</data></write>
<read echo="ascii"><delim>\n</delim><match><data>30XpC = |"72sJ8fO","5FGJgED","up1Sq","icG9oUB","t59","zYWdfg","NJlAA","gZ5G","6m8"|\n</data></match></read>
<read echo="ascii"><delim>\n</delim><match><data>aA8tC2 = |"up1Sq","NJlAA","6m8"|\n</data></match></read>
<read echo="ascii"><delim>\n</delim><match><data>VoqgU = ||\n</data></match></read>
<read echo="ascii"><delim>\n</delim><match><data>kgR5MM8 = ||\n</data></match></read>
<read echo="ascii"><delim>\n</delim><match><data>75Va6Bq = |"Zrzya","k6G5nz","42s1","6ex","NZoH","46u"|\n</data></match></read>
<read echo="ascii"><delim>\n</delim><match><data>3Lidj = |"mg","kH","ucF6A","yXt","7","QvT96","Zt8WP"|\n</data></match></read>
<read echo="ascii"><delim>\n</delim><match><data>BfrN6abP5J = ||\n</data></match></read>
<read echo="ascii"><delim>\n</delim><match><data>JY0eD = |"Ra71IJy","n","I","3vk00","CH","z7z0HE"|\n</data></match></read>
<read echo="ascii"><delim>\n</delim><match><data>n1n1e = |"3GRZQXK","zgAM","WD","GLu","fz","qwlvdb","c","rDdf","PfPO5"|\n</data></match></read>
<read echo="ascii"><delim>\n</delim><match><data>33hqwy = |"2LQoF","qessCgp","O"|\n</data></match></read>
<read echo="ascii"><delim>\n</delim><match><data>uopas4 = ||\n</data></match></read>
<read echo="ascii"><delim>\n</delim><match><data>67uWF = |"mg","kH","ucF6A","yXt","7","QvT96","Zt8WP"|\n</data></match></read>
<read echo="ascii"><delim>\n</delim><match><data>TDKmrf = |"ylfdCB","xxbz2HJ","80W9NPU"|\n</data></match></read>
<read echo="ascii"><delim>\n</delim><match><data>2vJNjlC = |"eXFDLc","w","P1","fgwA","jnf"|\n</data></match></read>
		<read echo="ascii"><delim> </delim><match><data>\x3E </data></match></read>
		<write echo="ascii"><data>.l\n</data></write>
	</replay>
</pov>
