<?xml version="1.0" standalone="no" ?>
<!DOCTYPE pov SYSTEM "/usr/share/cgc-docs/replay.dtd"><pov>
	<cbid>CROMU_00011</cbid>
	<replay>
		<read echo="ascii"><delim> </delim><match><data>\x3E </data></match></read>
		<write echo="ascii"><data>C34QjNQ = |"3nY","jA","sXodR","fOeC","KX0Q"|-|"vw9F","N","bzK2MLV"|\n</data></write>
		<read echo="ascii"><delim> </delim><match><data>\x3E </data></match></read>
		<write echo="ascii"><data>IDbNIo = C34QjNQ + C34QjNQ\n</data></write>
		<read echo="ascii"><delim> </delim><match><data>\x3E </data></match></read>
		<write echo="ascii"><data>uSEpb = |"3uua1","Q3uX4","1infnX","cR4fdWy","0COT7","DCnvu"|\n</data></write>
		<read echo="ascii"><delim> </delim><match><data>\x3E </data></match></read>
		<write echo="ascii"><data>OHJueCD = |"3uua1","fMmBS1lRbH"|\n</data></write>
		<read echo="ascii"><delim> </delim><match><data>\x3E </data></match></read>
		<write echo="ascii"><data>OHJueCD@uSEpb\n</data></write>
		<read echo="ascii"><delim>\n</delim><match><data>FALSE\n</data></match></read>
		<read echo="ascii"><delim> </delim><match><data>\x3E </data></match></read>
		<write echo="ascii"><data>bewab = OHJueCD + uSEpb\n</data></write>
		<read echo="ascii"><delim> </delim><match><data>\x3E </data></match></read>
		<write echo="ascii"><data>FDWHp = uSEpb ~ bewab\n</data></write>
		<read echo="ascii"><delim> </delim><match><data>\x3E </data></match></read>
		<write echo="ascii"><data>FAgM301 = C34QjNQ + bewab\n</data></write>
		<read echo="ascii"><delim> </delim><match><data>\x3E </data></match></read>
		<write echo="ascii"><data>bgNiwR = |"gQGsUu","oIE"|~|"GNVmlaX"|\n</data></write>
		<read echo="ascii"><delim> </delim><match><data>\x3E </data></match></read>
		<write echo="ascii"><data>JeguE = |"h"|~|"hy"|\n</data></write>
		<read echo="ascii"><delim> </delim><match><data>\x3E </data></match></read>
		<write echo="ascii"><data>KVlD3 = IDbNIo ~ C34QjNQ\n</data></write>
		<read echo="ascii"><delim> </delim><match><data>\x3E </data></match></read>
		<write echo="ascii"><data>vqAhUk = |"74e","nm","7ytYx","cI9OKE","L","MAJhFeT"|+|"uH3"|\n</data></write>
		<read echo="ascii"><delim> </delim><match><data>\x3E </data></match></read>
		<write echo="ascii"><data>gUZJlP7 = |"8TsLyd","ZW","uulPE"|^|"n5if5m","BhWR3uV","2lY","r9sDPKp","r94","IGhmL","eE"|\n</data></write>
		<read echo="ascii"><delim> </delim><match><data>\x3E </data></match></read>
		<write echo="ascii"><data>f0u1tY = |"BeIx3m","wMgB","jz","zC","K1"|^|"vv","jz","hWuZEW","CzsYqv","zC","K1"|\n</data></write>
		<read echo="ascii"><delim> </delim><match><data>\x3E </data></match></read>
		<write echo="ascii"><data>sBxxibF = bgNiwR + OHJueCD\n</data></write>
		<read echo="ascii"><delim> </delim><match><data>\x3E </data></match></read>
		<write echo="ascii"><data>.p\n</data></write>
<read echo="ascii"><delim>\n</delim><match><data>C34QjNQ = |"3nY","jA","sXodR","fOeC","KX0Q"|\n</data></match></read>
<read echo="ascii"><delim>\n</delim><match><data>IDbNIo = |"3nY","jA","sXodR","fOeC","KX0Q"|\n</data></match></read>
<read echo="ascii"><delim>\n</delim><match><data>uSEpb = |"3uua1","Q3uX4","1infnX","cR4fdWy","0COT7","DCnvu"|\n</data></match></read>
<read echo="ascii"><delim>\n</delim><match><data>OHJueCD = |"3uua1","fMmBS1lRbH"|\n</data></match></read>
<read echo="ascii"><delim>\n</delim><match><data>bewab = |"3uua1","fMmBS1lRbH","Q3uX4","1infnX","cR4fdWy","0COT7","DCnvu"|\n</data></match></read>
<read echo="ascii"><delim>\n</delim><match><data>FDWHp = |"fMmBS1lRbH"|\n</data></match></read>
<read echo="ascii"><delim>\n</delim><match><data>FAgM301 = |"3nY","jA","sXodR","fOeC","KX0Q","3uua1","fMmBS1lRbH","Q3uX4","1infnX","cR4fdWy","0COT7","DCnvu"|\n</data></match></read>
<read echo="ascii"><delim>\n</delim><match><data>bgNiwR = |"gQGsUu","oIE","GNVmlaX"|\n</data></match></read>
<read echo="ascii"><delim>\n</delim><match><data>JeguE = |"h","hy"|\n</data></match></read>
<read echo="ascii"><delim>\n</delim><match><data>KVlD3 = ||\n</data></match></read>
<read echo="ascii"><delim>\n</delim><match><data>vqAhUk = |"74e","nm","7ytYx","cI9OKE","L","MAJhFeT","uH3"|\n</data></match></read>
<read echo="ascii"><delim>\n</delim><match><data>gUZJlP7 = ||\n</data></match></read>
<read echo="ascii"><delim>\n</delim><match><data>f0u1tY = |"jz","zC","K1"|\n</data></match></read>
<read echo="ascii"><delim>\n</delim><match><data>sBxxibF = |"gQGsUu","oIE","GNVmlaX","3uua1","fMmBS1lRbH"|\n</data></match></read>
		<read echo="ascii"><delim> </delim><match><data>\x3E </data></match></read>
		<write echo="ascii"><data>.l\n</data></write>
	</replay>
</pov>
