<?xml version="1.0" standalone="no" ?>
<!DOCTYPE pov SYSTEM "/usr/share/cgc-docs/replay.dtd"><pov>
	<cbid>CROMU_00011</cbid>
	<replay>
		<read echo="ascii"><delim> </delim><match><data>\x3E </data></match></read>
		<write echo="ascii"><data>dA4Auyu = |"xPelQ"|~|"eu3Co","m7z10","7nPw4a","z"|\n</data></write>
		<read echo="ascii"><delim> </delim><match><data>\x3E </data></match></read>
		<write echo="ascii"><data>JyQli1 = |"d1o3P","6g","lNMsM","B4i6D","TQOk4","tNHSf","TR6J","zHyqpl","B4wjXk","baq"|\n</data></write>
		<read echo="ascii"><delim> </delim><match><data>\x3E </data></match></read>
		<write echo="ascii"><data>Sz2e2 = |"tNHSf","TR6J","TQOk4","baq","B4i6D","d1o3P","zHyqpl","6g"|\n</data></write>
		<read echo="ascii"><delim> </delim><match><data>\x3E </data></match></read>
		<write echo="ascii"><data>Sz2e2@JyQli1\n</data></write>
		<read echo="ascii"><delim>\n</delim><match><data>TRUE\n</data></match></read>
		<read echo="ascii"><delim> </delim><match><data>\x3E </data></match></read>
		<write echo="ascii"><data>1fT6In = |"yZbV","dpCcS","5477c9","SQsjP"|~|"SQsjP","tdgrUG","fbeNLFG"|\n</data></write>
		<read echo="ascii"><delim> </delim><match><data>\x3E </data></match></read>
		<write echo="ascii"><data>iAQKD = |"hhZyutr","MGo","D32Y"|^|"ti5","O5d","Vu"|\n</data></write>
		<read echo="ascii"><delim> </delim><match><data>\x3E </data></match></read>
		<write echo="ascii"><data>ZGYLJs = |"np1","efgXZj","9e","udZOWUU","HSV","h2IfMJf","eJp8"|^|"qEKANu","efgXZj","B1pm0GK","udZOWUU","Hm8zzn","epTr","Zuq1y"|\n</data></write>
		<read echo="ascii"><delim> </delim><match><data>\x3E </data></match></read>
		<write echo="ascii"><data>PKRX4x = |"96KZL1","mQN","ZHx1j","LJ0p3c","oMypp","ZO"|^|"ldAUll","eEYe0E","qm"|\n</data></write>
		<read echo="ascii"><delim> </delim><match><data>\x3E </data></match></read>
		<write echo="ascii"><data>Ntez8O = PKRX4x - ZGYLJs\n</data></write>
		<read echo="ascii"><delim> </delim><match><data>\x3E </data></match></read>
		<write echo="ascii"><data>Cc9Ab = iAQKD ~ dA4Auyu\n</data></write>
		<read echo="ascii"><delim> </delim><match><data>\x3E </data></match></read>
		<write echo="ascii"><data>V2dDfKq = |"jk","OSr","afy","N","4rnGV","0UxRm0Z"|+|"afy"|\n</data></write>
		<read echo="ascii"><delim> </delim><match><data>\x3E </data></match></read>
		<write echo="ascii"><data>4Jw7bof = JyQli1 ^ dA4Auyu\n</data></write>
		<read echo="ascii"><delim> </delim><match><data>\x3E </data></match></read>
		<write echo="ascii"><data>xaA8jV = |"f","Mnvj","HYjg8h","tq"|+|"BKTQUb","HYjg8h","7","cH","f","P","H9t"|\n</data></write>
		<read echo="ascii"><delim> </delim><match><data>\x3E </data></match></read>
		<write echo="ascii"><data>oh7rw = |"6iGpE","mSOG","Mhik1","pOE","CjUPbh","AgLsax6","Yv2SuL","ufJ9","vxU","bgFN"|\n</data></write>
		<read echo="ascii"><delim> </delim><match><data>\x3E </data></match></read>
		<write echo="ascii"><data>sINsf2u = |"Mhik1","CjUPbh","AgLsax6","vxU","bgFN","pOE","6iGpE","ufJ9","mSOG","svezbLaAeG"|\n</data></write>
		<read echo="ascii"><delim> </delim><match><data>\x3E </data></match></read>
		<write echo="ascii"><data>sINsf2u@oh7rw\n</data></write>
		<read echo="ascii"><delim>\n</delim><match><data>FALSE\n</data></match></read>
		<read echo="ascii"><delim> </delim><match><data>\x3E </data></match></read>
		<write echo="ascii"><data>.p\n</data></write>
<read echo="ascii"><delim>\n</delim><match><data>dA4Auyu = |"xPelQ","eu3Co","m7z10","7nPw4a","z"|\n</data></match></read>
<read echo="ascii"><delim>\n</delim><match><data>JyQli1 = |"d1o3P","6g","lNMsM","B4i6D","TQOk4","tNHSf","TR6J","zHyqpl","B4wjXk","baq"|\n</data></match></read>
<read echo="ascii"><delim>\n</delim><match><data>Sz2e2 = |"tNHSf","TR6J","TQOk4","baq","B4i6D","d1o3P","zHyqpl","6g"|\n</data></match></read>
<read echo="ascii"><delim>\n</delim><match><data>1fT6In = |"yZbV","dpCcS","5477c9","tdgrUG","fbeNLFG"|\n</data></match></read>
<read echo="ascii"><delim>\n</delim><match><data>iAQKD = ||\n</data></match></read>
<read echo="ascii"><delim>\n</delim><match><data>ZGYLJs = |"efgXZj","udZOWUU"|\n</data></match></read>
<read echo="ascii"><delim>\n</delim><match><data>PKRX4x = ||\n</data></match></read>
<read echo="ascii"><delim>\n</delim><match><data>Ntez8O = ||\n</data></match></read>
<read echo="ascii"><delim>\n</delim><match><data>Cc9Ab = |"xPelQ","eu3Co","m7z10","7nPw4a","z"|\n</data></match></read>
<read echo="ascii"><delim>\n</delim><match><data>V2dDfKq = |"jk","OSr","afy","N","4rnGV","0UxRm0Z"|\n</data></match></read>
<read echo="ascii"><delim>\n</delim><match><data>4Jw7bof = ||\n</data></match></read>
<read echo="ascii"><delim>\n</delim><match><data>xaA8jV = |"f","Mnvj","HYjg8h","tq","BKTQUb","7","cH","P","H9t"|\n</data></match></read>
<read echo="ascii"><delim>\n</delim><match><data>oh7rw = |"6iGpE","mSOG","Mhik1","pOE","CjUPbh","AgLsax6","Yv2SuL","ufJ9","vxU","bgFN"|\n</data></match></read>
<read echo="ascii"><delim>\n</delim><match><data>sINsf2u = |"Mhik1","CjUPbh","AgLsax6","vxU","bgFN","pOE","6iGpE","ufJ9","mSOG","svezbLaAeG"|\n</data></match></read>
		<read echo="ascii"><delim> </delim><match><data>\x3E </data></match></read>
		<write echo="ascii"><data>.l\n</data></write>
	</replay>
</pov>
