<?xml version="1.0" standalone="no" ?>
<!DOCTYPE pov SYSTEM "/usr/share/cgc-docs/replay.dtd"><pov>
	<cbid>CROMU_00011</cbid>
	<replay>
		<read echo="ascii"><delim> </delim><match><data>\x3E </data></match></read>
		<write echo="ascii"><data>QBg5SK4 = |"YeJgSlw","HYaj9","P","o"|-|"o","UiiYy","E","exhqTt","e","YeJgSlw"|\n</data></write>
		<read echo="ascii"><delim> </delim><match><data>\x3E </data></match></read>
		<write echo="ascii"><data>NPEHt = |"LaC4l0","KniY","0BeEl5","xJM","EQYX","7udq2Cn","ceYuvlp"|\n</data></write>
		<read echo="ascii"><delim> </delim><match><data>\x3E </data></match></read>
		<write echo="ascii"><data>I7bpw7l = |"7udq2Cn","xJM"|\n</data></write>
		<read echo="ascii"><delim> </delim><match><data>\x3E </data></match></read>
		<write echo="ascii"><data>I7bpw7l@NPEHt\n</data></write>
		<read echo="ascii"><delim>\n</delim><match><data>TRUE\n</data></match></read>
		<read echo="ascii"><delim> </delim><match><data>\x3E </data></match></read>
		<write echo="ascii"><data>Wl2I3I = |"H","js","ob1","w2wAG"|-|"B1","I3qlbV","iFC","y1","js","1sk7"|\n</data></write>
		<read echo="ascii"><delim> </delim><match><data>\x3E </data></match></read>
		<write echo="ascii"><data>LlHiIpk = Wl2I3I ~ I7bpw7l\n</data></write>
		<read echo="ascii"><delim> </delim><match><data>\x3E </data></match></read>
		<write echo="ascii"><data>RY6og = |"UyTIjIp","3r2","Q6aA","qeNrjP","oEOEng","oPZdMuQ","vMJVh93"|\n</data></write>
		<read echo="ascii"><delim> </delim><match><data>\x3E </data></match></read>
		<write echo="ascii"><data>Vo9MybZ = |"3r2","qeNrjP","wSxpestsca"|\n</data></write>
		<read echo="ascii"><delim> </delim><match><data>\x3E </data></match></read>
		<write echo="ascii"><data>Vo9MybZ@RY6og\n</data></write>
		<read echo="ascii"><delim>\n</delim><match><data>FALSE\n</data></match></read>
		<read echo="ascii"><delim> </delim><match><data>\x3E </data></match></read>
		<write echo="ascii"><data>yeeqg6 = |"weTlzZ","DdvJn","YNErSf5","z6E","gCtYB5R","97zKH"|+|"jdtlvG8","jg","z6E"|\n</data></write>
		<read echo="ascii"><delim> </delim><match><data>\x3E </data></match></read>
		<write echo="ascii"><data>KNk9Ul = Wl2I3I - QBg5SK4\n</data></write>
		<read echo="ascii"><delim> </delim><match><data>\x3E </data></match></read>
		<write echo="ascii"><data>ZZrBwB = |"Ly8","ZO","N"|-|"q13lc","e0X","Ly8","AAuAgat","Fu","aBIF9v"|\n</data></write>
		<read echo="ascii"><delim> </delim><match><data>\x3E </data></match></read>
		<write echo="ascii"><data>JNHZ1x = |"UW","ht","6fEMd","yvRLBkp","mOfDf0i","OG","6CjwF3","oshHP"|\n</data></write>
		<read echo="ascii"><delim> </delim><match><data>\x3E </data></match></read>
		<write echo="ascii"><data>tYrUKp = |"6CjwF3","UW","yvRLBkp","ht","OG","mOfDf0i","6fEMd"|\n</data></write>
		<read echo="ascii"><delim> </delim><match><data>\x3E </data></match></read>
		<write echo="ascii"><data>tYrUKp@JNHZ1x\n</data></write>
		<read echo="ascii"><delim>\n</delim><match><data>TRUE\n</data></match></read>
		<read echo="ascii"><delim> </delim><match><data>\x3E </data></match></read>
		<write echo="ascii"><data>cIMhmV = |"Yh","IoPC","Fs","ijYIl","1AZX","1N","fg","ib","nrOk","rKU"|\n</data></write>
		<read echo="ascii"><delim> </delim><match><data>\x3E </data></match></read>
		<write echo="ascii"><data>5Sd3c = |"fg","rKU","nrOk","Yh","IoPC"|\n</data></write>
		<read echo="ascii"><delim> </delim><match><data>\x3E </data></match></read>
		<write echo="ascii"><data>5Sd3c@cIMhmV\n</data></write>
		<read echo="ascii"><delim>\n</delim><match><data>TRUE\n</data></match></read>
		<read echo="ascii"><delim> </delim><match><data>\x3E </data></match></read>
		<write echo="ascii"><data>B0Ncnv = |"UbqHpvf","cnZFbs","9dqwIa","YV","IbeVfH"|-|"J","E","Uk2C","S3","sB4xe"|\n</data></write>
		<read echo="ascii"><delim> </delim><match><data>\x3E </data></match></read>
		<write echo="ascii"><data>LEW52d = ZZrBwB ~ QBg5SK4\n</data></write>
		<read echo="ascii"><delim> </delim><match><data>\x3E </data></match></read>
		<write echo="ascii"><data>.p\n</data></write>
<read echo="ascii"><delim>\n</delim><match><data>QBg5SK4 = |"HYaj9","P"|\n</data></match></read>
<read echo="ascii"><delim>\n</delim><match><data>NPEHt = |"LaC4l0","KniY","0BeEl5","xJM","EQYX","7udq2Cn","ceYuvlp"|\n</data></match></read>
<read echo="ascii"><delim>\n</delim><match><data>I7bpw7l = |"7udq2Cn","xJM"|\n</data></match></read>
<read echo="ascii"><delim>\n</delim><match><data>Wl2I3I = |"H","ob1","w2wAG"|\n</data></match></read>
<read echo="ascii"><delim>\n</delim><match><data>LlHiIpk = |"H","ob1","w2wAG","7udq2Cn","xJM"|\n</data></match></read>
<read echo="ascii"><delim>\n</delim><match><data>RY6og = |"UyTIjIp","3r2","Q6aA","qeNrjP","oEOEng","oPZdMuQ","vMJVh93"|\n</data></match></read>
<read echo="ascii"><delim>\n</delim><match><data>Vo9MybZ = |"3r2","qeNrjP","wSxpestsca"|\n</data></match></read>
<read echo="ascii"><delim>\n</delim><match><data>yeeqg6 = |"weTlzZ","DdvJn","YNErSf5","z6E","gCtYB5R","97zKH","jdtlvG8","jg"|\n</data></match></read>
<read echo="ascii"><delim>\n</delim><match><data>KNk9Ul = |"H","ob1","w2wAG"|\n</data></match></read>
<read echo="ascii"><delim>\n</delim><match><data>ZZrBwB = |"ZO","N"|\n</data></match></read>
<read echo="ascii"><delim>\n</delim><match><data>JNHZ1x = |"UW","ht","6fEMd","yvRLBkp","mOfDf0i","OG","6CjwF3","oshHP"|\n</data></match></read>
<read echo="ascii"><delim>\n</delim><match><data>tYrUKp = |"6CjwF3","UW","yvRLBkp","ht","OG","mOfDf0i","6fEMd"|\n</data></match></read>
<read echo="ascii"><delim>\n</delim><match><data>cIMhmV = |"Yh","IoPC","Fs","ijYIl","1AZX","1N","fg","ib","nrOk","rKU"|\n</data></match></read>
<read echo="ascii"><delim>\n</delim><match><data>5Sd3c = |"fg","rKU","nrOk","Yh","IoPC"|\n</data></match></read>
<read echo="ascii"><delim>\n</delim><match><data>B0Ncnv = |"UbqHpvf","cnZFbs","9dqwIa","YV","IbeVfH"|\n</data></match></read>
<read echo="ascii"><delim>\n</delim><match><data>LEW52d = |"ZO","N","HYaj9","P"|\n</data></match></read>
		<read echo="ascii"><delim> </delim><match><data>\x3E </data></match></read>
		<write echo="ascii"><data>.l\n</data></write>
	</replay>
</pov>
