<?xml version="1.0" standalone="no" ?>
<!DOCTYPE pov SYSTEM "/usr/share/cgc-docs/replay.dtd"><pov>
	<cbid>CROMU_00011</cbid>
	<replay>
		<read echo="ascii"><delim> </delim><match><data>\x3E </data></match></read>
		<write echo="ascii"><data>44xZ6D = |"HON"|~|"GU5J","TNWB5"|\n</data></write>
		<read echo="ascii"><delim> </delim><match><data>\x3E </data></match></read>
		<write echo="ascii"><data>TB0ayA = 44xZ6D ^ 44xZ6D\n</data></write>
		<read echo="ascii"><delim> </delim><match><data>\x3E </data></match></read>
		<write echo="ascii"><data>M76kAFK = |"CtCiDrL","hmq5","x94kyi","AVxwawq","SYng","W7","LpnEe","C8vTb","uiH7p"|\n</data></write>
		<read echo="ascii"><delim> </delim><match><data>\x3E </data></match></read>
		<write echo="ascii"><data>ZdLBSMy = |"LpnEe","x94kyi","AVxwawq","W7"|\n</data></write>
		<read echo="ascii"><delim> </delim><match><data>\x3E </data></match></read>
		<write echo="ascii"><data>ZdLBSMy@M76kAFK\n</data></write>
		<read echo="ascii"><delim>\n</delim><match><data>TRUE\n</data></match></read>
		<read echo="ascii"><delim> </delim><match><data>\x3E </data></match></read>
		<write echo="ascii"><data>7uMz8PX = M76kAFK ^ 44xZ6D\n</data></write>
		<read echo="ascii"><delim> </delim><match><data>\x3E </data></match></read>
		<write echo="ascii"><data>GfiAm = M76kAFK + 44xZ6D\n</data></write>
		<read echo="ascii"><delim> </delim><match><data>\x3E </data></match></read>
		<write echo="ascii"><data>A6LPAS0 = |"hjOyEYE","Xs4R","jC","s6","mJFuC7r"|^|"54","Dyanza","hjOyEYE","pbbgdb","zLD8","Sq"|\n</data></write>
		<read echo="ascii"><delim> </delim><match><data>\x3E </data></match></read>
		<write echo="ascii"><data>oYjkeVC = |"xtwEl","nzfEl","vTnnI","7","BjdW","H5IP","D6Km"|-|"nbK","7","BjdW","a"|\n</data></write>
		<read echo="ascii"><delim> </delim><match><data>\x3E </data></match></read>
		<write echo="ascii"><data>lgwDQr = ZdLBSMy ~ TB0ayA\n</data></write>
		<read echo="ascii"><delim> </delim><match><data>\x3E </data></match></read>
		<write echo="ascii"><data>sV6w0P = oYjkeVC + M76kAFK\n</data></write>
		<read echo="ascii"><delim> </delim><match><data>\x3E </data></match></read>
		<write echo="ascii"><data>m9faw = |"1Jqnt","rlk9Blx","xE8L","GcLco","OBHw","loSoThC","Q"|-|"TYO4","xE8L","n","euL","x","nTYHaK"|\n</data></write>
		<read echo="ascii"><delim> </delim><match><data>\x3E </data></match></read>
		<write echo="ascii"><data>DqA2l = 44xZ6D ~ lgwDQr\n</data></write>
		<read echo="ascii"><delim> </delim><match><data>\x3E </data></match></read>
		<write echo="ascii"><data>.p\n</data></write>
<read echo="ascii"><delim>\n</delim><match><data>44xZ6D = |"HON","GU5J","TNWB5"|\n</data></match></read>
<read echo="ascii"><delim>\n</delim><match><data>TB0ayA = |"HON","GU5J","TNWB5"|\n</data></match></read>
<read echo="ascii"><delim>\n</delim><match><data>M76kAFK = |"CtCiDrL","hmq5","x94kyi","AVxwawq","SYng","W7","LpnEe","C8vTb","uiH7p"|\n</data></match></read>
<read echo="ascii"><delim>\n</delim><match><data>ZdLBSMy = |"LpnEe","x94kyi","AVxwawq","W7"|\n</data></match></read>
<read echo="ascii"><delim>\n</delim><match><data>7uMz8PX = ||\n</data></match></read>
<read echo="ascii"><delim>\n</delim><match><data>GfiAm = |"CtCiDrL","hmq5","x94kyi","AVxwawq","SYng","W7","LpnEe","C8vTb","uiH7p","HON","GU5J","TNWB5"|\n</data></match></read>
<read echo="ascii"><delim>\n</delim><match><data>A6LPAS0 = |"hjOyEYE"|\n</data></match></read>
<read echo="ascii"><delim>\n</delim><match><data>oYjkeVC = |"xtwEl","nzfEl","vTnnI","H5IP","D6Km"|\n</data></match></read>
<read echo="ascii"><delim>\n</delim><match><data>lgwDQr = |"LpnEe","x94kyi","AVxwawq","W7","HON","GU5J","TNWB5"|\n</data></match></read>
<read echo="ascii"><delim>\n</delim><match><data>sV6w0P = |"xtwEl","nzfEl","vTnnI","H5IP","D6Km","CtCiDrL","hmq5","x94kyi","AVxwawq","SYng","W7","LpnEe","C8vTb","uiH7p"|\n</data></match></read>
<read echo="ascii"><delim>\n</delim><match><data>m9faw = |"1Jqnt","rlk9Blx","GcLco","OBHw","loSoThC","Q"|\n</data></match></read>
<read echo="ascii"><delim>\n</delim><match><data>DqA2l = |"LpnEe","x94kyi","AVxwawq","W7"|\n</data></match></read>
		<read echo="ascii"><delim> </delim><match><data>\x3E </data></match></read>
		<write echo="ascii"><data>.l\n</data></write>
	</replay>
</pov>
