<?xml version="1.0" standalone="no" ?>
<!DOCTYPE pov SYSTEM "/usr/share/cgc-docs/replay.dtd"><pov>
	<cbid>CROMU_00011</cbid>
	<replay>
		<read echo="ascii"><delim> </delim><match><data>\x3E </data></match></read>
		<write echo="ascii"><data>34VvK18 = |"MpO","ufBxx","pJ6tbp5","rO3r","xpB","jus","zB","wGPhO","9bH","ciFprFS"|\n</data></write>
		<read echo="ascii"><delim> </delim><match><data>\x3E </data></match></read>
		<write echo="ascii"><data>ED1A6 = |"rO3r","jus","pJ6tbp5","ufBxx","zB","0IISfUbFBy"|\n</data></write>
		<read echo="ascii"><delim> </delim><match><data>\x3E </data></match></read>
		<write echo="ascii"><data>ED1A6@34VvK18\n</data></write>
		<read echo="ascii"><delim>\n</delim><match><data>FALSE\n</data></match></read>
		<read echo="ascii"><delim> </delim><match><data>\x3E </data></match></read>
		<write echo="ascii"><data>60fPCV = |"NjgT2PF","1efiCYz","Q8YCn","Euhn","iz","6g6ni","HJzL"|\n</data></write>
		<read echo="ascii"><delim> </delim><match><data>\x3E </data></match></read>
		<write echo="ascii"><data>ZxnNM = |"NjgT2PF","iz","1efiCYz","Q8YCn","yf3kQcpKwL"|\n</data></write>
		<read echo="ascii"><delim> </delim><match><data>\x3E </data></match></read>
		<write echo="ascii"><data>ZxnNM@60fPCV\n</data></write>
		<read echo="ascii"><delim>\n</delim><match><data>FALSE\n</data></match></read>
		<read echo="ascii"><delim> </delim><match><data>\x3E </data></match></read>
		<write echo="ascii"><data>ZPPGGx = 34VvK18 - 34VvK18\n</data></write>
		<read echo="ascii"><delim> </delim><match><data>\x3E </data></match></read>
		<write echo="ascii"><data>TkWJM = |"YG","rkZ5","EdPzn3","eQZHz","4x","IYI8","F3hXgJ"|~|"dJV9","eQZHz","62qw","8FELX","tn"|\n</data></write>
		<read echo="ascii"><delim> </delim><match><data>\x3E </data></match></read>
		<write echo="ascii"><data>l7mJDZ3 = |"3D6MAR"|~|"n","MP3OP","l","mTAO"|\n</data></write>
		<read echo="ascii"><delim> </delim><match><data>\x3E </data></match></read>
		<write echo="ascii"><data>wm55Z = ZxnNM - 34VvK18\n</data></write>
		<read echo="ascii"><delim> </delim><match><data>\x3E </data></match></read>
		<write echo="ascii"><data>UpC6yFg = |"B12ts","Q3","iCzd","ck","cuKtY4","zCTBAQE","eiY","0qcAj","oVb"|\n</data></write>
		<read echo="ascii"><delim> </delim><match><data>\x3E </data></match></read>
		<write echo="ascii"><data>hja3dR = |"eiY","0qcAj","cuKtY4","oVb","iCzd","zCTBAQE","B12ts","Q3"|\n</data></write>
		<read echo="ascii"><delim> </delim><match><data>\x3E </data></match></read>
		<write echo="ascii"><data>hja3dR@UpC6yFg\n</data></write>
		<read echo="ascii"><delim>\n</delim><match><data>TRUE\n</data></match></read>
		<read echo="ascii"><delim> </delim><match><data>\x3E </data></match></read>
		<write echo="ascii"><data>r1yXDdS = 34VvK18 - UpC6yFg\n</data></write>
		<read echo="ascii"><delim> </delim><match><data>\x3E </data></match></read>
		<write echo="ascii"><data>mPFbRtk = |"Yr2ln","uTVEAz","gwn"|-|"ndJSIKx","gwn","E","tkZoD"|\n</data></write>
		<read echo="ascii"><delim> </delim><match><data>\x3E </data></match></read>
		<write echo="ascii"><data>lmsuSqwv = 60fPCV ^ mPFbRtk\n</data></write>
		<read echo="ascii"><delim> </delim><match><data>\x3E </data></match></read>
		<write echo="ascii"><data>7SH3XIy = |"D3F","z","l0LzM","6ez"|+|"E5J","Iv4","4ZgPvi","jF6","2G"|\n</data></write>
		<read echo="ascii"><delim> </delim><match><data>\x3E </data></match></read>
		<write echo="ascii"><data>.p\n</data></write>
<read echo="ascii"><delim>\n</delim><match><data>34VvK18 = |"MpO","ufBxx","pJ6tbp5","rO3r","xpB","jus","zB","wGPhO","9bH","ciFprFS"|\n</data></match></read>
<read echo="ascii"><delim>\n</delim><match><data>ED1A6 = |"rO3r","jus","pJ6tbp5","ufBxx","zB","0IISfUbFBy"|\n</data></match></read>
<read echo="ascii"><delim>\n</delim><match><data>60fPCV = |"NjgT2PF","1efiCYz","Q8YCn","Euhn","iz","6g6ni","HJzL"|\n</data></match></read>
<read echo="ascii"><delim>\n</delim><match><data>ZxnNM = |"NjgT2PF","iz","1efiCYz","Q8YCn","yf3kQcpKwL"|\n</data></match></read>
<read echo="ascii"><delim>\n</delim><match><data>ZPPGGx = ||\n</data></match></read>
<read echo="ascii"><delim>\n</delim><match><data>TkWJM = |"YG","rkZ5","EdPzn3","4x","IYI8","F3hXgJ","dJV9","62qw","8FELX","tn"|\n</data></match></read>
<read echo="ascii"><delim>\n</delim><match><data>l7mJDZ3 = |"3D6MAR","n","MP3OP","l","mTAO"|\n</data></match></read>
<read echo="ascii"><delim>\n</delim><match><data>wm55Z = |"NjgT2PF","iz","1efiCYz","Q8YCn","yf3kQcpKwL"|\n</data></match></read>
<read echo="ascii"><delim>\n</delim><match><data>UpC6yFg = |"B12ts","Q3","iCzd","ck","cuKtY4","zCTBAQE","eiY","0qcAj","oVb"|\n</data></match></read>
<read echo="ascii"><delim>\n</delim><match><data>hja3dR = |"eiY","0qcAj","cuKtY4","oVb","iCzd","zCTBAQE","B12ts","Q3"|\n</data></match></read>
<read echo="ascii"><delim>\n</delim><match><data>r1yXDdS = |"MpO","ufBxx","pJ6tbp5","rO3r","xpB","jus","zB","wGPhO","9bH","ciFprFS"|\n</data></match></read>
<read echo="ascii"><delim>\n</delim><match><data>mPFbRtk = |"Yr2ln","uTVEAz"|\n</data></match></read>
<read echo="ascii"><delim>\n</delim><match><data>lmsuSqwv = ||\n</data></match></read>
<read echo="ascii"><delim>\n</delim><match><data>7SH3XIy = |"D3F","z","l0LzM","6ez","E5J","Iv4","4ZgPvi","jF6","2G"|\n</data></match></read>
		<read echo="ascii"><delim> </delim><match><data>\x3E </data></match></read>
		<write echo="ascii"><data>.l\n</data></write>
	</replay>
</pov>
