<?xml version="1.0" standalone="no" ?>
<!DOCTYPE pov SYSTEM "/usr/share/cgc-docs/replay.dtd"><pov>
	<cbid>CROMU_00011</cbid>
	<replay>
		<read echo="ascii"><delim> </delim><match><data>\x3E </data></match></read>
		<write echo="ascii"><data>4O2tIRG = |"vA7DKYE","LBo","XTKF2RT","fTe1J"|^|"Mk","91Ksh6","oUCWBSq","qKnrku6","yN"|\n</data></write>
		<read echo="ascii"><delim> </delim><match><data>\x3E </data></match></read>
		<write echo="ascii"><data>9udH9z = |"92o"|^|"T6xILlJ","kT9o","tIIZc","qBjW"|\n</data></write>
		<read echo="ascii"><delim> </delim><match><data>\x3E </data></match></read>
		<write echo="ascii"><data>QcCrr = 4O2tIRG ~ 4O2tIRG\n</data></write>
		<read echo="ascii"><delim> </delim><match><data>\x3E </data></match></read>
		<write echo="ascii"><data>dgIZf = 4O2tIRG ~ 9udH9z\n</data></write>
		<read echo="ascii"><delim> </delim><match><data>\x3E </data></match></read>
		<write echo="ascii"><data>qnprv = |"lsp2EJ","x","N","hfbt","xxajrA","Kxq","X5"|~|"ziyOa","wTQZdY","b","fdqBec","X5","Kxq"|\n</data></write>
		<read echo="ascii"><delim> </delim><match><data>\x3E </data></match></read>
		<write echo="ascii"><data>D6VyA = |"5","kLdoW3"|+|"jt7N"|\n</data></write>
		<read echo="ascii"><delim> </delim><match><data>\x3E </data></match></read>
		<write echo="ascii"><data>AkiEVov = QcCrr + D6VyA\n</data></write>
		<read echo="ascii"><delim> </delim><match><data>\x3E </data></match></read>
		<write echo="ascii"><data>Sbi3mCo = |"k4KMeI","zgimns","iwuAn","oKoW2e8","36","vRl"|+|"J5I","dUst","1bbJw","Hn","ZNg8if"|\n</data></write>
		<read echo="ascii"><delim> </delim><match><data>\x3E </data></match></read>
		<write echo="ascii"><data>IcbWIV = Sbi3mCo - D6VyA\n</data></write>
		<read echo="ascii"><delim> </delim><match><data>\x3E </data></match></read>
		<write echo="ascii"><data>g5lQucR = |"cu8HPe","xf","pGU9","lkuA","A9lzG3k","pnZjTvV","22fT"|\n</data></write>
		<read echo="ascii"><delim> </delim><match><data>\x3E </data></match></read>
		<write echo="ascii"><data>IrLPf = |"xf","NbuSMvjSVf"|\n</data></write>
		<read echo="ascii"><delim> </delim><match><data>\x3E </data></match></read>
		<write echo="ascii"><data>IrLPf@g5lQucR\n</data></write>
		<read echo="ascii"><delim>\n</delim><match><data>FALSE\n</data></match></read>
		<read echo="ascii"><delim> </delim><match><data>\x3E </data></match></read>
		<write echo="ascii"><data>.p\n</data></write>
<read echo="ascii"><delim>\n</delim><match><data>4O2tIRG = ||\n</data></match></read>
<read echo="ascii"><delim>\n</delim><match><data>9udH9z = ||\n</data></match></read>
<read echo="ascii"><delim>\n</delim><match><data>QcCrr = ||\n</data></match></read>
<read echo="ascii"><delim>\n</delim><match><data>dgIZf = ||\n</data></match></read>
<read echo="ascii"><delim>\n</delim><match><data>qnprv = |"lsp2EJ","x","N","hfbt","xxajrA","ziyOa","wTQZdY","b","fdqBec"|\n</data></match></read>
<read echo="ascii"><delim>\n</delim><match><data>D6VyA = |"5","kLdoW3","jt7N"|\n</data></match></read>
<read echo="ascii"><delim>\n</delim><match><data>AkiEVov = |"5","kLdoW3","jt7N"|\n</data></match></read>
<read echo="ascii"><delim>\n</delim><match><data>Sbi3mCo = |"k4KMeI","zgimns","iwuAn","oKoW2e8","36","vRl","J5I","dUst","1bbJw","Hn","ZNg8if"|\n</data></match></read>
<read echo="ascii"><delim>\n</delim><match><data>IcbWIV = |"k4KMeI","zgimns","iwuAn","oKoW2e8","36","vRl","J5I","dUst","1bbJw","Hn","ZNg8if"|\n</data></match></read>
<read echo="ascii"><delim>\n</delim><match><data>g5lQucR = |"cu8HPe","xf","pGU9","lkuA","A9lzG3k","pnZjTvV","22fT"|\n</data></match></read>
<read echo="ascii"><delim>\n</delim><match><data>IrLPf = |"xf","NbuSMvjSVf"|\n</data></match></read>
		<read echo="ascii"><delim> </delim><match><data>\x3E </data></match></read>
		<write echo="ascii"><data>.l\n</data></write>
	</replay>
</pov>
