<?xml version="1.0" standalone="no" ?>
<!DOCTYPE pov SYSTEM "/usr/share/cgc-docs/replay.dtd"><pov>
	<cbid>CROMU_00011</cbid>
	<replay>
		<read echo="ascii"><delim> </delim><match><data>\x3E </data></match></read>
		<write echo="ascii"><data>3OTUX4 = |"GgZdok","GdMIMWJ","N42","FhnX","a8UsP","ujBMB","NX9jjC","YnEGR1","AKXgfna","Yl"|\n</data></write>
		<read echo="ascii"><delim> </delim><match><data>\x3E </data></match></read>
		<write echo="ascii"><data>orWBsx = |"AKXgfna","ujBMB","Yl","a8UsP","YnEGR1","GgZdok","N42","NX9jjC","FhnX"|\n</data></write>
		<read echo="ascii"><delim> </delim><match><data>\x3E </data></match></read>
		<write echo="ascii"><data>orWBsx@3OTUX4\n</data></write>
		<read echo="ascii"><delim>\n</delim><match><data>TRUE\n</data></match></read>
		<read echo="ascii"><delim> </delim><match><data>\x3E </data></match></read>
		<write echo="ascii"><data>Qfssl = |"vw7","THs6","gSW"|+|"mgrhS"|\n</data></write>
		<read echo="ascii"><delim> </delim><match><data>\x3E </data></match></read>
		<write echo="ascii"><data>ZXaM4au = |"X","7","D","mCPc","h","A"|-|"l0","mCPc","X","S1","wS3s1dz","A"|\n</data></write>
		<read echo="ascii"><delim> </delim><match><data>\x3E </data></match></read>
		<write echo="ascii"><data>JVl3P2D = |"KIHKMjV","LhY","W2j","bd","DTzm02R","3nG9","Wn6","cR","UJPEe","1CLfp"|\n</data></write>
		<read echo="ascii"><delim> </delim><match><data>\x3E </data></match></read>
		<write echo="ascii"><data>Tc9aQ = |"bd","DmtyeDfC2Y"|\n</data></write>
		<read echo="ascii"><delim> </delim><match><data>\x3E </data></match></read>
		<write echo="ascii"><data>Tc9aQ@JVl3P2D\n</data></write>
		<read echo="ascii"><delim>\n</delim><match><data>FALSE\n</data></match></read>
		<read echo="ascii"><delim> </delim><match><data>\x3E </data></match></read>
		<write echo="ascii"><data>yQc9V3O = |"WiCjln","zla","x1Y3HmM"|~|"TQhTdVv","Vcwr","M3EjE","b2Pg3e3","o","A4j","sUC"|\n</data></write>
		<read echo="ascii"><delim> </delim><match><data>\x3E </data></match></read>
		<write echo="ascii"><data>3gpwTD = |"rMr","41rJ"|~|"112FTpY","wo","7kO","1ug","E0fUv"|\n</data></write>
		<read echo="ascii"><delim> </delim><match><data>\x3E </data></match></read>
		<write echo="ascii"><data>ygVaz = ZXaM4au - ZXaM4au\n</data></write>
		<read echo="ascii"><delim> </delim><match><data>\x3E </data></match></read>
		<write echo="ascii"><data>raqaMAd = |"BLnfdC","4vLGOF","yppns","EuOaabJ","V7vIL","pgjv","hSgYM0"|\n</data></write>
		<read echo="ascii"><delim> </delim><match><data>\x3E </data></match></read>
		<write echo="ascii"><data>DLkvRxw = |"EuOaabJ","yppns","V7vIL","BLnfdC","hSgYM0","4vLGOF","RAvtKPDk3z"|\n</data></write>
		<read echo="ascii"><delim> </delim><match><data>\x3E </data></match></read>
		<write echo="ascii"><data>DLkvRxw@raqaMAd\n</data></write>
		<read echo="ascii"><delim>\n</delim><match><data>FALSE\n</data></match></read>
		<read echo="ascii"><delim> </delim><match><data>\x3E </data></match></read>
		<write echo="ascii"><data>U553dk = raqaMAd ~ ygVaz\n</data></write>
		<read echo="ascii"><delim> </delim><match><data>\x3E </data></match></read>
		<write echo="ascii"><data>HJsck = |"vOhYLx","bX","wp40J","W6AuB","Ge"|^|"W6AuB","izMI7","bX"|\n</data></write>
		<read echo="ascii"><delim> </delim><match><data>\x3E </data></match></read>
		<write echo="ascii"><data>TCaVJ = DLkvRxw - 3gpwTD\n</data></write>
		<read echo="ascii"><delim> </delim><match><data>\x3E </data></match></read>
		<write echo="ascii"><data>ElVlpU = |"QK","7uUQ","MdgTK"|~|"OgwgLn","wZ","zd8V","rF4"|\n</data></write>
		<read echo="ascii"><delim> </delim><match><data>\x3E </data></match></read>
		<write echo="ascii"><data>uAOnAR = ygVaz + ElVlpU\n</data></write>
		<read echo="ascii"><delim> </delim><match><data>\x3E </data></match></read>
		<write echo="ascii"><data>.p\n</data></write>
<read echo="ascii"><delim>\n</delim><match><data>3OTUX4 = |"GgZdok","GdMIMWJ","N42","FhnX","a8UsP","ujBMB","NX9jjC","YnEGR1","AKXgfna","Yl"|\n</data></match></read>
<read echo="ascii"><delim>\n</delim><match><data>orWBsx = |"AKXgfna","ujBMB","Yl","a8UsP","YnEGR1","GgZdok","N42","NX9jjC","FhnX"|\n</data></match></read>
<read echo="ascii"><delim>\n</delim><match><data>Qfssl = |"vw7","THs6","gSW","mgrhS"|\n</data></match></read>
<read echo="ascii"><delim>\n</delim><match><data>ZXaM4au = |"7","D","h"|\n</data></match></read>
<read echo="ascii"><delim>\n</delim><match><data>JVl3P2D = |"KIHKMjV","LhY","W2j","bd","DTzm02R","3nG9","Wn6","cR","UJPEe","1CLfp"|\n</data></match></read>
<read echo="ascii"><delim>\n</delim><match><data>Tc9aQ = |"bd","DmtyeDfC2Y"|\n</data></match></read>
<read echo="ascii"><delim>\n</delim><match><data>yQc9V3O = |"WiCjln","zla","x1Y3HmM","TQhTdVv","Vcwr","M3EjE","b2Pg3e3","o","A4j","sUC"|\n</data></match></read>
<read echo="ascii"><delim>\n</delim><match><data>3gpwTD = |"rMr","41rJ","112FTpY","wo","7kO","1ug","E0fUv"|\n</data></match></read>
<read echo="ascii"><delim>\n</delim><match><data>ygVaz = ||\n</data></match></read>
<read echo="ascii"><delim>\n</delim><match><data>raqaMAd = |"BLnfdC","4vLGOF","yppns","EuOaabJ","V7vIL","pgjv","hSgYM0"|\n</data></match></read>
<read echo="ascii"><delim>\n</delim><match><data>DLkvRxw = |"EuOaabJ","yppns","V7vIL","BLnfdC","hSgYM0","4vLGOF","RAvtKPDk3z"|\n</data></match></read>
<read echo="ascii"><delim>\n</delim><match><data>U553dk = |"BLnfdC","4vLGOF","yppns","EuOaabJ","V7vIL","pgjv","hSgYM0"|\n</data></match></read>
<read echo="ascii"><delim>\n</delim><match><data>HJsck = |"bX","W6AuB"|\n</data></match></read>
<read echo="ascii"><delim>\n</delim><match><data>TCaVJ = |"EuOaabJ","yppns","V7vIL","BLnfdC","hSgYM0","4vLGOF","RAvtKPDk3z"|\n</data></match></read>
<read echo="ascii"><delim>\n</delim><match><data>ElVlpU = |"QK","7uUQ","MdgTK","OgwgLn","wZ","zd8V","rF4"|\n</data></match></read>
<read echo="ascii"><delim>\n</delim><match><data>uAOnAR = |"QK","7uUQ","MdgTK","OgwgLn","wZ","zd8V","rF4"|\n</data></match></read>
		<read echo="ascii"><delim> </delim><match><data>\x3E </data></match></read>
		<write echo="ascii"><data>.l\n</data></write>
	</replay>
</pov>
