<?xml version="1.0" standalone="no" ?>
<!DOCTYPE pov SYSTEM "/usr/share/cgc-docs/replay.dtd"><pov>
	<cbid>CROMU_00011</cbid>
	<replay>
		<read echo="ascii"><delim> </delim><match><data>\x3E </data></match></read>
		<write echo="ascii"><data>oWXe4BH = |"W","gVv","FDYGfn8","Jow","9FXm","XwH","Y1"|-|"47Am","Onq","gVv","r5a"|\n</data></write>
		<read echo="ascii"><delim> </delim><match><data>\x3E </data></match></read>
		<write echo="ascii"><data>bTkvR = |"vBzJ","ErCQziG"|~|"QkrzyuN","Vhnv14L"|\n</data></write>
		<read echo="ascii"><delim> </delim><match><data>\x3E </data></match></read>
		<write echo="ascii"><data>9camLi = |"jx"|~|"96kVuw","V","ibFW"|\n</data></write>
		<read echo="ascii"><delim> </delim><match><data>\x3E </data></match></read>
		<write echo="ascii"><data>C3WMJ9 = |"ofEW8t","f3fI","5PqEhF","Kw6","bei","ZGMGP","V"|~|"ubkz1Q","zgh","26v","Kw6"|\n</data></write>
		<read echo="ascii"><delim> </delim><match><data>\x3E </data></match></read>
		<write echo="ascii"><data>zRzhYg = oWXe4BH ~ C3WMJ9\n</data></write>
		<read echo="ascii"><delim> </delim><match><data>\x3E </data></match></read>
		<write echo="ascii"><data>epINa6s = |"YYIMqq","3z0ZO","YgXnMAK","Yv","mWW4","u0p","Xh","N9Afh"|\n</data></write>
		<read echo="ascii"><delim> </delim><match><data>\x3E </data></match></read>
		<write echo="ascii"><data>Ahu0q = |"N9Afh","YgXnMAK","Yv","A1yql7N8Xj"|\n</data></write>
		<read echo="ascii"><delim> </delim><match><data>\x3E </data></match></read>
		<write echo="ascii"><data>Ahu0q@epINa6s\n</data></write>
		<read echo="ascii"><delim>\n</delim><match><data>FALSE\n</data></match></read>
		<read echo="ascii"><delim> </delim><match><data>\x3E </data></match></read>
		<write echo="ascii"><data>QYPej5 = |"lJc","C9iSyGM","LL"|^|"CCBG6","gf","zyanzE6"|\n</data></write>
		<read echo="ascii"><delim> </delim><match><data>\x3E </data></match></read>
		<write echo="ascii"><data>x2nhY = 9camLi - zRzhYg\n</data></write>
		<read echo="ascii"><delim> </delim><match><data>\x3E </data></match></read>
		<write echo="ascii"><data>820pcR = QYPej5 ^ QYPej5\n</data></write>
		<read echo="ascii"><delim> </delim><match><data>\x3E </data></match></read>
		<write echo="ascii"><data>TPDhVsd = epINa6s - C3WMJ9\n</data></write>
		<read echo="ascii"><delim> </delim><match><data>\x3E </data></match></read>
		<write echo="ascii"><data>.p\n</data></write>
<read echo="ascii"><delim>\n</delim><match><data>oWXe4BH = |"W","FDYGfn8","Jow","9FXm","XwH","Y1"|\n</data></match></read>
<read echo="ascii"><delim>\n</delim><match><data>bTkvR = |"vBzJ","ErCQziG","QkrzyuN","Vhnv14L"|\n</data></match></read>
<read echo="ascii"><delim>\n</delim><match><data>9camLi = |"jx","96kVuw","V","ibFW"|\n</data></match></read>
<read echo="ascii"><delim>\n</delim><match><data>C3WMJ9 = |"ofEW8t","f3fI","5PqEhF","bei","ZGMGP","V","ubkz1Q","zgh","26v"|\n</data></match></read>
<read echo="ascii"><delim>\n</delim><match><data>zRzhYg = |"W","FDYGfn8","Jow","9FXm","XwH","Y1","ofEW8t","f3fI","5PqEhF","bei","ZGMGP","V","ubkz1Q","zgh","26v"|\n</data></match></read>
<read echo="ascii"><delim>\n</delim><match><data>epINa6s = |"YYIMqq","3z0ZO","YgXnMAK","Yv","mWW4","u0p","Xh","N9Afh"|\n</data></match></read>
<read echo="ascii"><delim>\n</delim><match><data>Ahu0q = |"N9Afh","YgXnMAK","Yv","A1yql7N8Xj"|\n</data></match></read>
<read echo="ascii"><delim>\n</delim><match><data>QYPej5 = ||\n</data></match></read>
<read echo="ascii"><delim>\n</delim><match><data>x2nhY = |"jx","96kVuw","ibFW"|\n</data></match></read>
<read echo="ascii"><delim>\n</delim><match><data>820pcR = ||\n</data></match></read>
<read echo="ascii"><delim>\n</delim><match><data>TPDhVsd = |"YYIMqq","3z0ZO","YgXnMAK","Yv","mWW4","u0p","Xh","N9Afh"|\n</data></match></read>
		<read echo="ascii"><delim> </delim><match><data>\x3E </data></match></read>
		<write echo="ascii"><data>.l\n</data></write>
	</replay>
</pov>
