<?xml version="1.0" standalone="no" ?>
<!DOCTYPE pov SYSTEM "/usr/share/cgc-docs/replay.dtd"><pov>
	<cbid>CROMU_00011</cbid>
	<replay>
		<read echo="ascii"><delim> </delim><match><data>\x3E </data></match></read>
		<write echo="ascii"><data>GocA9XI = |"08j","zom","CQrl","58","7SJaX","dCfhtK"|\n</data></write>
		<read echo="ascii"><delim> </delim><match><data>\x3E </data></match></read>
		<write echo="ascii"><data>bnyVtMK = |"CQrl","58","dCfhtK"|\n</data></write>
		<read echo="ascii"><delim> </delim><match><data>\x3E </data></match></read>
		<write echo="ascii"><data>bnyVtMK@GocA9XI\n</data></write>
		<read echo="ascii"><delim>\n</delim><match><data>TRUE\n</data></match></read>
		<read echo="ascii"><delim> </delim><match><data>\x3E </data></match></read>
		<write echo="ascii"><data>kLF5bh8 = GocA9XI + GocA9XI\n</data></write>
		<read echo="ascii"><delim> </delim><match><data>\x3E </data></match></read>
		<write echo="ascii"><data>R8L73x = |"Gi6","bU","oZw","yG2BHfd","hFo","oz9","FGJ6","Tb"|\n</data></write>
		<read echo="ascii"><delim> </delim><match><data>\x3E </data></match></read>
		<write echo="ascii"><data>d11hMj = |"oz9","bU","oZw","Gi6","FGJ6","Tb"|\n</data></write>
		<read echo="ascii"><delim> </delim><match><data>\x3E </data></match></read>
		<write echo="ascii"><data>d11hMj@R8L73x\n</data></write>
		<read echo="ascii"><delim>\n</delim><match><data>TRUE\n</data></match></read>
		<read echo="ascii"><delim> </delim><match><data>\x3E </data></match></read>
		<write echo="ascii"><data>S6REM = R8L73x + GocA9XI\n</data></write>
		<read echo="ascii"><delim> </delim><match><data>\x3E </data></match></read>
		<write echo="ascii"><data>zIUiV = |"guGSa","cK6b75","l15","TX","hD8dh","OAM","VFHH","wno","cJF"|\n</data></write>
		<read echo="ascii"><delim> </delim><match><data>\x3E </data></match></read>
		<write echo="ascii"><data>Y2wO3 = |"OAM"|\n</data></write>
		<read echo="ascii"><delim> </delim><match><data>\x3E </data></match></read>
		<write echo="ascii"><data>Y2wO3@zIUiV\n</data></write>
		<read echo="ascii"><delim>\n</delim><match><data>TRUE\n</data></match></read>
		<read echo="ascii"><delim> </delim><match><data>\x3E </data></match></read>
		<write echo="ascii"><data>HsYdBkL = d11hMj ^ bnyVtMK\n</data></write>
		<read echo="ascii"><delim> </delim><match><data>\x3E </data></match></read>
		<write echo="ascii"><data>l4lWttJ = GocA9XI - S6REM\n</data></write>
		<read echo="ascii"><delim> </delim><match><data>\x3E </data></match></read>
		<write echo="ascii"><data>QWgOway = HsYdBkL ~ R8L73x\n</data></write>
		<read echo="ascii"><delim> </delim><match><data>\x3E </data></match></read>
		<write echo="ascii"><data>f3sJJ = |"Fgf0S","Fck0Z","wJt3VN5","7ztDt","xagmf","vFuM","olj"|\n</data></write>
		<read echo="ascii"><delim> </delim><match><data>\x3E </data></match></read>
		<write echo="ascii"><data>24gMW = |"Fck0Z","olj","xagmf","wJt3VN5","7ztDt","T06zJz20Ua"|\n</data></write>
		<read echo="ascii"><delim> </delim><match><data>\x3E </data></match></read>
		<write echo="ascii"><data>24gMW@f3sJJ\n</data></write>
		<read echo="ascii"><delim>\n</delim><match><data>FALSE\n</data></match></read>
		<read echo="ascii"><delim> </delim><match><data>\x3E </data></match></read>
		<write echo="ascii"><data>m91f0 = |"f","K0"|~|"6","f","mPETQqR","M4tZb","G42Lo"|\n</data></write>
		<read echo="ascii"><delim> </delim><match><data>\x3E </data></match></read>
		<write echo="ascii"><data>Eo9GAP = |"mJZ","R7","C7"|^|"vzi","R7","BK","ZAnp"|\n</data></write>
		<read echo="ascii"><delim> </delim><match><data>\x3E </data></match></read>
		<write echo="ascii"><data>LSAbbsj = QWgOway ~ QWgOway\n</data></write>
		<read echo="ascii"><delim> </delim><match><data>\x3E </data></match></read>
		<write echo="ascii"><data>w0A7ON = bnyVtMK - S6REM\n</data></write>
		<read echo="ascii"><delim> </delim><match><data>\x3E </data></match></read>
		<write echo="ascii"><data>MaNNb = |"sM1","bzk9","e4","pe2aQhd","4pUSv3","RmAsIKG","LF8v"|+|"pe2aQhd"|\n</data></write>
		<read echo="ascii"><delim> </delim><match><data>\x3E </data></match></read>
		<write echo="ascii"><data>xsI291 = |"GpBp","MZk","Xe","B","3Z9R8uL","5ctQa","j6QX"|~|"7","5XLvR","J"|\n</data></write>
		<read echo="ascii"><delim> </delim><match><data>\x3E </data></match></read>
		<write echo="ascii"><data>.p\n</data></write>
<read echo="ascii"><delim>\n</delim><match><data>GocA9XI = |"08j","zom","CQrl","58","7SJaX","dCfhtK"|\n</data></match></read>
<read echo="ascii"><delim>\n</delim><match><data>bnyVtMK = |"CQrl","58","dCfhtK"|\n</data></match></read>
<read echo="ascii"><delim>\n</delim><match><data>kLF5bh8 = |"08j","zom","CQrl","58","7SJaX","dCfhtK"|\n</data></match></read>
<read echo="ascii"><delim>\n</delim><match><data>R8L73x = |"Gi6","bU","oZw","yG2BHfd","hFo","oz9","FGJ6","Tb"|\n</data></match></read>
<read echo="ascii"><delim>\n</delim><match><data>d11hMj = |"oz9","bU","oZw","Gi6","FGJ6","Tb"|\n</data></match></read>
<read echo="ascii"><delim>\n</delim><match><data>S6REM = |"Gi6","bU","oZw","yG2BHfd","hFo","oz9","FGJ6","Tb","08j","zom","CQrl","58","7SJaX","dCfhtK"|\n</data></match></read>
<read echo="ascii"><delim>\n</delim><match><data>zIUiV = |"guGSa","cK6b75","l15","TX","hD8dh","OAM","VFHH","wno","cJF"|\n</data></match></read>
<read echo="ascii"><delim>\n</delim><match><data>Y2wO3 = |"OAM"|\n</data></match></read>
<read echo="ascii"><delim>\n</delim><match><data>HsYdBkL = ||\n</data></match></read>
<read echo="ascii"><delim>\n</delim><match><data>l4lWttJ = ||\n</data></match></read>
<read echo="ascii"><delim>\n</delim><match><data>QWgOway = |"Gi6","bU","oZw","yG2BHfd","hFo","oz9","FGJ6","Tb"|\n</data></match></read>
<read echo="ascii"><delim>\n</delim><match><data>f3sJJ = |"Fgf0S","Fck0Z","wJt3VN5","7ztDt","xagmf","vFuM","olj"|\n</data></match></read>
<read echo="ascii"><delim>\n</delim><match><data>24gMW = |"Fck0Z","olj","xagmf","wJt3VN5","7ztDt","T06zJz20Ua"|\n</data></match></read>
<read echo="ascii"><delim>\n</delim><match><data>m91f0 = |"K0","6","mPETQqR","M4tZb","G42Lo"|\n</data></match></read>
<read echo="ascii"><delim>\n</delim><match><data>Eo9GAP = |"R7"|\n</data></match></read>
<read echo="ascii"><delim>\n</delim><match><data>LSAbbsj = ||\n</data></match></read>
<read echo="ascii"><delim>\n</delim><match><data>w0A7ON = ||\n</data></match></read>
<read echo="ascii"><delim>\n</delim><match><data>MaNNb = |"sM1","bzk9","e4","pe2aQhd","4pUSv3","RmAsIKG","LF8v"|\n</data></match></read>
<read echo="ascii"><delim>\n</delim><match><data>xsI291 = |"GpBp","MZk","Xe","B","3Z9R8uL","5ctQa","j6QX","7","5XLvR","J"|\n</data></match></read>
		<read echo="ascii"><delim> </delim><match><data>\x3E </data></match></read>
		<write echo="ascii"><data>.l\n</data></write>
	</replay>
</pov>
