<?xml version="1.0" standalone="no" ?>
<!DOCTYPE pov SYSTEM "/usr/share/cgc-docs/replay.dtd"><pov>
	<cbid>CROMU_00011</cbid>
	<replay>
		<read echo="ascii"><delim> </delim><match><data>\x3E </data></match></read>
		<write echo="ascii"><data>Rd02k = |"BxwK","DrKba","qg","u05Da","Cv6","5c","rNkRh"|~|"l"|\n</data></write>
		<read echo="ascii"><delim> </delim><match><data>\x3E </data></match></read>
		<write echo="ascii"><data>B5BbCI = |"ve","s0yWJ","I","GS","QP6z","xp"|~|"qR","T5MEvo","QP6z","IYFWAT"|\n</data></write>
		<read echo="ascii"><delim> </delim><match><data>\x3E </data></match></read>
		<write echo="ascii"><data>I9eMz = B5BbCI - Rd02k\n</data></write>
		<read echo="ascii"><delim> </delim><match><data>\x3E </data></match></read>
		<write echo="ascii"><data>ErSj9 = B5BbCI ~ B5BbCI\n</data></write>
		<read echo="ascii"><delim> </delim><match><data>\x3E </data></match></read>
		<write echo="ascii"><data>TL2SQXE8Iu = Rd02k ^ B5BbCI\n</data></write>
		<read echo="ascii"><delim> </delim><match><data>\x3E </data></match></read>
		<write echo="ascii"><data>jflogYb = |"Wa8bv5","F","PUF9","Dn","ofIyHu","xrLIxAq"|~|"D"|\n</data></write>
		<read echo="ascii"><delim> </delim><match><data>\x3E </data></match></read>
		<write echo="ascii"><data>X5k89QJ = ErSj9 ~ ErSj9\n</data></write>
		<read echo="ascii"><delim> </delim><match><data>\x3E </data></match></read>
		<write echo="ascii"><data>S4XyCy = Rd02k ^ jflogYb\n</data></write>
		<read echo="ascii"><delim> </delim><match><data>\x3E </data></match></read>
		<write echo="ascii"><data>T0oDDWs4VS = TL2SQXE8Iu ^ TL2SQXE8Iu\n</data></write>
		<read echo="ascii"><delim> </delim><match><data>\x3E </data></match></read>
		<write echo="ascii"><data>HmWhH = |"BwfRP7","vbJ","wubHkh","vFC"|-|"c2nu","iqrP","vbJ","vFC","h"|\n</data></write>
		<read echo="ascii"><delim> </delim><match><data>\x3E </data></match></read>
		<write echo="ascii"><data>q9NweLF = |"UeUt","yJAt2","yZzDda","F"|-|"F","gDi","yJAt2"|\n</data></write>
		<read echo="ascii"><delim> </delim><match><data>\x3E </data></match></read>
		<write echo="ascii"><data>4cmUUG8 = |"soNmVLh","G","uIrTR9H","P","22kW9d","VU"|~|"Stopcs"|\n</data></write>
		<read echo="ascii"><delim> </delim><match><data>\x3E </data></match></read>
		<write echo="ascii"><data>.p\n</data></write>
<read echo="ascii"><delim>\n</delim><match><data>Rd02k = |"BxwK","DrKba","qg","u05Da","Cv6","5c","rNkRh","l"|\n</data></match></read>
<read echo="ascii"><delim>\n</delim><match><data>B5BbCI = |"ve","s0yWJ","I","GS","xp","qR","T5MEvo","IYFWAT"|\n</data></match></read>
<read echo="ascii"><delim>\n</delim><match><data>I9eMz = |"ve","s0yWJ","I","GS","xp","qR","T5MEvo","IYFWAT"|\n</data></match></read>
<read echo="ascii"><delim>\n</delim><match><data>ErSj9 = ||\n</data></match></read>
<read echo="ascii"><delim>\n</delim><match><data>TL2SQXE8Iu = ||\n</data></match></read>
<read echo="ascii"><delim>\n</delim><match><data>jflogYb = |"Wa8bv5","F","PUF9","Dn","ofIyHu","xrLIxAq","D"|\n</data></match></read>
<read echo="ascii"><delim>\n</delim><match><data>X5k89QJ = ||\n</data></match></read>
<read echo="ascii"><delim>\n</delim><match><data>S4XyCy = ||\n</data></match></read>
<read echo="ascii"><delim>\n</delim><match><data>T0oDDWs4VS = ||\n</data></match></read>
<read echo="ascii"><delim>\n</delim><match><data>HmWhH = |"BwfRP7","wubHkh"|\n</data></match></read>
<read echo="ascii"><delim>\n</delim><match><data>q9NweLF = |"UeUt","yZzDda"|\n</data></match></read>
<read echo="ascii"><delim>\n</delim><match><data>4cmUUG8 = |"soNmVLh","G","uIrTR9H","P","22kW9d","VU","Stopcs"|\n</data></match></read>
		<read echo="ascii"><delim> </delim><match><data>\x3E </data></match></read>
		<write echo="ascii"><data>.l\n</data></write>
	</replay>
</pov>
