<?xml version="1.0" standalone="no" ?>
<!DOCTYPE pov SYSTEM "/usr/share/cgc-docs/replay.dtd"><pov>
	<cbid>CROMU_00011</cbid>
	<replay>
		<read echo="ascii"><delim> </delim><match><data>\x3E </data></match></read>
		<write echo="ascii"><data>fzYtKmP = |"d","HUSCIxg","u","6U"|+|"PTys","u","mE","6U","by6"|\n</data></write>
		<read echo="ascii"><delim> </delim><match><data>\x3E </data></match></read>
		<write echo="ascii"><data>TttMz = |"8DGbh"|^|"K74q","Kr","Sjhk94"|\n</data></write>
		<read echo="ascii"><delim> </delim><match><data>\x3E </data></match></read>
		<write echo="ascii"><data>W2vY7O = |"kZ7b","taKCNY"|^|"lfL"|\n</data></write>
		<read echo="ascii"><delim> </delim><match><data>\x3E </data></match></read>
		<write echo="ascii"><data>4wzHXe = |"EmlvH8v","Cc5Cr","6q5yl","E34"|+|"AH3","5k","rJKEs","0qB","EmlvH8v","PSMgKY"|\n</data></write>
		<read echo="ascii"><delim> </delim><match><data>\x3E </data></match></read>
		<write echo="ascii"><data>9ayEfq6 = |"mB","tIm"|^|"vm0","NILTk","fXGCF","jGE1"|\n</data></write>
		<read echo="ascii"><delim> </delim><match><data>\x3E </data></match></read>
		<write echo="ascii"><data>F5e4m = |"uk3oS","MM3","2H","jKMP"|~|"tb7jER","WtGvF","1ePEO","6sw5eg","2H"|\n</data></write>
		<read echo="ascii"><delim> </delim><match><data>\x3E </data></match></read>
		<write echo="ascii"><data>WDpGUh = 9ayEfq6 + fzYtKmP\n</data></write>
		<read echo="ascii"><delim> </delim><match><data>\x3E </data></match></read>
		<write echo="ascii"><data>yM9aa = |"5a","HpxVo","dQs8CCX","b1","u0h"|-|"cFDDz","SBkl","b1"|\n</data></write>
		<read echo="ascii"><delim> </delim><match><data>\x3E </data></match></read>
		<write echo="ascii"><data>jOyJ2P = W2vY7O - 9ayEfq6\n</data></write>
		<read echo="ascii"><delim> </delim><match><data>\x3E </data></match></read>
		<write echo="ascii"><data>iqwiPZ = |"Qcq","2zXN","24rB","lD8Luoe","bci5pN","d9I"|-|"U","Cl3ZL","KnGE"|\n</data></write>
		<read echo="ascii"><delim> </delim><match><data>\x3E </data></match></read>
		<write echo="ascii"><data>JrDxN8P = fzYtKmP + iqwiPZ\n</data></write>
		<read echo="ascii"><delim> </delim><match><data>\x3E </data></match></read>
		<write echo="ascii"><data>9WrwG = W2vY7O ^ WDpGUh\n</data></write>
		<read echo="ascii"><delim> </delim><match><data>\x3E </data></match></read>
		<write echo="ascii"><data>3CY1VFy = |"mEkeKnK","5q8KB","XlZ"|^|"bt4S","W3X4t","5zF6ej8","eralPb"|\n</data></write>
		<read echo="ascii"><delim> </delim><match><data>\x3E </data></match></read>
		<write echo="ascii"><data>.p\n</data></write>
<read echo="ascii"><delim>\n</delim><match><data>fzYtKmP = |"d","HUSCIxg","u","6U","PTys","mE","by6"|\n</data></match></read>
<read echo="ascii"><delim>\n</delim><match><data>TttMz = ||\n</data></match></read>
<read echo="ascii"><delim>\n</delim><match><data>W2vY7O = ||\n</data></match></read>
<read echo="ascii"><delim>\n</delim><match><data>4wzHXe = |"EmlvH8v","Cc5Cr","6q5yl","E34","AH3","5k","rJKEs","0qB","PSMgKY"|\n</data></match></read>
<read echo="ascii"><delim>\n</delim><match><data>9ayEfq6 = ||\n</data></match></read>
<read echo="ascii"><delim>\n</delim><match><data>F5e4m = |"uk3oS","MM3","jKMP","tb7jER","WtGvF","1ePEO","6sw5eg"|\n</data></match></read>
<read echo="ascii"><delim>\n</delim><match><data>WDpGUh = |"d","HUSCIxg","u","6U","PTys","mE","by6"|\n</data></match></read>
<read echo="ascii"><delim>\n</delim><match><data>yM9aa = |"5a","HpxVo","dQs8CCX","u0h"|\n</data></match></read>
<read echo="ascii"><delim>\n</delim><match><data>jOyJ2P = ||\n</data></match></read>
<read echo="ascii"><delim>\n</delim><match><data>iqwiPZ = |"Qcq","2zXN","24rB","lD8Luoe","bci5pN","d9I"|\n</data></match></read>
<read echo="ascii"><delim>\n</delim><match><data>JrDxN8P = |"d","HUSCIxg","u","6U","PTys","mE","by6","Qcq","2zXN","24rB","lD8Luoe","bci5pN","d9I"|\n</data></match></read>
<read echo="ascii"><delim>\n</delim><match><data>9WrwG = ||\n</data></match></read>
<read echo="ascii"><delim>\n</delim><match><data>3CY1VFy = ||\n</data></match></read>
		<read echo="ascii"><delim> </delim><match><data>\x3E </data></match></read>
		<write echo="ascii"><data>.l\n</data></write>
	</replay>
</pov>
