<?xml version="1.0" standalone="no" ?>
<!DOCTYPE pov SYSTEM "/usr/share/cgc-docs/replay.dtd"><pov>
	<cbid>CROMU_00011</cbid>
	<replay>
		<read echo="ascii"><delim> </delim><match><data>\x3E </data></match></read>
		<write echo="ascii"><data>Kn25H = |"E04","IDWd","3Qvx","Bak8"|^|"SIHUOeP","KDd"|\n</data></write>
		<read echo="ascii"><delim> </delim><match><data>\x3E </data></match></read>
		<write echo="ascii"><data>hQ01kA = Kn25H ~ Kn25H\n</data></write>
		<read echo="ascii"><delim> </delim><match><data>\x3E </data></match></read>
		<write echo="ascii"><data>zxlaV = |"O285fo1"|^|"tz","O285fo1","Nr0G","LJx","KA7","9nI","zH0EBO"|\n</data></write>
		<read echo="ascii"><delim> </delim><match><data>\x3E </data></match></read>
		<write echo="ascii"><data>7fEfEXz = |"Nqr","miJSPQl"|+|"v","iyJYql3","See","miJSPQl","FIsoRkD"|\n</data></write>
		<read echo="ascii"><delim> </delim><match><data>\x3E </data></match></read>
		<write echo="ascii"><data>iaROKq = |"d1CYg","H958","8c","Ks","A2sm4","FiXDv","Yj"|^|"4MaYjB9"|\n</data></write>
		<read echo="ascii"><delim> </delim><match><data>\x3E </data></match></read>
		<write echo="ascii"><data>CvWXCu = |"7U","g9a5","pel72"|^|"FMf3O","d8l9Y"|\n</data></write>
		<read echo="ascii"><delim> </delim><match><data>\x3E </data></match></read>
		<write echo="ascii"><data>vCTqCz = |"7FVJOL","wiEdy","gKrn","3B","Z","m","saD2TUe"|~|"W"|\n</data></write>
		<read echo="ascii"><delim> </delim><match><data>\x3E </data></match></read>
		<write echo="ascii"><data>27RD1O = vCTqCz ^ iaROKq\n</data></write>
		<read echo="ascii"><delim> </delim><match><data>\x3E </data></match></read>
		<write echo="ascii"><data>C56nO = vCTqCz ^ 27RD1O\n</data></write>
		<read echo="ascii"><delim> </delim><match><data>\x3E </data></match></read>
		<write echo="ascii"><data>668jvr = |"99gPjfV","4FCG","Y0q","UJF"|~|"dT3","f"|\n</data></write>
		<read echo="ascii"><delim> </delim><match><data>\x3E </data></match></read>
		<write echo="ascii"><data>xan5vHfhM = 668jvr ^ CvWXCu\n</data></write>
		<read echo="ascii"><delim> </delim><match><data>\x3E </data></match></read>
		<write echo="ascii"><data>QxSFU5w = |"zuVD0uv","40","F8","OH","8wRe","C3PxW8","Q4","Y1Sz3dj"|\n</data></write>
		<read echo="ascii"><delim> </delim><match><data>\x3E </data></match></read>
		<write echo="ascii"><data>8w9nNU8 = |"C3PxW8","F8","OH","8wRe"|\n</data></write>
		<read echo="ascii"><delim> </delim><match><data>\x3E </data></match></read>
		<write echo="ascii"><data>8w9nNU8@QxSFU5w\n</data></write>
		<read echo="ascii"><delim>\n</delim><match><data>TRUE\n</data></match></read>
		<read echo="ascii"><delim> </delim><match><data>\x3E </data></match></read>
		<write echo="ascii"><data>tuVWG = |"Y9AgD","bk","5VW09","P","s","Wv","dnBI"|-|"quKV","NSM","hewyq","HS4Egt","k8","hTuZ"|\n</data></write>
		<read echo="ascii"><delim> </delim><match><data>\x3E </data></match></read>
		<write echo="ascii"><data>jqhH6Xo = |"GK2vZ","OUFT","EE6aI","v1V","iuAcdr","8xm9eb4","It2Wv","onvLHD"|\n</data></write>
		<read echo="ascii"><delim> </delim><match><data>\x3E </data></match></read>
		<write echo="ascii"><data>RH6BHI = |"GK2vZ","iuAcdr","OUFT","It2Wv","EE6aI","v1V","N1WcJPIfJl"|\n</data></write>
		<read echo="ascii"><delim> </delim><match><data>\x3E </data></match></read>
		<write echo="ascii"><data>RH6BHI@jqhH6Xo\n</data></write>
		<read echo="ascii"><delim>\n</delim><match><data>FALSE\n</data></match></read>
		<read echo="ascii"><delim> </delim><match><data>\x3E </data></match></read>
		<write echo="ascii"><data>YEob5 = tuVWG - 7fEfEXz\n</data></write>
		<read echo="ascii"><delim> </delim><match><data>\x3E </data></match></read>
		<write echo="ascii"><data>.p\n</data></write>
<read echo="ascii"><delim>\n</delim><match><data>Kn25H = ||\n</data></match></read>
<read echo="ascii"><delim>\n</delim><match><data>hQ01kA = ||\n</data></match></read>
<read echo="ascii"><delim>\n</delim><match><data>zxlaV = |"O285fo1"|\n</data></match></read>
<read echo="ascii"><delim>\n</delim><match><data>7fEfEXz = |"Nqr","miJSPQl","v","iyJYql3","See","FIsoRkD"|\n</data></match></read>
<read echo="ascii"><delim>\n</delim><match><data>iaROKq = ||\n</data></match></read>
<read echo="ascii"><delim>\n</delim><match><data>CvWXCu = ||\n</data></match></read>
<read echo="ascii"><delim>\n</delim><match><data>vCTqCz = |"7FVJOL","wiEdy","gKrn","3B","Z","m","saD2TUe","W"|\n</data></match></read>
<read echo="ascii"><delim>\n</delim><match><data>27RD1O = ||\n</data></match></read>
<read echo="ascii"><delim>\n</delim><match><data>C56nO = ||\n</data></match></read>
<read echo="ascii"><delim>\n</delim><match><data>668jvr = |"99gPjfV","4FCG","Y0q","UJF","dT3","f"|\n</data></match></read>
<read echo="ascii"><delim>\n</delim><match><data>xan5vHfhM = ||\n</data></match></read>
<read echo="ascii"><delim>\n</delim><match><data>QxSFU5w = |"zuVD0uv","40","F8","OH","8wRe","C3PxW8","Q4","Y1Sz3dj"|\n</data></match></read>
<read echo="ascii"><delim>\n</delim><match><data>8w9nNU8 = |"C3PxW8","F8","OH","8wRe"|\n</data></match></read>
<read echo="ascii"><delim>\n</delim><match><data>tuVWG = |"Y9AgD","bk","5VW09","P","s","Wv","dnBI"|\n</data></match></read>
<read echo="ascii"><delim>\n</delim><match><data>jqhH6Xo = |"GK2vZ","OUFT","EE6aI","v1V","iuAcdr","8xm9eb4","It2Wv","onvLHD"|\n</data></match></read>
<read echo="ascii"><delim>\n</delim><match><data>RH6BHI = |"GK2vZ","iuAcdr","OUFT","It2Wv","EE6aI","v1V","N1WcJPIfJl"|\n</data></match></read>
<read echo="ascii"><delim>\n</delim><match><data>YEob5 = |"Y9AgD","bk","5VW09","P","s","Wv","dnBI"|\n</data></match></read>
		<read echo="ascii"><delim> </delim><match><data>\x3E </data></match></read>
		<write echo="ascii"><data>.l\n</data></write>
	</replay>
</pov>
