<?xml version="1.0" standalone="no" ?>
<!DOCTYPE pov SYSTEM "/usr/share/cgc-docs/replay.dtd"><pov>
	<cbid>CROMU_00011</cbid>
	<replay>
		<read echo="ascii"><delim> </delim><match><data>\x3E </data></match></read>
		<write echo="ascii"><data>e719dA = |"SD2lR"|^|"idjr","wwOVSsB","fzB9Ts"|\n</data></write>
		<read echo="ascii"><delim> </delim><match><data>\x3E </data></match></read>
		<write echo="ascii"><data>PlIyH0 = |"awqa44L","BmU04","4VYbPR"|^|"XM12r","ilQpI","JF","Oci8iyv","IPyQHVe","3Upd"|\n</data></write>
		<read echo="ascii"><delim> </delim><match><data>\x3E </data></match></read>
		<write echo="ascii"><data>vNXeF = |"V0DSmmW","Od","rVrdY","8YZ","8w7oia","mDBaYiK","QlH3l"|-|"ULTR8","mDBaYiK","Vz4F","v08Hn"|\n</data></write>
		<read echo="ascii"><delim> </delim><match><data>\x3E </data></match></read>
		<write echo="ascii"><data>IudqlAr = e719dA - PlIyH0\n</data></write>
		<read echo="ascii"><delim> </delim><match><data>\x3E </data></match></read>
		<write echo="ascii"><data>5MWZ4fU = |"aWzz","0VENo4"|^|"Il","8oHcNF","WqMoPP"|\n</data></write>
		<read echo="ascii"><delim> </delim><match><data>\x3E </data></match></read>
		<write echo="ascii"><data>8d0WKe = |"T5Pu","9f0Vf","4HZS5","AUmSe6","y7wGG2","xtDpW8"|+|"ZvIK","T5Pu"|\n</data></write>
		<read echo="ascii"><delim> </delim><match><data>\x3E </data></match></read>
		<write echo="ascii"><data>bAEpk = IudqlAr - PlIyH0\n</data></write>
		<read echo="ascii"><delim> </delim><match><data>\x3E </data></match></read>
		<write echo="ascii"><data>QzmGna = |"yMpi","ku","jKZ5","LrZ","ASKj","pQojsF"|^|"LrZ","M0WV"|\n</data></write>
		<read echo="ascii"><delim> </delim><match><data>\x3E </data></match></read>
		<write echo="ascii"><data>WagwS8o = |"nVVq5Jn","MLr6Kf","1r1","qX","EV5","VDn7","snVB","Tm","ZM5h"|\n</data></write>
		<read echo="ascii"><delim> </delim><match><data>\x3E </data></match></read>
		<write echo="ascii"><data>jMMiE8X = |"MLr6Kf","EV5","Tm","nVVq5Jn","ZM5h","qX"|\n</data></write>
		<read echo="ascii"><delim> </delim><match><data>\x3E </data></match></read>
		<write echo="ascii"><data>jMMiE8X@WagwS8o\n</data></write>
		<read echo="ascii"><delim>\n</delim><match><data>TRUE\n</data></match></read>
		<read echo="ascii"><delim> </delim><match><data>\x3E </data></match></read>
		<write echo="ascii"><data>Y8CZVK = |"70v","Yab3iF","F","ho9zJ","1","n7JA2q","oYPyZyx"|-|"1","ho9zJ","W0c"|\n</data></write>
		<read echo="ascii"><delim> </delim><match><data>\x3E </data></match></read>
		<write echo="ascii"><data>.p\n</data></write>
<read echo="ascii"><delim>\n</delim><match><data>e719dA = ||\n</data></match></read>
<read echo="ascii"><delim>\n</delim><match><data>PlIyH0 = ||\n</data></match></read>
<read echo="ascii"><delim>\n</delim><match><data>vNXeF = |"V0DSmmW","Od","rVrdY","8YZ","8w7oia","QlH3l"|\n</data></match></read>
<read echo="ascii"><delim>\n</delim><match><data>IudqlAr = ||\n</data></match></read>
<read echo="ascii"><delim>\n</delim><match><data>5MWZ4fU = ||\n</data></match></read>
<read echo="ascii"><delim>\n</delim><match><data>8d0WKe = |"T5Pu","9f0Vf","4HZS5","AUmSe6","y7wGG2","xtDpW8","ZvIK"|\n</data></match></read>
<read echo="ascii"><delim>\n</delim><match><data>bAEpk = ||\n</data></match></read>
<read echo="ascii"><delim>\n</delim><match><data>QzmGna = |"LrZ"|\n</data></match></read>
<read echo="ascii"><delim>\n</delim><match><data>WagwS8o = |"nVVq5Jn","MLr6Kf","1r1","qX","EV5","VDn7","snVB","Tm","ZM5h"|\n</data></match></read>
<read echo="ascii"><delim>\n</delim><match><data>jMMiE8X = |"MLr6Kf","EV5","Tm","nVVq5Jn","ZM5h","qX"|\n</data></match></read>
<read echo="ascii"><delim>\n</delim><match><data>Y8CZVK = |"70v","Yab3iF","F","n7JA2q","oYPyZyx"|\n</data></match></read>
		<read echo="ascii"><delim> </delim><match><data>\x3E </data></match></read>
		<write echo="ascii"><data>.l\n</data></write>
	</replay>
</pov>
