<?xml version="1.0" standalone="no" ?>
<!DOCTYPE pov SYSTEM "/usr/share/cgc-docs/replay.dtd"><pov>
	<cbid>CROMU_00011</cbid>
	<replay>
		<read echo="ascii"><delim> </delim><match><data>\x3E </data></match></read>
		<write echo="ascii"><data>yrRJI3 = |"xO941"|+|"xO941","NV6mTfr","QHyF","Z","yAyyb0","pGbGohu"|\n</data></write>
		<read echo="ascii"><delim> </delim><match><data>\x3E </data></match></read>
		<write echo="ascii"><data>cMx41gg = |"59bq","Xa","aTZ","1"|~|"LQztHX","G","59bq","jCRMc","mem2H2i","Xa"|\n</data></write>
		<read echo="ascii"><delim> </delim><match><data>\x3E </data></match></read>
		<write echo="ascii"><data>k39A1 = |"I7Hw5F","9r","UTP","NNIEfbq","EKcB","kAizC","IV5"|\n</data></write>
		<read echo="ascii"><delim> </delim><match><data>\x3E </data></match></read>
		<write echo="ascii"><data>yloko = |"kAizC","UTP","IV5","I7Hw5F","9r","NNIEfbq"|\n</data></write>
		<read echo="ascii"><delim> </delim><match><data>\x3E </data></match></read>
		<write echo="ascii"><data>yloko@k39A1\n</data></write>
		<read echo="ascii"><delim>\n</delim><match><data>TRUE\n</data></match></read>
		<read echo="ascii"><delim> </delim><match><data>\x3E </data></match></read>
		<write echo="ascii"><data>Ask6o = k39A1 + yrRJI3\n</data></write>
		<read echo="ascii"><delim> </delim><match><data>\x3E </data></match></read>
		<write echo="ascii"><data>sReXwR9 = |"sJmpf3","LV","dvgM","8eXOe","zme1o","80vPq","TnrlKa"|\n</data></write>
		<read echo="ascii"><delim> </delim><match><data>\x3E </data></match></read>
		<write echo="ascii"><data>p7mcBK8 = |"LV","zme1o","80vPq","8eXOe","ONNePxPTt8"|\n</data></write>
		<read echo="ascii"><delim> </delim><match><data>\x3E </data></match></read>
		<write echo="ascii"><data>p7mcBK8@sReXwR9\n</data></write>
		<read echo="ascii"><delim>\n</delim><match><data>FALSE\n</data></match></read>
		<read echo="ascii"><delim> </delim><match><data>\x3E </data></match></read>
		<write echo="ascii"><data>kpGZS = cMx41gg ~ yrRJI3\n</data></write>
		<read echo="ascii"><delim> </delim><match><data>\x3E </data></match></read>
		<write echo="ascii"><data>yoxitUi = yloko - cMx41gg\n</data></write>
		<read echo="ascii"><delim> </delim><match><data>\x3E </data></match></read>
		<write echo="ascii"><data>l9WowPt = |"nlN"|~|"wOiv","KtZ","oPYO","fEx3","rq19nF"|\n</data></write>
		<read echo="ascii"><delim> </delim><match><data>\x3E </data></match></read>
		<write echo="ascii"><data>vP35WL = |"X","2CV","DH75","El"|~|"Pmn6mI","6UT","K4V6ZqF"|\n</data></write>
		<read echo="ascii"><delim> </delim><match><data>\x3E </data></match></read>
		<write echo="ascii"><data>e4iFoF = vP35WL + k39A1\n</data></write>
		<read echo="ascii"><delim> </delim><match><data>\x3E </data></match></read>
		<write echo="ascii"><data>.p\n</data></write>
<read echo="ascii"><delim>\n</delim><match><data>yrRJI3 = |"xO941","NV6mTfr","QHyF","Z","yAyyb0","pGbGohu"|\n</data></match></read>
<read echo="ascii"><delim>\n</delim><match><data>cMx41gg = |"aTZ","1","LQztHX","G","jCRMc","mem2H2i"|\n</data></match></read>
<read echo="ascii"><delim>\n</delim><match><data>k39A1 = |"I7Hw5F","9r","UTP","NNIEfbq","EKcB","kAizC","IV5"|\n</data></match></read>
<read echo="ascii"><delim>\n</delim><match><data>yloko = |"kAizC","UTP","IV5","I7Hw5F","9r","NNIEfbq"|\n</data></match></read>
<read echo="ascii"><delim>\n</delim><match><data>Ask6o = |"I7Hw5F","9r","UTP","NNIEfbq","EKcB","kAizC","IV5","xO941","NV6mTfr","QHyF","Z","yAyyb0","pGbGohu"|\n</data></match></read>
<read echo="ascii"><delim>\n</delim><match><data>sReXwR9 = |"sJmpf3","LV","dvgM","8eXOe","zme1o","80vPq","TnrlKa"|\n</data></match></read>
<read echo="ascii"><delim>\n</delim><match><data>p7mcBK8 = |"LV","zme1o","80vPq","8eXOe","ONNePxPTt8"|\n</data></match></read>
<read echo="ascii"><delim>\n</delim><match><data>kpGZS = |"aTZ","1","LQztHX","G","jCRMc","mem2H2i","xO941","NV6mTfr","QHyF","Z","yAyyb0","pGbGohu"|\n</data></match></read>
<read echo="ascii"><delim>\n</delim><match><data>yoxitUi = |"kAizC","UTP","IV5","I7Hw5F","9r","NNIEfbq"|\n</data></match></read>
<read echo="ascii"><delim>\n</delim><match><data>l9WowPt = |"nlN","wOiv","KtZ","oPYO","fEx3","rq19nF"|\n</data></match></read>
<read echo="ascii"><delim>\n</delim><match><data>vP35WL = |"X","2CV","DH75","El","Pmn6mI","6UT","K4V6ZqF"|\n</data></match></read>
<read echo="ascii"><delim>\n</delim><match><data>e4iFoF = |"X","2CV","DH75","El","Pmn6mI","6UT","K4V6ZqF","I7Hw5F","9r","UTP","NNIEfbq","EKcB","kAizC","IV5"|\n</data></match></read>
		<read echo="ascii"><delim> </delim><match><data>\x3E </data></match></read>
		<write echo="ascii"><data>.l\n</data></write>
	</replay>
</pov>
