<?xml version="1.0" standalone="no" ?>
<!DOCTYPE pov SYSTEM "/usr/share/cgc-docs/replay.dtd"><pov>
	<cbid>CROMU_00011</cbid>
	<replay>
		<read echo="ascii"><delim> </delim><match><data>\x3E </data></match></read>
		<write echo="ascii"><data>gyJJe2m = |"Xpzf","nbu"|+|"nbu","gOzEq","T1zpn","0"|\n</data></write>
		<read echo="ascii"><delim> </delim><match><data>\x3E </data></match></read>
		<write echo="ascii"><data>pb01M = gyJJe2m - gyJJe2m\n</data></write>
		<read echo="ascii"><delim> </delim><match><data>\x3E </data></match></read>
		<write echo="ascii"><data>Bgq5W = pb01M ~ gyJJe2m\n</data></write>
		<read echo="ascii"><delim> </delim><match><data>\x3E </data></match></read>
		<write echo="ascii"><data>WmFAi = |"xH","96","1kEE","fU","kx7sl","Y5nB0","Vu","RS","xJE"|\n</data></write>
		<read echo="ascii"><delim> </delim><match><data>\x3E </data></match></read>
		<write echo="ascii"><data>GetV84H = |"96","RS","ET6sWk07rS"|\n</data></write>
		<read echo="ascii"><delim> </delim><match><data>\x3E </data></match></read>
		<write echo="ascii"><data>GetV84H@WmFAi\n</data></write>
		<read echo="ascii"><delim>\n</delim><match><data>FALSE\n</data></match></read>
		<read echo="ascii"><delim> </delim><match><data>\x3E </data></match></read>
		<write echo="ascii"><data>rU1h7 = gyJJe2m - gyJJe2m\n</data></write>
		<read echo="ascii"><delim> </delim><match><data>\x3E </data></match></read>
		<write echo="ascii"><data>hyAJP = |"YIcsESS","v"|+|"MyZ1V","e","h9GJj","0y","YIcsESS","gc","LEi1"|\n</data></write>
		<read echo="ascii"><delim> </delim><match><data>\x3E </data></match></read>
		<write echo="ascii"><data>7e664bp = |"m9DM7","LhwOIn"|+|"qn9","pbF","3xtoXH","Oglc","qjzugl6"|\n</data></write>
		<read echo="ascii"><delim> </delim><match><data>\x3E </data></match></read>
		<write echo="ascii"><data>HSJal = |"Q6wcj","f6K","2n","v7MOZI"|^|"2n","wj8uC","daaYNba","f6K","icSL","xJj6Ws","lZ"|\n</data></write>
		<read echo="ascii"><delim> </delim><match><data>\x3E </data></match></read>
		<write echo="ascii"><data>bsLBYY = gyJJe2m ^ WmFAi\n</data></write>
		<read echo="ascii"><delim> </delim><match><data>\x3E </data></match></read>
		<write echo="ascii"><data>BWkVt = Bgq5W ~ 7e664bp\n</data></write>
		<read echo="ascii"><delim> </delim><match><data>\x3E </data></match></read>
		<write echo="ascii"><data>.p\n</data></write>
<read echo="ascii"><delim>\n</delim><match><data>gyJJe2m = |"Xpzf","nbu","gOzEq","T1zpn","0"|\n</data></match></read>
<read echo="ascii"><delim>\n</delim><match><data>pb01M = ||\n</data></match></read>
<read echo="ascii"><delim>\n</delim><match><data>Bgq5W = |"Xpzf","nbu","gOzEq","T1zpn","0"|\n</data></match></read>
<read echo="ascii"><delim>\n</delim><match><data>WmFAi = |"xH","96","1kEE","fU","kx7sl","Y5nB0","Vu","RS","xJE"|\n</data></match></read>
<read echo="ascii"><delim>\n</delim><match><data>GetV84H = |"96","RS","ET6sWk07rS"|\n</data></match></read>
<read echo="ascii"><delim>\n</delim><match><data>rU1h7 = ||\n</data></match></read>
<read echo="ascii"><delim>\n</delim><match><data>hyAJP = |"YIcsESS","v","MyZ1V","e","h9GJj","0y","gc","LEi1"|\n</data></match></read>
<read echo="ascii"><delim>\n</delim><match><data>7e664bp = |"m9DM7","LhwOIn","qn9","pbF","3xtoXH","Oglc","qjzugl6"|\n</data></match></read>
<read echo="ascii"><delim>\n</delim><match><data>HSJal = |"f6K","2n"|\n</data></match></read>
<read echo="ascii"><delim>\n</delim><match><data>bsLBYY = ||\n</data></match></read>
<read echo="ascii"><delim>\n</delim><match><data>BWkVt = |"Xpzf","nbu","gOzEq","T1zpn","0","m9DM7","LhwOIn","qn9","pbF","3xtoXH","Oglc","qjzugl6"|\n</data></match></read>
		<read echo="ascii"><delim> </delim><match><data>\x3E </data></match></read>
		<write echo="ascii"><data>.l\n</data></write>
	</replay>
</pov>
