<?xml version="1.0" standalone="no" ?>
<!DOCTYPE pov SYSTEM "/usr/share/cgc-docs/replay.dtd"><pov>
	<cbid>CROMU_00011</cbid>
	<replay>
		<read echo="ascii"><delim> </delim><match><data>\x3E </data></match></read>
		<write echo="ascii"><data>smxQEOX = |"lt9ImU","SnB","y","HT3k","w"|~|"SnB","HT3k","nINVdgM","gQy6B","w","54AU9L0","UM5"|\n</data></write>
		<read echo="ascii"><delim> </delim><match><data>\x3E </data></match></read>
		<write echo="ascii"><data>5QmGe = |"wpRgvP","9Nl2"|~|"9Nl2","3uMV1Z","wpRgvP","Hz5CQ9c","fO6YvU"|\n</data></write>
		<read echo="ascii"><delim> </delim><match><data>\x3E </data></match></read>
		<write echo="ascii"><data>tdSkIa = |"VInh","p7EaO5H","7qGES","HOGDd","YrW0E","9PAc6","bEvceK","lYnLwl"|\n</data></write>
		<read echo="ascii"><delim> </delim><match><data>\x3E </data></match></read>
		<write echo="ascii"><data>BU0uRA = |"lYnLwl","s21fjcYVGh"|\n</data></write>
		<read echo="ascii"><delim> </delim><match><data>\x3E </data></match></read>
		<write echo="ascii"><data>BU0uRA@tdSkIa\n</data></write>
		<read echo="ascii"><delim>\n</delim><match><data>FALSE\n</data></match></read>
		<read echo="ascii"><delim> </delim><match><data>\x3E </data></match></read>
		<write echo="ascii"><data>Simm7f = |"L8Fw67","EBV","T"|-|"yKdszzE","RxE","T","3FRF5"|\n</data></write>
		<read echo="ascii"><delim> </delim><match><data>\x3E </data></match></read>
		<write echo="ascii"><data>Te0Fd = Simm7f - BU0uRA\n</data></write>
		<read echo="ascii"><delim> </delim><match><data>\x3E </data></match></read>
		<write echo="ascii"><data>gxM6sie = |"5JEz","OLdu","y","YH7WpN"|~|"X"|\n</data></write>
		<read echo="ascii"><delim> </delim><match><data>\x3E </data></match></read>
		<write echo="ascii"><data>B22sQCC = |"Xvn","PMRgcet","N0LDQy","rQLiR","iIpDU6"|^|"2p","OtnEK","kM1f","N0LDQy"|\n</data></write>
		<read echo="ascii"><delim> </delim><match><data>\x3E </data></match></read>
		<write echo="ascii"><data>W9mYHHe = gxM6sie + 5QmGe\n</data></write>
		<read echo="ascii"><delim> </delim><match><data>\x3E </data></match></read>
		<write echo="ascii"><data>zxHUSwp = |"ZhNDd","vc","vAr"|-|"p","b7kLiD","FU8W","vc","ZhNDd","6QdYg","I3Mh"|\n</data></write>
		<read echo="ascii"><delim> </delim><match><data>\x3E </data></match></read>
		<write echo="ascii"><data>rw6mMN = |"hAWvrN","24Cp","vH","rta","9","iA0c","1s1IrUP"|+|"hPYj","9","3nQuV1","hAWvrN","cNu","tboQg"|\n</data></write>
		<read echo="ascii"><delim> </delim><match><data>\x3E </data></match></read>
		<write echo="ascii"><data>HnrIWmz = |"Hs2T6","RiK","qAz","hi1","ztm2W","LFBO","tMCgrK"|-|"tMCgrK","E9RIRH5","e1eC4N"|\n</data></write>
		<read echo="ascii"><delim> </delim><match><data>\x3E </data></match></read>
		<write echo="ascii"><data>da3tC5k = |"mb4aRP","WH1x","TCmVOM","Tvx","ebY"|^|"Xqhy1hI","WH1x","ka","Tvx","ie5hpaV","FY"|\n</data></write>
		<read echo="ascii"><delim> </delim><match><data>\x3E </data></match></read>
		<write echo="ascii"><data>ahSixeJ = B22sQCC - tdSkIa\n</data></write>
		<read echo="ascii"><delim> </delim><match><data>\x3E </data></match></read>
		<write echo="ascii"><data>CYOl5Uu = |"ft3","NW","e7hQVv","LCM","TLHlwgT","eAc2Zt"|\n</data></write>
		<read echo="ascii"><delim> </delim><match><data>\x3E </data></match></read>
		<write echo="ascii"><data>GrMj8V = |"e7hQVv","dGUktSYyoe"|\n</data></write>
		<read echo="ascii"><delim> </delim><match><data>\x3E </data></match></read>
		<write echo="ascii"><data>GrMj8V@CYOl5Uu\n</data></write>
		<read echo="ascii"><delim>\n</delim><match><data>FALSE\n</data></match></read>
		<read echo="ascii"><delim> </delim><match><data>\x3E </data></match></read>
		<write echo="ascii"><data>.p\n</data></write>
<read echo="ascii"><delim>\n</delim><match><data>smxQEOX = |"lt9ImU","y","nINVdgM","gQy6B","54AU9L0","UM5"|\n</data></match></read>
<read echo="ascii"><delim>\n</delim><match><data>5QmGe = |"3uMV1Z","Hz5CQ9c","fO6YvU"|\n</data></match></read>
<read echo="ascii"><delim>\n</delim><match><data>tdSkIa = |"VInh","p7EaO5H","7qGES","HOGDd","YrW0E","9PAc6","bEvceK","lYnLwl"|\n</data></match></read>
<read echo="ascii"><delim>\n</delim><match><data>BU0uRA = |"lYnLwl","s21fjcYVGh"|\n</data></match></read>
<read echo="ascii"><delim>\n</delim><match><data>Simm7f = |"L8Fw67","EBV"|\n</data></match></read>
<read echo="ascii"><delim>\n</delim><match><data>Te0Fd = |"L8Fw67","EBV"|\n</data></match></read>
<read echo="ascii"><delim>\n</delim><match><data>gxM6sie = |"5JEz","OLdu","y","YH7WpN","X"|\n</data></match></read>
<read echo="ascii"><delim>\n</delim><match><data>B22sQCC = |"N0LDQy"|\n</data></match></read>
<read echo="ascii"><delim>\n</delim><match><data>W9mYHHe = |"5JEz","OLdu","y","YH7WpN","X","3uMV1Z","Hz5CQ9c","fO6YvU"|\n</data></match></read>
<read echo="ascii"><delim>\n</delim><match><data>zxHUSwp = |"vAr"|\n</data></match></read>
<read echo="ascii"><delim>\n</delim><match><data>rw6mMN = |"hAWvrN","24Cp","vH","rta","9","iA0c","1s1IrUP","hPYj","3nQuV1","cNu","tboQg"|\n</data></match></read>
<read echo="ascii"><delim>\n</delim><match><data>HnrIWmz = |"Hs2T6","RiK","qAz","hi1","ztm2W","LFBO"|\n</data></match></read>
<read echo="ascii"><delim>\n</delim><match><data>da3tC5k = |"WH1x","Tvx"|\n</data></match></read>
<read echo="ascii"><delim>\n</delim><match><data>ahSixeJ = |"N0LDQy"|\n</data></match></read>
<read echo="ascii"><delim>\n</delim><match><data>CYOl5Uu = |"ft3","NW","e7hQVv","LCM","TLHlwgT","eAc2Zt"|\n</data></match></read>
<read echo="ascii"><delim>\n</delim><match><data>GrMj8V = |"e7hQVv","dGUktSYyoe"|\n</data></match></read>
		<read echo="ascii"><delim> </delim><match><data>\x3E </data></match></read>
		<write echo="ascii"><data>.l\n</data></write>
	</replay>
</pov>
