<?xml version="1.0" standalone="no" ?>
<!DOCTYPE pov SYSTEM "/usr/share/cgc-docs/replay.dtd"><pov>
	<cbid>CROMU_00011</cbid>
	<replay>
		<read echo="ascii"><delim> </delim><match><data>\x3E </data></match></read>
		<write echo="ascii"><data>FniLAcT = |"FiN","Og","yU","qtJ0s","t2rcF","zeWh"|-|"qtJ0s","dDiw","FO"|\n</data></write>
		<read echo="ascii"><delim> </delim><match><data>\x3E </data></match></read>
		<write echo="ascii"><data>WUbZe = FniLAcT + FniLAcT\n</data></write>
		<read echo="ascii"><delim> </delim><match><data>\x3E </data></match></read>
		<write echo="ascii"><data>mpS9lHF = |"JGhnTx","LIn","6kbK","jOPqB5","jeczaX","sZJ","FwmhN2","cmrz5G","lg9e"|\n</data></write>
		<read echo="ascii"><delim> </delim><match><data>\x3E </data></match></read>
		<write echo="ascii"><data>499WL = |"cmrz5G","sZJ","jeczaX","6kbK","JGhnTx","jOPqB5","lg9e","IxnwOtOrvz"|\n</data></write>
		<read echo="ascii"><delim> </delim><match><data>\x3E </data></match></read>
		<write echo="ascii"><data>499WL@mpS9lHF\n</data></write>
		<read echo="ascii"><delim>\n</delim><match><data>FALSE\n</data></match></read>
		<read echo="ascii"><delim> </delim><match><data>\x3E </data></match></read>
		<write echo="ascii"><data>qEDXyG = mpS9lHF ~ 499WL\n</data></write>
		<read echo="ascii"><delim> </delim><match><data>\x3E </data></match></read>
		<write echo="ascii"><data>4bDQ4Fr = |"KSW","V4GYDLv","thFFrxK","AZRn","SN","HH2mv3","Xz83cmM","kfYabB","zg"|\n</data></write>
		<read echo="ascii"><delim> </delim><match><data>\x3E </data></match></read>
		<write echo="ascii"><data>fZjnUc = |"kfYabB"|\n</data></write>
		<read echo="ascii"><delim> </delim><match><data>\x3E </data></match></read>
		<write echo="ascii"><data>fZjnUc@4bDQ4Fr\n</data></write>
		<read echo="ascii"><delim>\n</delim><match><data>TRUE\n</data></match></read>
		<read echo="ascii"><delim> </delim><match><data>\x3E </data></match></read>
		<write echo="ascii"><data>QEeaB = mpS9lHF + WUbZe\n</data></write>
		<read echo="ascii"><delim> </delim><match><data>\x3E </data></match></read>
		<write echo="ascii"><data>Yczmi = |"Ij9xzzq","v6Sv","ry","bIrE","Ly2","mIQAhb2","58","rfneVXL","zc","rZ1uche"|\n</data></write>
		<read echo="ascii"><delim> </delim><match><data>\x3E </data></match></read>
		<write echo="ascii"><data>RHbudG = |"v6Sv","58","zc","rfneVXL","lRYuTpgRV7"|\n</data></write>
		<read echo="ascii"><delim> </delim><match><data>\x3E </data></match></read>
		<write echo="ascii"><data>RHbudG@Yczmi\n</data></write>
		<read echo="ascii"><delim>\n</delim><match><data>FALSE\n</data></match></read>
		<read echo="ascii"><delim> </delim><match><data>\x3E </data></match></read>
		<write echo="ascii"><data>Q4n8rh = FniLAcT ~ 4bDQ4Fr\n</data></write>
		<read echo="ascii"><delim> </delim><match><data>\x3E </data></match></read>
		<write echo="ascii"><data>3bs1F2S = 4bDQ4Fr - qEDXyG\n</data></write>
		<read echo="ascii"><delim> </delim><match><data>\x3E </data></match></read>
		<write echo="ascii"><data>St1GNNn1y = RHbudG ^ 4bDQ4Fr\n</data></write>
		<read echo="ascii"><delim> </delim><match><data>\x3E </data></match></read>
		<write echo="ascii"><data>WhJZmr = |"2W66","fPpatYL","exT","rbrlh","wO","R2IPQ3X","g28"|\n</data></write>
		<read echo="ascii"><delim> </delim><match><data>\x3E </data></match></read>
		<write echo="ascii"><data>HEMUvmY = |"R2IPQ3X","exT","wO","2W66","g28","rbrlh","OlVURu1x1o"|\n</data></write>
		<read echo="ascii"><delim> </delim><match><data>\x3E </data></match></read>
		<write echo="ascii"><data>HEMUvmY@WhJZmr\n</data></write>
		<read echo="ascii"><delim>\n</delim><match><data>FALSE\n</data></match></read>
		<read echo="ascii"><delim> </delim><match><data>\x3E </data></match></read>
		<write echo="ascii"><data>ugv046V = |"48j5P","oTOF","lYbAL","mI"|+|"N8QW","iiov","oTOF","5Mdy","CldxsB"|\n</data></write>
		<read echo="ascii"><delim> </delim><match><data>\x3E </data></match></read>
		<write echo="ascii"><data>.p\n</data></write>
<read echo="ascii"><delim>\n</delim><match><data>FniLAcT = |"FiN","Og","yU","t2rcF","zeWh"|\n</data></match></read>
<read echo="ascii"><delim>\n</delim><match><data>WUbZe = |"FiN","Og","yU","t2rcF","zeWh"|\n</data></match></read>
<read echo="ascii"><delim>\n</delim><match><data>mpS9lHF = |"JGhnTx","LIn","6kbK","jOPqB5","jeczaX","sZJ","FwmhN2","cmrz5G","lg9e"|\n</data></match></read>
<read echo="ascii"><delim>\n</delim><match><data>499WL = |"cmrz5G","sZJ","jeczaX","6kbK","JGhnTx","jOPqB5","lg9e","IxnwOtOrvz"|\n</data></match></read>
<read echo="ascii"><delim>\n</delim><match><data>qEDXyG = |"LIn","FwmhN2","IxnwOtOrvz"|\n</data></match></read>
<read echo="ascii"><delim>\n</delim><match><data>4bDQ4Fr = |"KSW","V4GYDLv","thFFrxK","AZRn","SN","HH2mv3","Xz83cmM","kfYabB","zg"|\n</data></match></read>
<read echo="ascii"><delim>\n</delim><match><data>fZjnUc = |"kfYabB"|\n</data></match></read>
<read echo="ascii"><delim>\n</delim><match><data>QEeaB = |"JGhnTx","LIn","6kbK","jOPqB5","jeczaX","sZJ","FwmhN2","cmrz5G","lg9e","FiN","Og","yU","t2rcF","zeWh"|\n</data></match></read>
<read echo="ascii"><delim>\n</delim><match><data>Yczmi = |"Ij9xzzq","v6Sv","ry","bIrE","Ly2","mIQAhb2","58","rfneVXL","zc","rZ1uche"|\n</data></match></read>
<read echo="ascii"><delim>\n</delim><match><data>RHbudG = |"v6Sv","58","zc","rfneVXL","lRYuTpgRV7"|\n</data></match></read>
<read echo="ascii"><delim>\n</delim><match><data>Q4n8rh = |"FiN","Og","yU","t2rcF","zeWh","KSW","V4GYDLv","thFFrxK","AZRn","SN","HH2mv3","Xz83cmM","kfYabB","zg"|\n</data></match></read>
<read echo="ascii"><delim>\n</delim><match><data>3bs1F2S = |"KSW","V4GYDLv","thFFrxK","AZRn","SN","HH2mv3","Xz83cmM","kfYabB","zg"|\n</data></match></read>
<read echo="ascii"><delim>\n</delim><match><data>St1GNNn1y = ||\n</data></match></read>
<read echo="ascii"><delim>\n</delim><match><data>WhJZmr = |"2W66","fPpatYL","exT","rbrlh","wO","R2IPQ3X","g28"|\n</data></match></read>
<read echo="ascii"><delim>\n</delim><match><data>HEMUvmY = |"R2IPQ3X","exT","wO","2W66","g28","rbrlh","OlVURu1x1o"|\n</data></match></read>
<read echo="ascii"><delim>\n</delim><match><data>ugv046V = |"48j5P","oTOF","lYbAL","mI","N8QW","iiov","5Mdy","CldxsB"|\n</data></match></read>
		<read echo="ascii"><delim> </delim><match><data>\x3E </data></match></read>
		<write echo="ascii"><data>.l\n</data></write>
	</replay>
</pov>
