<?xml version="1.0" standalone="no" ?>
<!DOCTYPE pov SYSTEM "/usr/share/cgc-docs/replay.dtd"><pov>
	<cbid>CROMU_00011</cbid>
	<replay>
		<read echo="ascii"><delim> </delim><match><data>\x3E </data></match></read>
		<write echo="ascii"><data>eYIly8 = |"2UX","EvqU66","Dyi","duo5","MNnlIO","324UC","s3zV2s","Aqxr","txVDl","qTnPKoG"|\n</data></write>
		<read echo="ascii"><delim> </delim><match><data>\x3E </data></match></read>
		<write echo="ascii"><data>N4KXmg = |"s3zV2s","MNnlIO","duo5"|\n</data></write>
		<read echo="ascii"><delim> </delim><match><data>\x3E </data></match></read>
		<write echo="ascii"><data>N4KXmg@eYIly8\n</data></write>
		<read echo="ascii"><delim>\n</delim><match><data>TRUE\n</data></match></read>
		<read echo="ascii"><delim> </delim><match><data>\x3E </data></match></read>
		<write echo="ascii"><data>jvmf5 = |"Peje8G"|^|"dvH3r","em","sZMZ"|\n</data></write>
		<read echo="ascii"><delim> </delim><match><data>\x3E </data></match></read>
		<write echo="ascii"><data>XM82a3l = jvmf5 - jvmf5\n</data></write>
		<read echo="ascii"><delim> </delim><match><data>\x3E </data></match></read>
		<write echo="ascii"><data>BEo7W = |"l","4Y","DZ6ZBy","nhZjkO","yiKx5","ldQc","k5BeGdn"|-|"M5yNEl","bWV0Tm","ldQc","IZT9jy"|\n</data></write>
		<read echo="ascii"><delim> </delim><match><data>\x3E </data></match></read>
		<write echo="ascii"><data>WnKfYl = jvmf5 ~ eYIly8\n</data></write>
		<read echo="ascii"><delim> </delim><match><data>\x3E </data></match></read>
		<write echo="ascii"><data>WLnVV = |"WjgOK4i","qw"|^|"WOh","EmaEAD","QXH","6zIuT","860cQ","XTLfW","HR"|\n</data></write>
		<read echo="ascii"><delim> </delim><match><data>\x3E </data></match></read>
		<write echo="ascii"><data>NB01WU = |"ooltgXB","v06d","YNtJG","FNNS2lP"|^|"9sOfR","R88ONOX","t7","pq","2dK","FNNS2lP"|\n</data></write>
		<read echo="ascii"><delim> </delim><match><data>\x3E </data></match></read>
		<write echo="ascii"><data>o0PvZh = jvmf5 - WLnVV\n</data></write>
		<read echo="ascii"><delim> </delim><match><data>\x3E </data></match></read>
		<write echo="ascii"><data>GvV6lxh = |"1","T","hshR7"|+|"6","Xo8z"|\n</data></write>
		<read echo="ascii"><delim> </delim><match><data>\x3E </data></match></read>
		<write echo="ascii"><data>EuIzP = |"Kk","BWDuBc","H","hYwC","1ANenl","wpj5"|-|"3","BWDuBc","H","3f"|\n</data></write>
		<read echo="ascii"><delim> </delim><match><data>\x3E </data></match></read>
		<write echo="ascii"><data>.p\n</data></write>
<read echo="ascii"><delim>\n</delim><match><data>eYIly8 = |"2UX","EvqU66","Dyi","duo5","MNnlIO","324UC","s3zV2s","Aqxr","txVDl","qTnPKoG"|\n</data></match></read>
<read echo="ascii"><delim>\n</delim><match><data>N4KXmg = |"s3zV2s","MNnlIO","duo5"|\n</data></match></read>
<read echo="ascii"><delim>\n</delim><match><data>jvmf5 = ||\n</data></match></read>
<read echo="ascii"><delim>\n</delim><match><data>XM82a3l = ||\n</data></match></read>
<read echo="ascii"><delim>\n</delim><match><data>BEo7W = |"l","4Y","DZ6ZBy","nhZjkO","yiKx5","k5BeGdn"|\n</data></match></read>
<read echo="ascii"><delim>\n</delim><match><data>WnKfYl = |"2UX","EvqU66","Dyi","duo5","MNnlIO","324UC","s3zV2s","Aqxr","txVDl","qTnPKoG"|\n</data></match></read>
<read echo="ascii"><delim>\n</delim><match><data>WLnVV = ||\n</data></match></read>
<read echo="ascii"><delim>\n</delim><match><data>NB01WU = |"FNNS2lP"|\n</data></match></read>
<read echo="ascii"><delim>\n</delim><match><data>o0PvZh = ||\n</data></match></read>
<read echo="ascii"><delim>\n</delim><match><data>GvV6lxh = |"1","T","hshR7","6","Xo8z"|\n</data></match></read>
<read echo="ascii"><delim>\n</delim><match><data>EuIzP = |"Kk","hYwC","1ANenl","wpj5"|\n</data></match></read>
		<read echo="ascii"><delim> </delim><match><data>\x3E </data></match></read>
		<write echo="ascii"><data>.l\n</data></write>
	</replay>
</pov>
