<?xml version="1.0" standalone="no" ?>
<!DOCTYPE pov SYSTEM "/usr/share/cgc-docs/replay.dtd"><pov>
	<cbid>CROMU_00011</cbid>
	<replay>
		<read echo="ascii"><delim> </delim><match><data>\x3E </data></match></read>
		<write echo="ascii"><data>cJB35a = |"Xf","AOspcl","eL5GitN","qqUkH","f5wy"|-|"Xf","L1","fntnJV","sCe","f5wy"|\n</data></write>
		<read echo="ascii"><delim> </delim><match><data>\x3E </data></match></read>
		<write echo="ascii"><data>k0qSNP = |"Py","UPeTh1"|+|"UPeTh1","sUTei","RDak","FJ","u"|\n</data></write>
		<read echo="ascii"><delim> </delim><match><data>\x3E </data></match></read>
		<write echo="ascii"><data>FlVUt = k0qSNP ^ cJB35a\n</data></write>
		<read echo="ascii"><delim> </delim><match><data>\x3E </data></match></read>
		<write echo="ascii"><data>LX5tR = |"A5","OmfG"|^|"GL","0hlT3P","Ztbft"|\n</data></write>
		<read echo="ascii"><delim> </delim><match><data>\x3E </data></match></read>
		<write echo="ascii"><data>G5Btmr = LX5tR ~ LX5tR\n</data></write>
		<read echo="ascii"><delim> </delim><match><data>\x3E </data></match></read>
		<write echo="ascii"><data>BXdFD9 = |"qi","LRlGSo","sUwq3","AeQxB3","O8eoiJi","Xm","hGxAS","bH"|\n</data></write>
		<read echo="ascii"><delim> </delim><match><data>\x3E </data></match></read>
		<write echo="ascii"><data>TqJ92 = |"sUwq3","qi","O8eoiJi","hGxAS"|\n</data></write>
		<read echo="ascii"><delim> </delim><match><data>\x3E </data></match></read>
		<write echo="ascii"><data>TqJ92@BXdFD9\n</data></write>
		<read echo="ascii"><delim>\n</delim><match><data>TRUE\n</data></match></read>
		<read echo="ascii"><delim> </delim><match><data>\x3E </data></match></read>
		<write echo="ascii"><data>COYBZ92 = |"zJGhpyC","EJE","BLNpO","i","24Muzyr","N"|~|"i","KxR","Q","zJGhpyC","2zC"|\n</data></write>
		<read echo="ascii"><delim> </delim><match><data>\x3E </data></match></read>
		<write echo="ascii"><data>GNggIq8J8 = BXdFD9 ^ TqJ92\n</data></write>
		<read echo="ascii"><delim> </delim><match><data>\x3E </data></match></read>
		<write echo="ascii"><data>ZRNLW6 = cJB35a ~ FlVUt\n</data></write>
		<read echo="ascii"><delim> </delim><match><data>\x3E </data></match></read>
		<write echo="ascii"><data>8XlYh = |"jq","9T6r","Vv4"|^|"Z4AkwOT","n7K6gT9","A7hsh","jq","Bz","u38F946"|\n</data></write>
		<read echo="ascii"><delim> </delim><match><data>\x3E </data></match></read>
		<write echo="ascii"><data>g4swmqw = TqJ92 + ZRNLW6\n</data></write>
		<read echo="ascii"><delim> </delim><match><data>\x3E </data></match></read>
		<write echo="ascii"><data>.p\n</data></write>
<read echo="ascii"><delim>\n</delim><match><data>cJB35a = |"AOspcl","eL5GitN","qqUkH"|\n</data></match></read>
<read echo="ascii"><delim>\n</delim><match><data>k0qSNP = |"Py","UPeTh1","sUTei","RDak","FJ","u"|\n</data></match></read>
<read echo="ascii"><delim>\n</delim><match><data>FlVUt = ||\n</data></match></read>
<read echo="ascii"><delim>\n</delim><match><data>LX5tR = ||\n</data></match></read>
<read echo="ascii"><delim>\n</delim><match><data>G5Btmr = ||\n</data></match></read>
<read echo="ascii"><delim>\n</delim><match><data>BXdFD9 = |"qi","LRlGSo","sUwq3","AeQxB3","O8eoiJi","Xm","hGxAS","bH"|\n</data></match></read>
<read echo="ascii"><delim>\n</delim><match><data>TqJ92 = |"sUwq3","qi","O8eoiJi","hGxAS"|\n</data></match></read>
<read echo="ascii"><delim>\n</delim><match><data>COYBZ92 = |"EJE","BLNpO","24Muzyr","N","KxR","Q","2zC"|\n</data></match></read>
<read echo="ascii"><delim>\n</delim><match><data>GNggIq8J8 = |"qi","sUwq3","O8eoiJi","hGxAS"|\n</data></match></read>
<read echo="ascii"><delim>\n</delim><match><data>ZRNLW6 = |"AOspcl","eL5GitN","qqUkH"|\n</data></match></read>
<read echo="ascii"><delim>\n</delim><match><data>8XlYh = |"jq"|\n</data></match></read>
<read echo="ascii"><delim>\n</delim><match><data>g4swmqw = |"sUwq3","qi","O8eoiJi","hGxAS","AOspcl","eL5GitN","qqUkH"|\n</data></match></read>
		<read echo="ascii"><delim> </delim><match><data>\x3E </data></match></read>
		<write echo="ascii"><data>.l\n</data></write>
	</replay>
</pov>
