<?xml version="1.0" standalone="no" ?>
<!DOCTYPE pov SYSTEM "/usr/share/cgc-docs/replay.dtd"><pov>
	<cbid>CROMU_00011</cbid>
	<replay>
		<read echo="ascii"><delim> </delim><match><data>\x3E </data></match></read>
		<write echo="ascii"><data>GxkoaQ = |"xW2","Gr4","kT6c","8z","NNr7Dzo"|-|"l89x6c","Gr4","Gbn","agC8","Ve"|\n</data></write>
		<read echo="ascii"><delim> </delim><match><data>\x3E </data></match></read>
		<write echo="ascii"><data>6nWSyW6t = GxkoaQ ^ GxkoaQ\n</data></write>
		<read echo="ascii"><delim> </delim><match><data>\x3E </data></match></read>
		<write echo="ascii"><data>y4QzGm = |"bRkhXQm","UP","QMYi"|+|"bRkhXQm","hbY","wGU","6upGWb","LK","g1"|\n</data></write>
		<read echo="ascii"><delim> </delim><match><data>\x3E </data></match></read>
		<write echo="ascii"><data>bGEJEBLBx = GxkoaQ ^ 6nWSyW6t\n</data></write>
		<read echo="ascii"><delim> </delim><match><data>\x3E </data></match></read>
		<write echo="ascii"><data>p2uJpzk = |"wYWz","nR","sFpzHi","dk9RP1","Rva9Bgr","mlsv0","DQOLcq","uscfJtq","r3Uy","27"|\n</data></write>
		<read echo="ascii"><delim> </delim><match><data>\x3E </data></match></read>
		<write echo="ascii"><data>7bs7Dm = |"sFpzHi","wYWz","r3Uy","27","nR","THT5nDCnhG"|\n</data></write>
		<read echo="ascii"><delim> </delim><match><data>\x3E </data></match></read>
		<write echo="ascii"><data>7bs7Dm@p2uJpzk\n</data></write>
		<read echo="ascii"><delim>\n</delim><match><data>FALSE\n</data></match></read>
		<read echo="ascii"><delim> </delim><match><data>\x3E </data></match></read>
		<write echo="ascii"><data>.p\n</data></write>
<read echo="ascii"><delim>\n</delim><match><data>GxkoaQ = |"xW2","kT6c","8z","NNr7Dzo"|\n</data></match></read>
<read echo="ascii"><delim>\n</delim><match><data>6nWSyW6t = |"xW2","kT6c","8z","NNr7Dzo"|\n</data></match></read>
<read echo="ascii"><delim>\n</delim><match><data>y4QzGm = |"bRkhXQm","UP","QMYi","hbY","wGU","6upGWb","LK","g1"|\n</data></match></read>
<read echo="ascii"><delim>\n</delim><match><data>bGEJEBLBx = |"xW2","kT6c","8z","NNr7Dzo"|\n</data></match></read>
<read echo="ascii"><delim>\n</delim><match><data>p2uJpzk = |"wYWz","nR","sFpzHi","dk9RP1","Rva9Bgr","mlsv0","DQOLcq","uscfJtq","r3Uy","27"|\n</data></match></read>
<read echo="ascii"><delim>\n</delim><match><data>7bs7Dm = |"sFpzHi","wYWz","r3Uy","27","nR","THT5nDCnhG"|\n</data></match></read>
		<read echo="ascii"><delim> </delim><match><data>\x3E </data></match></read>
		<write echo="ascii"><data>.l\n</data></write>
	</replay>
</pov>
