<?xml version="1.0" standalone="no" ?>
<!DOCTYPE pov SYSTEM "/usr/share/cgc-docs/replay.dtd"><pov>
	<cbid>CROMU_00011</cbid>
	<replay>
		<read echo="ascii"><delim> </delim><match><data>\x3E </data></match></read>
		<write echo="ascii"><data>FXenXFg = |"SyLDk","CLpPJ","8YXMIj","ddX8"|^|"mWbhbL","oqrSMz7","XlGS","qqK3VbJ","GhyBIB","YrG5","yfHW"|\n</data></write>
		<read echo="ascii"><delim> </delim><match><data>\x3E </data></match></read>
		<write echo="ascii"><data>niVtj = FXenXFg + FXenXFg\n</data></write>
		<read echo="ascii"><delim> </delim><match><data>\x3E </data></match></read>
		<write echo="ascii"><data>GX7znK = |"rANdH","LdlJFj","RSF2f","hk50yx","ZbsD","xqKqc0","nb5DT"|\n</data></write>
		<read echo="ascii"><delim> </delim><match><data>\x3E </data></match></read>
		<write echo="ascii"><data>dNpSjDN = |"rANdH"|\n</data></write>
		<read echo="ascii"><delim> </delim><match><data>\x3E </data></match></read>
		<write echo="ascii"><data>dNpSjDN@GX7znK\n</data></write>
		<read echo="ascii"><delim>\n</delim><match><data>TRUE\n</data></match></read>
		<read echo="ascii"><delim> </delim><match><data>\x3E </data></match></read>
		<write echo="ascii"><data>ZqAAs1y = |"zRxc3","9","8M5","Dmt","2","zkTdTYX"|~|"He","p9Uqv76","qeBuF","L","EVUjfl","Jh","KCSbeW2"|\n</data></write>
		<read echo="ascii"><delim> </delim><match><data>\x3E </data></match></read>
		<write echo="ascii"><data>sNTosyZ = GX7znK ~ FXenXFg\n</data></write>
		<read echo="ascii"><delim> </delim><match><data>\x3E </data></match></read>
		<write echo="ascii"><data>32tUJKb = ZqAAs1y - ZqAAs1y\n</data></write>
		<read echo="ascii"><delim> </delim><match><data>\x3E </data></match></read>
		<write echo="ascii"><data>NOZeP9il = ZqAAs1y ^ ZqAAs1y\n</data></write>
		<read echo="ascii"><delim> </delim><match><data>\x3E </data></match></read>
		<write echo="ascii"><data>h7g1L = |"Y3zQ","9K","O","kz1","n","8Nt0h","4F"|-|"KFpVu","n","LrS0HIH"|\n</data></write>
		<read echo="ascii"><delim> </delim><match><data>\x3E </data></match></read>
		<write echo="ascii"><data>vVRGML = sNTosyZ - GX7znK\n</data></write>
		<read echo="ascii"><delim> </delim><match><data>\x3E </data></match></read>
		<write echo="ascii"><data>Y1XOFt = NOZeP9il + NOZeP9il\n</data></write>
		<read echo="ascii"><delim> </delim><match><data>\x3E </data></match></read>
		<write echo="ascii"><data>JMY3G = NOZeP9il - GX7znK\n</data></write>
		<read echo="ascii"><delim> </delim><match><data>\x3E </data></match></read>
		<write echo="ascii"><data>.p\n</data></write>
<read echo="ascii"><delim>\n</delim><match><data>FXenXFg = ||\n</data></match></read>
<read echo="ascii"><delim>\n</delim><match><data>niVtj = ||\n</data></match></read>
<read echo="ascii"><delim>\n</delim><match><data>GX7znK = |"rANdH","LdlJFj","RSF2f","hk50yx","ZbsD","xqKqc0","nb5DT"|\n</data></match></read>
<read echo="ascii"><delim>\n</delim><match><data>dNpSjDN = |"rANdH"|\n</data></match></read>
<read echo="ascii"><delim>\n</delim><match><data>ZqAAs1y = |"zRxc3","9","8M5","Dmt","2","zkTdTYX","He","p9Uqv76","qeBuF","L","EVUjfl","Jh","KCSbeW2"|\n</data></match></read>
<read echo="ascii"><delim>\n</delim><match><data>sNTosyZ = |"rANdH","LdlJFj","RSF2f","hk50yx","ZbsD","xqKqc0","nb5DT"|\n</data></match></read>
<read echo="ascii"><delim>\n</delim><match><data>32tUJKb = ||\n</data></match></read>
<read echo="ascii"><delim>\n</delim><match><data>NOZeP9il = |"zRxc3","9","8M5","Dmt","2","zkTdTYX","He","p9Uqv76","qeBuF","L","EVUjfl","Jh","KCSbeW2"|\n</data></match></read>
<read echo="ascii"><delim>\n</delim><match><data>h7g1L = |"Y3zQ","9K","O","kz1","8Nt0h","4F"|\n</data></match></read>
<read echo="ascii"><delim>\n</delim><match><data>vVRGML = ||\n</data></match></read>
<read echo="ascii"><delim>\n</delim><match><data>Y1XOFt = |"zRxc3","9","8M5","Dmt","2","zkTdTYX","He","p9Uqv76","qeBuF","L","EVUjfl","Jh","KCSbeW2"|\n</data></match></read>
<read echo="ascii"><delim>\n</delim><match><data>JMY3G = |"zRxc3","9","8M5","Dmt","2","zkTdTYX","He","p9Uqv76","qeBuF","L","EVUjfl","Jh","KCSbeW2"|\n</data></match></read>
		<read echo="ascii"><delim> </delim><match><data>\x3E </data></match></read>
		<write echo="ascii"><data>.l\n</data></write>
	</replay>
</pov>
