<?xml version="1.0" standalone="no" ?>
<!DOCTYPE pov SYSTEM "/usr/share/cgc-docs/replay.dtd"><pov>
	<cbid>CROMU_00011</cbid>
	<replay>
		<read echo="ascii"><delim> </delim><match><data>\x3E </data></match></read>
		<write echo="ascii"><data>HZM4tt = |"TF26Hkw","tJ","sVKi","l9","fuby0","cgT","v0xekPM","pe7Dt"|\n</data></write>
		<read echo="ascii"><delim> </delim><match><data>\x3E </data></match></read>
		<write echo="ascii"><data>WnIgJ = |"v0xekPM","sVKi","cgT","pe7Dt","fuby0","l9","tJ","haR4xOu5qc"|\n</data></write>
		<read echo="ascii"><delim> </delim><match><data>\x3E </data></match></read>
		<write echo="ascii"><data>WnIgJ@HZM4tt\n</data></write>
		<read echo="ascii"><delim>\n</delim><match><data>FALSE\n</data></match></read>
		<read echo="ascii"><delim> </delim><match><data>\x3E </data></match></read>
		<write echo="ascii"><data>s6be4OP = |"Vp2"|+|"e0h8Y","NQsdQ2","LAL","HIjvs","N5EjO","ypFZa","ax"|\n</data></write>
		<read echo="ascii"><delim> </delim><match><data>\x3E </data></match></read>
		<write echo="ascii"><data>zjJiW = |"oiD6","7SaHf","MHyRAHJ","iPN","JHSj"|-|"MHyRAHJ","7CHuAC","4eh0","0BDSqz","qFLw","c","7Podpa"|\n</data></write>
		<read echo="ascii"><delim> </delim><match><data>\x3E </data></match></read>
		<write echo="ascii"><data>hXzqXF = zjJiW + zjJiW\n</data></write>
		<read echo="ascii"><delim> </delim><match><data>\x3E </data></match></read>
		<write echo="ascii"><data>UPmLtj = |"HIW7PE","IujY8","Vz3","BdhCv"|+|"BdhCv","HIW7PE"|\n</data></write>
		<read echo="ascii"><delim> </delim><match><data>\x3E </data></match></read>
		<write echo="ascii"><data>VNVaXk2 = |"h","cs5G0C","1d","W","3L"|~|"D7XIezn","2nxw","PBEd57z"|\n</data></write>
		<read echo="ascii"><delim> </delim><match><data>\x3E </data></match></read>
		<write echo="ascii"><data>BLNhfK1 = |"69l","JF1","Vo5aznY","1Y6c","UGK1L","1CLOWrd","tjWo0wM","4bLm","ro"|\n</data></write>
		<read echo="ascii"><delim> </delim><match><data>\x3E </data></match></read>
		<write echo="ascii"><data>eRBa9 = |"JF1","Vo5aznY","tjWo0wM","4bLm","1CLOWrd","ro","69l","UGK1L"|\n</data></write>
		<read echo="ascii"><delim> </delim><match><data>\x3E </data></match></read>
		<write echo="ascii"><data>eRBa9@BLNhfK1\n</data></write>
		<read echo="ascii"><delim>\n</delim><match><data>TRUE\n</data></match></read>
		<read echo="ascii"><delim> </delim><match><data>\x3E </data></match></read>
		<write echo="ascii"><data>bMQGglS = |"9CXOIqa"|~|"Zqw"|\n</data></write>
		<read echo="ascii"><delim> </delim><match><data>\x3E </data></match></read>
		<write echo="ascii"><data>.p\n</data></write>
<read echo="ascii"><delim>\n</delim><match><data>HZM4tt = |"TF26Hkw","tJ","sVKi","l9","fuby0","cgT","v0xekPM","pe7Dt"|\n</data></match></read>
<read echo="ascii"><delim>\n</delim><match><data>WnIgJ = |"v0xekPM","sVKi","cgT","pe7Dt","fuby0","l9","tJ","haR4xOu5qc"|\n</data></match></read>
<read echo="ascii"><delim>\n</delim><match><data>s6be4OP = |"Vp2","e0h8Y","NQsdQ2","LAL","HIjvs","N5EjO","ypFZa","ax"|\n</data></match></read>
<read echo="ascii"><delim>\n</delim><match><data>zjJiW = |"oiD6","7SaHf","iPN","JHSj"|\n</data></match></read>
<read echo="ascii"><delim>\n</delim><match><data>hXzqXF = |"oiD6","7SaHf","iPN","JHSj"|\n</data></match></read>
<read echo="ascii"><delim>\n</delim><match><data>UPmLtj = |"HIW7PE","IujY8","Vz3","BdhCv"|\n</data></match></read>
<read echo="ascii"><delim>\n</delim><match><data>VNVaXk2 = |"h","cs5G0C","1d","W","3L","D7XIezn","2nxw","PBEd57z"|\n</data></match></read>
<read echo="ascii"><delim>\n</delim><match><data>BLNhfK1 = |"69l","JF1","Vo5aznY","1Y6c","UGK1L","1CLOWrd","tjWo0wM","4bLm","ro"|\n</data></match></read>
<read echo="ascii"><delim>\n</delim><match><data>eRBa9 = |"JF1","Vo5aznY","tjWo0wM","4bLm","1CLOWrd","ro","69l","UGK1L"|\n</data></match></read>
<read echo="ascii"><delim>\n</delim><match><data>bMQGglS = |"9CXOIqa","Zqw"|\n</data></match></read>
		<read echo="ascii"><delim> </delim><match><data>\x3E </data></match></read>
		<write echo="ascii"><data>.l\n</data></write>
	</replay>
</pov>
