<?xml version="1.0" standalone="no" ?>
<!DOCTYPE pov SYSTEM "/usr/share/cgc-docs/replay.dtd"><pov>
	<cbid>CROMU_00011</cbid>
	<replay>
		<read echo="ascii"><delim> </delim><match><data>\x3E </data></match></read>
		<write echo="ascii"><data>81qp89 = |"Rw","UBwe","9Gmu","7jHiN","rPNZ","sNV","Kdn"|^|"06OZeH"|\n</data></write>
		<read echo="ascii"><delim> </delim><match><data>\x3E </data></match></read>
		<write echo="ascii"><data>Kga7sede = 81qp89 ^ 81qp89\n</data></write>
		<read echo="ascii"><delim> </delim><match><data>\x3E </data></match></read>
		<write echo="ascii"><data>6Pg0Kxp = |"XM","4FDN10V"|~|"H","IdkAM"|\n</data></write>
		<read echo="ascii"><delim> </delim><match><data>\x3E </data></match></read>
		<write echo="ascii"><data>JUr7N = 81qp89 + 81qp89\n</data></write>
		<read echo="ascii"><delim> </delim><match><data>\x3E </data></match></read>
		<write echo="ascii"><data>Ki6Svpj = Kga7sede ~ JUr7N\n</data></write>
		<read echo="ascii"><delim> </delim><match><data>\x3E </data></match></read>
		<write echo="ascii"><data>6dhwZv3 = |"CAm9Zj1","E","Bt"|+|"5M","OMdt6c"|\n</data></write>
		<read echo="ascii"><delim> </delim><match><data>\x3E </data></match></read>
		<write echo="ascii"><data>3U2MCf = Kga7sede + Ki6Svpj\n</data></write>
		<read echo="ascii"><delim> </delim><match><data>\x3E </data></match></read>
		<write echo="ascii"><data>6k0YQ = Kga7sede ~ JUr7N\n</data></write>
		<read echo="ascii"><delim> </delim><match><data>\x3E </data></match></read>
		<write echo="ascii"><data>cE3rDs = |"tI","3Li","Z8Z1SFJ","PyBl","HgB9","WCscKwX","iK3Sq"|^|"YxW","HgB9","cRfzMp","0Uh"|\n</data></write>
		<read echo="ascii"><delim> </delim><match><data>\x3E </data></match></read>
		<write echo="ascii"><data>5jNtOm = |"9lcQ9X"|+|"S"|\n</data></write>
		<read echo="ascii"><delim> </delim><match><data>\x3E </data></match></read>
		<write echo="ascii"><data>WcSIpW = 6k0YQ ~ 81qp89\n</data></write>
		<read echo="ascii"><delim> </delim><match><data>\x3E </data></match></read>
		<write echo="ascii"><data>brVN3 = |"Nl0pI","2Q","i331Wc","qQPeHT8","ML","PcCiSz","fuZsiR"|^|"Nl0pI","weOt","bRiIqv","v7Gj"|\n</data></write>
		<read echo="ascii"><delim> </delim><match><data>\x3E </data></match></read>
		<write echo="ascii"><data>4RlV1s1ZE = cE3rDs ^ 6k0YQ\n</data></write>
		<read echo="ascii"><delim> </delim><match><data>\x3E </data></match></read>
		<write echo="ascii"><data>TIXtc = |"4","75","vWh4","kqz","e"|-|"75","xTQ","Bv8kKfY","vWh4"|\n</data></write>
		<read echo="ascii"><delim> </delim><match><data>\x3E </data></match></read>
		<write echo="ascii"><data>.p\n</data></write>
<read echo="ascii"><delim>\n</delim><match><data>81qp89 = ||\n</data></match></read>
<read echo="ascii"><delim>\n</delim><match><data>Kga7sede = ||\n</data></match></read>
<read echo="ascii"><delim>\n</delim><match><data>6Pg0Kxp = |"XM","4FDN10V","H","IdkAM"|\n</data></match></read>
<read echo="ascii"><delim>\n</delim><match><data>JUr7N = ||\n</data></match></read>
<read echo="ascii"><delim>\n</delim><match><data>Ki6Svpj = ||\n</data></match></read>
<read echo="ascii"><delim>\n</delim><match><data>6dhwZv3 = |"CAm9Zj1","E","Bt","5M","OMdt6c"|\n</data></match></read>
<read echo="ascii"><delim>\n</delim><match><data>3U2MCf = ||\n</data></match></read>
<read echo="ascii"><delim>\n</delim><match><data>6k0YQ = ||\n</data></match></read>
<read echo="ascii"><delim>\n</delim><match><data>cE3rDs = |"HgB9"|\n</data></match></read>
<read echo="ascii"><delim>\n</delim><match><data>5jNtOm = |"9lcQ9X","S"|\n</data></match></read>
<read echo="ascii"><delim>\n</delim><match><data>WcSIpW = ||\n</data></match></read>
<read echo="ascii"><delim>\n</delim><match><data>brVN3 = |"Nl0pI"|\n</data></match></read>
<read echo="ascii"><delim>\n</delim><match><data>4RlV1s1ZE = ||\n</data></match></read>
<read echo="ascii"><delim>\n</delim><match><data>TIXtc = |"4","kqz","e"|\n</data></match></read>
		<read echo="ascii"><delim> </delim><match><data>\x3E </data></match></read>
		<write echo="ascii"><data>.l\n</data></write>
	</replay>
</pov>
