<?xml version="1.0" standalone="no" ?>
<!DOCTYPE pov SYSTEM "/usr/share/cgc-docs/replay.dtd"><pov>
	<cbid>CROMU_00011</cbid>
	<replay>
		<read echo="ascii"><delim> </delim><match><data>\x3E </data></match></read>
		<write echo="ascii"><data>vcWMxyC = |"eqLHbm","DC","ey","gVUj7","Mka"|+|"R","Jty","tmbYE","75","yOvJJXL","DC"|\n</data></write>
		<read echo="ascii"><delim> </delim><match><data>\x3E </data></match></read>
		<write echo="ascii"><data>eGddZ = |"LL","zfOW8l","BlAz","m","k6co2","ss63KQ"|-|"ss63KQ","Fu2e","zfOW8l","GCf1G","GjFeQA"|\n</data></write>
		<read echo="ascii"><delim> </delim><match><data>\x3E </data></match></read>
		<write echo="ascii"><data>opmMoC = |"wN0Zg","4btg","6z5","dtyVgT","f7gv","15E"|\n</data></write>
		<read echo="ascii"><delim> </delim><match><data>\x3E </data></match></read>
		<write echo="ascii"><data>A8RwE = |"6z5","dtyVgT","f7gv","15E","pvrv6B5JEs"|\n</data></write>
		<read echo="ascii"><delim> </delim><match><data>\x3E </data></match></read>
		<write echo="ascii"><data>A8RwE@opmMoC\n</data></write>
		<read echo="ascii"><delim>\n</delim><match><data>FALSE\n</data></match></read>
		<read echo="ascii"><delim> </delim><match><data>\x3E </data></match></read>
		<write echo="ascii"><data>rZL1R = opmMoC ^ vcWMxyC\n</data></write>
		<read echo="ascii"><delim> </delim><match><data>\x3E </data></match></read>
		<write echo="ascii"><data>JpumWS = vcWMxyC - A8RwE\n</data></write>
		<read echo="ascii"><delim> </delim><match><data>\x3E </data></match></read>
		<write echo="ascii"><data>d9jzU9l = JpumWS ~ vcWMxyC\n</data></write>
		<read echo="ascii"><delim> </delim><match><data>\x3E </data></match></read>
		<write echo="ascii"><data>8nvS8 = d9jzU9l + JpumWS\n</data></write>
		<read echo="ascii"><delim> </delim><match><data>\x3E </data></match></read>
		<write echo="ascii"><data>wvmPqjB = |"Y","Hy7tSs","vwtCGv","dl"|+|"3aR","T","jD","vwtCGv","Hy7tSs"|\n</data></write>
		<read echo="ascii"><delim> </delim><match><data>\x3E </data></match></read>
		<write echo="ascii"><data>sLHXJK2 = |"UH","JZVv","Jn7k","kx9t","a","KW"|-|"KW","JZVv","2lOs4P","Q2nXIb"|\n</data></write>
		<read echo="ascii"><delim> </delim><match><data>\x3E </data></match></read>
		<write echo="ascii"><data>MpSzc3m = |"vEovR","zqln","oRUj6RI","YJh","EHX","XvWZA","uoqfRs"|^|"RCN","1y84n","YJh","oRUj6RI","KBC3","zqln"|\n</data></write>
		<read echo="ascii"><delim> </delim><match><data>\x3E </data></match></read>
		<write echo="ascii"><data>.p\n</data></write>
<read echo="ascii"><delim>\n</delim><match><data>vcWMxyC = |"eqLHbm","DC","ey","gVUj7","Mka","R","Jty","tmbYE","75","yOvJJXL"|\n</data></match></read>
<read echo="ascii"><delim>\n</delim><match><data>eGddZ = |"LL","BlAz","m","k6co2"|\n</data></match></read>
<read echo="ascii"><delim>\n</delim><match><data>opmMoC = |"wN0Zg","4btg","6z5","dtyVgT","f7gv","15E"|\n</data></match></read>
<read echo="ascii"><delim>\n</delim><match><data>A8RwE = |"6z5","dtyVgT","f7gv","15E","pvrv6B5JEs"|\n</data></match></read>
<read echo="ascii"><delim>\n</delim><match><data>rZL1R = ||\n</data></match></read>
<read echo="ascii"><delim>\n</delim><match><data>JpumWS = |"eqLHbm","DC","ey","gVUj7","Mka","R","Jty","tmbYE","75","yOvJJXL"|\n</data></match></read>
<read echo="ascii"><delim>\n</delim><match><data>d9jzU9l = ||\n</data></match></read>
<read echo="ascii"><delim>\n</delim><match><data>8nvS8 = |"eqLHbm","DC","ey","gVUj7","Mka","R","Jty","tmbYE","75","yOvJJXL"|\n</data></match></read>
<read echo="ascii"><delim>\n</delim><match><data>wvmPqjB = |"Y","Hy7tSs","vwtCGv","dl","3aR","T","jD"|\n</data></match></read>
<read echo="ascii"><delim>\n</delim><match><data>sLHXJK2 = |"UH","Jn7k","kx9t","a"|\n</data></match></read>
<read echo="ascii"><delim>\n</delim><match><data>MpSzc3m = |"zqln","oRUj6RI","YJh"|\n</data></match></read>
		<read echo="ascii"><delim> </delim><match><data>\x3E </data></match></read>
		<write echo="ascii"><data>.l\n</data></write>
	</replay>
</pov>
