<?xml version="1.0" standalone="no" ?>
<!DOCTYPE pov SYSTEM "/usr/share/cgc-docs/replay.dtd"><pov>
	<cbid>CROMU_00011</cbid>
	<replay>
		<read echo="ascii"><delim> </delim><match><data>\x3E </data></match></read>
		<write echo="ascii"><data>8vT7bZ4 = |"36o3jN","MxNq9","mBV9ikm","i1l66w","gFi"|^|"CR0tg2N","pbKW","uLe8","36o3jN"|\n</data></write>
		<read echo="ascii"><delim> </delim><match><data>\x3E </data></match></read>
		<write echo="ascii"><data>mepSS = 8vT7bZ4 ^ 8vT7bZ4\n</data></write>
		<read echo="ascii"><delim> </delim><match><data>\x3E </data></match></read>
		<write echo="ascii"><data>yBhOz = mepSS ~ 8vT7bZ4\n</data></write>
		<read echo="ascii"><delim> </delim><match><data>\x3E </data></match></read>
		<write echo="ascii"><data>wzBUq2 = |"TE","H46BwDR","Wqpl"|-|"YY","FiY9","Wqpl","WRGCCQC","TE"|\n</data></write>
		<read echo="ascii"><delim> </delim><match><data>\x3E </data></match></read>
		<write echo="ascii"><data>U44Amr = 8vT7bZ4 ~ yBhOz\n</data></write>
		<read echo="ascii"><delim> </delim><match><data>\x3E </data></match></read>
		<write echo="ascii"><data>kCGXv = 8vT7bZ4 ^ U44Amr\n</data></write>
		<read echo="ascii"><delim> </delim><match><data>\x3E </data></match></read>
		<write echo="ascii"><data>NG3Y8F = wzBUq2 - kCGXv\n</data></write>
		<read echo="ascii"><delim> </delim><match><data>\x3E </data></match></read>
		<write echo="ascii"><data>cQMXA = U44Amr + wzBUq2\n</data></write>
		<read echo="ascii"><delim> </delim><match><data>\x3E </data></match></read>
		<write echo="ascii"><data>iZPQd = |"8Tv2r","XauU","56","2"|+|"W","exF","k7QPS","Kk4l","cMS6U"|\n</data></write>
		<read echo="ascii"><delim> </delim><match><data>\x3E </data></match></read>
		<write echo="ascii"><data>dvgwn9I = |"pJl","638oNZ","MnUr","KG","NxBm"|^|"KG","NxBm","1vCYa","dZdAqJ","llbyT","638oNZ"|\n</data></write>
		<read echo="ascii"><delim> </delim><match><data>\x3E </data></match></read>
		<write echo="ascii"><data>.p\n</data></write>
<read echo="ascii"><delim>\n</delim><match><data>8vT7bZ4 = |"36o3jN"|\n</data></match></read>
<read echo="ascii"><delim>\n</delim><match><data>mepSS = |"36o3jN"|\n</data></match></read>
<read echo="ascii"><delim>\n</delim><match><data>yBhOz = ||\n</data></match></read>
<read echo="ascii"><delim>\n</delim><match><data>wzBUq2 = |"H46BwDR"|\n</data></match></read>
<read echo="ascii"><delim>\n</delim><match><data>U44Amr = |"36o3jN"|\n</data></match></read>
<read echo="ascii"><delim>\n</delim><match><data>kCGXv = |"36o3jN"|\n</data></match></read>
<read echo="ascii"><delim>\n</delim><match><data>NG3Y8F = |"H46BwDR"|\n</data></match></read>
<read echo="ascii"><delim>\n</delim><match><data>cQMXA = |"36o3jN","H46BwDR"|\n</data></match></read>
<read echo="ascii"><delim>\n</delim><match><data>iZPQd = |"8Tv2r","XauU","56","2","W","exF","k7QPS","Kk4l","cMS6U"|\n</data></match></read>
<read echo="ascii"><delim>\n</delim><match><data>dvgwn9I = |"638oNZ","KG","NxBm"|\n</data></match></read>
		<read echo="ascii"><delim> </delim><match><data>\x3E </data></match></read>
		<write echo="ascii"><data>.l\n</data></write>
	</replay>
</pov>
