<?xml version="1.0" standalone="no" ?>
<!DOCTYPE pov SYSTEM "/usr/share/cgc-docs/replay.dtd"><pov>
	<cbid>CROMU_00011</cbid>
	<replay>
		<read echo="ascii"><delim> </delim><match><data>\x3E </data></match></read>
		<write echo="ascii"><data>DvU4Tp8 = |"RHxQD","zYxv56l","vLW","FUfq2","3","PZj"|~|"ANI7n","OLt","B","U","cPC","fj3HgOj"|\n</data></write>
		<read echo="ascii"><delim> </delim><match><data>\x3E </data></match></read>
		<write echo="ascii"><data>2xG8En = |"Sa0p"|+|"82Stth","Xo","tQD","1KNTADh","ZDyaO2","aofM","6"|\n</data></write>
		<read echo="ascii"><delim> </delim><match><data>\x3E </data></match></read>
		<write echo="ascii"><data>W7N9ZDG = |"C3f","JpiL0","no","REJ","s7v","OhZ0obD","nkpQt","5Mudouz"|\n</data></write>
		<read echo="ascii"><delim> </delim><match><data>\x3E </data></match></read>
		<write echo="ascii"><data>cOuL3 = |"REJ","OhZ0obD","JpiL0","5Mudouz","nkpQt","s7v"|\n</data></write>
		<read echo="ascii"><delim> </delim><match><data>\x3E </data></match></read>
		<write echo="ascii"><data>cOuL3@W7N9ZDG\n</data></write>
		<read echo="ascii"><delim>\n</delim><match><data>TRUE\n</data></match></read>
		<read echo="ascii"><delim> </delim><match><data>\x3E </data></match></read>
		<write echo="ascii"><data>NTTIK = W7N9ZDG - W7N9ZDG\n</data></write>
		<read echo="ascii"><delim> </delim><match><data>\x3E </data></match></read>
		<write echo="ascii"><data>8vtrL = W7N9ZDG ^ cOuL3\n</data></write>
		<read echo="ascii"><delim> </delim><match><data>\x3E </data></match></read>
		<write echo="ascii"><data>HXgkcm = |"Oq2xA42","enQ0A","k","TUQFA"|-|"fG","Ed","zClLW","KaMWS","LF"|\n</data></write>
		<read echo="ascii"><delim> </delim><match><data>\x3E </data></match></read>
		<write echo="ascii"><data>N9CZ1e = |"3rUsF","pMlwLz","XUQ4kbp","Zl9FJqV","jzIqCRf","opvSGZJ","akv"|\n</data></write>
		<read echo="ascii"><delim> </delim><match><data>\x3E </data></match></read>
		<write echo="ascii"><data>LupcOR = |"pMlwLz","opvSGZJ","Zl9FJqV","jzIqCRf","h86ZoNUdwz"|\n</data></write>
		<read echo="ascii"><delim> </delim><match><data>\x3E </data></match></read>
		<write echo="ascii"><data>LupcOR@N9CZ1e\n</data></write>
		<read echo="ascii"><delim>\n</delim><match><data>FALSE\n</data></match></read>
		<read echo="ascii"><delim> </delim><match><data>\x3E </data></match></read>
		<write echo="ascii"><data>kG7GV = |"oTm2","h6tOJ"|^|"h6tOJ"|\n</data></write>
		<read echo="ascii"><delim> </delim><match><data>\x3E </data></match></read>
		<write echo="ascii"><data>TPXSr = |"h8oASf","qOQ87aE","iVI3JS","G7Q","Hv8IS","lZ9"|~|"NDf3","RP5","qOQ87aE"|\n</data></write>
		<read echo="ascii"><delim> </delim><match><data>\x3E </data></match></read>
		<write echo="ascii"><data>.p\n</data></write>
<read echo="ascii"><delim>\n</delim><match><data>DvU4Tp8 = |"RHxQD","zYxv56l","vLW","FUfq2","3","PZj","ANI7n","OLt","B","U","cPC","fj3HgOj"|\n</data></match></read>
<read echo="ascii"><delim>\n</delim><match><data>2xG8En = |"Sa0p","82Stth","Xo","tQD","1KNTADh","ZDyaO2","aofM","6"|\n</data></match></read>
<read echo="ascii"><delim>\n</delim><match><data>W7N9ZDG = |"C3f","JpiL0","no","REJ","s7v","OhZ0obD","nkpQt","5Mudouz"|\n</data></match></read>
<read echo="ascii"><delim>\n</delim><match><data>cOuL3 = |"REJ","OhZ0obD","JpiL0","5Mudouz","nkpQt","s7v"|\n</data></match></read>
<read echo="ascii"><delim>\n</delim><match><data>NTTIK = ||\n</data></match></read>
<read echo="ascii"><delim>\n</delim><match><data>8vtrL = |"JpiL0","REJ","s7v","OhZ0obD","nkpQt","5Mudouz"|\n</data></match></read>
<read echo="ascii"><delim>\n</delim><match><data>HXgkcm = |"Oq2xA42","enQ0A","k","TUQFA"|\n</data></match></read>
<read echo="ascii"><delim>\n</delim><match><data>N9CZ1e = |"3rUsF","pMlwLz","XUQ4kbp","Zl9FJqV","jzIqCRf","opvSGZJ","akv"|\n</data></match></read>
<read echo="ascii"><delim>\n</delim><match><data>LupcOR = |"pMlwLz","opvSGZJ","Zl9FJqV","jzIqCRf","h86ZoNUdwz"|\n</data></match></read>
<read echo="ascii"><delim>\n</delim><match><data>kG7GV = |"h6tOJ"|\n</data></match></read>
<read echo="ascii"><delim>\n</delim><match><data>TPXSr = |"h8oASf","iVI3JS","G7Q","Hv8IS","lZ9","NDf3","RP5"|\n</data></match></read>
		<read echo="ascii"><delim> </delim><match><data>\x3E </data></match></read>
		<write echo="ascii"><data>.l\n</data></write>
	</replay>
</pov>
