<?xml version="1.0" standalone="no" ?>
<!DOCTYPE pov SYSTEM "/usr/share/cgc-docs/replay.dtd"><pov>
	<cbid>CROMU_00011</cbid>
	<replay>
		<read echo="ascii"><delim> </delim><match><data>\x3E </data></match></read>
		<write echo="ascii"><data>RqrHr = |"xDZ9rO","LZO","ofSx","nHl8","U0zff","5hEdKB","7P3fCl"|\n</data></write>
		<read echo="ascii"><delim> </delim><match><data>\x3E </data></match></read>
		<write echo="ascii"><data>TVo43MN = |"ofSx","7P3fCl","nHl8","5hEdKB","2DZD6S7BEN"|\n</data></write>
		<read echo="ascii"><delim> </delim><match><data>\x3E </data></match></read>
		<write echo="ascii"><data>TVo43MN@RqrHr\n</data></write>
		<read echo="ascii"><delim>\n</delim><match><data>FALSE\n</data></match></read>
		<read echo="ascii"><delim> </delim><match><data>\x3E </data></match></read>
		<write echo="ascii"><data>fTAgk8 = TVo43MN ~ TVo43MN\n</data></write>
		<read echo="ascii"><delim> </delim><match><data>\x3E </data></match></read>
		<write echo="ascii"><data>MwZq2Yq = |"s6mEpG","pSSY","Nix7R","4sSEBpg","EEgcdr","3Hw"|~|"td1T7"|\n</data></write>
		<read echo="ascii"><delim> </delim><match><data>\x3E </data></match></read>
		<write echo="ascii"><data>ZPHeD = TVo43MN + TVo43MN\n</data></write>
		<read echo="ascii"><delim> </delim><match><data>\x3E </data></match></read>
		<write echo="ascii"><data>l1gsmZ = |"Cmdnid7","23gC","SN","KLgIR"|+|"KLgIR","H0ehW","q","y"|\n</data></write>
		<read echo="ascii"><delim> </delim><match><data>\x3E </data></match></read>
		<write echo="ascii"><data>rYYZIM = RqrHr - ZPHeD\n</data></write>
		<read echo="ascii"><delim> </delim><match><data>\x3E </data></match></read>
		<write echo="ascii"><data>oTk6q = fTAgk8 + TVo43MN\n</data></write>
		<read echo="ascii"><delim> </delim><match><data>\x3E </data></match></read>
		<write echo="ascii"><data>ReaFp6v = |"ya","krf","C","fi","mw5e3a"|~|"X"|\n</data></write>
		<read echo="ascii"><delim> </delim><match><data>\x3E </data></match></read>
		<write echo="ascii"><data>jDb2R = ReaFp6v + MwZq2Yq\n</data></write>
		<read echo="ascii"><delim> </delim><match><data>\x3E </data></match></read>
		<write echo="ascii"><data>wFxqaC = fTAgk8 - TVo43MN\n</data></write>
		<read echo="ascii"><delim> </delim><match><data>\x3E </data></match></read>
		<write echo="ascii"><data>ed8tTXE = |"ou","QKm","mXOH","Z5","UMi","NqX3i"|\n</data></write>
		<read echo="ascii"><delim> </delim><match><data>\x3E </data></match></read>
		<write echo="ascii"><data>CdOMC = |"mXOH","Z5","UMi"|\n</data></write>
		<read echo="ascii"><delim> </delim><match><data>\x3E </data></match></read>
		<write echo="ascii"><data>CdOMC@ed8tTXE\n</data></write>
		<read echo="ascii"><delim>\n</delim><match><data>TRUE\n</data></match></read>
		<read echo="ascii"><delim> </delim><match><data>\x3E </data></match></read>
		<write echo="ascii"><data>jZL9Tu = rYYZIM - jDb2R\n</data></write>
		<read echo="ascii"><delim> </delim><match><data>\x3E </data></match></read>
		<write echo="ascii"><data>PeWdMD = fTAgk8 ^ CdOMC\n</data></write>
		<read echo="ascii"><delim> </delim><match><data>\x3E </data></match></read>
		<write echo="ascii"><data>.p\n</data></write>
<read echo="ascii"><delim>\n</delim><match><data>RqrHr = |"xDZ9rO","LZO","ofSx","nHl8","U0zff","5hEdKB","7P3fCl"|\n</data></match></read>
<read echo="ascii"><delim>\n</delim><match><data>TVo43MN = |"ofSx","7P3fCl","nHl8","5hEdKB","2DZD6S7BEN"|\n</data></match></read>
<read echo="ascii"><delim>\n</delim><match><data>fTAgk8 = ||\n</data></match></read>
<read echo="ascii"><delim>\n</delim><match><data>MwZq2Yq = |"s6mEpG","pSSY","Nix7R","4sSEBpg","EEgcdr","3Hw","td1T7"|\n</data></match></read>
<read echo="ascii"><delim>\n</delim><match><data>ZPHeD = |"ofSx","7P3fCl","nHl8","5hEdKB","2DZD6S7BEN"|\n</data></match></read>
<read echo="ascii"><delim>\n</delim><match><data>l1gsmZ = |"Cmdnid7","23gC","SN","KLgIR","H0ehW","q","y"|\n</data></match></read>
<read echo="ascii"><delim>\n</delim><match><data>rYYZIM = |"xDZ9rO","LZO","U0zff"|\n</data></match></read>
<read echo="ascii"><delim>\n</delim><match><data>oTk6q = |"ofSx","7P3fCl","nHl8","5hEdKB","2DZD6S7BEN"|\n</data></match></read>
<read echo="ascii"><delim>\n</delim><match><data>ReaFp6v = |"ya","krf","C","fi","mw5e3a","X"|\n</data></match></read>
<read echo="ascii"><delim>\n</delim><match><data>jDb2R = |"ya","krf","C","fi","mw5e3a","X","s6mEpG","pSSY","Nix7R","4sSEBpg","EEgcdr","3Hw","td1T7"|\n</data></match></read>
<read echo="ascii"><delim>\n</delim><match><data>wFxqaC = ||\n</data></match></read>
<read echo="ascii"><delim>\n</delim><match><data>ed8tTXE = |"ou","QKm","mXOH","Z5","UMi","NqX3i"|\n</data></match></read>
<read echo="ascii"><delim>\n</delim><match><data>CdOMC = |"mXOH","Z5","UMi"|\n</data></match></read>
<read echo="ascii"><delim>\n</delim><match><data>jZL9Tu = |"xDZ9rO","LZO","U0zff"|\n</data></match></read>
<read echo="ascii"><delim>\n</delim><match><data>PeWdMD = ||\n</data></match></read>
		<read echo="ascii"><delim> </delim><match><data>\x3E </data></match></read>
		<write echo="ascii"><data>.l\n</data></write>
	</replay>
</pov>
