<?xml version="1.0" standalone="no" ?>
<!DOCTYPE pov SYSTEM "/usr/share/cgc-docs/replay.dtd"><pov>
	<cbid>CROMU_00011</cbid>
	<replay>
		<read echo="ascii"><delim> </delim><match><data>\x3E </data></match></read>
		<write echo="ascii"><data>pgVyOJr = |"fIIC","aG6c","Qh","Pfi","QSRRasy","NE9k","FDS","V8af"|\n</data></write>
		<read echo="ascii"><delim> </delim><match><data>\x3E </data></match></read>
		<write echo="ascii"><data>Mlm7wke = |"FDS","Pfi","QSRRasy","NE9k"|\n</data></write>
		<read echo="ascii"><delim> </delim><match><data>\x3E </data></match></read>
		<write echo="ascii"><data>Mlm7wke@pgVyOJr\n</data></write>
		<read echo="ascii"><delim>\n</delim><match><data>TRUE\n</data></match></read>
		<read echo="ascii"><delim> </delim><match><data>\x3E </data></match></read>
		<write echo="ascii"><data>1npbzZ = |"Dy","lqHx","gl0v"|^|"kEr","XfAmH","VR4","Wj","5CCkW1","mgU91"|\n</data></write>
		<read echo="ascii"><delim> </delim><match><data>\x3E </data></match></read>
		<write echo="ascii"><data>abelXV = |"v","QV","ryI1S","mp0I","lj6tXWC"|-|"SXK","iD","D","m","KT","92ETZeg","vB3Leg5"|\n</data></write>
		<read echo="ascii"><delim> </delim><match><data>\x3E </data></match></read>
		<write echo="ascii"><data>7x9Ig6 = |"YZGhpM"|+|"o8FEHh","iYe","vT7sKOs","e","AGYksTI","1PQb8J"|\n</data></write>
		<read echo="ascii"><delim> </delim><match><data>\x3E </data></match></read>
		<write echo="ascii"><data>ofmJ14 = |"sE","a","o03eUc","HjlqE","18zTu"|+|"s1EB","0DEO","J"|\n</data></write>
		<read echo="ascii"><delim> </delim><match><data>\x3E </data></match></read>
		<write echo="ascii"><data>CqLQJ = pgVyOJr + pgVyOJr\n</data></write>
		<read echo="ascii"><delim> </delim><match><data>\x3E </data></match></read>
		<write echo="ascii"><data>6g23Yy = CqLQJ - Mlm7wke\n</data></write>
		<read echo="ascii"><delim> </delim><match><data>\x3E </data></match></read>
		<write echo="ascii"><data>ChDvLP = |"X4","ieXeV"|^|"X4","m5OSB","m8zw","jldV"|\n</data></write>
		<read echo="ascii"><delim> </delim><match><data>\x3E </data></match></read>
		<write echo="ascii"><data>LvHRhr = |"PkLNV","GuYE","Dl"|+|"0Z1wgK7","2ccd","8KV","GuYE","NT"|\n</data></write>
		<read echo="ascii"><delim> </delim><match><data>\x3E </data></match></read>
		<write echo="ascii"><data>BjvCL4i = ofmJ14 ^ ofmJ14\n</data></write>
		<read echo="ascii"><delim> </delim><match><data>\x3E </data></match></read>
		<write echo="ascii"><data>xqCXhth = |"eW"|~|"0","g7Fe","JwOokdD","Ui","oHItH","RsQ","4APsc4"|\n</data></write>
		<read echo="ascii"><delim> </delim><match><data>\x3E </data></match></read>
		<write echo="ascii"><data>bgMLu = 7x9Ig6 ~ CqLQJ\n</data></write>
		<read echo="ascii"><delim> </delim><match><data>\x3E </data></match></read>
		<write echo="ascii"><data>pT0umlP = |"1M","CYb","CDSHFT","sr4eymz"|-|"pJE110G","StoHWZO","sr4eymz","ClX","BVk9oSi","1M"|\n</data></write>
		<read echo="ascii"><delim> </delim><match><data>\x3E </data></match></read>
		<write echo="ascii"><data>kUsBaje = |"65rVs","DU","w","bvALY","20H2"|-|"myg","qyLwn","OmawZdq","w"|\n</data></write>
		<read echo="ascii"><delim> </delim><match><data>\x3E </data></match></read>
		<write echo="ascii"><data>.p\n</data></write>
<read echo="ascii"><delim>\n</delim><match><data>pgVyOJr = |"fIIC","aG6c","Qh","Pfi","QSRRasy","NE9k","FDS","V8af"|\n</data></match></read>
<read echo="ascii"><delim>\n</delim><match><data>Mlm7wke = |"FDS","Pfi","QSRRasy","NE9k"|\n</data></match></read>
<read echo="ascii"><delim>\n</delim><match><data>1npbzZ = ||\n</data></match></read>
<read echo="ascii"><delim>\n</delim><match><data>abelXV = |"v","QV","ryI1S","mp0I","lj6tXWC"|\n</data></match></read>
<read echo="ascii"><delim>\n</delim><match><data>7x9Ig6 = |"YZGhpM","o8FEHh","iYe","vT7sKOs","e","AGYksTI","1PQb8J"|\n</data></match></read>
<read echo="ascii"><delim>\n</delim><match><data>ofmJ14 = |"sE","a","o03eUc","HjlqE","18zTu","s1EB","0DEO","J"|\n</data></match></read>
<read echo="ascii"><delim>\n</delim><match><data>CqLQJ = |"fIIC","aG6c","Qh","Pfi","QSRRasy","NE9k","FDS","V8af"|\n</data></match></read>
<read echo="ascii"><delim>\n</delim><match><data>6g23Yy = |"fIIC","aG6c","Qh","V8af"|\n</data></match></read>
<read echo="ascii"><delim>\n</delim><match><data>ChDvLP = |"X4"|\n</data></match></read>
<read echo="ascii"><delim>\n</delim><match><data>LvHRhr = |"PkLNV","GuYE","Dl","0Z1wgK7","2ccd","8KV","NT"|\n</data></match></read>
<read echo="ascii"><delim>\n</delim><match><data>BjvCL4i = |"sE","a","o03eUc","HjlqE","18zTu","s1EB","0DEO","J"|\n</data></match></read>
<read echo="ascii"><delim>\n</delim><match><data>xqCXhth = |"eW","0","g7Fe","JwOokdD","Ui","oHItH","RsQ","4APsc4"|\n</data></match></read>
<read echo="ascii"><delim>\n</delim><match><data>bgMLu = |"YZGhpM","o8FEHh","iYe","vT7sKOs","e","AGYksTI","1PQb8J","fIIC","aG6c","Qh","Pfi","QSRRasy","NE9k","FDS","V8af"|\n</data></match></read>
<read echo="ascii"><delim>\n</delim><match><data>pT0umlP = |"CYb","CDSHFT"|\n</data></match></read>
<read echo="ascii"><delim>\n</delim><match><data>kUsBaje = |"65rVs","DU","bvALY","20H2"|\n</data></match></read>
		<read echo="ascii"><delim> </delim><match><data>\x3E </data></match></read>
		<write echo="ascii"><data>.l\n</data></write>
	</replay>
</pov>
