<?xml version="1.0" standalone="no" ?>
<!DOCTYPE pov SYSTEM "/usr/share/cgc-docs/replay.dtd"><pov>
	<cbid>CROMU_00011</cbid>
	<replay>
		<read echo="ascii"><delim> </delim><match><data>\x3E </data></match></read>
		<write echo="ascii"><data>WCA1K = |"4W","wf6","mdJ0H","oqFAr","2"|+|"FYo","4W","A","QaL"|\n</data></write>
		<read echo="ascii"><delim> </delim><match><data>\x3E </data></match></read>
		<write echo="ascii"><data>WAfd7nx = WCA1K - WCA1K\n</data></write>
		<read echo="ascii"><delim> </delim><match><data>\x3E </data></match></read>
		<write echo="ascii"><data>oCUQN = WAfd7nx + WAfd7nx\n</data></write>
		<read echo="ascii"><delim> </delim><match><data>\x3E </data></match></read>
		<write echo="ascii"><data>SmlLf = oCUQN ^ WCA1K\n</data></write>
		<read echo="ascii"><delim> </delim><match><data>\x3E </data></match></read>
		<write echo="ascii"><data>5xxHF = |"nD00","Cx3U9c0","Va9qa","SLuykX3","7K17m30","ptpYxf","fV"|-|"Va9qa","JYWT","LH2B","Q"|\n</data></write>
		<read echo="ascii"><delim> </delim><match><data>\x3E </data></match></read>
		<write echo="ascii"><data>Morc0WW = |"wSrrmH","0uyPpL","HbnWyhI"|^|"HpvPk6T","WqBx","HbnWyhI","LG6LaZ","BW"|\n</data></write>
		<read echo="ascii"><delim> </delim><match><data>\x3E </data></match></read>
		<write echo="ascii"><data>zOqXnz = |"Ka3k","k3gk","8vXUbxq","5TO3","5dA6CzZ","5b","8EO","yywc","d4h2","xyOVe0c"|\n</data></write>
		<read echo="ascii"><delim> </delim><match><data>\x3E </data></match></read>
		<write echo="ascii"><data>eLqhJMa = |"5b","5TO3","Ka3k","d4h2","xyOVe0c","8EO","yywc","5dA6CzZ","xseEWetOnt"|\n</data></write>
		<read echo="ascii"><delim> </delim><match><data>\x3E </data></match></read>
		<write echo="ascii"><data>eLqhJMa@zOqXnz\n</data></write>
		<read echo="ascii"><delim>\n</delim><match><data>FALSE\n</data></match></read>
		<read echo="ascii"><delim> </delim><match><data>\x3E </data></match></read>
		<write echo="ascii"><data>Emo7upz = |"zUHS7","E8","JzH","hdNWi4","wvzLnjQ","OcPUmeJ","4yg3Cn"|^|"hdNWi4","WTIfu","0hO8h","zUHS7","xfOLP4M","OcPUmeJ"|\n</data></write>
		<read echo="ascii"><delim> </delim><match><data>\x3E </data></match></read>
		<write echo="ascii"><data>vZJQbQ = |"3vY","NyD4","lv","f2FYZo"|^|"JbSms"|\n</data></write>
		<read echo="ascii"><delim> </delim><match><data>\x3E </data></match></read>
		<write echo="ascii"><data>1ROp9 = |"4Fdmb","UJ"|~|"AFN","Yk3hJ","cUAD","u","4Fdmb"|\n</data></write>
		<read echo="ascii"><delim> </delim><match><data>\x3E </data></match></read>
		<write echo="ascii"><data>0uUEPP = 5xxHF + 5xxHF\n</data></write>
		<read echo="ascii"><delim> </delim><match><data>\x3E </data></match></read>
		<write echo="ascii"><data>.p\n</data></write>
<read echo="ascii"><delim>\n</delim><match><data>WCA1K = |"4W","wf6","mdJ0H","oqFAr","2","FYo","A","QaL"|\n</data></match></read>
<read echo="ascii"><delim>\n</delim><match><data>WAfd7nx = ||\n</data></match></read>
<read echo="ascii"><delim>\n</delim><match><data>oCUQN = ||\n</data></match></read>
<read echo="ascii"><delim>\n</delim><match><data>SmlLf = ||\n</data></match></read>
<read echo="ascii"><delim>\n</delim><match><data>5xxHF = |"nD00","Cx3U9c0","SLuykX3","7K17m30","ptpYxf","fV"|\n</data></match></read>
<read echo="ascii"><delim>\n</delim><match><data>Morc0WW = |"HbnWyhI"|\n</data></match></read>
<read echo="ascii"><delim>\n</delim><match><data>zOqXnz = |"Ka3k","k3gk","8vXUbxq","5TO3","5dA6CzZ","5b","8EO","yywc","d4h2","xyOVe0c"|\n</data></match></read>
<read echo="ascii"><delim>\n</delim><match><data>eLqhJMa = |"5b","5TO3","Ka3k","d4h2","xyOVe0c","8EO","yywc","5dA6CzZ","xseEWetOnt"|\n</data></match></read>
<read echo="ascii"><delim>\n</delim><match><data>Emo7upz = |"zUHS7","hdNWi4","OcPUmeJ"|\n</data></match></read>
<read echo="ascii"><delim>\n</delim><match><data>vZJQbQ = ||\n</data></match></read>
<read echo="ascii"><delim>\n</delim><match><data>1ROp9 = |"UJ","AFN","Yk3hJ","cUAD","u"|\n</data></match></read>
<read echo="ascii"><delim>\n</delim><match><data>0uUEPP = |"nD00","Cx3U9c0","SLuykX3","7K17m30","ptpYxf","fV"|\n</data></match></read>
		<read echo="ascii"><delim> </delim><match><data>\x3E </data></match></read>
		<write echo="ascii"><data>.l\n</data></write>
	</replay>
</pov>
