<?xml version="1.0" standalone="no" ?>
<!DOCTYPE pov SYSTEM "/usr/share/cgc-docs/replay.dtd"><pov>
	<cbid>CROMU_00011</cbid>
	<replay>
		<read echo="ascii"><delim> </delim><match><data>\x3E </data></match></read>
		<write echo="ascii"><data>qv0fA9C = |"CADs","e7H","tvg","ZTYhsA","yPVS3"|~|"sf6"|\n</data></write>
		<read echo="ascii"><delim> </delim><match><data>\x3E </data></match></read>
		<write echo="ascii"><data>Fg6I1 = |"8","MCd2","eCIO0"|-|"WhI","eHoZAH","bNSv","lxw3fx","8","MCd2","0jKcOEO"|\n</data></write>
		<read echo="ascii"><delim> </delim><match><data>\x3E </data></match></read>
		<write echo="ascii"><data>xS15yR = |"z1xdkW","LO6k","WO","O1CW","b7f","TlAPt","CupyW","mS","lVW7","RrYaf"|\n</data></write>
		<read echo="ascii"><delim> </delim><match><data>\x3E </data></match></read>
		<write echo="ascii"><data>wYXbv = |"RrYaf","DSVCexiSqj"|\n</data></write>
		<read echo="ascii"><delim> </delim><match><data>\x3E </data></match></read>
		<write echo="ascii"><data>wYXbv@xS15yR\n</data></write>
		<read echo="ascii"><delim>\n</delim><match><data>FALSE\n</data></match></read>
		<read echo="ascii"><delim> </delim><match><data>\x3E </data></match></read>
		<write echo="ascii"><data>SM3hZsb = Fg6I1 ~ qv0fA9C\n</data></write>
		<read echo="ascii"><delim> </delim><match><data>\x3E </data></match></read>
		<write echo="ascii"><data>fATqo4 = |"tVDJ50s","A73h","VxP8IZX","hXwrHO","zTjkk","BX8ctjX"|-|"YVgc5hs","cljL","BX8ctjX","oO","MNLXy","ezea5WO"|\n</data></write>
		<read echo="ascii"><delim> </delim><match><data>\x3E </data></match></read>
		<write echo="ascii"><data>WChlB78 = |"nIs5P","4yop","1MO","RWIIe","iETGGy","jLuMQ","UAk3JTP","a1","lo6j6jJ","zBG"|\n</data></write>
		<read echo="ascii"><delim> </delim><match><data>\x3E </data></match></read>
		<write echo="ascii"><data>RZcHI3 = |"iETGGy","RWIIe","nIs5P","GGSNgCvPAT"|\n</data></write>
		<read echo="ascii"><delim> </delim><match><data>\x3E </data></match></read>
		<write echo="ascii"><data>RZcHI3@WChlB78\n</data></write>
		<read echo="ascii"><delim>\n</delim><match><data>FALSE\n</data></match></read>
		<read echo="ascii"><delim> </delim><match><data>\x3E </data></match></read>
		<write echo="ascii"><data>xtXzI = SM3hZsb ~ SM3hZsb\n</data></write>
		<read echo="ascii"><delim> </delim><match><data>\x3E </data></match></read>
		<write echo="ascii"><data>8Z7d6WG = |"nNjM9iX","eFmb"|^|"EqA","24","AA2BH","48vw3qd","OdH","6C2"|\n</data></write>
		<read echo="ascii"><delim> </delim><match><data>\x3E </data></match></read>
		<write echo="ascii"><data>vWfbc = 8Z7d6WG ~ qv0fA9C\n</data></write>
		<read echo="ascii"><delim> </delim><match><data>\x3E </data></match></read>
		<write echo="ascii"><data>eI1Xbhi = |"O3qodVB","mkSbKC"|+|"uUR7","5","OMc2","VZRKK","mkSbKC","t2bOh85"|\n</data></write>
		<read echo="ascii"><delim> </delim><match><data>\x3E </data></match></read>
		<write echo="ascii"><data>Xo6v9O = |"iZ9a","1XQGDFs","O4912QM","G4MxL","neh0A3","L4XEW"|\n</data></write>
		<read echo="ascii"><delim> </delim><match><data>\x3E </data></match></read>
		<write echo="ascii"><data>Kumnd88 = |"O4912QM","neh0A3","G4MxL","L4XEW","1XQGDFs"|\n</data></write>
		<read echo="ascii"><delim> </delim><match><data>\x3E </data></match></read>
		<write echo="ascii"><data>Kumnd88@Xo6v9O\n</data></write>
		<read echo="ascii"><delim>\n</delim><match><data>TRUE\n</data></match></read>
		<read echo="ascii"><delim> </delim><match><data>\x3E </data></match></read>
		<write echo="ascii"><data>yQTxO = |"al3QTz","uogm7MY","mC6","EpgBN"|~|"al3QTz"|\n</data></write>
		<read echo="ascii"><delim> </delim><match><data>\x3E </data></match></read>
		<write echo="ascii"><data>7VLYh2 = SM3hZsb - Kumnd88\n</data></write>
		<read echo="ascii"><delim> </delim><match><data>\x3E </data></match></read>
		<write echo="ascii"><data>krfarFQ = |"e","RbRt","Zvzn7","X7Zc","dZZeh"|~|"vj6TeGh","Zvzn7","25hgnx"|\n</data></write>
		<read echo="ascii"><delim> </delim><match><data>\x3E </data></match></read>
		<write echo="ascii"><data>7Qa67o = |"IRo00","wsKk5","eafS","6ovPObY","gP"|^|"bu"|\n</data></write>
		<read echo="ascii"><delim> </delim><match><data>\x3E </data></match></read>
		<write echo="ascii"><data>.p\n</data></write>
<read echo="ascii"><delim>\n</delim><match><data>qv0fA9C = |"CADs","e7H","tvg","ZTYhsA","yPVS3","sf6"|\n</data></match></read>
<read echo="ascii"><delim>\n</delim><match><data>Fg6I1 = |"eCIO0"|\n</data></match></read>
<read echo="ascii"><delim>\n</delim><match><data>xS15yR = |"z1xdkW","LO6k","WO","O1CW","b7f","TlAPt","CupyW","mS","lVW7","RrYaf"|\n</data></match></read>
<read echo="ascii"><delim>\n</delim><match><data>wYXbv = |"RrYaf","DSVCexiSqj"|\n</data></match></read>
<read echo="ascii"><delim>\n</delim><match><data>SM3hZsb = |"eCIO0","CADs","e7H","tvg","ZTYhsA","yPVS3","sf6"|\n</data></match></read>
<read echo="ascii"><delim>\n</delim><match><data>fATqo4 = |"tVDJ50s","A73h","VxP8IZX","hXwrHO","zTjkk"|\n</data></match></read>
<read echo="ascii"><delim>\n</delim><match><data>WChlB78 = |"nIs5P","4yop","1MO","RWIIe","iETGGy","jLuMQ","UAk3JTP","a1","lo6j6jJ","zBG"|\n</data></match></read>
<read echo="ascii"><delim>\n</delim><match><data>RZcHI3 = |"iETGGy","RWIIe","nIs5P","GGSNgCvPAT"|\n</data></match></read>
<read echo="ascii"><delim>\n</delim><match><data>xtXzI = ||\n</data></match></read>
<read echo="ascii"><delim>\n</delim><match><data>8Z7d6WG = ||\n</data></match></read>
<read echo="ascii"><delim>\n</delim><match><data>vWfbc = |"CADs","e7H","tvg","ZTYhsA","yPVS3","sf6"|\n</data></match></read>
<read echo="ascii"><delim>\n</delim><match><data>eI1Xbhi = |"O3qodVB","mkSbKC","uUR7","5","OMc2","VZRKK","t2bOh85"|\n</data></match></read>
<read echo="ascii"><delim>\n</delim><match><data>Xo6v9O = |"iZ9a","1XQGDFs","O4912QM","G4MxL","neh0A3","L4XEW"|\n</data></match></read>
<read echo="ascii"><delim>\n</delim><match><data>Kumnd88 = |"O4912QM","neh0A3","G4MxL","L4XEW","1XQGDFs"|\n</data></match></read>
<read echo="ascii"><delim>\n</delim><match><data>yQTxO = |"uogm7MY","mC6","EpgBN"|\n</data></match></read>
<read echo="ascii"><delim>\n</delim><match><data>7VLYh2 = |"eCIO0","CADs","e7H","tvg","ZTYhsA","yPVS3","sf6"|\n</data></match></read>
<read echo="ascii"><delim>\n</delim><match><data>krfarFQ = |"e","RbRt","X7Zc","dZZeh","vj6TeGh","25hgnx"|\n</data></match></read>
<read echo="ascii"><delim>\n</delim><match><data>7Qa67o = ||\n</data></match></read>
		<read echo="ascii"><delim> </delim><match><data>\x3E </data></match></read>
		<write echo="ascii"><data>.l\n</data></write>
	</replay>
</pov>
