<?xml version="1.0" standalone="no" ?>
<!DOCTYPE pov SYSTEM "/usr/share/cgc-docs/replay.dtd"><pov>
	<cbid>CROMU_00011</cbid>
	<replay>
		<read echo="ascii"><delim> </delim><match><data>\x3E </data></match></read>
		<write echo="ascii"><data>7dkmGlw = |"AlVHT","d","BZqI","tZn9","5C","LN"|-|"y0qzxyt","cbfn","HY","GTWmT"|\n</data></write>
		<read echo="ascii"><delim> </delim><match><data>\x3E </data></match></read>
		<write echo="ascii"><data>yX6QVePjqf = 7dkmGlw ^ 7dkmGlw\n</data></write>
		<read echo="ascii"><delim> </delim><match><data>\x3E </data></match></read>
		<write echo="ascii"><data>8vi3DO = yX6QVePjqf ~ yX6QVePjqf\n</data></write>
		<read echo="ascii"><delim> </delim><match><data>\x3E </data></match></read>
		<write echo="ascii"><data>ID5PCq4S = yX6QVePjqf ^ 7dkmGlw\n</data></write>
		<read echo="ascii"><delim> </delim><match><data>\x3E </data></match></read>
		<write echo="ascii"><data>WCbBH = 8vi3DO ~ 7dkmGlw\n</data></write>
		<read echo="ascii"><delim> </delim><match><data>\x3E </data></match></read>
		<write echo="ascii"><data>XdE2cZR = |"TLbC","RmTk","UX","sEtLo","s8","kpeq"|^|"kpeq","M3"|\n</data></write>
		<read echo="ascii"><delim> </delim><match><data>\x3E </data></match></read>
		<write echo="ascii"><data>P2NpF3 = |"WIG","nbqwhk6","rdUQN","XM","MWyN"|^|"i8FgljS","9l9d","Pob","XM","Rr"|\n</data></write>
		<read echo="ascii"><delim> </delim><match><data>\x3E </data></match></read>
		<write echo="ascii"><data>mNBcjoi0g = 8vi3DO ^ WCbBH\n</data></write>
		<read echo="ascii"><delim> </delim><match><data>\x3E </data></match></read>
		<write echo="ascii"><data>Nkb0cP = XdE2cZR + ID5PCq4S\n</data></write>
		<read echo="ascii"><delim> </delim><match><data>\x3E </data></match></read>
		<write echo="ascii"><data>wabl5h = |"6EmGq4F","Vxe9A"|^|"0fkh","vN","uWaWI0","Vxe9A","w4ZGwn","JMT","z8poJ1"|\n</data></write>
		<read echo="ascii"><delim> </delim><match><data>\x3E </data></match></read>
		<write echo="ascii"><data>MP8q0vT = |"nUUZK","npv","H9T8Z","Hz5ifZU"|+|"K","npv","EAbh","H9T8Z","uYIMn","M61"|\n</data></write>
		<read echo="ascii"><delim> </delim><match><data>\x3E </data></match></read>
		<write echo="ascii"><data>.p\n</data></write>
<read echo="ascii"><delim>\n</delim><match><data>7dkmGlw = |"AlVHT","d","BZqI","tZn9","5C","LN"|\n</data></match></read>
<read echo="ascii"><delim>\n</delim><match><data>yX6QVePjqf = |"AlVHT","d","BZqI","tZn9","5C","LN"|\n</data></match></read>
<read echo="ascii"><delim>\n</delim><match><data>8vi3DO = ||\n</data></match></read>
<read echo="ascii"><delim>\n</delim><match><data>ID5PCq4S = |"AlVHT","d","BZqI","tZn9","5C","LN"|\n</data></match></read>
<read echo="ascii"><delim>\n</delim><match><data>WCbBH = |"AlVHT","d","BZqI","tZn9","5C","LN"|\n</data></match></read>
<read echo="ascii"><delim>\n</delim><match><data>XdE2cZR = |"kpeq"|\n</data></match></read>
<read echo="ascii"><delim>\n</delim><match><data>P2NpF3 = |"XM"|\n</data></match></read>
<read echo="ascii"><delim>\n</delim><match><data>mNBcjoi0g = ||\n</data></match></read>
<read echo="ascii"><delim>\n</delim><match><data>Nkb0cP = |"kpeq","AlVHT","d","BZqI","tZn9","5C","LN"|\n</data></match></read>
<read echo="ascii"><delim>\n</delim><match><data>wabl5h = |"Vxe9A"|\n</data></match></read>
<read echo="ascii"><delim>\n</delim><match><data>MP8q0vT = |"nUUZK","npv","H9T8Z","Hz5ifZU","K","EAbh","uYIMn","M61"|\n</data></match></read>
		<read echo="ascii"><delim> </delim><match><data>\x3E </data></match></read>
		<write echo="ascii"><data>.l\n</data></write>
	</replay>
</pov>
