<?xml version="1.0" standalone="no" ?>
<!DOCTYPE pov SYSTEM "/usr/share/cgc-docs/replay.dtd"><pov>
	<cbid>CROMU_00011</cbid>
	<replay>
		<read echo="ascii"><delim> </delim><match><data>\x3E </data></match></read>
		<write echo="ascii"><data>Zr6p8 = |"EwX","Joo","Ce9D79"|^|"8c","Joo","U0u","FBgX"|\n</data></write>
		<read echo="ascii"><delim> </delim><match><data>\x3E </data></match></read>
		<write echo="ascii"><data>gnBJn = |"kByHt6","Qcm","r8c0","BLo","PSYuZKZ","4lv9kG","DaVsUOj"|^|"4lv9kG","1O0D","Qcm","zk","I2sCs","0m"|\n</data></write>
		<read echo="ascii"><delim> </delim><match><data>\x3E </data></match></read>
		<write echo="ascii"><data>8AanGH = |"2ka","BnbZ6xf","W3WWutV","hx5H","n","nA5"|+|"n","0rW","IV5SbkA","4jjA","S7rWJX","W3WWutV"|\n</data></write>
		<read echo="ascii"><delim> </delim><match><data>\x3E </data></match></read>
		<write echo="ascii"><data>nEWuYE = |"J3Di7m","Ur2tV24","UZKyD0","PSum","vvPF","z4ScIi","ulJsxp7","CP7XX","Mi"|\n</data></write>
		<read echo="ascii"><delim> </delim><match><data>\x3E </data></match></read>
		<write echo="ascii"><data>L6x5Wl = |"PSum","ulJsxp7","z4ScIi","J3Di7m","UZKyD0"|\n</data></write>
		<read echo="ascii"><delim> </delim><match><data>\x3E </data></match></read>
		<write echo="ascii"><data>L6x5Wl@nEWuYE\n</data></write>
		<read echo="ascii"><delim>\n</delim><match><data>TRUE\n</data></match></read>
		<read echo="ascii"><delim> </delim><match><data>\x3E </data></match></read>
		<write echo="ascii"><data>ZnF6d3 = 8AanGH + L6x5Wl\n</data></write>
		<read echo="ascii"><delim> </delim><match><data>\x3E </data></match></read>
		<write echo="ascii"><data>udecf = |"MVz","Qu8HXOu","uI9i","8D","Refr10","oEKZKou"|-|"sQ","QHS1GAS","oEKZKou","gSc","Qu8HXOu","uI9i","xpkG"|\n</data></write>
		<read echo="ascii"><delim> </delim><match><data>\x3E </data></match></read>
		<write echo="ascii"><data>MW8uBaa = |"mstQl1e","YD","y0HDpZ","STAls","08eW3"|+|"lD3TZ","mstQl1e","qntA","5OHiQVC","ivBSHC","B"|\n</data></write>
		<read echo="ascii"><delim> </delim><match><data>\x3E </data></match></read>
		<write echo="ascii"><data>w6ZBhd = |"k2WQ","7xP","k6H3kYF"|^|"i2gjZa"|\n</data></write>
		<read echo="ascii"><delim> </delim><match><data>\x3E </data></match></read>
		<write echo="ascii"><data>mEQ8yXu = |"on","AtUdo","T"|~|"0e","T","IjbMOX","U1idAl"|\n</data></write>
		<read echo="ascii"><delim> </delim><match><data>\x3E </data></match></read>
		<write echo="ascii"><data>7pDEVx = |"eIV","c3","DmSHiM","glMg","iM","V"|~|"d"|\n</data></write>
		<read echo="ascii"><delim> </delim><match><data>\x3E </data></match></read>
		<write echo="ascii"><data>pANVSro5sr = Zr6p8 ^ mEQ8yXu\n</data></write>
		<read echo="ascii"><delim> </delim><match><data>\x3E </data></match></read>
		<write echo="ascii"><data>JkRe1PQ = |"U2EGEC","J37uEGK","TOR","xnkIn5"|+|"60"|\n</data></write>
		<read echo="ascii"><delim> </delim><match><data>\x3E </data></match></read>
		<write echo="ascii"><data>1uGjM = w6ZBhd ~ 7pDEVx\n</data></write>
		<read echo="ascii"><delim> </delim><match><data>\x3E </data></match></read>
		<write echo="ascii"><data>b319cd = |"TWw4r","OGTTTs","Z","wP9Zx0y","xpFI","QB7xJUb","g"|~|"AE8TCA","hIw","Y","rz5Lvqz","wP9Zx0y","Oiu"|\n</data></write>
		<read echo="ascii"><delim> </delim><match><data>\x3E </data></match></read>
		<write echo="ascii"><data>3ShrQP = |"rttG","hxpy","vi","BOfpAT","rqWe2Oo","WQva","XG2UmG","lOA8JPa"|\n</data></write>
		<read echo="ascii"><delim> </delim><match><data>\x3E </data></match></read>
		<write echo="ascii"><data>o9ApGDk = |"vi","rttG","BOfpAT","lOA8JPa","XG2UmG","WQva","rqWe2Oo","KBsXeI4Boe"|\n</data></write>
		<read echo="ascii"><delim> </delim><match><data>\x3E </data></match></read>
		<write echo="ascii"><data>o9ApGDk@3ShrQP\n</data></write>
		<read echo="ascii"><delim>\n</delim><match><data>FALSE\n</data></match></read>
		<read echo="ascii"><delim> </delim><match><data>\x3E </data></match></read>
		<write echo="ascii"><data>.p\n</data></write>
<read echo="ascii"><delim>\n</delim><match><data>Zr6p8 = |"Joo"|\n</data></match></read>
<read echo="ascii"><delim>\n</delim><match><data>gnBJn = |"Qcm","4lv9kG"|\n</data></match></read>
<read echo="ascii"><delim>\n</delim><match><data>8AanGH = |"2ka","BnbZ6xf","W3WWutV","hx5H","n","nA5","0rW","IV5SbkA","4jjA","S7rWJX"|\n</data></match></read>
<read echo="ascii"><delim>\n</delim><match><data>nEWuYE = |"J3Di7m","Ur2tV24","UZKyD0","PSum","vvPF","z4ScIi","ulJsxp7","CP7XX","Mi"|\n</data></match></read>
<read echo="ascii"><delim>\n</delim><match><data>L6x5Wl = |"PSum","ulJsxp7","z4ScIi","J3Di7m","UZKyD0"|\n</data></match></read>
<read echo="ascii"><delim>\n</delim><match><data>ZnF6d3 = |"2ka","BnbZ6xf","W3WWutV","hx5H","n","nA5","0rW","IV5SbkA","4jjA","S7rWJX","PSum","ulJsxp7","z4ScIi","J3Di7m","UZKyD0"|\n</data></match></read>
<read echo="ascii"><delim>\n</delim><match><data>udecf = |"MVz","8D","Refr10"|\n</data></match></read>
<read echo="ascii"><delim>\n</delim><match><data>MW8uBaa = |"mstQl1e","YD","y0HDpZ","STAls","08eW3","lD3TZ","qntA","5OHiQVC","ivBSHC","B"|\n</data></match></read>
<read echo="ascii"><delim>\n</delim><match><data>w6ZBhd = ||\n</data></match></read>
<read echo="ascii"><delim>\n</delim><match><data>mEQ8yXu = |"on","AtUdo","0e","IjbMOX","U1idAl"|\n</data></match></read>
<read echo="ascii"><delim>\n</delim><match><data>7pDEVx = |"eIV","c3","DmSHiM","glMg","iM","V","d"|\n</data></match></read>
<read echo="ascii"><delim>\n</delim><match><data>pANVSro5sr = ||\n</data></match></read>
<read echo="ascii"><delim>\n</delim><match><data>JkRe1PQ = |"U2EGEC","J37uEGK","TOR","xnkIn5","60"|\n</data></match></read>
<read echo="ascii"><delim>\n</delim><match><data>1uGjM = |"eIV","c3","DmSHiM","glMg","iM","V","d"|\n</data></match></read>
<read echo="ascii"><delim>\n</delim><match><data>b319cd = |"TWw4r","OGTTTs","Z","xpFI","QB7xJUb","g","AE8TCA","hIw","Y","rz5Lvqz","Oiu"|\n</data></match></read>
<read echo="ascii"><delim>\n</delim><match><data>3ShrQP = |"rttG","hxpy","vi","BOfpAT","rqWe2Oo","WQva","XG2UmG","lOA8JPa"|\n</data></match></read>
<read echo="ascii"><delim>\n</delim><match><data>o9ApGDk = |"vi","rttG","BOfpAT","lOA8JPa","XG2UmG","WQva","rqWe2Oo","KBsXeI4Boe"|\n</data></match></read>
		<read echo="ascii"><delim> </delim><match><data>\x3E </data></match></read>
		<write echo="ascii"><data>.l\n</data></write>
	</replay>
</pov>
