<?xml version="1.0" standalone="no" ?>
<!DOCTYPE pov SYSTEM "/usr/share/cgc-docs/replay.dtd"><pov>
	<cbid>CROMU_00011</cbid>
	<replay>
		<read echo="ascii"><delim> </delim><match><data>\x3E </data></match></read>
		<write echo="ascii"><data>B3DAF = |"G50RC","fBDdQLf","N1ulxw0","f250sgv","1G0Vnvn","3SeIQUl"|-|"vfYrg","3SeIQUl","EqNLE","hq","fBDdQLf"|\n</data></write>
		<read echo="ascii"><delim> </delim><match><data>\x3E </data></match></read>
		<write echo="ascii"><data>FmDGkXQ = |"rtZg","mwmqMxQ","LVIy"|~|"XT2d5","FoaL"|\n</data></write>
		<read echo="ascii"><delim> </delim><match><data>\x3E </data></match></read>
		<write echo="ascii"><data>z9oSiG = |"uBCiDaH","4K1c","sy"|+|"L","EGr","wI","lp","uBCiDaH"|\n</data></write>
		<read echo="ascii"><delim> </delim><match><data>\x3E </data></match></read>
		<write echo="ascii"><data>jPcPa = |"7rqjKt"|~|"y93gEv"|\n</data></write>
		<read echo="ascii"><delim> </delim><match><data>\x3E </data></match></read>
		<write echo="ascii"><data>8Qty1N = z9oSiG ^ jPcPa\n</data></write>
		<read echo="ascii"><delim> </delim><match><data>\x3E </data></match></read>
		<write echo="ascii"><data>U9Fts = z9oSiG - FmDGkXQ\n</data></write>
		<read echo="ascii"><delim> </delim><match><data>\x3E </data></match></read>
		<write echo="ascii"><data>CaJq2E = |"3","WVyCk","Y6Nyu","l","A8V"|-|"yrikHA","KNAHXs","j","hTwy","c3E1wFt"|\n</data></write>
		<read echo="ascii"><delim> </delim><match><data>\x3E </data></match></read>
		<write echo="ascii"><data>SrgGS = |"cC","k"|+|"dZUtTg","NURitB","s4hQp"|\n</data></write>
		<read echo="ascii"><delim> </delim><match><data>\x3E </data></match></read>
		<write echo="ascii"><data>oGK0r = |"V9","5izho","JVRXW","Q5IhF","VgRT"|-|"u2hEsv","P","GxV4","dpdzTR","K7CNS","Q5IhF","tbpeCz6"|\n</data></write>
		<read echo="ascii"><delim> </delim><match><data>\x3E </data></match></read>
		<write echo="ascii"><data>.p\n</data></write>
<read echo="ascii"><delim>\n</delim><match><data>B3DAF = |"G50RC","N1ulxw0","f250sgv","1G0Vnvn"|\n</data></match></read>
<read echo="ascii"><delim>\n</delim><match><data>FmDGkXQ = |"rtZg","mwmqMxQ","LVIy","XT2d5","FoaL"|\n</data></match></read>
<read echo="ascii"><delim>\n</delim><match><data>z9oSiG = |"uBCiDaH","4K1c","sy","L","EGr","wI","lp"|\n</data></match></read>
<read echo="ascii"><delim>\n</delim><match><data>jPcPa = |"7rqjKt","y93gEv"|\n</data></match></read>
<read echo="ascii"><delim>\n</delim><match><data>8Qty1N = ||\n</data></match></read>
<read echo="ascii"><delim>\n</delim><match><data>U9Fts = |"uBCiDaH","4K1c","sy","L","EGr","wI","lp"|\n</data></match></read>
<read echo="ascii"><delim>\n</delim><match><data>CaJq2E = |"3","WVyCk","Y6Nyu","l","A8V"|\n</data></match></read>
<read echo="ascii"><delim>\n</delim><match><data>SrgGS = |"cC","k","dZUtTg","NURitB","s4hQp"|\n</data></match></read>
<read echo="ascii"><delim>\n</delim><match><data>oGK0r = |"V9","5izho","JVRXW","VgRT"|\n</data></match></read>
		<read echo="ascii"><delim> </delim><match><data>\x3E </data></match></read>
		<write echo="ascii"><data>.l\n</data></write>
	</replay>
</pov>
