<?xml version="1.0" standalone="no" ?>
<!DOCTYPE pov SYSTEM "/usr/share/cgc-docs/replay.dtd"><pov>
	<cbid>CROMU_00011</cbid>
	<replay>
		<read echo="ascii"><delim> </delim><match><data>\x3E </data></match></read>
		<write echo="ascii"><data>FSj5w = |"ZV8d8","aqw","yHE","WJYcgw","hZddmeG","jghsmKU","WNT0S","2rOC","vQpO1"|\n</data></write>
		<read echo="ascii"><delim> </delim><match><data>\x3E </data></match></read>
		<write echo="ascii"><data>wLUf1X = |"vQpO1","2rOC","aqw","ZV8d8","WNT0S","yHE","jghsmKU","xWZ3zRjoGu"|\n</data></write>
		<read echo="ascii"><delim> </delim><match><data>\x3E </data></match></read>
		<write echo="ascii"><data>wLUf1X@FSj5w\n</data></write>
		<read echo="ascii"><delim>\n</delim><match><data>FALSE\n</data></match></read>
		<read echo="ascii"><delim> </delim><match><data>\x3E </data></match></read>
		<write echo="ascii"><data>DUIuheo = |"nE9","2A1uEV","ba82","9J","wvcTQLF","IxD5X","a2xd2S6","lljEu","lqL3sL","PSt9Kvd"|\n</data></write>
		<read echo="ascii"><delim> </delim><match><data>\x3E </data></match></read>
		<write echo="ascii"><data>xzGiVB = |"ba82","wvcTQLF","IxD5X","lljEu","nE9","CMw0qIn3Xj"|\n</data></write>
		<read echo="ascii"><delim> </delim><match><data>\x3E </data></match></read>
		<write echo="ascii"><data>xzGiVB@DUIuheo\n</data></write>
		<read echo="ascii"><delim>\n</delim><match><data>FALSE\n</data></match></read>
		<read echo="ascii"><delim> </delim><match><data>\x3E </data></match></read>
		<write echo="ascii"><data>KrTyO = |"G9D7","xxaEOx","Y8rVIU","HZopdBj","rQES","EPfgZ8","bOlRVB0","8DS7rxq","Wys"|\n</data></write>
		<read echo="ascii"><delim> </delim><match><data>\x3E </data></match></read>
		<write echo="ascii"><data>HOgcAw = |"bOlRVB0","rQES","EPfgZ8","HZopdBj","8DS7rxq","xxaEOx","Y8rVIU"|\n</data></write>
		<read echo="ascii"><delim> </delim><match><data>\x3E </data></match></read>
		<write echo="ascii"><data>HOgcAw@KrTyO\n</data></write>
		<read echo="ascii"><delim>\n</delim><match><data>TRUE\n</data></match></read>
		<read echo="ascii"><delim> </delim><match><data>\x3E </data></match></read>
		<write echo="ascii"><data>FtgPS0R = KrTyO ^ wLUf1X\n</data></write>
		<read echo="ascii"><delim> </delim><match><data>\x3E </data></match></read>
		<write echo="ascii"><data>p2tv0c = HOgcAw ~ HOgcAw\n</data></write>
		<read echo="ascii"><delim> </delim><match><data>\x3E </data></match></read>
		<write echo="ascii"><data>1nD8m = |"jmu7VDU","OpuMTs","lPkVn4","yt","QQj","0rGRp"|+|"lPkVn4","njkvey"|\n</data></write>
		<read echo="ascii"><delim> </delim><match><data>\x3E </data></match></read>
		<write echo="ascii"><data>kyy9Sd = 1nD8m ~ xzGiVB\n</data></write>
		<read echo="ascii"><delim> </delim><match><data>\x3E </data></match></read>
		<write echo="ascii"><data>PvOt0Hi = wLUf1X + HOgcAw\n</data></write>
		<read echo="ascii"><delim> </delim><match><data>\x3E </data></match></read>
		<write echo="ascii"><data>8gDUSH9 = wLUf1X ~ 1nD8m\n</data></write>
		<read echo="ascii"><delim> </delim><match><data>\x3E </data></match></read>
		<write echo="ascii"><data>bw2BnU = |"HgFg"|^|"jzRIfL","XurE"|\n</data></write>
		<read echo="ascii"><delim> </delim><match><data>\x3E </data></match></read>
		<write echo="ascii"><data>4JuYVfd = FSj5w - HOgcAw\n</data></write>
		<read echo="ascii"><delim> </delim><match><data>\x3E </data></match></read>
		<write echo="ascii"><data>.p\n</data></write>
<read echo="ascii"><delim>\n</delim><match><data>FSj5w = |"ZV8d8","aqw","yHE","WJYcgw","hZddmeG","jghsmKU","WNT0S","2rOC","vQpO1"|\n</data></match></read>
<read echo="ascii"><delim>\n</delim><match><data>wLUf1X = |"vQpO1","2rOC","aqw","ZV8d8","WNT0S","yHE","jghsmKU","xWZ3zRjoGu"|\n</data></match></read>
<read echo="ascii"><delim>\n</delim><match><data>DUIuheo = |"nE9","2A1uEV","ba82","9J","wvcTQLF","IxD5X","a2xd2S6","lljEu","lqL3sL","PSt9Kvd"|\n</data></match></read>
<read echo="ascii"><delim>\n</delim><match><data>xzGiVB = |"ba82","wvcTQLF","IxD5X","lljEu","nE9","CMw0qIn3Xj"|\n</data></match></read>
<read echo="ascii"><delim>\n</delim><match><data>KrTyO = |"G9D7","xxaEOx","Y8rVIU","HZopdBj","rQES","EPfgZ8","bOlRVB0","8DS7rxq","Wys"|\n</data></match></read>
<read echo="ascii"><delim>\n</delim><match><data>HOgcAw = |"bOlRVB0","rQES","EPfgZ8","HZopdBj","8DS7rxq","xxaEOx","Y8rVIU"|\n</data></match></read>
<read echo="ascii"><delim>\n</delim><match><data>FtgPS0R = ||\n</data></match></read>
<read echo="ascii"><delim>\n</delim><match><data>p2tv0c = ||\n</data></match></read>
<read echo="ascii"><delim>\n</delim><match><data>1nD8m = |"jmu7VDU","OpuMTs","lPkVn4","yt","QQj","0rGRp","njkvey"|\n</data></match></read>
<read echo="ascii"><delim>\n</delim><match><data>kyy9Sd = |"jmu7VDU","OpuMTs","lPkVn4","yt","QQj","0rGRp","njkvey","ba82","wvcTQLF","IxD5X","lljEu","nE9","CMw0qIn3Xj"|\n</data></match></read>
<read echo="ascii"><delim>\n</delim><match><data>PvOt0Hi = |"vQpO1","2rOC","aqw","ZV8d8","WNT0S","yHE","jghsmKU","xWZ3zRjoGu","bOlRVB0","rQES","EPfgZ8","HZopdBj","8DS7rxq","xxaEOx","Y8rVIU"|\n</data></match></read>
<read echo="ascii"><delim>\n</delim><match><data>8gDUSH9 = |"vQpO1","2rOC","aqw","ZV8d8","WNT0S","yHE","jghsmKU","xWZ3zRjoGu","jmu7VDU","OpuMTs","lPkVn4","yt","QQj","0rGRp","njkvey"|\n</data></match></read>
<read echo="ascii"><delim>\n</delim><match><data>bw2BnU = ||\n</data></match></read>
<read echo="ascii"><delim>\n</delim><match><data>4JuYVfd = |"ZV8d8","aqw","yHE","WJYcgw","hZddmeG","jghsmKU","WNT0S","2rOC","vQpO1"|\n</data></match></read>
		<read echo="ascii"><delim> </delim><match><data>\x3E </data></match></read>
		<write echo="ascii"><data>.l\n</data></write>
	</replay>
</pov>
