<?xml version="1.0" standalone="no" ?>
<!DOCTYPE pov SYSTEM "/usr/share/cgc-docs/replay.dtd"><pov>
	<cbid>CROMU_00011</cbid>
	<replay>
		<read echo="ascii"><delim> </delim><match><data>\x3E </data></match></read>
		<write echo="ascii"><data>cHH4cgP = |"6gmKgf","Dsj"|~|"zWHPBY","gx4"|\n</data></write>
		<read echo="ascii"><delim> </delim><match><data>\x3E </data></match></read>
		<write echo="ascii"><data>oJslwpa = |"jekMDu","TlZnNkr","Xh"|~|"OMv"|\n</data></write>
		<read echo="ascii"><delim> </delim><match><data>\x3E </data></match></read>
		<write echo="ascii"><data>c5wIQX = cHH4cgP + oJslwpa\n</data></write>
		<read echo="ascii"><delim> </delim><match><data>\x3E </data></match></read>
		<write echo="ascii"><data>XeUl1oo = |"PZ0","xWpYt","4S8uK","6Npquk"|+|"7K","r0u","4IwmQP","4BFgx3","lEUkD","DyYF","da"|\n</data></write>
		<read echo="ascii"><delim> </delim><match><data>\x3E </data></match></read>
		<write echo="ascii"><data>DbSWa = cHH4cgP ~ cHH4cgP\n</data></write>
		<read echo="ascii"><delim> </delim><match><data>\x3E </data></match></read>
		<write echo="ascii"><data>dScJW = |"B2R","b1D1Sf8"|+|"cwL0qk","bs","b1D1Sf8","RBP6T","A","Fc7"|\n</data></write>
		<read echo="ascii"><delim> </delim><match><data>\x3E </data></match></read>
		<write echo="ascii"><data>EDEQxR4b5V = DbSWa ^ XeUl1oo\n</data></write>
		<read echo="ascii"><delim> </delim><match><data>\x3E </data></match></read>
		<write echo="ascii"><data>qiIWO3a = |"o46FPe","S","BpuXv7p","1lqvgi5","KYo"|+|"Z","zpkGh","1lqvgi5","RxM2ax","o4EIO"|\n</data></write>
		<read echo="ascii"><delim> </delim><match><data>\x3E </data></match></read>
		<write echo="ascii"><data>KfF8w = c5wIQX + EDEQxR4b5V\n</data></write>
		<read echo="ascii"><delim> </delim><match><data>\x3E </data></match></read>
		<write echo="ascii"><data>im3D6r = |"y9pkW","XO6csK","BMuX8"|^|"Gwr","rY3MrF","5rK","dL","Y2oOEM","paOD"|\n</data></write>
		<read echo="ascii"><delim> </delim><match><data>\x3E </data></match></read>
		<write echo="ascii"><data>BKrrygpF = EDEQxR4b5V ^ qiIWO3a\n</data></write>
		<read echo="ascii"><delim> </delim><match><data>\x3E </data></match></read>
		<write echo="ascii"><data>hpA8YB = |"af3dL","zrx4","bT5D","7HV","f7sT"|^|"JymV6","zrx4"|\n</data></write>
		<read echo="ascii"><delim> </delim><match><data>\x3E </data></match></read>
		<write echo="ascii"><data>pjLxTZ = DbSWa - c5wIQX\n</data></write>
		<read echo="ascii"><delim> </delim><match><data>\x3E </data></match></read>
		<write echo="ascii"><data>Fu4x2l = oJslwpa ~ pjLxTZ\n</data></write>
		<read echo="ascii"><delim> </delim><match><data>\x3E </data></match></read>
		<write echo="ascii"><data>.p\n</data></write>
<read echo="ascii"><delim>\n</delim><match><data>cHH4cgP = |"6gmKgf","Dsj","zWHPBY","gx4"|\n</data></match></read>
<read echo="ascii"><delim>\n</delim><match><data>oJslwpa = |"jekMDu","TlZnNkr","Xh","OMv"|\n</data></match></read>
<read echo="ascii"><delim>\n</delim><match><data>c5wIQX = |"6gmKgf","Dsj","zWHPBY","gx4","jekMDu","TlZnNkr","Xh","OMv"|\n</data></match></read>
<read echo="ascii"><delim>\n</delim><match><data>XeUl1oo = |"PZ0","xWpYt","4S8uK","6Npquk","7K","r0u","4IwmQP","4BFgx3","lEUkD","DyYF","da"|\n</data></match></read>
<read echo="ascii"><delim>\n</delim><match><data>DbSWa = ||\n</data></match></read>
<read echo="ascii"><delim>\n</delim><match><data>dScJW = |"B2R","b1D1Sf8","cwL0qk","bs","RBP6T","A","Fc7"|\n</data></match></read>
<read echo="ascii"><delim>\n</delim><match><data>EDEQxR4b5V = ||\n</data></match></read>
<read echo="ascii"><delim>\n</delim><match><data>qiIWO3a = |"o46FPe","S","BpuXv7p","1lqvgi5","KYo","Z","zpkGh","RxM2ax","o4EIO"|\n</data></match></read>
<read echo="ascii"><delim>\n</delim><match><data>KfF8w = |"6gmKgf","Dsj","zWHPBY","gx4","jekMDu","TlZnNkr","Xh","OMv"|\n</data></match></read>
<read echo="ascii"><delim>\n</delim><match><data>im3D6r = ||\n</data></match></read>
<read echo="ascii"><delim>\n</delim><match><data>BKrrygpF = ||\n</data></match></read>
<read echo="ascii"><delim>\n</delim><match><data>hpA8YB = |"zrx4"|\n</data></match></read>
<read echo="ascii"><delim>\n</delim><match><data>pjLxTZ = ||\n</data></match></read>
<read echo="ascii"><delim>\n</delim><match><data>Fu4x2l = |"jekMDu","TlZnNkr","Xh","OMv"|\n</data></match></read>
		<read echo="ascii"><delim> </delim><match><data>\x3E </data></match></read>
		<write echo="ascii"><data>.l\n</data></write>
	</replay>
</pov>
