<?xml version="1.0" standalone="no" ?>
<!DOCTYPE pov SYSTEM "/usr/share/cgc-docs/replay.dtd"><pov>
	<cbid>CROMU_00011</cbid>
	<replay>
		<read echo="ascii"><delim> </delim><match><data>\x3E </data></match></read>
		<write echo="ascii"><data>6FiONrC = |"siUtI","f","cJJs1","NMp","LcuYa8H","j2LOHy"|-|"JbOaB","B4zeUX","07gq","HcaW","LcuYa8H","lUYz9"|\n</data></write>
		<read echo="ascii"><delim> </delim><match><data>\x3E </data></match></read>
		<write echo="ascii"><data>2kbP4xv = 6FiONrC + 6FiONrC\n</data></write>
		<read echo="ascii"><delim> </delim><match><data>\x3E </data></match></read>
		<write echo="ascii"><data>3PE82dh = 6FiONrC ~ 6FiONrC\n</data></write>
		<read echo="ascii"><delim> </delim><match><data>\x3E </data></match></read>
		<write echo="ascii"><data>y0TTsA = 6FiONrC + 3PE82dh\n</data></write>
		<read echo="ascii"><delim> </delim><match><data>\x3E </data></match></read>
		<write echo="ascii"><data>v8jmzMr = |"xRi","0","P","O1K"|+|"D"|\n</data></write>
		<read echo="ascii"><delim> </delim><match><data>\x3E </data></match></read>
		<write echo="ascii"><data>dkPRv = |"R","4r","neB","6JN","4o","7"|-|"4zFc2Cy","3qM","ujf8r","4o","IvbBc","6JN"|\n</data></write>
		<read echo="ascii"><delim> </delim><match><data>\x3E </data></match></read>
		<write echo="ascii"><data>iuyMMtJ = y0TTsA - dkPRv\n</data></write>
		<read echo="ascii"><delim> </delim><match><data>\x3E </data></match></read>
		<write echo="ascii"><data>mgtLegX = y0TTsA + 6FiONrC\n</data></write>
		<read echo="ascii"><delim> </delim><match><data>\x3E </data></match></read>
		<write echo="ascii"><data>YFJurd = 2kbP4xv ~ mgtLegX\n</data></write>
		<read echo="ascii"><delim> </delim><match><data>\x3E </data></match></read>
		<write echo="ascii"><data>sMDENNk = |"pgK","Buit","WlKFzib","wI6eY5"|-|"wI6eY5","I","F3K","kwYxunN"|\n</data></write>
		<read echo="ascii"><delim> </delim><match><data>\x3E </data></match></read>
		<write echo="ascii"><data>0iW28tN = |"CTuP1","zi","VsmnAQ","irw0","Dft","khX","Vt8e2Ff"|^|"9AfTE"|\n</data></write>
		<read echo="ascii"><delim> </delim><match><data>\x3E </data></match></read>
		<write echo="ascii"><data>SxwLUlD = |"Imh","YsfH"|^|"3pPnT6I","jDPU","k5swVaD","7KGTRfr","4tcqN","QHH05B","ec"|\n</data></write>
		<read echo="ascii"><delim> </delim><match><data>\x3E </data></match></read>
		<write echo="ascii"><data>.p\n</data></write>
<read echo="ascii"><delim>\n</delim><match><data>6FiONrC = |"siUtI","f","cJJs1","NMp","j2LOHy"|\n</data></match></read>
<read echo="ascii"><delim>\n</delim><match><data>2kbP4xv = |"siUtI","f","cJJs1","NMp","j2LOHy"|\n</data></match></read>
<read echo="ascii"><delim>\n</delim><match><data>3PE82dh = ||\n</data></match></read>
<read echo="ascii"><delim>\n</delim><match><data>y0TTsA = |"siUtI","f","cJJs1","NMp","j2LOHy"|\n</data></match></read>
<read echo="ascii"><delim>\n</delim><match><data>v8jmzMr = |"xRi","0","P","O1K","D"|\n</data></match></read>
<read echo="ascii"><delim>\n</delim><match><data>dkPRv = |"R","4r","neB","7"|\n</data></match></read>
<read echo="ascii"><delim>\n</delim><match><data>iuyMMtJ = |"siUtI","f","cJJs1","NMp","j2LOHy"|\n</data></match></read>
<read echo="ascii"><delim>\n</delim><match><data>mgtLegX = |"siUtI","f","cJJs1","NMp","j2LOHy"|\n</data></match></read>
<read echo="ascii"><delim>\n</delim><match><data>YFJurd = ||\n</data></match></read>
<read echo="ascii"><delim>\n</delim><match><data>sMDENNk = |"pgK","Buit","WlKFzib"|\n</data></match></read>
<read echo="ascii"><delim>\n</delim><match><data>0iW28tN = ||\n</data></match></read>
<read echo="ascii"><delim>\n</delim><match><data>SxwLUlD = ||\n</data></match></read>
		<read echo="ascii"><delim> </delim><match><data>\x3E </data></match></read>
		<write echo="ascii"><data>.l\n</data></write>
	</replay>
</pov>
