<?xml version="1.0" standalone="no" ?>
<!DOCTYPE pov SYSTEM "/usr/share/cgc-docs/replay.dtd"><pov>
	<cbid>CROMU_00011</cbid>
	<replay>
		<read echo="ascii"><delim> </delim><match><data>\x3E </data></match></read>
		<write echo="ascii"><data>0FiIa = |"1","jQ9Ep","Eofq4df","4sQR","fapVC8k"|-|"rfLsxF","J","yxRTaL5","U1YYpW","1"|\n</data></write>
		<read echo="ascii"><delim> </delim><match><data>\x3E </data></match></read>
		<write echo="ascii"><data>SunHMQC = |"Xlg"|^|"L2Ao","GPLc","hrqG","UjIzw"|\n</data></write>
		<read echo="ascii"><delim> </delim><match><data>\x3E </data></match></read>
		<write echo="ascii"><data>tIfvfz = 0FiIa - 0FiIa\n</data></write>
		<read echo="ascii"><delim> </delim><match><data>\x3E </data></match></read>
		<write echo="ascii"><data>4FEAXYak2 = 0FiIa ^ 0FiIa\n</data></write>
		<read echo="ascii"><delim> </delim><match><data>\x3E </data></match></read>
		<write echo="ascii"><data>QmfRF = 0FiIa + 0FiIa\n</data></write>
		<read echo="ascii"><delim> </delim><match><data>\x3E </data></match></read>
		<write echo="ascii"><data>Av0mqi7 = |"y","qIQGHQ"|~|"qIQGHQ"|\n</data></write>
		<read echo="ascii"><delim> </delim><match><data>\x3E </data></match></read>
		<write echo="ascii"><data>MQiGoBq = |"uRDnPBY"|~|"ZRuy7","eSigW"|\n</data></write>
		<read echo="ascii"><delim> </delim><match><data>\x3E </data></match></read>
		<write echo="ascii"><data>AG5gr = 0FiIa ~ SunHMQC\n</data></write>
		<read echo="ascii"><delim> </delim><match><data>\x3E </data></match></read>
		<write echo="ascii"><data>4qIZxJR = Av0mqi7 - QmfRF\n</data></write>
		<read echo="ascii"><delim> </delim><match><data>\x3E </data></match></read>
		<write echo="ascii"><data>m5L4u = |"YvD30","h41nBrY","wR"|+|"vv"|\n</data></write>
		<read echo="ascii"><delim> </delim><match><data>\x3E </data></match></read>
		<write echo="ascii"><data>1lpHonz5 = m5L4u ^ QmfRF\n</data></write>
		<read echo="ascii"><delim> </delim><match><data>\x3E </data></match></read>
		<write echo="ascii"><data>IbQyb4 = |"y8VURL","6PZek","jOvwN","yZxpTI"|^|"jOvwN","y8VURL","im","71k"|\n</data></write>
		<read echo="ascii"><delim> </delim><match><data>\x3E </data></match></read>
		<write echo="ascii"><data>.p\n</data></write>
<read echo="ascii"><delim>\n</delim><match><data>0FiIa = |"jQ9Ep","Eofq4df","4sQR","fapVC8k"|\n</data></match></read>
<read echo="ascii"><delim>\n</delim><match><data>SunHMQC = ||\n</data></match></read>
<read echo="ascii"><delim>\n</delim><match><data>tIfvfz = ||\n</data></match></read>
<read echo="ascii"><delim>\n</delim><match><data>4FEAXYak2 = |"jQ9Ep","Eofq4df","4sQR","fapVC8k"|\n</data></match></read>
<read echo="ascii"><delim>\n</delim><match><data>QmfRF = |"jQ9Ep","Eofq4df","4sQR","fapVC8k"|\n</data></match></read>
<read echo="ascii"><delim>\n</delim><match><data>Av0mqi7 = |"y"|\n</data></match></read>
<read echo="ascii"><delim>\n</delim><match><data>MQiGoBq = |"uRDnPBY","ZRuy7","eSigW"|\n</data></match></read>
<read echo="ascii"><delim>\n</delim><match><data>AG5gr = |"jQ9Ep","Eofq4df","4sQR","fapVC8k"|\n</data></match></read>
<read echo="ascii"><delim>\n</delim><match><data>4qIZxJR = |"y"|\n</data></match></read>
<read echo="ascii"><delim>\n</delim><match><data>m5L4u = |"YvD30","h41nBrY","wR","vv"|\n</data></match></read>
<read echo="ascii"><delim>\n</delim><match><data>1lpHonz5 = ||\n</data></match></read>
<read echo="ascii"><delim>\n</delim><match><data>IbQyb4 = |"y8VURL","jOvwN"|\n</data></match></read>
		<read echo="ascii"><delim> </delim><match><data>\x3E </data></match></read>
		<write echo="ascii"><data>.l\n</data></write>
	</replay>
</pov>
