<?xml version="1.0" standalone="no" ?>
<!DOCTYPE pov SYSTEM "/usr/share/cgc-docs/replay.dtd"><pov>
	<cbid>CROMU_00011</cbid>
	<replay>
		<read echo="ascii"><delim> </delim><match><data>\x3E </data></match></read>
		<write echo="ascii"><data>FZkqYkb = |"IYfLjuA","bclezu","KEEnSC","FnJWR"|-|"6yQ","DjkYC","xN","jOEl","IYfLjuA","PvO","1JAb6z"|\n</data></write>
		<read echo="ascii"><delim> </delim><match><data>\x3E </data></match></read>
		<write echo="ascii"><data>vylbIyu = |"kskeMs","R2bdr","Js3rF"|-|"C","ZbYPlzg","WvOXt"|\n</data></write>
		<read echo="ascii"><delim> </delim><match><data>\x3E </data></match></read>
		<write echo="ascii"><data>T0q6ygB = |"denU"|+|"S","6f","qtGe"|\n</data></write>
		<read echo="ascii"><delim> </delim><match><data>\x3E </data></match></read>
		<write echo="ascii"><data>eKKichd = |"xp9dmN","JeTE","fquE","l6","1hP"|~|"MjsD8"|\n</data></write>
		<read echo="ascii"><delim> </delim><match><data>\x3E </data></match></read>
		<write echo="ascii"><data>IJg0YZb = T0q6ygB ~ T0q6ygB\n</data></write>
		<read echo="ascii"><delim> </delim><match><data>\x3E </data></match></read>
		<write echo="ascii"><data>3yUqZoZ = vylbIyu ~ eKKichd\n</data></write>
		<read echo="ascii"><delim> </delim><match><data>\x3E </data></match></read>
		<write echo="ascii"><data>gnpAWxv = FZkqYkb + IJg0YZb\n</data></write>
		<read echo="ascii"><delim> </delim><match><data>\x3E </data></match></read>
		<write echo="ascii"><data>jrhf7g = |"CBF5zjS"|^|"Q7","hewRr","om","sYO","EUFDc"|\n</data></write>
		<read echo="ascii"><delim> </delim><match><data>\x3E </data></match></read>
		<write echo="ascii"><data>4HZf5k = |"DML7","Fge1","By","6XItG","xJR","qFv0hS"|~|"feTWLBW","wka","xJR"|\n</data></write>
		<read echo="ascii"><delim> </delim><match><data>\x3E </data></match></read>
		<write echo="ascii"><data>g2uoBIu = |"9rWUH","QBcA","jq","S5abip","rKNBc","aiaY"|+|"k","FP5IM","aiaY"|\n</data></write>
		<read echo="ascii"><delim> </delim><match><data>\x3E </data></match></read>
		<write echo="ascii"><data>ntA7oZ = |"ZuxA","O8Xe0Y"|^|"BN","YDEl0cO","GedeURx","HMZjVVu","HZ","dT4iL","Pjz8"|\n</data></write>
		<read echo="ascii"><delim> </delim><match><data>\x3E </data></match></read>
		<write echo="ascii"><data>t42OL72 = |"R3","rlZQ","s2Du5"|~|"R3","kO8","PF","jcNJ"|\n</data></write>
		<read echo="ascii"><delim> </delim><match><data>\x3E </data></match></read>
		<write echo="ascii"><data>GiiZiP = vylbIyu ~ 4HZf5k\n</data></write>
		<read echo="ascii"><delim> </delim><match><data>\x3E </data></match></read>
		<write echo="ascii"><data>.p\n</data></write>
<read echo="ascii"><delim>\n</delim><match><data>FZkqYkb = |"bclezu","KEEnSC","FnJWR"|\n</data></match></read>
<read echo="ascii"><delim>\n</delim><match><data>vylbIyu = |"kskeMs","R2bdr","Js3rF"|\n</data></match></read>
<read echo="ascii"><delim>\n</delim><match><data>T0q6ygB = |"denU","S","6f","qtGe"|\n</data></match></read>
<read echo="ascii"><delim>\n</delim><match><data>eKKichd = |"xp9dmN","JeTE","fquE","l6","1hP","MjsD8"|\n</data></match></read>
<read echo="ascii"><delim>\n</delim><match><data>IJg0YZb = ||\n</data></match></read>
<read echo="ascii"><delim>\n</delim><match><data>3yUqZoZ = |"kskeMs","R2bdr","Js3rF","xp9dmN","JeTE","fquE","l6","1hP","MjsD8"|\n</data></match></read>
<read echo="ascii"><delim>\n</delim><match><data>gnpAWxv = |"bclezu","KEEnSC","FnJWR"|\n</data></match></read>
<read echo="ascii"><delim>\n</delim><match><data>jrhf7g = ||\n</data></match></read>
<read echo="ascii"><delim>\n</delim><match><data>4HZf5k = |"DML7","Fge1","By","6XItG","qFv0hS","feTWLBW","wka"|\n</data></match></read>
<read echo="ascii"><delim>\n</delim><match><data>g2uoBIu = |"9rWUH","QBcA","jq","S5abip","rKNBc","aiaY","k","FP5IM"|\n</data></match></read>
<read echo="ascii"><delim>\n</delim><match><data>ntA7oZ = ||\n</data></match></read>
<read echo="ascii"><delim>\n</delim><match><data>t42OL72 = |"rlZQ","s2Du5","kO8","PF","jcNJ"|\n</data></match></read>
<read echo="ascii"><delim>\n</delim><match><data>GiiZiP = |"kskeMs","R2bdr","Js3rF","DML7","Fge1","By","6XItG","qFv0hS","feTWLBW","wka"|\n</data></match></read>
		<read echo="ascii"><delim> </delim><match><data>\x3E </data></match></read>
		<write echo="ascii"><data>.l\n</data></write>
	</replay>
</pov>
