<?xml version="1.0" standalone="no" ?>
<!DOCTYPE pov SYSTEM "/usr/share/cgc-docs/replay.dtd"><pov>
	<cbid>CROMU_00011</cbid>
	<replay>
		<read echo="ascii"><delim> </delim><match><data>\x3E </data></match></read>
		<write echo="ascii"><data>ivDfeK = |"yQu","G1tLndm","G7s","nE"|-|"G7s","hfIgoBU","OpcG","ZQl"|\n</data></write>
		<read echo="ascii"><delim> </delim><match><data>\x3E </data></match></read>
		<write echo="ascii"><data>a7AKMr = |"Ruh","WIZh","E5Vtwpy"|-|"gwDATKi","a4N","Ig2","Si","68FD2v","I"|\n</data></write>
		<read echo="ascii"><delim> </delim><match><data>\x3E </data></match></read>
		<write echo="ascii"><data>jRdbdXX = ivDfeK - a7AKMr\n</data></write>
		<read echo="ascii"><delim> </delim><match><data>\x3E </data></match></read>
		<write echo="ascii"><data>bnFQS = a7AKMr - ivDfeK\n</data></write>
		<read echo="ascii"><delim> </delim><match><data>\x3E </data></match></read>
		<write echo="ascii"><data>7XWRW7D = |"sge","wy","HE","4dRN","0Z","L8ts9","bbe"|~|"8elB"|\n</data></write>
		<read echo="ascii"><delim> </delim><match><data>\x3E </data></match></read>
		<write echo="ascii"><data>G8HJKE2 = |"gHO","2tRj","bu","5X","GlbL","2VSnY0"|+|"2tRj"|\n</data></write>
		<read echo="ascii"><delim> </delim><match><data>\x3E </data></match></read>
		<write echo="ascii"><data>6AGth = |"t5Q6HA","ycFIxJ","QgnNF","C77","WSo"|~|"fLidj","h","kLat","GKbjl","QgnNF","LiVmVnu","2"|\n</data></write>
		<read echo="ascii"><delim> </delim><match><data>\x3E </data></match></read>
		<write echo="ascii"><data>JEO5bqp = |"wGzCot","M74G","INe","7nlX9Nu"|~|"ITO"|\n</data></write>
		<read echo="ascii"><delim> </delim><match><data>\x3E </data></match></read>
		<write echo="ascii"><data>c99BwfN = JEO5bqp ~ jRdbdXX\n</data></write>
		<read echo="ascii"><delim> </delim><match><data>\x3E </data></match></read>
		<write echo="ascii"><data>enY3gW = a7AKMr - c99BwfN\n</data></write>
		<read echo="ascii"><delim> </delim><match><data>\x3E </data></match></read>
		<write echo="ascii"><data>.p\n</data></write>
<read echo="ascii"><delim>\n</delim><match><data>ivDfeK = |"yQu","G1tLndm","nE"|\n</data></match></read>
<read echo="ascii"><delim>\n</delim><match><data>a7AKMr = |"Ruh","WIZh","E5Vtwpy"|\n</data></match></read>
<read echo="ascii"><delim>\n</delim><match><data>jRdbdXX = |"yQu","G1tLndm","nE"|\n</data></match></read>
<read echo="ascii"><delim>\n</delim><match><data>bnFQS = |"Ruh","WIZh","E5Vtwpy"|\n</data></match></read>
<read echo="ascii"><delim>\n</delim><match><data>7XWRW7D = |"sge","wy","HE","4dRN","0Z","L8ts9","bbe","8elB"|\n</data></match></read>
<read echo="ascii"><delim>\n</delim><match><data>G8HJKE2 = |"gHO","2tRj","bu","5X","GlbL","2VSnY0"|\n</data></match></read>
<read echo="ascii"><delim>\n</delim><match><data>6AGth = |"t5Q6HA","ycFIxJ","C77","WSo","fLidj","h","kLat","GKbjl","LiVmVnu","2"|\n</data></match></read>
<read echo="ascii"><delim>\n</delim><match><data>JEO5bqp = |"wGzCot","M74G","INe","7nlX9Nu","ITO"|\n</data></match></read>
<read echo="ascii"><delim>\n</delim><match><data>c99BwfN = |"wGzCot","M74G","INe","7nlX9Nu","ITO","yQu","G1tLndm","nE"|\n</data></match></read>
<read echo="ascii"><delim>\n</delim><match><data>enY3gW = |"Ruh","WIZh","E5Vtwpy"|\n</data></match></read>
		<read echo="ascii"><delim> </delim><match><data>\x3E </data></match></read>
		<write echo="ascii"><data>.l\n</data></write>
	</replay>
</pov>
