<?xml version="1.0" standalone="no" ?>
<!DOCTYPE pov SYSTEM "/usr/share/cgc-docs/replay.dtd"><pov>
	<cbid>CROMU_00011</cbid>
	<replay>
		<read echo="ascii"><delim> </delim><match><data>\x3E </data></match></read>
		<write echo="ascii"><data>tuixe = |"kr8QlDN","7","RG"|-|"uu6Y","PI","RqTjC","tSJjs70","nUGrqhs","VP"|\n</data></write>
		<read echo="ascii"><delim> </delim><match><data>\x3E </data></match></read>
		<write echo="ascii"><data>sNgkLX = |"6anjS3"|~|"ft","6anjS3"|\n</data></write>
		<read echo="ascii"><delim> </delim><match><data>\x3E </data></match></read>
		<write echo="ascii"><data>Nuoij7dz = tuixe ^ tuixe\n</data></write>
		<read echo="ascii"><delim> </delim><match><data>\x3E </data></match></read>
		<write echo="ascii"><data>rUslg = |"vS34","WpnM","enl9","8e","76N","XIIMNK","4aRx"|-|"nZ","Uw","HS"|\n</data></write>
		<read echo="ascii"><delim> </delim><match><data>\x3E </data></match></read>
		<write echo="ascii"><data>pyVM07 = |"TBWeNZC"|~|"XTZaK3g","TBWeNZC","r"|\n</data></write>
		<read echo="ascii"><delim> </delim><match><data>\x3E </data></match></read>
		<write echo="ascii"><data>uD1Jcwt = sNgkLX + pyVM07\n</data></write>
		<read echo="ascii"><delim> </delim><match><data>\x3E </data></match></read>
		<write echo="ascii"><data>nylmlk = tuixe - pyVM07\n</data></write>
		<read echo="ascii"><delim> </delim><match><data>\x3E </data></match></read>
		<write echo="ascii"><data>oitsW = rUslg - Nuoij7dz\n</data></write>
		<read echo="ascii"><delim> </delim><match><data>\x3E </data></match></read>
		<write echo="ascii"><data>YrJFN = oitsW ~ nylmlk\n</data></write>
		<read echo="ascii"><delim> </delim><match><data>\x3E </data></match></read>
		<write echo="ascii"><data>JB0Zr9b = |"T5zFc","39z","L4yNLB8","Vq","T9X","HOpI"|+|"Y53N"|\n</data></write>
		<read echo="ascii"><delim> </delim><match><data>\x3E </data></match></read>
		<write echo="ascii"><data>oBMwSQa = |"rk","ERZbdxN","luBrA","IR","5Ix"|^|"0BZxjgi","ERZbdxN","QgKqzZ","LA","3rS9kf","luBrA","HY2B"|\n</data></write>
		<read echo="ascii"><delim> </delim><match><data>\x3E </data></match></read>
		<write echo="ascii"><data>.p\n</data></write>
<read echo="ascii"><delim>\n</delim><match><data>tuixe = |"kr8QlDN","7","RG"|\n</data></match></read>
<read echo="ascii"><delim>\n</delim><match><data>sNgkLX = |"ft"|\n</data></match></read>
<read echo="ascii"><delim>\n</delim><match><data>Nuoij7dz = |"kr8QlDN","7","RG"|\n</data></match></read>
<read echo="ascii"><delim>\n</delim><match><data>rUslg = |"vS34","WpnM","enl9","8e","76N","XIIMNK","4aRx"|\n</data></match></read>
<read echo="ascii"><delim>\n</delim><match><data>pyVM07 = |"XTZaK3g","r"|\n</data></match></read>
<read echo="ascii"><delim>\n</delim><match><data>uD1Jcwt = |"ft","XTZaK3g","r"|\n</data></match></read>
<read echo="ascii"><delim>\n</delim><match><data>nylmlk = |"kr8QlDN","7","RG"|\n</data></match></read>
<read echo="ascii"><delim>\n</delim><match><data>oitsW = |"vS34","WpnM","enl9","8e","76N","XIIMNK","4aRx"|\n</data></match></read>
<read echo="ascii"><delim>\n</delim><match><data>YrJFN = |"vS34","WpnM","enl9","8e","76N","XIIMNK","4aRx","kr8QlDN","7","RG"|\n</data></match></read>
<read echo="ascii"><delim>\n</delim><match><data>JB0Zr9b = |"T5zFc","39z","L4yNLB8","Vq","T9X","HOpI","Y53N"|\n</data></match></read>
<read echo="ascii"><delim>\n</delim><match><data>oBMwSQa = |"ERZbdxN","luBrA"|\n</data></match></read>
		<read echo="ascii"><delim> </delim><match><data>\x3E </data></match></read>
		<write echo="ascii"><data>.l\n</data></write>
	</replay>
</pov>
