<?xml version="1.0" standalone="no" ?>
<!DOCTYPE pov SYSTEM "/usr/share/cgc-docs/replay.dtd"><pov>
	<cbid>CROMU_00011</cbid>
	<replay>
		<read echo="ascii"><delim> </delim><match><data>\x3E </data></match></read>
		<write echo="ascii"><data>ivMkJaT = |"JONIs","8XSOGx","JcTAS"|^|"R4m6","JcTAS","0SsNNo"|\n</data></write>
		<read echo="ascii"><delim> </delim><match><data>\x3E </data></match></read>
		<write echo="ascii"><data>ksBVr = |"LmViNs"|^|"uRSS","LmViNs","pbSUoF","3T9"|\n</data></write>
		<read echo="ascii"><delim> </delim><match><data>\x3E </data></match></read>
		<write echo="ascii"><data>NPacSsj = ivMkJaT ~ ivMkJaT\n</data></write>
		<read echo="ascii"><delim> </delim><match><data>\x3E </data></match></read>
		<write echo="ascii"><data>Sp9B5YC = |"kvxwW","MhxYN","SgvC","lbzH","1IM","VC","GBV"|~|"WaNjMs","IfIB","lbzH","u8rCv"|\n</data></write>
		<read echo="ascii"><delim> </delim><match><data>\x3E </data></match></read>
		<write echo="ascii"><data>G6L96 = |"gU3i5bL","b5F","Uh6","3TR","UXCi","kqY","Ok"|\n</data></write>
		<read echo="ascii"><delim> </delim><match><data>\x3E </data></match></read>
		<write echo="ascii"><data>RHhyjah = |"gU3i5bL","Ok","kqY"|\n</data></write>
		<read echo="ascii"><delim> </delim><match><data>\x3E </data></match></read>
		<write echo="ascii"><data>RHhyjah@G6L96\n</data></write>
		<read echo="ascii"><delim>\n</delim><match><data>TRUE\n</data></match></read>
		<read echo="ascii"><delim> </delim><match><data>\x3E </data></match></read>
		<write echo="ascii"><data>u0xtWYa = RHhyjah - Sp9B5YC\n</data></write>
		<read echo="ascii"><delim> </delim><match><data>\x3E </data></match></read>
		<write echo="ascii"><data>lt1XC = G6L96 + ksBVr\n</data></write>
		<read echo="ascii"><delim> </delim><match><data>\x3E </data></match></read>
		<write echo="ascii"><data>EblCJ4 = |"1e","SrG","DEKt","Yno3","UOi9","izdv","6DHQ5","yPB"|\n</data></write>
		<read echo="ascii"><delim> </delim><match><data>\x3E </data></match></read>
		<write echo="ascii"><data>Yy0fxII = |"yPB","SrG","H1FyeYc5SI"|\n</data></write>
		<read echo="ascii"><delim> </delim><match><data>\x3E </data></match></read>
		<write echo="ascii"><data>Yy0fxII@EblCJ4\n</data></write>
		<read echo="ascii"><delim>\n</delim><match><data>FALSE\n</data></match></read>
		<read echo="ascii"><delim> </delim><match><data>\x3E </data></match></read>
		<write echo="ascii"><data>qR01gT = |"reE","n","sAJ","feZVf7","LcDom7r","NJI"|+|"sAJ","reE"|\n</data></write>
		<read echo="ascii"><delim> </delim><match><data>\x3E </data></match></read>
		<write echo="ascii"><data>inFWF = EblCJ4 + EblCJ4\n</data></write>
		<read echo="ascii"><delim> </delim><match><data>\x3E </data></match></read>
		<write echo="ascii"><data>qwywllY = |"HLkNI","4s","JZnKlr2"|^|"5Or","rCyTe","pQ"|\n</data></write>
		<read echo="ascii"><delim> </delim><match><data>\x3E </data></match></read>
		<write echo="ascii"><data>.p\n</data></write>
<read echo="ascii"><delim>\n</delim><match><data>ivMkJaT = |"JcTAS"|\n</data></match></read>
<read echo="ascii"><delim>\n</delim><match><data>ksBVr = |"LmViNs"|\n</data></match></read>
<read echo="ascii"><delim>\n</delim><match><data>NPacSsj = ||\n</data></match></read>
<read echo="ascii"><delim>\n</delim><match><data>Sp9B5YC = |"kvxwW","MhxYN","SgvC","1IM","VC","GBV","WaNjMs","IfIB","u8rCv"|\n</data></match></read>
<read echo="ascii"><delim>\n</delim><match><data>G6L96 = |"gU3i5bL","b5F","Uh6","3TR","UXCi","kqY","Ok"|\n</data></match></read>
<read echo="ascii"><delim>\n</delim><match><data>RHhyjah = |"gU3i5bL","Ok","kqY"|\n</data></match></read>
<read echo="ascii"><delim>\n</delim><match><data>u0xtWYa = |"gU3i5bL","Ok","kqY"|\n</data></match></read>
<read echo="ascii"><delim>\n</delim><match><data>lt1XC = |"gU3i5bL","b5F","Uh6","3TR","UXCi","kqY","Ok","LmViNs"|\n</data></match></read>
<read echo="ascii"><delim>\n</delim><match><data>EblCJ4 = |"1e","SrG","DEKt","Yno3","UOi9","izdv","6DHQ5","yPB"|\n</data></match></read>
<read echo="ascii"><delim>\n</delim><match><data>Yy0fxII = |"yPB","SrG","H1FyeYc5SI"|\n</data></match></read>
<read echo="ascii"><delim>\n</delim><match><data>qR01gT = |"reE","n","sAJ","feZVf7","LcDom7r","NJI"|\n</data></match></read>
<read echo="ascii"><delim>\n</delim><match><data>inFWF = |"1e","SrG","DEKt","Yno3","UOi9","izdv","6DHQ5","yPB"|\n</data></match></read>
<read echo="ascii"><delim>\n</delim><match><data>qwywllY = ||\n</data></match></read>
		<read echo="ascii"><delim> </delim><match><data>\x3E </data></match></read>
		<write echo="ascii"><data>.l\n</data></write>
	</replay>
</pov>
