<?xml version="1.0" standalone="no" ?>
<!DOCTYPE pov SYSTEM "/usr/share/cgc-docs/replay.dtd"><pov>
	<cbid>CROMU_00011</cbid>
	<replay>
		<read echo="ascii"><delim> </delim><match><data>\x3E </data></match></read>
		<write echo="ascii"><data>ha7MuZm = |"OvZ","05kwn","weUmUXn","Tf","Ebnt55","pXeel"|~|"pXeel","3","Tf","CopeEfL"|\n</data></write>
		<read echo="ascii"><delim> </delim><match><data>\x3E </data></match></read>
		<write echo="ascii"><data>g3eZAr = |"6c","Oc9Se","8","uedga","r6sSfy","aVC"|~|"aVC","Ze"|\n</data></write>
		<read echo="ascii"><delim> </delim><match><data>\x3E </data></match></read>
		<write echo="ascii"><data>iOHSAH = |"h3P","JX5AX","MFa4jc","ETme","NIzz","ywudx"|^|"ywudx","0p8nI9","ge","NIzz","a2woVc","7tp","YCZ3"|\n</data></write>
		<read echo="ascii"><delim> </delim><match><data>\x3E </data></match></read>
		<write echo="ascii"><data>H3Jfk5 = g3eZAr + ha7MuZm\n</data></write>
		<read echo="ascii"><delim> </delim><match><data>\x3E </data></match></read>
		<write echo="ascii"><data>bPqmm = |"gF3aLFa","VChuW4","daZYp","pOIw8E4","u36yM4","REo","DXs","r87H"|\n</data></write>
		<read echo="ascii"><delim> </delim><match><data>\x3E </data></match></read>
		<write echo="ascii"><data>iwYHyn = |"r87H","VChuW4","gF3aLFa","u36yM4","REo","pOIw8E4"|\n</data></write>
		<read echo="ascii"><delim> </delim><match><data>\x3E </data></match></read>
		<write echo="ascii"><data>iwYHyn@bPqmm\n</data></write>
		<read echo="ascii"><delim>\n</delim><match><data>TRUE\n</data></match></read>
		<read echo="ascii"><delim> </delim><match><data>\x3E </data></match></read>
		<write echo="ascii"><data>ZNCIdtg = |"Yue","Np4","jVKG","u"|~|"PH9ag","p1M","og2GR"|\n</data></write>
		<read echo="ascii"><delim> </delim><match><data>\x3E </data></match></read>
		<write echo="ascii"><data>ezMIpdh = H3Jfk5 - H3Jfk5\n</data></write>
		<read echo="ascii"><delim> </delim><match><data>\x3E </data></match></read>
		<write echo="ascii"><data>ryKeXf8 = bPqmm - ZNCIdtg\n</data></write>
		<read echo="ascii"><delim> </delim><match><data>\x3E </data></match></read>
		<write echo="ascii"><data>2jSNbh = iOHSAH + ezMIpdh\n</data></write>
		<read echo="ascii"><delim> </delim><match><data>\x3E </data></match></read>
		<write echo="ascii"><data>XC60w = |"eR","DRQ","v0","K"|~|"eP","Y","N65nQ"|\n</data></write>
		<read echo="ascii"><delim> </delim><match><data>\x3E </data></match></read>
		<write echo="ascii"><data>SMDQDU = g3eZAr ^ bPqmm\n</data></write>
		<read echo="ascii"><delim> </delim><match><data>\x3E </data></match></read>
		<write echo="ascii"><data>CJ3dQqC = ezMIpdh + 2jSNbh\n</data></write>
		<read echo="ascii"><delim> </delim><match><data>\x3E </data></match></read>
		<write echo="ascii"><data>Xhszokq = iOHSAH - SMDQDU\n</data></write>
		<read echo="ascii"><delim> </delim><match><data>\x3E </data></match></read>
		<write echo="ascii"><data>yVBYOp = |"pndTl","JoCOT","Xv","bgi3Wc","oS","3i1YOS5","1wVZQaq"|-|"aqa78Vj","es","55og","aIU6a","J3","1wVZQaq","Xv"|\n</data></write>
		<read echo="ascii"><delim> </delim><match><data>\x3E </data></match></read>
		<write echo="ascii"><data>ucFMVX = |"5h3","vvKqLUE","wcJLC","nNg","Evcr7"|^|"GFAERhg","xl","Evcr7","HTjLg","nNg"|\n</data></write>
		<read echo="ascii"><delim> </delim><match><data>\x3E </data></match></read>
		<write echo="ascii"><data>.p\n</data></write>
<read echo="ascii"><delim>\n</delim><match><data>ha7MuZm = |"OvZ","05kwn","weUmUXn","Ebnt55","3","CopeEfL"|\n</data></match></read>
<read echo="ascii"><delim>\n</delim><match><data>g3eZAr = |"6c","Oc9Se","8","uedga","r6sSfy","Ze"|\n</data></match></read>
<read echo="ascii"><delim>\n</delim><match><data>iOHSAH = |"NIzz","ywudx"|\n</data></match></read>
<read echo="ascii"><delim>\n</delim><match><data>H3Jfk5 = |"6c","Oc9Se","8","uedga","r6sSfy","Ze","OvZ","05kwn","weUmUXn","Ebnt55","3","CopeEfL"|\n</data></match></read>
<read echo="ascii"><delim>\n</delim><match><data>bPqmm = |"gF3aLFa","VChuW4","daZYp","pOIw8E4","u36yM4","REo","DXs","r87H"|\n</data></match></read>
<read echo="ascii"><delim>\n</delim><match><data>iwYHyn = |"r87H","VChuW4","gF3aLFa","u36yM4","REo","pOIw8E4"|\n</data></match></read>
<read echo="ascii"><delim>\n</delim><match><data>ZNCIdtg = |"Yue","Np4","jVKG","u","PH9ag","p1M","og2GR"|\n</data></match></read>
<read echo="ascii"><delim>\n</delim><match><data>ezMIpdh = ||\n</data></match></read>
<read echo="ascii"><delim>\n</delim><match><data>ryKeXf8 = |"gF3aLFa","VChuW4","daZYp","pOIw8E4","u36yM4","REo","DXs","r87H"|\n</data></match></read>
<read echo="ascii"><delim>\n</delim><match><data>2jSNbh = |"NIzz","ywudx"|\n</data></match></read>
<read echo="ascii"><delim>\n</delim><match><data>XC60w = |"eR","DRQ","v0","K","eP","Y","N65nQ"|\n</data></match></read>
<read echo="ascii"><delim>\n</delim><match><data>SMDQDU = ||\n</data></match></read>
<read echo="ascii"><delim>\n</delim><match><data>CJ3dQqC = |"NIzz","ywudx"|\n</data></match></read>
<read echo="ascii"><delim>\n</delim><match><data>Xhszokq = |"NIzz","ywudx"|\n</data></match></read>
<read echo="ascii"><delim>\n</delim><match><data>yVBYOp = |"pndTl","JoCOT","bgi3Wc","oS","3i1YOS5"|\n</data></match></read>
<read echo="ascii"><delim>\n</delim><match><data>ucFMVX = |"nNg","Evcr7"|\n</data></match></read>
		<read echo="ascii"><delim> </delim><match><data>\x3E </data></match></read>
		<write echo="ascii"><data>.l\n</data></write>
	</replay>
</pov>
