<?xml version="1.0" standalone="no" ?>
<!DOCTYPE pov SYSTEM "/usr/share/cgc-docs/replay.dtd"><pov>
	<cbid>CROMU_00011</cbid>
	<replay>
		<read echo="ascii"><delim> </delim><match><data>\x3E </data></match></read>
		<write echo="ascii"><data>OTJz08 = |"BjB6","hi9R4","l3","lxYuZN7","9wY","YU","1Njrg4"|~|"aCW","RgiK1"|\n</data></write>
		<read echo="ascii"><delim> </delim><match><data>\x3E </data></match></read>
		<write echo="ascii"><data>e06Wg = |"7Y7e","R87","xT","J","Hjqa","Nwoq","F"|~|"mZBn","8D","3","sX227h","G8pvl","odIZa","vS"|\n</data></write>
		<read echo="ascii"><delim> </delim><match><data>\x3E </data></match></read>
		<write echo="ascii"><data>strndFO = OTJz08 - e06Wg\n</data></write>
		<read echo="ascii"><delim> </delim><match><data>\x3E </data></match></read>
		<write echo="ascii"><data>IvgjHjM = |"Lwcg2","IQzZI","aQL7SmQ","qE5s","QkT"|-|"rw6v","T","8","y","XGr","55e1"|\n</data></write>
		<read echo="ascii"><delim> </delim><match><data>\x3E </data></match></read>
		<write echo="ascii"><data>d0vOdn = |"WoKLkC","8duTpum","11iM21o","pJJzVFj","DRXzoV"|-|"by4s","yPt","lpHBRVH","Lj","DRXzoV"|\n</data></write>
		<read echo="ascii"><delim> </delim><match><data>\x3E </data></match></read>
		<write echo="ascii"><data>I5Q0Bwu = IvgjHjM - OTJz08\n</data></write>
		<read echo="ascii"><delim> </delim><match><data>\x3E </data></match></read>
		<write echo="ascii"><data>GbMuJgd = |"lNxBNg","bDM","oT59xz","MsY8M1h"|^|"no"|\n</data></write>
		<read echo="ascii"><delim> </delim><match><data>\x3E </data></match></read>
		<write echo="ascii"><data>HxKHFl = |"fnb","NP","hQ7X","bDQqAph","sVpO"|~|"Sx","BaFIXKO","mWYy"|\n</data></write>
		<read echo="ascii"><delim> </delim><match><data>\x3E </data></match></read>
		<write echo="ascii"><data>rpEjwQI = |"b5hy","gLguP","CsopmKN","cxJI"|-|"b5hy","WcEvgB","CsopmKN","Ak","T73BeS"|\n</data></write>
		<read echo="ascii"><delim> </delim><match><data>\x3E </data></match></read>
		<write echo="ascii"><data>.p\n</data></write>
<read echo="ascii"><delim>\n</delim><match><data>OTJz08 = |"BjB6","hi9R4","l3","lxYuZN7","9wY","YU","1Njrg4","aCW","RgiK1"|\n</data></match></read>
<read echo="ascii"><delim>\n</delim><match><data>e06Wg = |"7Y7e","R87","xT","J","Hjqa","Nwoq","F","mZBn","8D","3","sX227h","G8pvl","odIZa","vS"|\n</data></match></read>
<read echo="ascii"><delim>\n</delim><match><data>strndFO = |"BjB6","hi9R4","l3","lxYuZN7","9wY","YU","1Njrg4","aCW","RgiK1"|\n</data></match></read>
<read echo="ascii"><delim>\n</delim><match><data>IvgjHjM = |"Lwcg2","IQzZI","aQL7SmQ","qE5s","QkT"|\n</data></match></read>
<read echo="ascii"><delim>\n</delim><match><data>d0vOdn = |"WoKLkC","8duTpum","11iM21o","pJJzVFj"|\n</data></match></read>
<read echo="ascii"><delim>\n</delim><match><data>I5Q0Bwu = |"Lwcg2","IQzZI","aQL7SmQ","qE5s","QkT"|\n</data></match></read>
<read echo="ascii"><delim>\n</delim><match><data>GbMuJgd = ||\n</data></match></read>
<read echo="ascii"><delim>\n</delim><match><data>HxKHFl = |"fnb","NP","hQ7X","bDQqAph","sVpO","Sx","BaFIXKO","mWYy"|\n</data></match></read>
<read echo="ascii"><delim>\n</delim><match><data>rpEjwQI = |"gLguP","cxJI"|\n</data></match></read>
		<read echo="ascii"><delim> </delim><match><data>\x3E </data></match></read>
		<write echo="ascii"><data>.l\n</data></write>
	</replay>
</pov>
