<?xml version="1.0" standalone="no" ?>
<!DOCTYPE pov SYSTEM "/usr/share/cgc-docs/replay.dtd"><pov>
	<cbid>CROMU_00011</cbid>
	<replay>
		<read echo="ascii"><delim> </delim><match><data>\x3E </data></match></read>
		<write echo="ascii"><data>WG4kKP = |"PUyEaHv"|+|"f","As"|\n</data></write>
		<read echo="ascii"><delim> </delim><match><data>\x3E </data></match></read>
		<write echo="ascii"><data>PKvDlFT = |"f0","ig1t6m","ccIHf","KN","lfeY8mC"|^|"2SC4Sh","3oiea7R","1uTY","ZKspZb","ccIHf","qpEo8GA","n0"|\n</data></write>
		<read echo="ascii"><delim> </delim><match><data>\x3E </data></match></read>
		<write echo="ascii"><data>vxod4 = |"7EGJ","Qd1","jEwyME","5oC2LfE","7MODAQ","A1CprX","ZZ0jKA","H0JSTP"|\n</data></write>
		<read echo="ascii"><delim> </delim><match><data>\x3E </data></match></read>
		<write echo="ascii"><data>eXNVO = |"ZZ0jKA"|\n</data></write>
		<read echo="ascii"><delim> </delim><match><data>\x3E </data></match></read>
		<write echo="ascii"><data>eXNVO@vxod4\n</data></write>
		<read echo="ascii"><delim>\n</delim><match><data>TRUE\n</data></match></read>
		<read echo="ascii"><delim> </delim><match><data>\x3E </data></match></read>
		<write echo="ascii"><data>YPE1vqT = vxod4 - WG4kKP\n</data></write>
		<read echo="ascii"><delim> </delim><match><data>\x3E </data></match></read>
		<write echo="ascii"><data>hroRN = eXNVO + vxod4\n</data></write>
		<read echo="ascii"><delim> </delim><match><data>\x3E </data></match></read>
		<write echo="ascii"><data>9aFebY = |"A1vsW6","25J","ZUMFOU"|^|"XRyt","kc70N8c","A1vsW6","s0BSJ5Q","S0G"|\n</data></write>
		<read echo="ascii"><delim> </delim><match><data>\x3E </data></match></read>
		<write echo="ascii"><data>oZ04l = |"DHMH5HG","JgxCO","48xb6GJ"|+|"NhB","1zPu2Ep","DHMH5HG","IQ","JgxCO","9YFTTp0"|\n</data></write>
		<read echo="ascii"><delim> </delim><match><data>\x3E </data></match></read>
		<write echo="ascii"><data>6Rr7pSg = YPE1vqT ~ PKvDlFT\n</data></write>
		<read echo="ascii"><delim> </delim><match><data>\x3E </data></match></read>
		<write echo="ascii"><data>DYen1 = oZ04l ~ oZ04l\n</data></write>
		<read echo="ascii"><delim> </delim><match><data>\x3E </data></match></read>
		<write echo="ascii"><data>6x328Bh = 6Rr7pSg + hroRN\n</data></write>
		<read echo="ascii"><delim> </delim><match><data>\x3E </data></match></read>
		<write echo="ascii"><data>ZfnU2 = |"6IgP","ZSk","hX","qnm4V1","lKw","RdX0QcU","ALN","69ZyuV","xIyIQ","1ymOHoJ"|\n</data></write>
		<read echo="ascii"><delim> </delim><match><data>\x3E </data></match></read>
		<write echo="ascii"><data>88Fyj2 = |"hX","69ZyuV","ZSk","xIyIQ","ALN","RdX0QcU","lKw","1ymOHoJ","PNNjQFlvHU"|\n</data></write>
		<read echo="ascii"><delim> </delim><match><data>\x3E </data></match></read>
		<write echo="ascii"><data>88Fyj2@ZfnU2\n</data></write>
		<read echo="ascii"><delim>\n</delim><match><data>FALSE\n</data></match></read>
		<read echo="ascii"><delim> </delim><match><data>\x3E </data></match></read>
		<write echo="ascii"><data>bDy7Is = |"sZbDc3s","Bn1Hg","7rB","Gvidh","s"|+|"qhgcED","Se63Mbw","s","lxoyZRI","bKkE","h"|\n</data></write>
		<read echo="ascii"><delim> </delim><match><data>\x3E </data></match></read>
		<write echo="ascii"><data>bfYZ5 = |"h7kz","tCC"|^|"P9fxAS","7lWhRv"|\n</data></write>
		<read echo="ascii"><delim> </delim><match><data>\x3E </data></match></read>
		<write echo="ascii"><data>EVMh5G = |"03Qn2l","LXAEyFQ","sL2","2VsVTW","3sYy","Hnuz","ktmX1","Ftlb8","JgCZSZ"|\n</data></write>
		<read echo="ascii"><delim> </delim><match><data>\x3E </data></match></read>
		<write echo="ascii"><data>mvLsvK = |"ktmX1","Hnuz","sL2","3sYy","ZwSrPmHStP"|\n</data></write>
		<read echo="ascii"><delim> </delim><match><data>\x3E </data></match></read>
		<write echo="ascii"><data>mvLsvK@EVMh5G\n</data></write>
		<read echo="ascii"><delim>\n</delim><match><data>FALSE\n</data></match></read>
		<read echo="ascii"><delim> </delim><match><data>\x3E </data></match></read>
		<write echo="ascii"><data>.p\n</data></write>
<read echo="ascii"><delim>\n</delim><match><data>WG4kKP = |"PUyEaHv","f","As"|\n</data></match></read>
<read echo="ascii"><delim>\n</delim><match><data>PKvDlFT = |"ccIHf"|\n</data></match></read>
<read echo="ascii"><delim>\n</delim><match><data>vxod4 = |"7EGJ","Qd1","jEwyME","5oC2LfE","7MODAQ","A1CprX","ZZ0jKA","H0JSTP"|\n</data></match></read>
<read echo="ascii"><delim>\n</delim><match><data>eXNVO = |"ZZ0jKA"|\n</data></match></read>
<read echo="ascii"><delim>\n</delim><match><data>YPE1vqT = |"7EGJ","Qd1","jEwyME","5oC2LfE","7MODAQ","A1CprX","ZZ0jKA","H0JSTP"|\n</data></match></read>
<read echo="ascii"><delim>\n</delim><match><data>hroRN = |"ZZ0jKA","7EGJ","Qd1","jEwyME","5oC2LfE","7MODAQ","A1CprX","H0JSTP"|\n</data></match></read>
<read echo="ascii"><delim>\n</delim><match><data>9aFebY = |"A1vsW6"|\n</data></match></read>
<read echo="ascii"><delim>\n</delim><match><data>oZ04l = |"DHMH5HG","JgxCO","48xb6GJ","NhB","1zPu2Ep","IQ","9YFTTp0"|\n</data></match></read>
<read echo="ascii"><delim>\n</delim><match><data>6Rr7pSg = |"7EGJ","Qd1","jEwyME","5oC2LfE","7MODAQ","A1CprX","ZZ0jKA","H0JSTP","ccIHf"|\n</data></match></read>
<read echo="ascii"><delim>\n</delim><match><data>DYen1 = ||\n</data></match></read>
<read echo="ascii"><delim>\n</delim><match><data>6x328Bh = |"7EGJ","Qd1","jEwyME","5oC2LfE","7MODAQ","A1CprX","ZZ0jKA","H0JSTP","ccIHf"|\n</data></match></read>
<read echo="ascii"><delim>\n</delim><match><data>ZfnU2 = |"6IgP","ZSk","hX","qnm4V1","lKw","RdX0QcU","ALN","69ZyuV","xIyIQ","1ymOHoJ"|\n</data></match></read>
<read echo="ascii"><delim>\n</delim><match><data>88Fyj2 = |"hX","69ZyuV","ZSk","xIyIQ","ALN","RdX0QcU","lKw","1ymOHoJ","PNNjQFlvHU"|\n</data></match></read>
<read echo="ascii"><delim>\n</delim><match><data>bDy7Is = |"sZbDc3s","Bn1Hg","7rB","Gvidh","s","qhgcED","Se63Mbw","lxoyZRI","bKkE","h"|\n</data></match></read>
<read echo="ascii"><delim>\n</delim><match><data>bfYZ5 = ||\n</data></match></read>
<read echo="ascii"><delim>\n</delim><match><data>EVMh5G = |"03Qn2l","LXAEyFQ","sL2","2VsVTW","3sYy","Hnuz","ktmX1","Ftlb8","JgCZSZ"|\n</data></match></read>
<read echo="ascii"><delim>\n</delim><match><data>mvLsvK = |"ktmX1","Hnuz","sL2","3sYy","ZwSrPmHStP"|\n</data></match></read>
		<read echo="ascii"><delim> </delim><match><data>\x3E </data></match></read>
		<write echo="ascii"><data>.l\n</data></write>
	</replay>
</pov>
