<?xml version="1.0" standalone="no" ?>
<!DOCTYPE pov SYSTEM "/usr/share/cgc-docs/replay.dtd"><pov>
	<cbid>CROMU_00011</cbid>
	<replay>
		<read echo="ascii"><delim> </delim><match><data>\x3E </data></match></read>
		<write echo="ascii"><data>kNujZa = |"pVH","pee4","n9F","qfL6P"|-|"n9F","EY4afCG","56e","kHAcD"|\n</data></write>
		<read echo="ascii"><delim> </delim><match><data>\x3E </data></match></read>
		<write echo="ascii"><data>2oyXNo = kNujZa - kNujZa\n</data></write>
		<read echo="ascii"><delim> </delim><match><data>\x3E </data></match></read>
		<write echo="ascii"><data>igATd1Q = 2oyXNo + kNujZa\n</data></write>
		<read echo="ascii"><delim> </delim><match><data>\x3E </data></match></read>
		<write echo="ascii"><data>pUHsPfC = |"EFQVOU","1IHABd","fCq","p09xAR","1S0GhvE","ZqhLm"|^|"sKm","6th3Yr"|\n</data></write>
		<read echo="ascii"><delim> </delim><match><data>\x3E </data></match></read>
		<write echo="ascii"><data>Sctuyzd = kNujZa ^ igATd1Q\n</data></write>
		<read echo="ascii"><delim> </delim><match><data>\x3E </data></match></read>
		<write echo="ascii"><data>q1IO3KBoI2 = igATd1Q ^ Sctuyzd\n</data></write>
		<read echo="ascii"><delim> </delim><match><data>\x3E </data></match></read>
		<write echo="ascii"><data>oY5OT = Sctuyzd ~ kNujZa\n</data></write>
		<read echo="ascii"><delim> </delim><match><data>\x3E </data></match></read>
		<write echo="ascii"><data>w6qQoha = oY5OT ~ q1IO3KBoI2\n</data></write>
		<read echo="ascii"><delim> </delim><match><data>\x3E </data></match></read>
		<write echo="ascii"><data>xhrv99 = igATd1Q - q1IO3KBoI2\n</data></write>
		<read echo="ascii"><delim> </delim><match><data>\x3E </data></match></read>
		<write echo="ascii"><data>.p\n</data></write>
<read echo="ascii"><delim>\n</delim><match><data>kNujZa = |"pVH","pee4","qfL6P"|\n</data></match></read>
<read echo="ascii"><delim>\n</delim><match><data>2oyXNo = ||\n</data></match></read>
<read echo="ascii"><delim>\n</delim><match><data>igATd1Q = |"pVH","pee4","qfL6P"|\n</data></match></read>
<read echo="ascii"><delim>\n</delim><match><data>pUHsPfC = ||\n</data></match></read>
<read echo="ascii"><delim>\n</delim><match><data>Sctuyzd = |"pVH","pee4","qfL6P"|\n</data></match></read>
<read echo="ascii"><delim>\n</delim><match><data>q1IO3KBoI2 = |"pVH","pee4","qfL6P"|\n</data></match></read>
<read echo="ascii"><delim>\n</delim><match><data>oY5OT = ||\n</data></match></read>
<read echo="ascii"><delim>\n</delim><match><data>w6qQoha = |"pVH","pee4","qfL6P"|\n</data></match></read>
<read echo="ascii"><delim>\n</delim><match><data>xhrv99 = ||\n</data></match></read>
		<read echo="ascii"><delim> </delim><match><data>\x3E </data></match></read>
		<write echo="ascii"><data>.l\n</data></write>
	</replay>
</pov>
