<?xml version="1.0" standalone="no" ?>
<!DOCTYPE pov SYSTEM "/usr/share/cgc-docs/replay.dtd"><pov>
	<cbid>CROMU_00011</cbid>
	<replay>
		<read echo="ascii"><delim> </delim><match><data>\x3E </data></match></read>
		<write echo="ascii"><data>vi33r = |"z","TiPuOk","M6"|~|"6","GB0LJ","uPC","ImW","AzVP"|\n</data></write>
		<read echo="ascii"><delim> </delim><match><data>\x3E </data></match></read>
		<write echo="ascii"><data>eTUo5 = |"8E","6N2O8","8qTz","53","WCaB","hVFKErU","vM32m"|^|"XP","53","09wFwmL","Y3OY"|\n</data></write>
		<read echo="ascii"><delim> </delim><match><data>\x3E </data></match></read>
		<write echo="ascii"><data>XjNyW = eTUo5 - vi33r\n</data></write>
		<read echo="ascii"><delim> </delim><match><data>\x3E </data></match></read>
		<write echo="ascii"><data>lEbvG = |"Hoe3","J1","Jngg"|-|"T8v5Z28","juIu6I","PD","Hoe3","WoE"|\n</data></write>
		<read echo="ascii"><delim> </delim><match><data>\x3E </data></match></read>
		<write echo="ascii"><data>CWIhkjV = |"AvlIEW2","9DV9MZa","Eip","PKs3A","0EdUs","vRjDJ","uU"|-|"CmB","Eip","4KrYq","PKs3A"|\n</data></write>
		<read echo="ascii"><delim> </delim><match><data>\x3E </data></match></read>
		<write echo="ascii"><data>dFfzuk = |"3","z","gUgScst","SMTv","cU"|+|"QR5KBE2","IV","HxKpT","uz0owkr","RkF"|\n</data></write>
		<read echo="ascii"><delim> </delim><match><data>\x3E </data></match></read>
		<write echo="ascii"><data>gdkKFQU = |"IeS","TetCx","RPNX9"|^|"ef3BsJV","V3KjV","lR","z0Ys","wB7","Zu","Tm2Iy"|\n</data></write>
		<read echo="ascii"><delim> </delim><match><data>\x3E </data></match></read>
		<write echo="ascii"><data>5W1JBRV = CWIhkjV ~ vi33r\n</data></write>
		<read echo="ascii"><delim> </delim><match><data>\x3E </data></match></read>
		<write echo="ascii"><data>CzEDVp = |"CNLRI","ea5Yc3","t9J6fXB"|+|"CNLRI","t9J6fXB","1C","ea5Yc3","V2YuM5S","AvXGN"|\n</data></write>
		<read echo="ascii"><delim> </delim><match><data>\x3E </data></match></read>
		<write echo="ascii"><data>.p\n</data></write>
<read echo="ascii"><delim>\n</delim><match><data>vi33r = |"z","TiPuOk","M6","6","GB0LJ","uPC","ImW","AzVP"|\n</data></match></read>
<read echo="ascii"><delim>\n</delim><match><data>eTUo5 = |"53"|\n</data></match></read>
<read echo="ascii"><delim>\n</delim><match><data>XjNyW = |"53"|\n</data></match></read>
<read echo="ascii"><delim>\n</delim><match><data>lEbvG = |"J1","Jngg"|\n</data></match></read>
<read echo="ascii"><delim>\n</delim><match><data>CWIhkjV = |"AvlIEW2","9DV9MZa","0EdUs","vRjDJ","uU"|\n</data></match></read>
<read echo="ascii"><delim>\n</delim><match><data>dFfzuk = |"3","z","gUgScst","SMTv","cU","QR5KBE2","IV","HxKpT","uz0owkr","RkF"|\n</data></match></read>
<read echo="ascii"><delim>\n</delim><match><data>gdkKFQU = ||\n</data></match></read>
<read echo="ascii"><delim>\n</delim><match><data>5W1JBRV = |"AvlIEW2","9DV9MZa","0EdUs","vRjDJ","uU","z","TiPuOk","M6","6","GB0LJ","uPC","ImW","AzVP"|\n</data></match></read>
<read echo="ascii"><delim>\n</delim><match><data>CzEDVp = |"CNLRI","ea5Yc3","t9J6fXB","1C","V2YuM5S","AvXGN"|\n</data></match></read>
		<read echo="ascii"><delim> </delim><match><data>\x3E </data></match></read>
		<write echo="ascii"><data>.l\n</data></write>
	</replay>
</pov>
