<?xml version="1.0" standalone="no" ?>
<!DOCTYPE pov SYSTEM "/usr/share/cgc-docs/replay.dtd"><pov>
	<cbid>CROMU_00011</cbid>
	<replay>
		<read echo="ascii"><delim> </delim><match><data>\x3E </data></match></read>
		<write echo="ascii"><data>qLc7lt = |"k07"|^|"xWL"|\n</data></write>
		<read echo="ascii"><delim> </delim><match><data>\x3E </data></match></read>
		<write echo="ascii"><data>vxUnPS = qLc7lt + qLc7lt\n</data></write>
		<read echo="ascii"><delim> </delim><match><data>\x3E </data></match></read>
		<write echo="ascii"><data>cJo4c = |"jqEhMN","FUboRWK","iCggFWJ"|+|"jqEhMN"|\n</data></write>
		<read echo="ascii"><delim> </delim><match><data>\x3E </data></match></read>
		<write echo="ascii"><data>p81UsbN = |"8","7ohT","Rhn258l","3CJhj","R5","d","MeN"|+|"Rhn258l","8","V"|\n</data></write>
		<read echo="ascii"><delim> </delim><match><data>\x3E </data></match></read>
		<write echo="ascii"><data>nAiugL = |"DBJF","R","QT95PS7","a7SV","Zgws","ZgaC","msBxETQ"|+|"cIlAJ","FoJ","a7SV","N","jY0a"|\n</data></write>
		<read echo="ascii"><delim> </delim><match><data>\x3E </data></match></read>
		<write echo="ascii"><data>1dWVN = |"UmKXP","B98h5","e","Rn5hY","NM","IaAttn"|~|"cPZE3"|\n</data></write>
		<read echo="ascii"><delim> </delim><match><data>\x3E </data></match></read>
		<write echo="ascii"><data>hGrDi = |"GmLpDu","2JZF","I97C3A","Zqzxtdo","vgXx8d","gCi","kJD","yhgl5"|\n</data></write>
		<read echo="ascii"><delim> </delim><match><data>\x3E </data></match></read>
		<write echo="ascii"><data>UhlFzn5 = |"GmLpDu","I97C3A","l906gTsdga"|\n</data></write>
		<read echo="ascii"><delim> </delim><match><data>\x3E </data></match></read>
		<write echo="ascii"><data>UhlFzn5@hGrDi\n</data></write>
		<read echo="ascii"><delim>\n</delim><match><data>FALSE\n</data></match></read>
		<read echo="ascii"><delim> </delim><match><data>\x3E </data></match></read>
		<write echo="ascii"><data>xkkXs = qLc7lt ~ UhlFzn5\n</data></write>
		<read echo="ascii"><delim> </delim><match><data>\x3E </data></match></read>
		<write echo="ascii"><data>XPrkVH0 = |"BxyZq0","Yp9","w2cQZh","QK7jY"|^|"w2cQZh","1BaRcR","b0Knu8h","ClOUWa"|\n</data></write>
		<read echo="ascii"><delim> </delim><match><data>\x3E </data></match></read>
		<write echo="ascii"><data>.p\n</data></write>
<read echo="ascii"><delim>\n</delim><match><data>qLc7lt = ||\n</data></match></read>
<read echo="ascii"><delim>\n</delim><match><data>vxUnPS = ||\n</data></match></read>
<read echo="ascii"><delim>\n</delim><match><data>cJo4c = |"jqEhMN","FUboRWK","iCggFWJ"|\n</data></match></read>
<read echo="ascii"><delim>\n</delim><match><data>p81UsbN = |"8","7ohT","Rhn258l","3CJhj","R5","d","MeN","V"|\n</data></match></read>
<read echo="ascii"><delim>\n</delim><match><data>nAiugL = |"DBJF","R","QT95PS7","a7SV","Zgws","ZgaC","msBxETQ","cIlAJ","FoJ","N","jY0a"|\n</data></match></read>
<read echo="ascii"><delim>\n</delim><match><data>1dWVN = |"UmKXP","B98h5","e","Rn5hY","NM","IaAttn","cPZE3"|\n</data></match></read>
<read echo="ascii"><delim>\n</delim><match><data>hGrDi = |"GmLpDu","2JZF","I97C3A","Zqzxtdo","vgXx8d","gCi","kJD","yhgl5"|\n</data></match></read>
<read echo="ascii"><delim>\n</delim><match><data>UhlFzn5 = |"GmLpDu","I97C3A","l906gTsdga"|\n</data></match></read>
<read echo="ascii"><delim>\n</delim><match><data>xkkXs = |"GmLpDu","I97C3A","l906gTsdga"|\n</data></match></read>
<read echo="ascii"><delim>\n</delim><match><data>XPrkVH0 = |"w2cQZh"|\n</data></match></read>
		<read echo="ascii"><delim> </delim><match><data>\x3E </data></match></read>
		<write echo="ascii"><data>.l\n</data></write>
	</replay>
</pov>
