<?xml version="1.0" standalone="no" ?>
<!DOCTYPE pov SYSTEM "/usr/share/cgc-docs/replay.dtd"><pov>
	<cbid>CROMU_00011</cbid>
	<replay>
		<read echo="ascii"><delim> </delim><match><data>\x3E </data></match></read>
		<write echo="ascii"><data>3SNeI = |"y","q","JA6VqS","Wdux","qZa"|-|"Wdux","j","9yjS","OG1R6Z"|\n</data></write>
		<read echo="ascii"><delim> </delim><match><data>\x3E </data></match></read>
		<write echo="ascii"><data>ancXCvW = |"GS9sdv","Rj","Ud","mCO","3","6qJxidj","qK"|~|"Cjai","1G","zIUFzG"|\n</data></write>
		<read echo="ascii"><delim> </delim><match><data>\x3E </data></match></read>
		<write echo="ascii"><data>RnEWN = |"y46DQ5p","AOiFstu","Kw","e7T","y8H1Zkj","Zj3r4j","HHK4G","uS","vw4"|\n</data></write>
		<read echo="ascii"><delim> </delim><match><data>\x3E </data></match></read>
		<write echo="ascii"><data>oPHv0y = |"vw4","uS","y8H1Zkj","Kw","HHK4G","e7T","AOiFstu","y46DQ5p","WQS99MFSNC"|\n</data></write>
		<read echo="ascii"><delim> </delim><match><data>\x3E </data></match></read>
		<write echo="ascii"><data>oPHv0y@RnEWN\n</data></write>
		<read echo="ascii"><delim>\n</delim><match><data>FALSE\n</data></match></read>
		<read echo="ascii"><delim> </delim><match><data>\x3E </data></match></read>
		<write echo="ascii"><data>gJDSpJ1 = RnEWN + 3SNeI\n</data></write>
		<read echo="ascii"><delim> </delim><match><data>\x3E </data></match></read>
		<write echo="ascii"><data>jczfKgL = |"b","o","Va","G"|+|"1L","P8J","9GKgB","EHKAT","Z","G","b"|\n</data></write>
		<read echo="ascii"><delim> </delim><match><data>\x3E </data></match></read>
		<write echo="ascii"><data>5qEql = |"6H","BZd","4fihg","mCzUVp","3UplQ","MABF","0OtX"|-|"lZ","9","mCzUVp","NMyy6P"|\n</data></write>
		<read echo="ascii"><delim> </delim><match><data>\x3E </data></match></read>
		<write echo="ascii"><data>9NAFBN = |"E6B8"|+|"ltojfik","f"|\n</data></write>
		<read echo="ascii"><delim> </delim><match><data>\x3E </data></match></read>
		<write echo="ascii"><data>HaVwQU1 = |"R","NG","5JlMBIl","1jznrTF","k","Fei"|~|"zwf5SN","NG"|\n</data></write>
		<read echo="ascii"><delim> </delim><match><data>\x3E </data></match></read>
		<write echo="ascii"><data>z7YqA5 = jczfKgL - HaVwQU1\n</data></write>
		<read echo="ascii"><delim> </delim><match><data>\x3E </data></match></read>
		<write echo="ascii"><data>HQHeKdia6 = RnEWN ^ HaVwQU1\n</data></write>
		<read echo="ascii"><delim> </delim><match><data>\x3E </data></match></read>
		<write echo="ascii"><data>tvc5S7 = HaVwQU1 ~ RnEWN\n</data></write>
		<read echo="ascii"><delim> </delim><match><data>\x3E </data></match></read>
		<write echo="ascii"><data>1UpY4nL = |"Oxuw","F5Zw","3G","kX","zA9","TI"|\n</data></write>
		<read echo="ascii"><delim> </delim><match><data>\x3E </data></match></read>
		<write echo="ascii"><data>fdx8xdQ = |"3G","kX"|\n</data></write>
		<read echo="ascii"><delim> </delim><match><data>\x3E </data></match></read>
		<write echo="ascii"><data>fdx8xdQ@1UpY4nL\n</data></write>
		<read echo="ascii"><delim>\n</delim><match><data>TRUE\n</data></match></read>
		<read echo="ascii"><delim> </delim><match><data>\x3E </data></match></read>
		<write echo="ascii"><data>hbrhOo = |"hN65a2f","C","NRy9BWP","jRSWC","y","EBMS","cjmMgm"|~|"NRy9BWP","Ao17uE","y"|\n</data></write>
		<read echo="ascii"><delim> </delim><match><data>\x3E </data></match></read>
		<write echo="ascii"><data>.p\n</data></write>
<read echo="ascii"><delim>\n</delim><match><data>3SNeI = |"y","q","JA6VqS","qZa"|\n</data></match></read>
<read echo="ascii"><delim>\n</delim><match><data>ancXCvW = |"GS9sdv","Rj","Ud","mCO","3","6qJxidj","qK","Cjai","1G","zIUFzG"|\n</data></match></read>
<read echo="ascii"><delim>\n</delim><match><data>RnEWN = |"y46DQ5p","AOiFstu","Kw","e7T","y8H1Zkj","Zj3r4j","HHK4G","uS","vw4"|\n</data></match></read>
<read echo="ascii"><delim>\n</delim><match><data>oPHv0y = |"vw4","uS","y8H1Zkj","Kw","HHK4G","e7T","AOiFstu","y46DQ5p","WQS99MFSNC"|\n</data></match></read>
<read echo="ascii"><delim>\n</delim><match><data>gJDSpJ1 = |"y46DQ5p","AOiFstu","Kw","e7T","y8H1Zkj","Zj3r4j","HHK4G","uS","vw4","y","q","JA6VqS","qZa"|\n</data></match></read>
<read echo="ascii"><delim>\n</delim><match><data>jczfKgL = |"b","o","Va","G","1L","P8J","9GKgB","EHKAT","Z"|\n</data></match></read>
<read echo="ascii"><delim>\n</delim><match><data>5qEql = |"6H","BZd","4fihg","3UplQ","MABF","0OtX"|\n</data></match></read>
<read echo="ascii"><delim>\n</delim><match><data>9NAFBN = |"E6B8","ltojfik","f"|\n</data></match></read>
<read echo="ascii"><delim>\n</delim><match><data>HaVwQU1 = |"R","5JlMBIl","1jznrTF","k","Fei","zwf5SN"|\n</data></match></read>
<read echo="ascii"><delim>\n</delim><match><data>z7YqA5 = |"b","o","Va","G","1L","P8J","9GKgB","EHKAT","Z"|\n</data></match></read>
<read echo="ascii"><delim>\n</delim><match><data>HQHeKdia6 = ||\n</data></match></read>
<read echo="ascii"><delim>\n</delim><match><data>tvc5S7 = |"R","5JlMBIl","1jznrTF","k","Fei","zwf5SN","y46DQ5p","AOiFstu","Kw","e7T","y8H1Zkj","Zj3r4j","HHK4G","uS","vw4"|\n</data></match></read>
<read echo="ascii"><delim>\n</delim><match><data>1UpY4nL = |"Oxuw","F5Zw","3G","kX","zA9","TI"|\n</data></match></read>
<read echo="ascii"><delim>\n</delim><match><data>fdx8xdQ = |"3G","kX"|\n</data></match></read>
<read echo="ascii"><delim>\n</delim><match><data>hbrhOo = |"hN65a2f","C","jRSWC","EBMS","cjmMgm","Ao17uE"|\n</data></match></read>
		<read echo="ascii"><delim> </delim><match><data>\x3E </data></match></read>
		<write echo="ascii"><data>.l\n</data></write>
	</replay>
</pov>
