<?xml version="1.0" standalone="no" ?>
<!DOCTYPE pov SYSTEM "/usr/share/cgc-docs/replay.dtd"><pov>
	<cbid>CROMU_00011</cbid>
	<replay>
		<read echo="ascii"><delim> </delim><match><data>\x3E </data></match></read>
		<write echo="ascii"><data>ibAGp = |"6","D","fJ3Gpa","ONm","uSUod","Y8wYat"|~|"ONm","JFTgJu","DZo3nT","D","3fXT"|\n</data></write>
		<read echo="ascii"><delim> </delim><match><data>\x3E </data></match></read>
		<write echo="ascii"><data>xlgDk = |"rVTYDl","LeN3zUj","HAnTulT","eNX0gge"|-|"FiJQU5i","wiomJ","7y","mI4Sv"|\n</data></write>
		<read echo="ascii"><delim> </delim><match><data>\x3E </data></match></read>
		<write echo="ascii"><data>9DqDW = ibAGp + ibAGp\n</data></write>
		<read echo="ascii"><delim> </delim><match><data>\x3E </data></match></read>
		<write echo="ascii"><data>tz0Nq = 9DqDW - xlgDk\n</data></write>
		<read echo="ascii"><delim> </delim><match><data>\x3E </data></match></read>
		<write echo="ascii"><data>howtw5ix = 9DqDW ^ ibAGp\n</data></write>
		<read echo="ascii"><delim> </delim><match><data>\x3E </data></match></read>
		<write echo="ascii"><data>HkZV3Z = |"Megu","kSu","p","hIqfBsA","Kz9v"|~|"cg","mIeF1","8j6sCE","a2","pTw","gmsMZ7j"|\n</data></write>
		<read echo="ascii"><delim> </delim><match><data>\x3E </data></match></read>
		<write echo="ascii"><data>fBgm0U = |"y","H","mf"|+|"8cuIVYg"|\n</data></write>
		<read echo="ascii"><delim> </delim><match><data>\x3E </data></match></read>
		<write echo="ascii"><data>EPZ6atm = fBgm0U - xlgDk\n</data></write>
		<read echo="ascii"><delim> </delim><match><data>\x3E </data></match></read>
		<write echo="ascii"><data>Uzw99 = |"quNCPG","sliO","3kUTlc","00","72o"|^|"gIY"|\n</data></write>
		<read echo="ascii"><delim> </delim><match><data>\x3E </data></match></read>
		<write echo="ascii"><data>UJoEvE5 = |"hxI","qA","5eSucv"|^|"TjyuFl","N2","3v","AqXs"|\n</data></write>
		<read echo="ascii"><delim> </delim><match><data>\x3E </data></match></read>
		<write echo="ascii"><data>Ymn1XQX = xlgDk + 9DqDW\n</data></write>
		<read echo="ascii"><delim> </delim><match><data>\x3E </data></match></read>
		<write echo="ascii"><data>XRJKW4y = |"8uart"|~|"LG","l","RML","N1QXX","AXTL","8uart"|\n</data></write>
		<read echo="ascii"><delim> </delim><match><data>\x3E </data></match></read>
		<write echo="ascii"><data>BR1HtL = Ymn1XQX + UJoEvE5\n</data></write>
		<read echo="ascii"><delim> </delim><match><data>\x3E </data></match></read>
		<write echo="ascii"><data>.p\n</data></write>
<read echo="ascii"><delim>\n</delim><match><data>ibAGp = |"6","fJ3Gpa","uSUod","Y8wYat","JFTgJu","DZo3nT","3fXT"|\n</data></match></read>
<read echo="ascii"><delim>\n</delim><match><data>xlgDk = |"rVTYDl","LeN3zUj","HAnTulT","eNX0gge"|\n</data></match></read>
<read echo="ascii"><delim>\n</delim><match><data>9DqDW = |"6","fJ3Gpa","uSUod","Y8wYat","JFTgJu","DZo3nT","3fXT"|\n</data></match></read>
<read echo="ascii"><delim>\n</delim><match><data>tz0Nq = |"6","fJ3Gpa","uSUod","Y8wYat","JFTgJu","DZo3nT","3fXT"|\n</data></match></read>
<read echo="ascii"><delim>\n</delim><match><data>howtw5ix = |"6","fJ3Gpa","uSUod","Y8wYat","JFTgJu","DZo3nT","3fXT"|\n</data></match></read>
<read echo="ascii"><delim>\n</delim><match><data>HkZV3Z = |"Megu","kSu","p","hIqfBsA","Kz9v","cg","mIeF1","8j6sCE","a2","pTw","gmsMZ7j"|\n</data></match></read>
<read echo="ascii"><delim>\n</delim><match><data>fBgm0U = |"y","H","mf","8cuIVYg"|\n</data></match></read>
<read echo="ascii"><delim>\n</delim><match><data>EPZ6atm = |"y","H","mf","8cuIVYg"|\n</data></match></read>
<read echo="ascii"><delim>\n</delim><match><data>Uzw99 = ||\n</data></match></read>
<read echo="ascii"><delim>\n</delim><match><data>UJoEvE5 = ||\n</data></match></read>
<read echo="ascii"><delim>\n</delim><match><data>Ymn1XQX = |"rVTYDl","LeN3zUj","HAnTulT","eNX0gge","6","fJ3Gpa","uSUod","Y8wYat","JFTgJu","DZo3nT","3fXT"|\n</data></match></read>
<read echo="ascii"><delim>\n</delim><match><data>XRJKW4y = |"LG","l","RML","N1QXX","AXTL"|\n</data></match></read>
<read echo="ascii"><delim>\n</delim><match><data>BR1HtL = |"rVTYDl","LeN3zUj","HAnTulT","eNX0gge","6","fJ3Gpa","uSUod","Y8wYat","JFTgJu","DZo3nT","3fXT"|\n</data></match></read>
		<read echo="ascii"><delim> </delim><match><data>\x3E </data></match></read>
		<write echo="ascii"><data>.l\n</data></write>
	</replay>
</pov>
