<?xml version="1.0" standalone="no" ?>
<!DOCTYPE pov SYSTEM "/usr/share/cgc-docs/replay.dtd"><pov>
	<cbid>CROMU_00011</cbid>
	<replay>
		<read echo="ascii"><delim> </delim><match><data>\x3E </data></match></read>
		<write echo="ascii"><data>9LVNq = |"Ui","JsUT"|^|"bQ","osrfM","Z0oivq"|\n</data></write>
		<read echo="ascii"><delim> </delim><match><data>\x3E </data></match></read>
		<write echo="ascii"><data>0GMP7 = 9LVNq + 9LVNq\n</data></write>
		<read echo="ascii"><delim> </delim><match><data>\x3E </data></match></read>
		<write echo="ascii"><data>bPThAU = 9LVNq + 9LVNq\n</data></write>
		<read echo="ascii"><delim> </delim><match><data>\x3E </data></match></read>
		<write echo="ascii"><data>ycRy6 = |"T","K6","20u"|-|"my","ZW","Y","B0w3WE","xJ","YA"|\n</data></write>
		<read echo="ascii"><delim> </delim><match><data>\x3E </data></match></read>
		<write echo="ascii"><data>h836Ae = |"dIzCKqE"|^|"9THhm0","6dKRg5","WlESp55","7n1lp","jJVH1V","dIzCKqE","KXZC"|\n</data></write>
		<read echo="ascii"><delim> </delim><match><data>\x3E </data></match></read>
		<write echo="ascii"><data>Qs4JGO = bPThAU + 9LVNq\n</data></write>
		<read echo="ascii"><delim> </delim><match><data>\x3E </data></match></read>
		<write echo="ascii"><data>vKtGsMu = |"eBfapDC","m","JUzfH","MJND","BZL","Rvq7"|~|"g7de","Xbz0d","gu7qLH","B4","8V442q","Y07xgyT","3"|\n</data></write>
		<read echo="ascii"><delim> </delim><match><data>\x3E </data></match></read>
		<write echo="ascii"><data>4xF8OKF = |"inDXq","YZaF","nGyXzcq"|+|"wSGuPBl","0u7N","ESeIdu","VMk","nGyXzcq"|\n</data></write>
		<read echo="ascii"><delim> </delim><match><data>\x3E </data></match></read>
		<write echo="ascii"><data>fbUaUi8 = |"jlFoVYp","YrYy","QRkEl0","4"|~|"jlFoVYp","18XMB","0H","QwsT8","7kNCz6","n6UblT","UVv"|\n</data></write>
		<read echo="ascii"><delim> </delim><match><data>\x3E </data></match></read>
		<write echo="ascii"><data>apEN6h = |"Cqz3","YyhHk","vGlMt","JfrUUVw","n"|+|"BgdUA","Xruwa","kmtp","JOjXB5J"|\n</data></write>
		<read echo="ascii"><delim> </delim><match><data>\x3E </data></match></read>
		<write echo="ascii"><data>.p\n</data></write>
<read echo="ascii"><delim>\n</delim><match><data>9LVNq = ||\n</data></match></read>
<read echo="ascii"><delim>\n</delim><match><data>0GMP7 = ||\n</data></match></read>
<read echo="ascii"><delim>\n</delim><match><data>bPThAU = ||\n</data></match></read>
<read echo="ascii"><delim>\n</delim><match><data>ycRy6 = |"T","K6","20u"|\n</data></match></read>
<read echo="ascii"><delim>\n</delim><match><data>h836Ae = |"dIzCKqE"|\n</data></match></read>
<read echo="ascii"><delim>\n</delim><match><data>Qs4JGO = ||\n</data></match></read>
<read echo="ascii"><delim>\n</delim><match><data>vKtGsMu = |"eBfapDC","m","JUzfH","MJND","BZL","Rvq7","g7de","Xbz0d","gu7qLH","B4","8V442q","Y07xgyT","3"|\n</data></match></read>
<read echo="ascii"><delim>\n</delim><match><data>4xF8OKF = |"inDXq","YZaF","nGyXzcq","wSGuPBl","0u7N","ESeIdu","VMk"|\n</data></match></read>
<read echo="ascii"><delim>\n</delim><match><data>fbUaUi8 = |"YrYy","QRkEl0","4","18XMB","0H","QwsT8","7kNCz6","n6UblT","UVv"|\n</data></match></read>
<read echo="ascii"><delim>\n</delim><match><data>apEN6h = |"Cqz3","YyhHk","vGlMt","JfrUUVw","n","BgdUA","Xruwa","kmtp","JOjXB5J"|\n</data></match></read>
		<read echo="ascii"><delim> </delim><match><data>\x3E </data></match></read>
		<write echo="ascii"><data>.l\n</data></write>
	</replay>
</pov>
