<?xml version="1.0" standalone="no" ?>
<!DOCTYPE pov SYSTEM "/usr/share/cgc-docs/replay.dtd"><pov>
	<cbid>CROMU_00011</cbid>
	<replay>
		<read echo="ascii"><delim> </delim><match><data>\x3E </data></match></read>
		<write echo="ascii"><data>66bNgC = |"1N","C8W","gx","l2brT8","mipFmu","QJH"|-|"zB07geF","gx","r2Om","A","UAzI99A","mipFmu","GgU2"|\n</data></write>
		<read echo="ascii"><delim> </delim><match><data>\x3E </data></match></read>
		<write echo="ascii"><data>mAcd9f6 = |"cO","9fi9bE","46ifd","JXeUz","hLYR"|^|"Hus","9fi9bE","cO"|\n</data></write>
		<read echo="ascii"><delim> </delim><match><data>\x3E </data></match></read>
		<write echo="ascii"><data>HpgAtH = |"fn0A","g7G0Mz4","110cO","At9uKS","co","ICyQIYj","WZ5"|\n</data></write>
		<read echo="ascii"><delim> </delim><match><data>\x3E </data></match></read>
		<write echo="ascii"><data>O5GxAmy = |"WZ5","fn0A","ICyQIYj","110cO","g7G0Mz4","At9uKS","2g7J6hDh9R"|\n</data></write>
		<read echo="ascii"><delim> </delim><match><data>\x3E </data></match></read>
		<write echo="ascii"><data>O5GxAmy@HpgAtH\n</data></write>
		<read echo="ascii"><delim>\n</delim><match><data>FALSE\n</data></match></read>
		<read echo="ascii"><delim> </delim><match><data>\x3E </data></match></read>
		<write echo="ascii"><data>TRgKsi = HpgAtH + HpgAtH\n</data></write>
		<read echo="ascii"><delim> </delim><match><data>\x3E </data></match></read>
		<write echo="ascii"><data>x0vjl = O5GxAmy + HpgAtH\n</data></write>
		<read echo="ascii"><delim> </delim><match><data>\x3E </data></match></read>
		<write echo="ascii"><data>zRd3W = TRgKsi ^ mAcd9f6\n</data></write>
		<read echo="ascii"><delim> </delim><match><data>\x3E </data></match></read>
		<write echo="ascii"><data>oUNj2 = |"JMVk","zYv","EUW"|-|"yy3A","JZ","541p","W3","cf0cd","7Lv","KJ0jx"|\n</data></write>
		<read echo="ascii"><delim> </delim><match><data>\x3E </data></match></read>
		<write echo="ascii"><data>q0DB8EC = |"gte"|^|"pJ9J","nMP"|\n</data></write>
		<read echo="ascii"><delim> </delim><match><data>\x3E </data></match></read>
		<write echo="ascii"><data>14MPKY2 = |"nJZw"|+|"NG5","HH2","x1hWz","bOc","sP6x","Cgk0fI"|\n</data></write>
		<read echo="ascii"><delim> </delim><match><data>\x3E </data></match></read>
		<write echo="ascii"><data>fBCHly = TRgKsi ~ 14MPKY2\n</data></write>
		<read echo="ascii"><delim> </delim><match><data>\x3E </data></match></read>
		<write echo="ascii"><data>BrSI7 = |"uMw4","T8","WB","dYH98Q","dE8FLT","tvrxNR","CG"|^|"5PSvK","Pd","Xi8VMQx","dYH98Q"|\n</data></write>
		<read echo="ascii"><delim> </delim><match><data>\x3E </data></match></read>
		<write echo="ascii"><data>.p\n</data></write>
<read echo="ascii"><delim>\n</delim><match><data>66bNgC = |"1N","C8W","l2brT8","QJH"|\n</data></match></read>
<read echo="ascii"><delim>\n</delim><match><data>mAcd9f6 = |"cO","9fi9bE"|\n</data></match></read>
<read echo="ascii"><delim>\n</delim><match><data>HpgAtH = |"fn0A","g7G0Mz4","110cO","At9uKS","co","ICyQIYj","WZ5"|\n</data></match></read>
<read echo="ascii"><delim>\n</delim><match><data>O5GxAmy = |"WZ5","fn0A","ICyQIYj","110cO","g7G0Mz4","At9uKS","2g7J6hDh9R"|\n</data></match></read>
<read echo="ascii"><delim>\n</delim><match><data>TRgKsi = |"fn0A","g7G0Mz4","110cO","At9uKS","co","ICyQIYj","WZ5"|\n</data></match></read>
<read echo="ascii"><delim>\n</delim><match><data>x0vjl = |"WZ5","fn0A","ICyQIYj","110cO","g7G0Mz4","At9uKS","2g7J6hDh9R","co"|\n</data></match></read>
<read echo="ascii"><delim>\n</delim><match><data>zRd3W = ||\n</data></match></read>
<read echo="ascii"><delim>\n</delim><match><data>oUNj2 = |"JMVk","zYv","EUW"|\n</data></match></read>
<read echo="ascii"><delim>\n</delim><match><data>q0DB8EC = ||\n</data></match></read>
<read echo="ascii"><delim>\n</delim><match><data>14MPKY2 = |"nJZw","NG5","HH2","x1hWz","bOc","sP6x","Cgk0fI"|\n</data></match></read>
<read echo="ascii"><delim>\n</delim><match><data>fBCHly = |"fn0A","g7G0Mz4","110cO","At9uKS","co","ICyQIYj","WZ5","nJZw","NG5","HH2","x1hWz","bOc","sP6x","Cgk0fI"|\n</data></match></read>
<read echo="ascii"><delim>\n</delim><match><data>BrSI7 = |"dYH98Q"|\n</data></match></read>
		<read echo="ascii"><delim> </delim><match><data>\x3E </data></match></read>
		<write echo="ascii"><data>.l\n</data></write>
	</replay>
</pov>
