<?xml version="1.0" standalone="no" ?>
<!DOCTYPE pov SYSTEM "/usr/share/cgc-docs/replay.dtd"><pov>
	<cbid>CROMU_00011</cbid>
	<replay>
		<read echo="ascii"><delim> </delim><match><data>\x3E </data></match></read>
		<write echo="ascii"><data>97CYr = |"ov","a0U91lf","3z"|~|"GlkQ","p","ov","xEM9oT","NpNQ"|\n</data></write>
		<read echo="ascii"><delim> </delim><match><data>\x3E </data></match></read>
		<write echo="ascii"><data>WRh98 = 97CYr + 97CYr\n</data></write>
		<read echo="ascii"><delim> </delim><match><data>\x3E </data></match></read>
		<write echo="ascii"><data>Gn2R2 = 97CYr - 97CYr\n</data></write>
		<read echo="ascii"><delim> </delim><match><data>\x3E </data></match></read>
		<write echo="ascii"><data>3EsjBe4 = |"Mgb1Iz","3i7"|~|"ZeT","xcE5a4a"|\n</data></write>
		<read echo="ascii"><delim> </delim><match><data>\x3E </data></match></read>
		<write echo="ascii"><data>xTLfb = |"u2uo93e","IDti","hRG"|-|"P8h2F","uk","u2uo93e","rnDUlO"|\n</data></write>
		<read echo="ascii"><delim> </delim><match><data>\x3E </data></match></read>
		<write echo="ascii"><data>MNvXg = |"uCuuZt","FGIgqZM","8SCfeTa","NRKw","pLHl3","mB0qVTV","snO6Y4"|^|"WYS","HukPC","pLHl3","FGIgqZM","aQPl"|\n</data></write>
		<read echo="ascii"><delim> </delim><match><data>\x3E </data></match></read>
		<write echo="ascii"><data>L32AN = |"aCRZDM","PmLQ0eq","t4pk","wrYyYrv","qQip"|-|"zkrjh","d","wrYyYrv","nwGmpQ","aCRZDM","GpsOFq"|\n</data></write>
		<read echo="ascii"><delim> </delim><match><data>\x3E </data></match></read>
		<write echo="ascii"><data>5PHndjw = |"z6A9O","Y","ZDjrvp","w","rnu","H3NfDY2"|+|"s2x1","aqbhkz"|\n</data></write>
		<read echo="ascii"><delim> </delim><match><data>\x3E </data></match></read>
		<write echo="ascii"><data>bC4F0c = WRh98 ^ 3EsjBe4\n</data></write>
		<read echo="ascii"><delim> </delim><match><data>\x3E </data></match></read>
		<write echo="ascii"><data>HhdIFz = |"ykBD","oE","V7zzqSg","fH9","tmeke","XY4a","tA6hJL","AP","UrwVsp","rbRlcS"|\n</data></write>
		<read echo="ascii"><delim> </delim><match><data>\x3E </data></match></read>
		<write echo="ascii"><data>Th7BN = |"V7zzqSg","XY4a","tA6hJL","UrwVsp","ykBD","rbRlcS"|\n</data></write>
		<read echo="ascii"><delim> </delim><match><data>\x3E </data></match></read>
		<write echo="ascii"><data>Th7BN@HhdIFz\n</data></write>
		<read echo="ascii"><delim>\n</delim><match><data>TRUE\n</data></match></read>
		<read echo="ascii"><delim> </delim><match><data>\x3E </data></match></read>
		<write echo="ascii"><data>.p\n</data></write>
<read echo="ascii"><delim>\n</delim><match><data>97CYr = |"a0U91lf","3z","GlkQ","p","xEM9oT","NpNQ"|\n</data></match></read>
<read echo="ascii"><delim>\n</delim><match><data>WRh98 = |"a0U91lf","3z","GlkQ","p","xEM9oT","NpNQ"|\n</data></match></read>
<read echo="ascii"><delim>\n</delim><match><data>Gn2R2 = ||\n</data></match></read>
<read echo="ascii"><delim>\n</delim><match><data>3EsjBe4 = |"Mgb1Iz","3i7","ZeT","xcE5a4a"|\n</data></match></read>
<read echo="ascii"><delim>\n</delim><match><data>xTLfb = |"IDti","hRG"|\n</data></match></read>
<read echo="ascii"><delim>\n</delim><match><data>MNvXg = |"FGIgqZM","pLHl3"|\n</data></match></read>
<read echo="ascii"><delim>\n</delim><match><data>L32AN = |"PmLQ0eq","t4pk","qQip"|\n</data></match></read>
<read echo="ascii"><delim>\n</delim><match><data>5PHndjw = |"z6A9O","Y","ZDjrvp","w","rnu","H3NfDY2","s2x1","aqbhkz"|\n</data></match></read>
<read echo="ascii"><delim>\n</delim><match><data>bC4F0c = ||\n</data></match></read>
<read echo="ascii"><delim>\n</delim><match><data>HhdIFz = |"ykBD","oE","V7zzqSg","fH9","tmeke","XY4a","tA6hJL","AP","UrwVsp","rbRlcS"|\n</data></match></read>
<read echo="ascii"><delim>\n</delim><match><data>Th7BN = |"V7zzqSg","XY4a","tA6hJL","UrwVsp","ykBD","rbRlcS"|\n</data></match></read>
		<read echo="ascii"><delim> </delim><match><data>\x3E </data></match></read>
		<write echo="ascii"><data>.l\n</data></write>
	</replay>
</pov>
