<?xml version="1.0" standalone="no" ?>
<!DOCTYPE pov SYSTEM "/usr/share/cgc-docs/replay.dtd"><pov>
	<cbid>CROMU_00011</cbid>
	<replay>
		<read echo="ascii"><delim> </delim><match><data>\x3E </data></match></read>
		<write echo="ascii"><data>wK31N = |"ikTVkrG","cedT7cj"|~|"MNNnh1","bfID","cwrs","YoggAd"|\n</data></write>
		<read echo="ascii"><delim> </delim><match><data>\x3E </data></match></read>
		<write echo="ascii"><data>WmInGM = |"yHW3Y6"|+|"N6V","Agm","yE4P"|\n</data></write>
		<read echo="ascii"><delim> </delim><match><data>\x3E </data></match></read>
		<write echo="ascii"><data>pNdxdI = |"o","OfY0","cIIqy4","l","tnGEte","qCzFL","KVC"|-|"pNS64","6zfq","qCzFL","9zZcQB","sTcN","9dpibz"|\n</data></write>
		<read echo="ascii"><delim> </delim><match><data>\x3E </data></match></read>
		<write echo="ascii"><data>b2ceVhvKg = pNdxdI ^ WmInGM\n</data></write>
		<read echo="ascii"><delim> </delim><match><data>\x3E </data></match></read>
		<write echo="ascii"><data>FjSO0 = |"H","RDEd6Ho","QPWAg","e6uPNar","eP","J4kzlV"|~|"SD","sncrBo","mKqH","J4kzlV","KjLv0KD","oH","H"|\n</data></write>
		<read echo="ascii"><delim> </delim><match><data>\x3E </data></match></read>
		<write echo="ascii"><data>tFh9h1t = WmInGM ~ WmInGM\n</data></write>
		<read echo="ascii"><delim> </delim><match><data>\x3E </data></match></read>
		<write echo="ascii"><data>5dSwB1si = tFh9h1t ^ b2ceVhvKg\n</data></write>
		<read echo="ascii"><delim> </delim><match><data>\x3E </data></match></read>
		<write echo="ascii"><data>KKiqN = WmInGM ~ FjSO0\n</data></write>
		<read echo="ascii"><delim> </delim><match><data>\x3E </data></match></read>
		<write echo="ascii"><data>FHK3T = |"IYsJo","IPaEt","CRf3","1j91Gly","xkmyPeq"|~|"A","fhXTp0","xkmyPeq","CRf3","IPaEt","HQx6tD2"|\n</data></write>
		<read echo="ascii"><delim> </delim><match><data>\x3E </data></match></read>
		<write echo="ascii"><data>WUztc3 = FjSO0 ^ WmInGM\n</data></write>
		<read echo="ascii"><delim> </delim><match><data>\x3E </data></match></read>
		<write echo="ascii"><data>BNCAbl = tFh9h1t + WmInGM\n</data></write>
		<read echo="ascii"><delim> </delim><match><data>\x3E </data></match></read>
		<write echo="ascii"><data>5N4FH = |"wLOPFu","Ys84vz","LGrS","YXg0K1","8hOC667","1IIBG0","kZJd","9TCLz0","TO"|\n</data></write>
		<read echo="ascii"><delim> </delim><match><data>\x3E </data></match></read>
		<write echo="ascii"><data>oZPvEq = |"wLOPFu","YXg0K1","kZJd","Ys84vz","TO","9TCLz0","1IIBG0"|\n</data></write>
		<read echo="ascii"><delim> </delim><match><data>\x3E </data></match></read>
		<write echo="ascii"><data>oZPvEq@5N4FH\n</data></write>
		<read echo="ascii"><delim>\n</delim><match><data>TRUE\n</data></match></read>
		<read echo="ascii"><delim> </delim><match><data>\x3E </data></match></read>
		<write echo="ascii"><data>ppqxbZ = |"4Knr","31Hj8c0"|^|"t5","4Knr","uXTq"|\n</data></write>
		<read echo="ascii"><delim> </delim><match><data>\x3E </data></match></read>
		<write echo="ascii"><data>.p\n</data></write>
<read echo="ascii"><delim>\n</delim><match><data>wK31N = |"ikTVkrG","cedT7cj","MNNnh1","bfID","cwrs","YoggAd"|\n</data></match></read>
<read echo="ascii"><delim>\n</delim><match><data>WmInGM = |"yHW3Y6","N6V","Agm","yE4P"|\n</data></match></read>
<read echo="ascii"><delim>\n</delim><match><data>pNdxdI = |"o","OfY0","cIIqy4","l","tnGEte","KVC"|\n</data></match></read>
<read echo="ascii"><delim>\n</delim><match><data>b2ceVhvKg = ||\n</data></match></read>
<read echo="ascii"><delim>\n</delim><match><data>FjSO0 = |"RDEd6Ho","QPWAg","e6uPNar","eP","SD","sncrBo","mKqH","KjLv0KD","oH"|\n</data></match></read>
<read echo="ascii"><delim>\n</delim><match><data>tFh9h1t = ||\n</data></match></read>
<read echo="ascii"><delim>\n</delim><match><data>5dSwB1si = ||\n</data></match></read>
<read echo="ascii"><delim>\n</delim><match><data>KKiqN = |"yHW3Y6","N6V","Agm","yE4P","RDEd6Ho","QPWAg","e6uPNar","eP","SD","sncrBo","mKqH","KjLv0KD","oH"|\n</data></match></read>
<read echo="ascii"><delim>\n</delim><match><data>FHK3T = |"IYsJo","1j91Gly","A","fhXTp0","HQx6tD2"|\n</data></match></read>
<read echo="ascii"><delim>\n</delim><match><data>WUztc3 = ||\n</data></match></read>
<read echo="ascii"><delim>\n</delim><match><data>BNCAbl = |"yHW3Y6","N6V","Agm","yE4P"|\n</data></match></read>
<read echo="ascii"><delim>\n</delim><match><data>5N4FH = |"wLOPFu","Ys84vz","LGrS","YXg0K1","8hOC667","1IIBG0","kZJd","9TCLz0","TO"|\n</data></match></read>
<read echo="ascii"><delim>\n</delim><match><data>oZPvEq = |"wLOPFu","YXg0K1","kZJd","Ys84vz","TO","9TCLz0","1IIBG0"|\n</data></match></read>
<read echo="ascii"><delim>\n</delim><match><data>ppqxbZ = |"4Knr"|\n</data></match></read>
		<read echo="ascii"><delim> </delim><match><data>\x3E </data></match></read>
		<write echo="ascii"><data>.l\n</data></write>
	</replay>
</pov>
