<?xml version="1.0" standalone="no" ?>
<!DOCTYPE pov SYSTEM "/usr/share/cgc-docs/replay.dtd"><pov>
	<cbid>CROMU_00011</cbid>
	<replay>
		<read echo="ascii"><delim> </delim><match><data>\x3E </data></match></read>
		<write echo="ascii"><data>q3BOBs = |"paHy1L","c3S","pSpsAb","CoEp","iH3P","Ft622eE"|\n</data></write>
		<read echo="ascii"><delim> </delim><match><data>\x3E </data></match></read>
		<write echo="ascii"><data>wzZC1V = |"c3S","paHy1L","Ft622eE","CoEp"|\n</data></write>
		<read echo="ascii"><delim> </delim><match><data>\x3E </data></match></read>
		<write echo="ascii"><data>wzZC1V@q3BOBs\n</data></write>
		<read echo="ascii"><delim>\n</delim><match><data>TRUE\n</data></match></read>
		<read echo="ascii"><delim> </delim><match><data>\x3E </data></match></read>
		<write echo="ascii"><data>7tnze = |"bIYRLu","OHoMz7g","V3LNPC","gq","t7x4jOX","2P","fdnsNl","rAy"|\n</data></write>
		<read echo="ascii"><delim> </delim><match><data>\x3E </data></match></read>
		<write echo="ascii"><data>9MmKlXt = |"gq","OHoMz7g","rAy","t7x4jOX","2P","V3LNPC","bIYRLu","igZos8mmVx"|\n</data></write>
		<read echo="ascii"><delim> </delim><match><data>\x3E </data></match></read>
		<write echo="ascii"><data>9MmKlXt@7tnze\n</data></write>
		<read echo="ascii"><delim>\n</delim><match><data>FALSE\n</data></match></read>
		<read echo="ascii"><delim> </delim><match><data>\x3E </data></match></read>
		<write echo="ascii"><data>u3l8ik8 = wzZC1V - 7tnze\n</data></write>
		<read echo="ascii"><delim> </delim><match><data>\x3E </data></match></read>
		<write echo="ascii"><data>tBGEZ = |"Gm21","xp2X5d","5","T"|+|"ITN5"|\n</data></write>
		<read echo="ascii"><delim> </delim><match><data>\x3E </data></match></read>
		<write echo="ascii"><data>bqZzHS = 7tnze - 7tnze\n</data></write>
		<read echo="ascii"><delim> </delim><match><data>\x3E </data></match></read>
		<write echo="ascii"><data>AvroQ = |"vmdo","xcwq"|^|"NKc"|\n</data></write>
		<read echo="ascii"><delim> </delim><match><data>\x3E </data></match></read>
		<write echo="ascii"><data>Q1zhR = q3BOBs - u3l8ik8\n</data></write>
		<read echo="ascii"><delim> </delim><match><data>\x3E </data></match></read>
		<write echo="ascii"><data>ndBqy8 = q3BOBs - q3BOBs\n</data></write>
		<read echo="ascii"><delim> </delim><match><data>\x3E </data></match></read>
		<write echo="ascii"><data>BQKtFdL = u3l8ik8 ^ u3l8ik8\n</data></write>
		<read echo="ascii"><delim> </delim><match><data>\x3E </data></match></read>
		<write echo="ascii"><data>mGa08 = |"6","y1uu0D","nFN","PsdKLK","6L","0861M","yOUy"|+|"f5kAy","yOUy","oNpF","nFN"|\n</data></write>
		<read echo="ascii"><delim> </delim><match><data>\x3E </data></match></read>
		<write echo="ascii"><data>.p\n</data></write>
<read echo="ascii"><delim>\n</delim><match><data>q3BOBs = |"paHy1L","c3S","pSpsAb","CoEp","iH3P","Ft622eE"|\n</data></match></read>
<read echo="ascii"><delim>\n</delim><match><data>wzZC1V = |"c3S","paHy1L","Ft622eE","CoEp"|\n</data></match></read>
<read echo="ascii"><delim>\n</delim><match><data>7tnze = |"bIYRLu","OHoMz7g","V3LNPC","gq","t7x4jOX","2P","fdnsNl","rAy"|\n</data></match></read>
<read echo="ascii"><delim>\n</delim><match><data>9MmKlXt = |"gq","OHoMz7g","rAy","t7x4jOX","2P","V3LNPC","bIYRLu","igZos8mmVx"|\n</data></match></read>
<read echo="ascii"><delim>\n</delim><match><data>u3l8ik8 = |"c3S","paHy1L","Ft622eE","CoEp"|\n</data></match></read>
<read echo="ascii"><delim>\n</delim><match><data>tBGEZ = |"Gm21","xp2X5d","5","T","ITN5"|\n</data></match></read>
<read echo="ascii"><delim>\n</delim><match><data>bqZzHS = ||\n</data></match></read>
<read echo="ascii"><delim>\n</delim><match><data>AvroQ = ||\n</data></match></read>
<read echo="ascii"><delim>\n</delim><match><data>Q1zhR = |"pSpsAb","iH3P"|\n</data></match></read>
<read echo="ascii"><delim>\n</delim><match><data>ndBqy8 = ||\n</data></match></read>
<read echo="ascii"><delim>\n</delim><match><data>BQKtFdL = |"c3S","paHy1L","Ft622eE","CoEp"|\n</data></match></read>
<read echo="ascii"><delim>\n</delim><match><data>mGa08 = |"6","y1uu0D","nFN","PsdKLK","6L","0861M","yOUy","f5kAy","oNpF"|\n</data></match></read>
		<read echo="ascii"><delim> </delim><match><data>\x3E </data></match></read>
		<write echo="ascii"><data>.l\n</data></write>
	</replay>
</pov>
