<?xml version="1.0" standalone="no" ?>
<!DOCTYPE pov SYSTEM "/usr/share/cgc-docs/replay.dtd"><pov>
	<cbid>CROMU_00011</cbid>
	<replay>
		<read echo="ascii"><delim> </delim><match><data>\x3E </data></match></read>
		<write echo="ascii"><data>Ivj1YZP = |"b8QI","L0SFneq","Ll","ozk0IaZ","mTPY","V716","C63MQSF","5PMMF","4E54"|\n</data></write>
		<read echo="ascii"><delim> </delim><match><data>\x3E </data></match></read>
		<write echo="ascii"><data>fgr16 = |"b8QI","C63MQSF","6u10VmBZpI"|\n</data></write>
		<read echo="ascii"><delim> </delim><match><data>\x3E </data></match></read>
		<write echo="ascii"><data>fgr16@Ivj1YZP\n</data></write>
		<read echo="ascii"><delim>\n</delim><match><data>FALSE\n</data></match></read>
		<read echo="ascii"><delim> </delim><match><data>\x3E </data></match></read>
		<write echo="ascii"><data>H5fuo9 = |"b9","fHrTOr","N2","TiT15w9","Uyjf","oFYK4pu","Kc","r7fG"|\n</data></write>
		<read echo="ascii"><delim> </delim><match><data>\x3E </data></match></read>
		<write echo="ascii"><data>xWuhL = |"fHrTOr","oFYK4pu","r7fG","N2","EdH3iFtsTn"|\n</data></write>
		<read echo="ascii"><delim> </delim><match><data>\x3E </data></match></read>
		<write echo="ascii"><data>xWuhL@H5fuo9\n</data></write>
		<read echo="ascii"><delim>\n</delim><match><data>FALSE\n</data></match></read>
		<read echo="ascii"><delim> </delim><match><data>\x3E </data></match></read>
		<write echo="ascii"><data>nRveb = Ivj1YZP - H5fuo9\n</data></write>
		<read echo="ascii"><delim> </delim><match><data>\x3E </data></match></read>
		<write echo="ascii"><data>zQLkKx = |"qJ82","8","8sVIT8r","4TGowI"|+|"qJ82","8sVIT8r","T","CR","K"|\n</data></write>
		<read echo="ascii"><delim> </delim><match><data>\x3E </data></match></read>
		<write echo="ascii"><data>gTMwwz = |"sh39Jws","RJYz3iD","UhJz","f6j7h2"|~|"aWDsSY"|\n</data></write>
		<read echo="ascii"><delim> </delim><match><data>\x3E </data></match></read>
		<write echo="ascii"><data>T1g6Zi = |"hzjhTW","eU","jek9","dcD13CZ","m","W"|+|"s","dcD13CZ"|\n</data></write>
		<read echo="ascii"><delim> </delim><match><data>\x3E </data></match></read>
		<write echo="ascii"><data>9573fbXT = H5fuo9 ^ gTMwwz\n</data></write>
		<read echo="ascii"><delim> </delim><match><data>\x3E </data></match></read>
		<write echo="ascii"><data>UNcg0 = |"RBG","2","ujiB","dGaYw05","jT","M2AlY8","DCT"|-|"jT","BVTG75","dGaYw05","bIde9A","DCT"|\n</data></write>
		<read echo="ascii"><delim> </delim><match><data>\x3E </data></match></read>
		<write echo="ascii"><data>5GEkVha = 9573fbXT - xWuhL\n</data></write>
		<read echo="ascii"><delim> </delim><match><data>\x3E </data></match></read>
		<write echo="ascii"><data>LvnSAZA = |"3djc","C","5YQd","xctF","7R"|~|"o3eL8L","VDr","nOV7bZ","eY2Gs","02","dxT3LzI","5"|\n</data></write>
		<read echo="ascii"><delim> </delim><match><data>\x3E </data></match></read>
		<write echo="ascii"><data>VFArjdz = |"3cQKO","pzC8am","5mp","NLI","2B","Z","4"|+|"1kT","3cQKO"|\n</data></write>
		<read echo="ascii"><delim> </delim><match><data>\x3E </data></match></read>
		<write echo="ascii"><data>.p\n</data></write>
<read echo="ascii"><delim>\n</delim><match><data>Ivj1YZP = |"b8QI","L0SFneq","Ll","ozk0IaZ","mTPY","V716","C63MQSF","5PMMF","4E54"|\n</data></match></read>
<read echo="ascii"><delim>\n</delim><match><data>fgr16 = |"b8QI","C63MQSF","6u10VmBZpI"|\n</data></match></read>
<read echo="ascii"><delim>\n</delim><match><data>H5fuo9 = |"b9","fHrTOr","N2","TiT15w9","Uyjf","oFYK4pu","Kc","r7fG"|\n</data></match></read>
<read echo="ascii"><delim>\n</delim><match><data>xWuhL = |"fHrTOr","oFYK4pu","r7fG","N2","EdH3iFtsTn"|\n</data></match></read>
<read echo="ascii"><delim>\n</delim><match><data>nRveb = |"b8QI","L0SFneq","Ll","ozk0IaZ","mTPY","V716","C63MQSF","5PMMF","4E54"|\n</data></match></read>
<read echo="ascii"><delim>\n</delim><match><data>zQLkKx = |"qJ82","8","8sVIT8r","4TGowI","T","CR","K"|\n</data></match></read>
<read echo="ascii"><delim>\n</delim><match><data>gTMwwz = |"sh39Jws","RJYz3iD","UhJz","f6j7h2","aWDsSY"|\n</data></match></read>
<read echo="ascii"><delim>\n</delim><match><data>T1g6Zi = |"hzjhTW","eU","jek9","dcD13CZ","m","W","s"|\n</data></match></read>
<read echo="ascii"><delim>\n</delim><match><data>9573fbXT = ||\n</data></match></read>
<read echo="ascii"><delim>\n</delim><match><data>UNcg0 = |"RBG","2","ujiB","M2AlY8"|\n</data></match></read>
<read echo="ascii"><delim>\n</delim><match><data>5GEkVha = ||\n</data></match></read>
<read echo="ascii"><delim>\n</delim><match><data>LvnSAZA = |"3djc","C","5YQd","xctF","7R","o3eL8L","VDr","nOV7bZ","eY2Gs","02","dxT3LzI","5"|\n</data></match></read>
<read echo="ascii"><delim>\n</delim><match><data>VFArjdz = |"3cQKO","pzC8am","5mp","NLI","2B","Z","4","1kT"|\n</data></match></read>
		<read echo="ascii"><delim> </delim><match><data>\x3E </data></match></read>
		<write echo="ascii"><data>.l\n</data></write>
	</replay>
</pov>
