<?xml version="1.0" standalone="no" ?>
<!DOCTYPE pov SYSTEM "/usr/share/cgc-docs/replay.dtd"><pov>
	<cbid>CROMU_00011</cbid>
	<replay>
		<read echo="ascii"><delim> </delim><match><data>\x3E </data></match></read>
		<write echo="ascii"><data>LK3NURp = |"VbO","vLdnk5x","dF7Ej","ezDI","THUW","toG7"|^|"THUW","Q4XtKVM"|\n</data></write>
		<read echo="ascii"><delim> </delim><match><data>\x3E </data></match></read>
		<write echo="ascii"><data>z34Db = |"4aU","Qu"|~|"OYQLz","gVA1","BQ","S9sb","BjX","BK51","fwG"|\n</data></write>
		<read echo="ascii"><delim> </delim><match><data>\x3E </data></match></read>
		<write echo="ascii"><data>dzPVN3 = |"Hhr1v","C","siu39","ce9WJ"|~|"C","eHESxJ"|\n</data></write>
		<read echo="ascii"><delim> </delim><match><data>\x3E </data></match></read>
		<write echo="ascii"><data>wiWqN = |"CwkgiTU","Il","9OLwWg","Oa","Kr3P","5CPVr","2GJ2a"|\n</data></write>
		<read echo="ascii"><delim> </delim><match><data>\x3E </data></match></read>
		<write echo="ascii"><data>t4kS4F = |"2GJ2a","Oa","Kr3P","5CPVr"|\n</data></write>
		<read echo="ascii"><delim> </delim><match><data>\x3E </data></match></read>
		<write echo="ascii"><data>t4kS4F@wiWqN\n</data></write>
		<read echo="ascii"><delim>\n</delim><match><data>TRUE\n</data></match></read>
		<read echo="ascii"><delim> </delim><match><data>\x3E </data></match></read>
		<write echo="ascii"><data>5zb0vcd = |"a","nAKB6s","21Smv","jHgyk","W","hO6ns"|-|"F1","J","QkLE"|\n</data></write>
		<read echo="ascii"><delim> </delim><match><data>\x3E </data></match></read>
		<write echo="ascii"><data>acBVx = LK3NURp + z34Db\n</data></write>
		<read echo="ascii"><delim> </delim><match><data>\x3E </data></match></read>
		<write echo="ascii"><data>b8lkWJB = |"wQJg","hhdNFm","sO","rpZ","Jmn","UJkz","iavVW","Mf","enBfgJ","oaVDHf5"|\n</data></write>
		<read echo="ascii"><delim> </delim><match><data>\x3E </data></match></read>
		<write echo="ascii"><data>PvsYlBn = |"iavVW","enBfgJ","Jmn","hhdNFm"|\n</data></write>
		<read echo="ascii"><delim> </delim><match><data>\x3E </data></match></read>
		<write echo="ascii"><data>PvsYlBn@b8lkWJB\n</data></write>
		<read echo="ascii"><delim>\n</delim><match><data>TRUE\n</data></match></read>
		<read echo="ascii"><delim> </delim><match><data>\x3E </data></match></read>
		<write echo="ascii"><data>7IkUs = b8lkWJB + t4kS4F\n</data></write>
		<read echo="ascii"><delim> </delim><match><data>\x3E </data></match></read>
		<write echo="ascii"><data>nZiHED = PvsYlBn - dzPVN3\n</data></write>
		<read echo="ascii"><delim> </delim><match><data>\x3E </data></match></read>
		<write echo="ascii"><data>G868u7 = |"Dzzh1Cx","ItLReo","KMHdEy","yPyf","mN","rWZBOa"|\n</data></write>
		<read echo="ascii"><delim> </delim><match><data>\x3E </data></match></read>
		<write echo="ascii"><data>KXQDyB = |"ItLReo"|\n</data></write>
		<read echo="ascii"><delim> </delim><match><data>\x3E </data></match></read>
		<write echo="ascii"><data>KXQDyB@G868u7\n</data></write>
		<read echo="ascii"><delim>\n</delim><match><data>TRUE\n</data></match></read>
		<read echo="ascii"><delim> </delim><match><data>\x3E </data></match></read>
		<write echo="ascii"><data>.p\n</data></write>
<read echo="ascii"><delim>\n</delim><match><data>LK3NURp = |"THUW"|\n</data></match></read>
<read echo="ascii"><delim>\n</delim><match><data>z34Db = |"4aU","Qu","OYQLz","gVA1","BQ","S9sb","BjX","BK51","fwG"|\n</data></match></read>
<read echo="ascii"><delim>\n</delim><match><data>dzPVN3 = |"Hhr1v","siu39","ce9WJ","eHESxJ"|\n</data></match></read>
<read echo="ascii"><delim>\n</delim><match><data>wiWqN = |"CwkgiTU","Il","9OLwWg","Oa","Kr3P","5CPVr","2GJ2a"|\n</data></match></read>
<read echo="ascii"><delim>\n</delim><match><data>t4kS4F = |"2GJ2a","Oa","Kr3P","5CPVr"|\n</data></match></read>
<read echo="ascii"><delim>\n</delim><match><data>5zb0vcd = |"a","nAKB6s","21Smv","jHgyk","W","hO6ns"|\n</data></match></read>
<read echo="ascii"><delim>\n</delim><match><data>acBVx = |"THUW","4aU","Qu","OYQLz","gVA1","BQ","S9sb","BjX","BK51","fwG"|\n</data></match></read>
<read echo="ascii"><delim>\n</delim><match><data>b8lkWJB = |"wQJg","hhdNFm","sO","rpZ","Jmn","UJkz","iavVW","Mf","enBfgJ","oaVDHf5"|\n</data></match></read>
<read echo="ascii"><delim>\n</delim><match><data>PvsYlBn = |"iavVW","enBfgJ","Jmn","hhdNFm"|\n</data></match></read>
<read echo="ascii"><delim>\n</delim><match><data>7IkUs = |"wQJg","hhdNFm","sO","rpZ","Jmn","UJkz","iavVW","Mf","enBfgJ","oaVDHf5","2GJ2a","Oa","Kr3P","5CPVr"|\n</data></match></read>
<read echo="ascii"><delim>\n</delim><match><data>nZiHED = |"iavVW","enBfgJ","Jmn","hhdNFm"|\n</data></match></read>
<read echo="ascii"><delim>\n</delim><match><data>G868u7 = |"Dzzh1Cx","ItLReo","KMHdEy","yPyf","mN","rWZBOa"|\n</data></match></read>
<read echo="ascii"><delim>\n</delim><match><data>KXQDyB = |"ItLReo"|\n</data></match></read>
		<read echo="ascii"><delim> </delim><match><data>\x3E </data></match></read>
		<write echo="ascii"><data>.l\n</data></write>
	</replay>
</pov>
