<?xml version="1.0" standalone="no" ?>
<!DOCTYPE pov SYSTEM "/usr/share/cgc-docs/replay.dtd"><pov>
	<cbid>CROMU_00011</cbid>
	<replay>
		<read echo="ascii"><delim> </delim><match><data>\x3E </data></match></read>
		<write echo="ascii"><data>o5kQas = |"mJZnw","5","0oqE","9ia","B8CtgWE"|-|"mJZnw","6SO45k","ijx","JVZNOos"|\n</data></write>
		<read echo="ascii"><delim> </delim><match><data>\x3E </data></match></read>
		<write echo="ascii"><data>FmheH4z = |"VGyJ","qxPMnT","WX","BWUsP","A8At3Z"|^|"VGyJ","BWUsP","WX","qxPMnT","vhHN","yBc","A8At3Z"|\n</data></write>
		<read echo="ascii"><delim> </delim><match><data>\x3E </data></match></read>
		<write echo="ascii"><data>LctAj = o5kQas - FmheH4z\n</data></write>
		<read echo="ascii"><delim> </delim><match><data>\x3E </data></match></read>
		<write echo="ascii"><data>2gkagjx = |"yYPSy"|~|"QrN3Ex3","yYPSy","3EE","1oyE88","9jN","idb","syqo2x"|\n</data></write>
		<read echo="ascii"><delim> </delim><match><data>\x3E </data></match></read>
		<write echo="ascii"><data>l9UupF = |"433","gVI"|~|"cSFX","uo","C3","JQPMCP"|\n</data></write>
		<read echo="ascii"><delim> </delim><match><data>\x3E </data></match></read>
		<write echo="ascii"><data>0ulTG3w = |"BfZ","up07Lnw","hYC","6K","qXNbD4d","eah","HF6G"|^|"plS"|\n</data></write>
		<read echo="ascii"><delim> </delim><match><data>\x3E </data></match></read>
		<write echo="ascii"><data>aRFdji = |"DS","EYE9","Oi","wlzW","gUtD"|-|"Hgz","n0OO4S","IrqQS"|\n</data></write>
		<read echo="ascii"><delim> </delim><match><data>\x3E </data></match></read>
		<write echo="ascii"><data>mRuSjUv = |"4PhD","Sz89","vHH","QwxBmRj","Lk"|+|"K","pG01Z"|\n</data></write>
		<read echo="ascii"><delim> </delim><match><data>\x3E </data></match></read>
		<write echo="ascii"><data>COHL3 = FmheH4z - 0ulTG3w\n</data></write>
		<read echo="ascii"><delim> </delim><match><data>\x3E </data></match></read>
		<write echo="ascii"><data>.p\n</data></write>
<read echo="ascii"><delim>\n</delim><match><data>o5kQas = |"5","0oqE","9ia","B8CtgWE"|\n</data></match></read>
<read echo="ascii"><delim>\n</delim><match><data>FmheH4z = |"VGyJ","qxPMnT","WX","BWUsP","A8At3Z"|\n</data></match></read>
<read echo="ascii"><delim>\n</delim><match><data>LctAj = |"5","0oqE","9ia","B8CtgWE"|\n</data></match></read>
<read echo="ascii"><delim>\n</delim><match><data>2gkagjx = |"QrN3Ex3","3EE","1oyE88","9jN","idb","syqo2x"|\n</data></match></read>
<read echo="ascii"><delim>\n</delim><match><data>l9UupF = |"433","gVI","cSFX","uo","C3","JQPMCP"|\n</data></match></read>
<read echo="ascii"><delim>\n</delim><match><data>0ulTG3w = ||\n</data></match></read>
<read echo="ascii"><delim>\n</delim><match><data>aRFdji = |"DS","EYE9","Oi","wlzW","gUtD"|\n</data></match></read>
<read echo="ascii"><delim>\n</delim><match><data>mRuSjUv = |"4PhD","Sz89","vHH","QwxBmRj","Lk","K","pG01Z"|\n</data></match></read>
<read echo="ascii"><delim>\n</delim><match><data>COHL3 = |"VGyJ","qxPMnT","WX","BWUsP","A8At3Z"|\n</data></match></read>
		<read echo="ascii"><delim> </delim><match><data>\x3E </data></match></read>
		<write echo="ascii"><data>.l\n</data></write>
	</replay>
</pov>
