<?xml version="1.0" standalone="no" ?>
<!DOCTYPE pov SYSTEM "/usr/share/cgc-docs/replay.dtd"><pov>
	<cbid>CROMU_00011</cbid>
	<replay>
		<read echo="ascii"><delim> </delim><match><data>\x3E </data></match></read>
		<write echo="ascii"><data>zVAgMxw = |"l"|+|"zc9WQeN","nCmVsA"|\n</data></write>
		<read echo="ascii"><delim> </delim><match><data>\x3E </data></match></read>
		<write echo="ascii"><data>CZn72Nq = zVAgMxw - zVAgMxw\n</data></write>
		<read echo="ascii"><delim> </delim><match><data>\x3E </data></match></read>
		<write echo="ascii"><data>Qj8FQ = CZn72Nq - CZn72Nq\n</data></write>
		<read echo="ascii"><delim> </delim><match><data>\x3E </data></match></read>
		<write echo="ascii"><data>9kPyS = |"9b7OZ","pA9","oyK4T","X"|~|"bgd","n2vOYiE","qYI3c","bQ","raI","T","ql"|\n</data></write>
		<read echo="ascii"><delim> </delim><match><data>\x3E </data></match></read>
		<write echo="ascii"><data>kLuUVf = |"2cxs","SKxM","A3a","InYLfvm","da17Vv","b"|+|"5joi2s","KPjAo","A3a","WJkzJ0","VLwA","QJP"|\n</data></write>
		<read echo="ascii"><delim> </delim><match><data>\x3E </data></match></read>
		<write echo="ascii"><data>5NIKUR = |"QnFtD"|~|"wE"|\n</data></write>
		<read echo="ascii"><delim> </delim><match><data>\x3E </data></match></read>
		<write echo="ascii"><data>OS56aav = 5NIKUR - CZn72Nq\n</data></write>
		<read echo="ascii"><delim> </delim><match><data>\x3E </data></match></read>
		<write echo="ascii"><data>2oW9Z5V = OS56aav ^ 5NIKUR\n</data></write>
		<read echo="ascii"><delim> </delim><match><data>\x3E </data></match></read>
		<write echo="ascii"><data>96rpZgi = Qj8FQ ^ kLuUVf\n</data></write>
		<read echo="ascii"><delim> </delim><match><data>\x3E </data></match></read>
		<write echo="ascii"><data>.p\n</data></write>
<read echo="ascii"><delim>\n</delim><match><data>zVAgMxw = |"l","zc9WQeN","nCmVsA"|\n</data></match></read>
<read echo="ascii"><delim>\n</delim><match><data>CZn72Nq = ||\n</data></match></read>
<read echo="ascii"><delim>\n</delim><match><data>Qj8FQ = ||\n</data></match></read>
<read echo="ascii"><delim>\n</delim><match><data>9kPyS = |"9b7OZ","pA9","oyK4T","X","bgd","n2vOYiE","qYI3c","bQ","raI","T","ql"|\n</data></match></read>
<read echo="ascii"><delim>\n</delim><match><data>kLuUVf = |"2cxs","SKxM","A3a","InYLfvm","da17Vv","b","5joi2s","KPjAo","WJkzJ0","VLwA","QJP"|\n</data></match></read>
<read echo="ascii"><delim>\n</delim><match><data>5NIKUR = |"QnFtD","wE"|\n</data></match></read>
<read echo="ascii"><delim>\n</delim><match><data>OS56aav = |"QnFtD","wE"|\n</data></match></read>
<read echo="ascii"><delim>\n</delim><match><data>2oW9Z5V = |"QnFtD","wE"|\n</data></match></read>
<read echo="ascii"><delim>\n</delim><match><data>96rpZgi = ||\n</data></match></read>
		<read echo="ascii"><delim> </delim><match><data>\x3E </data></match></read>
		<write echo="ascii"><data>.l\n</data></write>
	</replay>
</pov>
