<?xml version="1.0" standalone="no" ?>
<!DOCTYPE pov SYSTEM "/usr/share/cgc-docs/replay.dtd"><pov>
	<cbid>CROMU_00011</cbid>
	<replay>
		<read echo="ascii"><delim> </delim><match><data>\x3E </data></match></read>
		<write echo="ascii"><data>YjauqEZ = |"afpMr"|^|"Sq","PBoox","uD","58O1r","afpMr","wxN","PSJSy"|\n</data></write>
		<read echo="ascii"><delim> </delim><match><data>\x3E </data></match></read>
		<write echo="ascii"><data>rdXl3F2 = YjauqEZ - YjauqEZ\n</data></write>
		<read echo="ascii"><delim> </delim><match><data>\x3E </data></match></read>
		<write echo="ascii"><data>QTZxJIk = |"8tD","2Ap9it","oiPrW","cqrYW","WXw"|^|"rzQYzz"|\n</data></write>
		<read echo="ascii"><delim> </delim><match><data>\x3E </data></match></read>
		<write echo="ascii"><data>5oAKU = rdXl3F2 ~ YjauqEZ\n</data></write>
		<read echo="ascii"><delim> </delim><match><data>\x3E </data></match></read>
		<write echo="ascii"><data>1YLGfo7 = 5oAKU - QTZxJIk\n</data></write>
		<read echo="ascii"><delim> </delim><match><data>\x3E </data></match></read>
		<write echo="ascii"><data>Orygk = QTZxJIk - rdXl3F2\n</data></write>
		<read echo="ascii"><delim> </delim><match><data>\x3E </data></match></read>
		<write echo="ascii"><data>8jYa7tD = QTZxJIk - rdXl3F2\n</data></write>
		<read echo="ascii"><delim> </delim><match><data>\x3E </data></match></read>
		<write echo="ascii"><data>rTp9y92 = |"cL","7WCM","XTG2Lc","DmKn","NUvq9","7q","GrQM","q7"|\n</data></write>
		<read echo="ascii"><delim> </delim><match><data>\x3E </data></match></read>
		<write echo="ascii"><data>3jmPm6Q = |"q7","XTG2Lc","GrQM","DmKn","AVE2OFI5w2"|\n</data></write>
		<read echo="ascii"><delim> </delim><match><data>\x3E </data></match></read>
		<write echo="ascii"><data>3jmPm6Q@rTp9y92\n</data></write>
		<read echo="ascii"><delim>\n</delim><match><data>FALSE\n</data></match></read>
		<read echo="ascii"><delim> </delim><match><data>\x3E </data></match></read>
		<write echo="ascii"><data>W1vRUV = 5oAKU - YjauqEZ\n</data></write>
		<read echo="ascii"><delim> </delim><match><data>\x3E </data></match></read>
		<write echo="ascii"><data>Owxex0 = |"Gc9X","Jj","gXi3C5","lcBg6I","mc42O"|^|"Tc4dun","ss1ow9Q","O0","Jj","JTgslYk"|\n</data></write>
		<read echo="ascii"><delim> </delim><match><data>\x3E </data></match></read>
		<write echo="ascii"><data>ZIhMLEs = |"Hi0E8","lPph","Ky","Tm0l","d7uB2rF","FQ7m"|~|"Hi0E8","Ky","ey","FQ7m","652nEe","UpkQ"|\n</data></write>
		<read echo="ascii"><delim> </delim><match><data>\x3E </data></match></read>
		<write echo="ascii"><data>Ho1Lq = |"884d2","LDTCu9s","PlMS","bEO4Dlz","RzDgm","BUEB5O"|^|"pNfQnU","P3ynP5j","GW7Na1","MgFcb","PlMS","phIj","zp"|\n</data></write>
		<read echo="ascii"><delim> </delim><match><data>\x3E </data></match></read>
		<write echo="ascii"><data>wtoKd = Ho1Lq + ZIhMLEs\n</data></write>
		<read echo="ascii"><delim> </delim><match><data>\x3E </data></match></read>
		<write echo="ascii"><data>.p\n</data></write>
<read echo="ascii"><delim>\n</delim><match><data>YjauqEZ = |"afpMr"|\n</data></match></read>
<read echo="ascii"><delim>\n</delim><match><data>rdXl3F2 = ||\n</data></match></read>
<read echo="ascii"><delim>\n</delim><match><data>QTZxJIk = ||\n</data></match></read>
<read echo="ascii"><delim>\n</delim><match><data>5oAKU = |"afpMr"|\n</data></match></read>
<read echo="ascii"><delim>\n</delim><match><data>1YLGfo7 = |"afpMr"|\n</data></match></read>
<read echo="ascii"><delim>\n</delim><match><data>Orygk = ||\n</data></match></read>
<read echo="ascii"><delim>\n</delim><match><data>8jYa7tD = ||\n</data></match></read>
<read echo="ascii"><delim>\n</delim><match><data>rTp9y92 = |"cL","7WCM","XTG2Lc","DmKn","NUvq9","7q","GrQM","q7"|\n</data></match></read>
<read echo="ascii"><delim>\n</delim><match><data>3jmPm6Q = |"q7","XTG2Lc","GrQM","DmKn","AVE2OFI5w2"|\n</data></match></read>
<read echo="ascii"><delim>\n</delim><match><data>W1vRUV = ||\n</data></match></read>
<read echo="ascii"><delim>\n</delim><match><data>Owxex0 = |"Jj"|\n</data></match></read>
<read echo="ascii"><delim>\n</delim><match><data>ZIhMLEs = |"lPph","Tm0l","d7uB2rF","ey","652nEe","UpkQ"|\n</data></match></read>
<read echo="ascii"><delim>\n</delim><match><data>Ho1Lq = |"PlMS"|\n</data></match></read>
<read echo="ascii"><delim>\n</delim><match><data>wtoKd = |"PlMS","lPph","Tm0l","d7uB2rF","ey","652nEe","UpkQ"|\n</data></match></read>
		<read echo="ascii"><delim> </delim><match><data>\x3E </data></match></read>
		<write echo="ascii"><data>.l\n</data></write>
	</replay>
</pov>
