<?xml version="1.0" standalone="no" ?>
<!DOCTYPE pov SYSTEM "/usr/share/cgc-docs/replay.dtd"><pov>
	<cbid>CROMU_00011</cbid>
	<replay>
		<read echo="ascii"><delim> </delim><match><data>\x3E </data></match></read>
		<write echo="ascii"><data>s5po4 = |"wL0","1q0","CF0UxLX","VDF","C4v","5U","R0"|\n</data></write>
		<read echo="ascii"><delim> </delim><match><data>\x3E </data></match></read>
		<write echo="ascii"><data>wsQ0L = |"VDF","C4v","5U","R0","wL0","PsollaGceP"|\n</data></write>
		<read echo="ascii"><delim> </delim><match><data>\x3E </data></match></read>
		<write echo="ascii"><data>wsQ0L@s5po4\n</data></write>
		<read echo="ascii"><delim>\n</delim><match><data>FALSE\n</data></match></read>
		<read echo="ascii"><delim> </delim><match><data>\x3E </data></match></read>
		<write echo="ascii"><data>3GnUCZF = |"jiBR4"|^|"qx2Qb","IcFj9Lc"|\n</data></write>
		<read echo="ascii"><delim> </delim><match><data>\x3E </data></match></read>
		<write echo="ascii"><data>G7eKqHB = wsQ0L - wsQ0L\n</data></write>
		<read echo="ascii"><delim> </delim><match><data>\x3E </data></match></read>
		<write echo="ascii"><data>YgUTA = wsQ0L ~ s5po4\n</data></write>
		<read echo="ascii"><delim> </delim><match><data>\x3E </data></match></read>
		<write echo="ascii"><data>FGpiuL = 3GnUCZF - YgUTA\n</data></write>
		<read echo="ascii"><delim> </delim><match><data>\x3E </data></match></read>
		<write echo="ascii"><data>ZddIoZz = |"RbsUnY","KAO","ns5h5V","fMjYea","1pXTKi","hIAEvv","wQN"|\n</data></write>
		<read echo="ascii"><delim> </delim><match><data>\x3E </data></match></read>
		<write echo="ascii"><data>IxEU3XK = |"hIAEvv","fMjYea","RbsUnY","ns5h5V","KAO"|\n</data></write>
		<read echo="ascii"><delim> </delim><match><data>\x3E </data></match></read>
		<write echo="ascii"><data>IxEU3XK@ZddIoZz\n</data></write>
		<read echo="ascii"><delim>\n</delim><match><data>TRUE\n</data></match></read>
		<read echo="ascii"><delim> </delim><match><data>\x3E </data></match></read>
		<write echo="ascii"><data>5vE2ff = |"Cfi7","EIxI","9EF","2aK","JZZc","xFSu"|\n</data></write>
		<read echo="ascii"><delim> </delim><match><data>\x3E </data></match></read>
		<write echo="ascii"><data>m3DGgrr = |"JZZc","Cfi7","7TATDtUuec"|\n</data></write>
		<read echo="ascii"><delim> </delim><match><data>\x3E </data></match></read>
		<write echo="ascii"><data>m3DGgrr@5vE2ff\n</data></write>
		<read echo="ascii"><delim>\n</delim><match><data>FALSE\n</data></match></read>
		<read echo="ascii"><delim> </delim><match><data>\x3E </data></match></read>
		<write echo="ascii"><data>XsR2jqt = m3DGgrr + 3GnUCZF\n</data></write>
		<read echo="ascii"><delim> </delim><match><data>\x3E </data></match></read>
		<write echo="ascii"><data>Rok3uJ = ZddIoZz - 5vE2ff\n</data></write>
		<read echo="ascii"><delim> </delim><match><data>\x3E </data></match></read>
		<write echo="ascii"><data>NJmuYK = |"VK70iUT","WJC"|^|"5h","EtxjVV9"|\n</data></write>
		<read echo="ascii"><delim> </delim><match><data>\x3E </data></match></read>
		<write echo="ascii"><data>wNCKVZ = |"0JE","a6OaGt","qmf","Kn103i","wnS","JnWVwxa"|\n</data></write>
		<read echo="ascii"><delim> </delim><match><data>\x3E </data></match></read>
		<write echo="ascii"><data>22U0h = |"JnWVwxa","wnS","0JE","Kn103i","qmf","f3JaEwnucz"|\n</data></write>
		<read echo="ascii"><delim> </delim><match><data>\x3E </data></match></read>
		<write echo="ascii"><data>22U0h@wNCKVZ\n</data></write>
		<read echo="ascii"><delim>\n</delim><match><data>FALSE\n</data></match></read>
		<read echo="ascii"><delim> </delim><match><data>\x3E </data></match></read>
		<write echo="ascii"><data>.p\n</data></write>
<read echo="ascii"><delim>\n</delim><match><data>s5po4 = |"wL0","1q0","CF0UxLX","VDF","C4v","5U","R0"|\n</data></match></read>
<read echo="ascii"><delim>\n</delim><match><data>wsQ0L = |"VDF","C4v","5U","R0","wL0","PsollaGceP"|\n</data></match></read>
<read echo="ascii"><delim>\n</delim><match><data>3GnUCZF = ||\n</data></match></read>
<read echo="ascii"><delim>\n</delim><match><data>G7eKqHB = ||\n</data></match></read>
<read echo="ascii"><delim>\n</delim><match><data>YgUTA = |"PsollaGceP","1q0","CF0UxLX"|\n</data></match></read>
<read echo="ascii"><delim>\n</delim><match><data>FGpiuL = ||\n</data></match></read>
<read echo="ascii"><delim>\n</delim><match><data>ZddIoZz = |"RbsUnY","KAO","ns5h5V","fMjYea","1pXTKi","hIAEvv","wQN"|\n</data></match></read>
<read echo="ascii"><delim>\n</delim><match><data>IxEU3XK = |"hIAEvv","fMjYea","RbsUnY","ns5h5V","KAO"|\n</data></match></read>
<read echo="ascii"><delim>\n</delim><match><data>5vE2ff = |"Cfi7","EIxI","9EF","2aK","JZZc","xFSu"|\n</data></match></read>
<read echo="ascii"><delim>\n</delim><match><data>m3DGgrr = |"JZZc","Cfi7","7TATDtUuec"|\n</data></match></read>
<read echo="ascii"><delim>\n</delim><match><data>XsR2jqt = |"JZZc","Cfi7","7TATDtUuec"|\n</data></match></read>
<read echo="ascii"><delim>\n</delim><match><data>Rok3uJ = |"RbsUnY","KAO","ns5h5V","fMjYea","1pXTKi","hIAEvv","wQN"|\n</data></match></read>
<read echo="ascii"><delim>\n</delim><match><data>NJmuYK = ||\n</data></match></read>
<read echo="ascii"><delim>\n</delim><match><data>wNCKVZ = |"0JE","a6OaGt","qmf","Kn103i","wnS","JnWVwxa"|\n</data></match></read>
<read echo="ascii"><delim>\n</delim><match><data>22U0h = |"JnWVwxa","wnS","0JE","Kn103i","qmf","f3JaEwnucz"|\n</data></match></read>
		<read echo="ascii"><delim> </delim><match><data>\x3E </data></match></read>
		<write echo="ascii"><data>.l\n</data></write>
	</replay>
</pov>
