<?xml version="1.0" standalone="no" ?>
<!DOCTYPE pov SYSTEM "/usr/share/cgc-docs/replay.dtd"><pov>
	<cbid>CROMU_00011</cbid>
	<replay>
		<read echo="ascii"><delim> </delim><match><data>\x3E </data></match></read>
		<write echo="ascii"><data>wE7DTXQ = |"u","jzvfqEV","oUO","q"|-|"gQKKG","kOrNGeA","987q","hAML","nD2B","XvOXZ"|\n</data></write>
		<read echo="ascii"><delim> </delim><match><data>\x3E </data></match></read>
		<write echo="ascii"><data>nEWO3 = |"Rx7TPOo","t4gYj","7nB7l","vh84","2vgL4m","AJG51eL"|\n</data></write>
		<read echo="ascii"><delim> </delim><match><data>\x3E </data></match></read>
		<write echo="ascii"><data>hwnPlYZ = |"t4gYj","vh84"|\n</data></write>
		<read echo="ascii"><delim> </delim><match><data>\x3E </data></match></read>
		<write echo="ascii"><data>hwnPlYZ@nEWO3\n</data></write>
		<read echo="ascii"><delim>\n</delim><match><data>TRUE\n</data></match></read>
		<read echo="ascii"><delim> </delim><match><data>\x3E </data></match></read>
		<write echo="ascii"><data>bfAD5 = |"VjBdFOn","BdUL","0R99JC","73W","QqsCYJN"|^|"0R99JC","Opk9","T3E","tlNgMOa","EBdGU"|\n</data></write>
		<read echo="ascii"><delim> </delim><match><data>\x3E </data></match></read>
		<write echo="ascii"><data>LPbnA = |"9ksE","KtZAV"|^|"TtUumv","svfq8","Hq8GVAb","Uro8cY"|\n</data></write>
		<read echo="ascii"><delim> </delim><match><data>\x3E </data></match></read>
		<write echo="ascii"><data>TvH8fF = wE7DTXQ ~ hwnPlYZ\n</data></write>
		<read echo="ascii"><delim> </delim><match><data>\x3E </data></match></read>
		<write echo="ascii"><data>HXFK8 = nEWO3 + LPbnA\n</data></write>
		<read echo="ascii"><delim> </delim><match><data>\x3E </data></match></read>
		<write echo="ascii"><data>2936Md = bfAD5 - TvH8fF\n</data></write>
		<read echo="ascii"><delim> </delim><match><data>\x3E </data></match></read>
		<write echo="ascii"><data>PNzCBL = |"lYqHnZ6","OiqFmM","j7AXDj","C1ISFX","iaQ1Q","Y8vx4","ixz2Fz","XbQNb","1GtUM"|\n</data></write>
		<read echo="ascii"><delim> </delim><match><data>\x3E </data></match></read>
		<write echo="ascii"><data>VhW0xk = |"OiqFmM","iaQ1Q","1GtUM","C1ISFX","lYqHnZ6","AXtpv4VWLE"|\n</data></write>
		<read echo="ascii"><delim> </delim><match><data>\x3E </data></match></read>
		<write echo="ascii"><data>VhW0xk@PNzCBL\n</data></write>
		<read echo="ascii"><delim>\n</delim><match><data>FALSE\n</data></match></read>
		<read echo="ascii"><delim> </delim><match><data>\x3E </data></match></read>
		<write echo="ascii"><data>wPYGy = |"jndoWWG"|^|"Dxt","5DeUkXV","NaxCw","1d","ez","jndoWWG","1dh"|\n</data></write>
		<read echo="ascii"><delim> </delim><match><data>\x3E </data></match></read>
		<write echo="ascii"><data>kORQ3g = |"9","xY4","ghEmWgB"|~|"Yy","ZQC4Kl","HuDdc","iRXMTA","YLX03En","oTbG"|\n</data></write>
		<read echo="ascii"><delim> </delim><match><data>\x3E </data></match></read>
		<write echo="ascii"><data>GmQhy = |"RiPS","k5hrAv","wvaY","Nm0HnTp"|~|"rlzq5","VcoZ1"|\n</data></write>
		<read echo="ascii"><delim> </delim><match><data>\x3E </data></match></read>
		<write echo="ascii"><data>94IcF = |"JbcD","N9ZP6H","G7Iw9D","xgFz","De"|^|"uPq5","RK","G7Iw9D","QXOxx9M","6Wz3CNI"|\n</data></write>
		<read echo="ascii"><delim> </delim><match><data>\x3E </data></match></read>
		<write echo="ascii"><data>.p\n</data></write>
<read echo="ascii"><delim>\n</delim><match><data>wE7DTXQ = |"u","jzvfqEV","oUO","q"|\n</data></match></read>
<read echo="ascii"><delim>\n</delim><match><data>nEWO3 = |"Rx7TPOo","t4gYj","7nB7l","vh84","2vgL4m","AJG51eL"|\n</data></match></read>
<read echo="ascii"><delim>\n</delim><match><data>hwnPlYZ = |"t4gYj","vh84"|\n</data></match></read>
<read echo="ascii"><delim>\n</delim><match><data>bfAD5 = |"0R99JC"|\n</data></match></read>
<read echo="ascii"><delim>\n</delim><match><data>LPbnA = ||\n</data></match></read>
<read echo="ascii"><delim>\n</delim><match><data>TvH8fF = |"u","jzvfqEV","oUO","q","t4gYj","vh84"|\n</data></match></read>
<read echo="ascii"><delim>\n</delim><match><data>HXFK8 = |"Rx7TPOo","t4gYj","7nB7l","vh84","2vgL4m","AJG51eL"|\n</data></match></read>
<read echo="ascii"><delim>\n</delim><match><data>2936Md = |"0R99JC"|\n</data></match></read>
<read echo="ascii"><delim>\n</delim><match><data>PNzCBL = |"lYqHnZ6","OiqFmM","j7AXDj","C1ISFX","iaQ1Q","Y8vx4","ixz2Fz","XbQNb","1GtUM"|\n</data></match></read>
<read echo="ascii"><delim>\n</delim><match><data>VhW0xk = |"OiqFmM","iaQ1Q","1GtUM","C1ISFX","lYqHnZ6","AXtpv4VWLE"|\n</data></match></read>
<read echo="ascii"><delim>\n</delim><match><data>wPYGy = |"jndoWWG"|\n</data></match></read>
<read echo="ascii"><delim>\n</delim><match><data>kORQ3g = |"9","xY4","ghEmWgB","Yy","ZQC4Kl","HuDdc","iRXMTA","YLX03En","oTbG"|\n</data></match></read>
<read echo="ascii"><delim>\n</delim><match><data>GmQhy = |"RiPS","k5hrAv","wvaY","Nm0HnTp","rlzq5","VcoZ1"|\n</data></match></read>
<read echo="ascii"><delim>\n</delim><match><data>94IcF = |"G7Iw9D"|\n</data></match></read>
		<read echo="ascii"><delim> </delim><match><data>\x3E </data></match></read>
		<write echo="ascii"><data>.l\n</data></write>
	</replay>
</pov>
