<?xml version="1.0" standalone="no" ?>
<!DOCTYPE pov SYSTEM "/usr/share/cgc-docs/replay.dtd"><pov>
	<cbid>CROMU_00011</cbid>
	<replay>
		<read echo="ascii"><delim> </delim><match><data>\x3E </data></match></read>
		<write echo="ascii"><data>Z4Moi = |"9MW1N","638BVN6","aSf7E2p","INbMS"|-|"j","KhjP","PAlB5"|\n</data></write>
		<read echo="ascii"><delim> </delim><match><data>\x3E </data></match></read>
		<write echo="ascii"><data>CA0XW = |"AD74H8","GP9K","8Mrd"|^|"TJgzm","YF0xHhs","SvjfAEj","8o","Op8","4lNGm","Zxlx"|\n</data></write>
		<read echo="ascii"><delim> </delim><match><data>\x3E </data></match></read>
		<write echo="ascii"><data>dOTprEF = Z4Moi ~ CA0XW\n</data></write>
		<read echo="ascii"><delim> </delim><match><data>\x3E </data></match></read>
		<write echo="ascii"><data>uxzB6 = CA0XW ~ Z4Moi\n</data></write>
		<read echo="ascii"><delim> </delim><match><data>\x3E </data></match></read>
		<write echo="ascii"><data>KkUBCzb = |"NkU3","Ya","ng","v"|+|"v"|\n</data></write>
		<read echo="ascii"><delim> </delim><match><data>\x3E </data></match></read>
		<write echo="ascii"><data>iHrQ6jYH = KkUBCzb ^ dOTprEF\n</data></write>
		<read echo="ascii"><delim> </delim><match><data>\x3E </data></match></read>
		<write echo="ascii"><data>PVmGY = |"xMoOK","eW8","KBVmN"|-|"I","oi74","L3LzrRX"|\n</data></write>
		<read echo="ascii"><delim> </delim><match><data>\x3E </data></match></read>
		<write echo="ascii"><data>rYa5kh = iHrQ6jYH + KkUBCzb\n</data></write>
		<read echo="ascii"><delim> </delim><match><data>\x3E </data></match></read>
		<write echo="ascii"><data>iy0cA = |"x9A","Qrsj3fX","CWO5ie","sUWod","eC5jCm"|^|"EI","Ww4ZdbJ","8rTBQ"|\n</data></write>
		<read echo="ascii"><delim> </delim><match><data>\x3E </data></match></read>
		<write echo="ascii"><data>.p\n</data></write>
<read echo="ascii"><delim>\n</delim><match><data>Z4Moi = |"9MW1N","638BVN6","aSf7E2p","INbMS"|\n</data></match></read>
<read echo="ascii"><delim>\n</delim><match><data>CA0XW = ||\n</data></match></read>
<read echo="ascii"><delim>\n</delim><match><data>dOTprEF = |"9MW1N","638BVN6","aSf7E2p","INbMS"|\n</data></match></read>
<read echo="ascii"><delim>\n</delim><match><data>uxzB6 = |"9MW1N","638BVN6","aSf7E2p","INbMS"|\n</data></match></read>
<read echo="ascii"><delim>\n</delim><match><data>KkUBCzb = |"NkU3","Ya","ng","v"|\n</data></match></read>
<read echo="ascii"><delim>\n</delim><match><data>iHrQ6jYH = ||\n</data></match></read>
<read echo="ascii"><delim>\n</delim><match><data>PVmGY = |"xMoOK","eW8","KBVmN"|\n</data></match></read>
<read echo="ascii"><delim>\n</delim><match><data>rYa5kh = |"NkU3","Ya","ng","v"|\n</data></match></read>
<read echo="ascii"><delim>\n</delim><match><data>iy0cA = ||\n</data></match></read>
		<read echo="ascii"><delim> </delim><match><data>\x3E </data></match></read>
		<write echo="ascii"><data>.l\n</data></write>
	</replay>
</pov>
