<?xml version="1.0" standalone="no" ?>
<!DOCTYPE pov SYSTEM "/usr/share/cgc-docs/replay.dtd"><pov>
	<cbid>CROMU_00011</cbid>
	<replay>
		<read echo="ascii"><delim> </delim><match><data>\x3E </data></match></read>
		<write echo="ascii"><data>ikeSZk = |"iBQaUWL","tyyl4n","w","y1J","oUYjj","6"|+|"6","tyyl4n"|\n</data></write>
		<read echo="ascii"><delim> </delim><match><data>\x3E </data></match></read>
		<write echo="ascii"><data>Na0JA = ikeSZk - ikeSZk\n</data></write>
		<read echo="ascii"><delim> </delim><match><data>\x3E </data></match></read>
		<write echo="ascii"><data>RZp9I1 = Na0JA + ikeSZk\n</data></write>
		<read echo="ascii"><delim> </delim><match><data>\x3E </data></match></read>
		<write echo="ascii"><data>xf6Af3J = ikeSZk ^ ikeSZk\n</data></write>
		<read echo="ascii"><delim> </delim><match><data>\x3E </data></match></read>
		<write echo="ascii"><data>wsygP = xf6Af3J + xf6Af3J\n</data></write>
		<read echo="ascii"><delim> </delim><match><data>\x3E </data></match></read>
		<write echo="ascii"><data>MEeBF3 = |"YqMG7","7H5Nm","j42g"|^|"l6fRNu","7H5Nm"|\n</data></write>
		<read echo="ascii"><delim> </delim><match><data>\x3E </data></match></read>
		<write echo="ascii"><data>8iEytq8 = RZp9I1 - ikeSZk\n</data></write>
		<read echo="ascii"><delim> </delim><match><data>\x3E </data></match></read>
		<write echo="ascii"><data>hgTNG = RZp9I1 ^ MEeBF3\n</data></write>
		<read echo="ascii"><delim> </delim><match><data>\x3E </data></match></read>
		<write echo="ascii"><data>if6xljtEkH = MEeBF3 ^ 8iEytq8\n</data></write>
		<read echo="ascii"><delim> </delim><match><data>\x3E </data></match></read>
		<write echo="ascii"><data>xSfJzrA = hgTNG + 8iEytq8\n</data></write>
		<read echo="ascii"><delim> </delim><match><data>\x3E </data></match></read>
		<write echo="ascii"><data>cz53w = |"dHo7UT","D8iA","8ElwpC","Gl3qxTE","G94u9"|-|"CkZwf","HYrML","G94u9","CXzqog","VIQ","Gl3qxTE","F1TWVbF"|\n</data></write>
		<read echo="ascii"><delim> </delim><match><data>\x3E </data></match></read>
		<write echo="ascii"><data>pJdVC = hgTNG - cz53w\n</data></write>
		<read echo="ascii"><delim> </delim><match><data>\x3E </data></match></read>
		<write echo="ascii"><data>dR0cnzD = |"MmSh","ycU","T7M3xJ2","Q8","ZTqEC7","T"|-|"1gD0","C48MhX","a1fILWq","pizMlF","2LJH2"|\n</data></write>
		<read echo="ascii"><delim> </delim><match><data>\x3E </data></match></read>
		<write echo="ascii"><data>3Pp8u = |"H4I8Ylc","kvlaj","DXPhk","43GMH","Dz","RTeK"|-|"kvlaj","43GMH","LODXCA"|\n</data></write>
		<read echo="ascii"><delim> </delim><match><data>\x3E </data></match></read>
		<write echo="ascii"><data>oZbCjm = |"T8gKFms","Bex","Aid","a","kKZD","FLFRQ"|+|"Zxpejh","Aid","a","1YKUo","T8gKFms"|\n</data></write>
		<read echo="ascii"><delim> </delim><match><data>\x3E </data></match></read>
		<write echo="ascii"><data>.p\n</data></write>
<read echo="ascii"><delim>\n</delim><match><data>ikeSZk = |"iBQaUWL","tyyl4n","w","y1J","oUYjj","6"|\n</data></match></read>
<read echo="ascii"><delim>\n</delim><match><data>Na0JA = ||\n</data></match></read>
<read echo="ascii"><delim>\n</delim><match><data>RZp9I1 = |"iBQaUWL","tyyl4n","w","y1J","oUYjj","6"|\n</data></match></read>
<read echo="ascii"><delim>\n</delim><match><data>xf6Af3J = |"iBQaUWL","tyyl4n","w","y1J","oUYjj","6"|\n</data></match></read>
<read echo="ascii"><delim>\n</delim><match><data>wsygP = |"iBQaUWL","tyyl4n","w","y1J","oUYjj","6"|\n</data></match></read>
<read echo="ascii"><delim>\n</delim><match><data>MEeBF3 = |"7H5Nm"|\n</data></match></read>
<read echo="ascii"><delim>\n</delim><match><data>8iEytq8 = ||\n</data></match></read>
<read echo="ascii"><delim>\n</delim><match><data>hgTNG = ||\n</data></match></read>
<read echo="ascii"><delim>\n</delim><match><data>if6xljtEkH = ||\n</data></match></read>
<read echo="ascii"><delim>\n</delim><match><data>xSfJzrA = ||\n</data></match></read>
<read echo="ascii"><delim>\n</delim><match><data>cz53w = |"dHo7UT","D8iA","8ElwpC"|\n</data></match></read>
<read echo="ascii"><delim>\n</delim><match><data>pJdVC = ||\n</data></match></read>
<read echo="ascii"><delim>\n</delim><match><data>dR0cnzD = |"MmSh","ycU","T7M3xJ2","Q8","ZTqEC7","T"|\n</data></match></read>
<read echo="ascii"><delim>\n</delim><match><data>3Pp8u = |"H4I8Ylc","DXPhk","Dz","RTeK"|\n</data></match></read>
<read echo="ascii"><delim>\n</delim><match><data>oZbCjm = |"T8gKFms","Bex","Aid","a","kKZD","FLFRQ","Zxpejh","1YKUo"|\n</data></match></read>
		<read echo="ascii"><delim> </delim><match><data>\x3E </data></match></read>
		<write echo="ascii"><data>.l\n</data></write>
	</replay>
</pov>
