<?xml version="1.0" standalone="no" ?>
<!DOCTYPE pov SYSTEM "/usr/share/cgc-docs/replay.dtd"><pov>
	<cbid>CROMU_00011</cbid>
	<replay>
		<read echo="ascii"><delim> </delim><match><data>\x3E </data></match></read>
		<write echo="ascii"><data>Xqe7N9N = |"1z","5rGf","bVKuWrr","Lg2ql","FiGb","jWnep","KW"|^|"BsP","KW"|\n</data></write>
		<read echo="ascii"><delim> </delim><match><data>\x3E </data></match></read>
		<write echo="ascii"><data>na8Kd = Xqe7N9N - Xqe7N9N\n</data></write>
		<read echo="ascii"><delim> </delim><match><data>\x3E </data></match></read>
		<write echo="ascii"><data>kdYPIFO = Xqe7N9N + na8Kd\n</data></write>
		<read echo="ascii"><delim> </delim><match><data>\x3E </data></match></read>
		<write echo="ascii"><data>lOpZRZ = kdYPIFO ~ kdYPIFO\n</data></write>
		<read echo="ascii"><delim> </delim><match><data>\x3E </data></match></read>
		<write echo="ascii"><data>9xh1M5 = lOpZRZ ^ kdYPIFO\n</data></write>
		<read echo="ascii"><delim> </delim><match><data>\x3E </data></match></read>
		<write echo="ascii"><data>V8oDi = |"TOTuB","jI","AFxEkSi","lQW","ie","mxR6"|^|"cM","XmZBFT","q4GbHYR","RWd88yo","ie"|\n</data></write>
		<read echo="ascii"><delim> </delim><match><data>\x3E </data></match></read>
		<write echo="ascii"><data>Jyx82u = na8Kd - na8Kd\n</data></write>
		<read echo="ascii"><delim> </delim><match><data>\x3E </data></match></read>
		<write echo="ascii"><data>cguKghd = |"FKJ9","GZjqIE","z0cD"|^|"z0cD","QRBKs","FKJ9","yiKIW"|\n</data></write>
		<read echo="ascii"><delim> </delim><match><data>\x3E </data></match></read>
		<write echo="ascii"><data>dQlWV = |"lW2HpG","6B","8j4H6","OJ","ZYZ","Yye","td","xl9xNV","Zy"|\n</data></write>
		<read echo="ascii"><delim> </delim><match><data>\x3E </data></match></read>
		<write echo="ascii"><data>kPD9O = |"xl9xNV","ATfcAtQ7ga"|\n</data></write>
		<read echo="ascii"><delim> </delim><match><data>\x3E </data></match></read>
		<write echo="ascii"><data>kPD9O@dQlWV\n</data></write>
		<read echo="ascii"><delim>\n</delim><match><data>FALSE\n</data></match></read>
		<read echo="ascii"><delim> </delim><match><data>\x3E </data></match></read>
		<write echo="ascii"><data>FWg7qx7 = 9xh1M5 - dQlWV\n</data></write>
		<read echo="ascii"><delim> </delim><match><data>\x3E </data></match></read>
		<write echo="ascii"><data>fqVO3 = kdYPIFO + Xqe7N9N\n</data></write>
		<read echo="ascii"><delim> </delim><match><data>\x3E </data></match></read>
		<write echo="ascii"><data>.p\n</data></write>
<read echo="ascii"><delim>\n</delim><match><data>Xqe7N9N = |"KW"|\n</data></match></read>
<read echo="ascii"><delim>\n</delim><match><data>na8Kd = ||\n</data></match></read>
<read echo="ascii"><delim>\n</delim><match><data>kdYPIFO = |"KW"|\n</data></match></read>
<read echo="ascii"><delim>\n</delim><match><data>lOpZRZ = ||\n</data></match></read>
<read echo="ascii"><delim>\n</delim><match><data>9xh1M5 = ||\n</data></match></read>
<read echo="ascii"><delim>\n</delim><match><data>V8oDi = |"ie"|\n</data></match></read>
<read echo="ascii"><delim>\n</delim><match><data>Jyx82u = ||\n</data></match></read>
<read echo="ascii"><delim>\n</delim><match><data>cguKghd = |"FKJ9","z0cD"|\n</data></match></read>
<read echo="ascii"><delim>\n</delim><match><data>dQlWV = |"lW2HpG","6B","8j4H6","OJ","ZYZ","Yye","td","xl9xNV","Zy"|\n</data></match></read>
<read echo="ascii"><delim>\n</delim><match><data>kPD9O = |"xl9xNV","ATfcAtQ7ga"|\n</data></match></read>
<read echo="ascii"><delim>\n</delim><match><data>FWg7qx7 = ||\n</data></match></read>
<read echo="ascii"><delim>\n</delim><match><data>fqVO3 = |"KW"|\n</data></match></read>
		<read echo="ascii"><delim> </delim><match><data>\x3E </data></match></read>
		<write echo="ascii"><data>.l\n</data></write>
	</replay>
</pov>
