<?xml version="1.0" standalone="no" ?>
<!DOCTYPE pov SYSTEM "/usr/share/cgc-docs/replay.dtd"><pov>
	<cbid>CROMU_00011</cbid>
	<replay>
		<read echo="ascii"><delim> </delim><match><data>\x3E </data></match></read>
		<write echo="ascii"><data>aqJU54Y = |"3iVMH","BG7","Enl","LcceAZc"|+|"x","Q0JTbQw","74"|\n</data></write>
		<read echo="ascii"><delim> </delim><match><data>\x3E </data></match></read>
		<write echo="ascii"><data>MQqF9c1 = aqJU54Y + aqJU54Y\n</data></write>
		<read echo="ascii"><delim> </delim><match><data>\x3E </data></match></read>
		<write echo="ascii"><data>BIfcGYM = |"mL","m3z","N5uSx48","6ZJ","QR","FPOm"|\n</data></write>
		<read echo="ascii"><delim> </delim><match><data>\x3E </data></match></read>
		<write echo="ascii"><data>v5CUtD1 = |"6ZJ","mL","QR","FPOm","D1jrm36DhH"|\n</data></write>
		<read echo="ascii"><delim> </delim><match><data>\x3E </data></match></read>
		<write echo="ascii"><data>v5CUtD1@BIfcGYM\n</data></write>
		<read echo="ascii"><delim>\n</delim><match><data>FALSE\n</data></match></read>
		<read echo="ascii"><delim> </delim><match><data>\x3E </data></match></read>
		<write echo="ascii"><data>z5TYi1a = BIfcGYM - v5CUtD1\n</data></write>
		<read echo="ascii"><delim> </delim><match><data>\x3E </data></match></read>
		<write echo="ascii"><data>SN4wOqI = BIfcGYM - BIfcGYM\n</data></write>
		<read echo="ascii"><delim> </delim><match><data>\x3E </data></match></read>
		<write echo="ascii"><data>99VOf = aqJU54Y ^ z5TYi1a\n</data></write>
		<read echo="ascii"><delim> </delim><match><data>\x3E </data></match></read>
		<write echo="ascii"><data>uAaCk = |"7kUld8x","YC","ok","Jngsa"|-|"ok","YC","hIiql0Y","q","tW","wjTt3"|\n</data></write>
		<read echo="ascii"><delim> </delim><match><data>\x3E </data></match></read>
		<write echo="ascii"><data>.p\n</data></write>
<read echo="ascii"><delim>\n</delim><match><data>aqJU54Y = |"3iVMH","BG7","Enl","LcceAZc","x","Q0JTbQw","74"|\n</data></match></read>
<read echo="ascii"><delim>\n</delim><match><data>MQqF9c1 = |"3iVMH","BG7","Enl","LcceAZc","x","Q0JTbQw","74"|\n</data></match></read>
<read echo="ascii"><delim>\n</delim><match><data>BIfcGYM = |"mL","m3z","N5uSx48","6ZJ","QR","FPOm"|\n</data></match></read>
<read echo="ascii"><delim>\n</delim><match><data>v5CUtD1 = |"6ZJ","mL","QR","FPOm","D1jrm36DhH"|\n</data></match></read>
<read echo="ascii"><delim>\n</delim><match><data>z5TYi1a = |"m3z","N5uSx48"|\n</data></match></read>
<read echo="ascii"><delim>\n</delim><match><data>SN4wOqI = ||\n</data></match></read>
<read echo="ascii"><delim>\n</delim><match><data>99VOf = ||\n</data></match></read>
<read echo="ascii"><delim>\n</delim><match><data>uAaCk = |"7kUld8x","Jngsa"|\n</data></match></read>
		<read echo="ascii"><delim> </delim><match><data>\x3E </data></match></read>
		<write echo="ascii"><data>.l\n</data></write>
	</replay>
</pov>
