<?xml version="1.0" standalone="no" ?>
<!DOCTYPE pov SYSTEM "/usr/share/cgc-docs/replay.dtd"><pov>
	<cbid>CROMU_00011</cbid>
	<replay>
		<read echo="ascii"><delim> </delim><match><data>\x3E </data></match></read>
		<write echo="ascii"><data>feK8JnB = |"4CJLg4","eODOiz","1y34","HdYAea","Bmd"|~|"qXk"|\n</data></write>
		<read echo="ascii"><delim> </delim><match><data>\x3E </data></match></read>
		<write echo="ascii"><data>BIhRa4h = feK8JnB ~ feK8JnB\n</data></write>
		<read echo="ascii"><delim> </delim><match><data>\x3E </data></match></read>
		<write echo="ascii"><data>9a5Lk = |"KlOE","Jo88","weKJN","9j9gEp","mADqG"|~|"bt3ot","dN1O8","TPQMv8f","QaHs0","Jo88","9j9gEp"|\n</data></write>
		<read echo="ascii"><delim> </delim><match><data>\x3E </data></match></read>
		<write echo="ascii"><data>Xm6nn = |"t3FZqdG","gF1oq","1YQe5SN","rVn","kME4gA","dEoC","r54E","54Ld"|\n</data></write>
		<read echo="ascii"><delim> </delim><match><data>\x3E </data></match></read>
		<write echo="ascii"><data>FuV8K = |"dEoC"|\n</data></write>
		<read echo="ascii"><delim> </delim><match><data>\x3E </data></match></read>
		<write echo="ascii"><data>FuV8K@Xm6nn\n</data></write>
		<read echo="ascii"><delim>\n</delim><match><data>TRUE\n</data></match></read>
		<read echo="ascii"><delim> </delim><match><data>\x3E </data></match></read>
		<write echo="ascii"><data>Yf5O4 = |"npCB","5PP8","J","6zkZ","Oq","H","xiiXz8"|+|"qHp1","5UChic","xU9T","k2gAN"|\n</data></write>
		<read echo="ascii"><delim> </delim><match><data>\x3E </data></match></read>
		<write echo="ascii"><data>JqEere = |"YfR","bWap","goIBZ","cUGt371","zWh2bS","0l"|\n</data></write>
		<read echo="ascii"><delim> </delim><match><data>\x3E </data></match></read>
		<write echo="ascii"><data>qS6wwmW = |"goIBZ","YfR","cUGt371","zWh2bS"|\n</data></write>
		<read echo="ascii"><delim> </delim><match><data>\x3E </data></match></read>
		<write echo="ascii"><data>qS6wwmW@JqEere\n</data></write>
		<read echo="ascii"><delim>\n</delim><match><data>TRUE\n</data></match></read>
		<read echo="ascii"><delim> </delim><match><data>\x3E </data></match></read>
		<write echo="ascii"><data>uWBxB = |"Ux","o16lkg","rwu","PYwHtR","jCK1"|-|"E0","Os0Xal","CmZ2","Cy","O"|\n</data></write>
		<read echo="ascii"><delim> </delim><match><data>\x3E </data></match></read>
		<write echo="ascii"><data>79b3eWWZcR = Yf5O4 ^ 9a5Lk\n</data></write>
		<read echo="ascii"><delim> </delim><match><data>\x3E </data></match></read>
		<write echo="ascii"><data>G8NkSU2 = |"OJ","qBUs","SMYjrEk","TDn4F","Omu","uU4F2t","GiOR1r","KNIHd"|\n</data></write>
		<read echo="ascii"><delim> </delim><match><data>\x3E </data></match></read>
		<write echo="ascii"><data>y7n2b1 = |"OJ","GiOR1r","uU4F2t","qBUs","KNIHd"|\n</data></write>
		<read echo="ascii"><delim> </delim><match><data>\x3E </data></match></read>
		<write echo="ascii"><data>y7n2b1@G8NkSU2\n</data></write>
		<read echo="ascii"><delim>\n</delim><match><data>TRUE\n</data></match></read>
		<read echo="ascii"><delim> </delim><match><data>\x3E </data></match></read>
		<write echo="ascii"><data>ZtRuV8C = |"oWx5","XL92","l8C","682","4U4bT0S","moQH0","5j05pNR","M18Sb3N","0ip","SkZiA"|\n</data></write>
		<read echo="ascii"><delim> </delim><match><data>\x3E </data></match></read>
		<write echo="ascii"><data>V9fKC = |"XL92","0ip","l8C","JR8xoltZdy"|\n</data></write>
		<read echo="ascii"><delim> </delim><match><data>\x3E </data></match></read>
		<write echo="ascii"><data>V9fKC@ZtRuV8C\n</data></write>
		<read echo="ascii"><delim>\n</delim><match><data>FALSE\n</data></match></read>
		<read echo="ascii"><delim> </delim><match><data>\x3E </data></match></read>
		<write echo="ascii"><data>qunbb = |"Lr","B8HY","ehP"|-|"x8E98","Lr","L","ehP"|\n</data></write>
		<read echo="ascii"><delim> </delim><match><data>\x3E </data></match></read>
		<write echo="ascii"><data>6D79FX = |"4e5wo","qk1","a4e7","TLbrbR","9YCYSm","ikcW","JJn","Tx","Gtht5"|\n</data></write>
		<read echo="ascii"><delim> </delim><match><data>\x3E </data></match></read>
		<write echo="ascii"><data>SmDXW = |"JJn","ikcW","4e5wo","9YCYSm","0VZDYuFhQG"|\n</data></write>
		<read echo="ascii"><delim> </delim><match><data>\x3E </data></match></read>
		<write echo="ascii"><data>SmDXW@6D79FX\n</data></write>
		<read echo="ascii"><delim>\n</delim><match><data>FALSE\n</data></match></read>
		<read echo="ascii"><delim> </delim><match><data>\x3E </data></match></read>
		<write echo="ascii"><data>.p\n</data></write>
<read echo="ascii"><delim>\n</delim><match><data>feK8JnB = |"4CJLg4","eODOiz","1y34","HdYAea","Bmd","qXk"|\n</data></match></read>
<read echo="ascii"><delim>\n</delim><match><data>BIhRa4h = ||\n</data></match></read>
<read echo="ascii"><delim>\n</delim><match><data>9a5Lk = |"KlOE","weKJN","mADqG","bt3ot","dN1O8","TPQMv8f","QaHs0"|\n</data></match></read>
<read echo="ascii"><delim>\n</delim><match><data>Xm6nn = |"t3FZqdG","gF1oq","1YQe5SN","rVn","kME4gA","dEoC","r54E","54Ld"|\n</data></match></read>
<read echo="ascii"><delim>\n</delim><match><data>FuV8K = |"dEoC"|\n</data></match></read>
<read echo="ascii"><delim>\n</delim><match><data>Yf5O4 = |"npCB","5PP8","J","6zkZ","Oq","H","xiiXz8","qHp1","5UChic","xU9T","k2gAN"|\n</data></match></read>
<read echo="ascii"><delim>\n</delim><match><data>JqEere = |"YfR","bWap","goIBZ","cUGt371","zWh2bS","0l"|\n</data></match></read>
<read echo="ascii"><delim>\n</delim><match><data>qS6wwmW = |"goIBZ","YfR","cUGt371","zWh2bS"|\n</data></match></read>
<read echo="ascii"><delim>\n</delim><match><data>uWBxB = |"Ux","o16lkg","rwu","PYwHtR","jCK1"|\n</data></match></read>
<read echo="ascii"><delim>\n</delim><match><data>79b3eWWZcR = ||\n</data></match></read>
<read echo="ascii"><delim>\n</delim><match><data>G8NkSU2 = |"OJ","qBUs","SMYjrEk","TDn4F","Omu","uU4F2t","GiOR1r","KNIHd"|\n</data></match></read>
<read echo="ascii"><delim>\n</delim><match><data>y7n2b1 = |"OJ","GiOR1r","uU4F2t","qBUs","KNIHd"|\n</data></match></read>
<read echo="ascii"><delim>\n</delim><match><data>ZtRuV8C = |"oWx5","XL92","l8C","682","4U4bT0S","moQH0","5j05pNR","M18Sb3N","0ip","SkZiA"|\n</data></match></read>
<read echo="ascii"><delim>\n</delim><match><data>V9fKC = |"XL92","0ip","l8C","JR8xoltZdy"|\n</data></match></read>
<read echo="ascii"><delim>\n</delim><match><data>qunbb = |"B8HY"|\n</data></match></read>
<read echo="ascii"><delim>\n</delim><match><data>6D79FX = |"4e5wo","qk1","a4e7","TLbrbR","9YCYSm","ikcW","JJn","Tx","Gtht5"|\n</data></match></read>
<read echo="ascii"><delim>\n</delim><match><data>SmDXW = |"JJn","ikcW","4e5wo","9YCYSm","0VZDYuFhQG"|\n</data></match></read>
		<read echo="ascii"><delim> </delim><match><data>\x3E </data></match></read>
		<write echo="ascii"><data>.l\n</data></write>
	</replay>
</pov>
