<?xml version="1.0" standalone="no" ?>
<!DOCTYPE pov SYSTEM "/usr/share/cgc-docs/replay.dtd"><pov>
	<cbid>CROMU_00011</cbid>
	<replay>
		<read echo="ascii"><delim> </delim><match><data>\x3E </data></match></read>
		<write echo="ascii"><data>5rMOl9H = |"udUM88","dqe3D0t","hpnd6K","eP"|-|"wco8T","eP","EUXJMR","i","0bPHQ","LTUDamA","W0oi"|\n</data></write>
		<read echo="ascii"><delim> </delim><match><data>\x3E </data></match></read>
		<write echo="ascii"><data>f0Is8e = 5rMOl9H ~ 5rMOl9H\n</data></write>
		<read echo="ascii"><delim> </delim><match><data>\x3E </data></match></read>
		<write echo="ascii"><data>PmnoCY = |"TDkX","FyQK","YlCbCDm","8p4Ue","C7lk","8xVv","3p4QAyG","I8hFZ","BOx","wgN8ev"|\n</data></write>
		<read echo="ascii"><delim> </delim><match><data>\x3E </data></match></read>
		<write echo="ascii"><data>7DDOy = |"FyQK","I8hFZ","BOx","TDkX","8xVv","8p4Ue","wgN8ev","3p4QAyG","AOIndxDprK"|\n</data></write>
		<read echo="ascii"><delim> </delim><match><data>\x3E </data></match></read>
		<write echo="ascii"><data>7DDOy@PmnoCY\n</data></write>
		<read echo="ascii"><delim>\n</delim><match><data>FALSE\n</data></match></read>
		<read echo="ascii"><delim> </delim><match><data>\x3E </data></match></read>
		<write echo="ascii"><data>rdO05R = |"2H","6OJuI","Cg9","VAv","LzA0h","JIVUP","ijpw","oZyYs","oTjZ2","C85nBB"|\n</data></write>
		<read echo="ascii"><delim> </delim><match><data>\x3E </data></match></read>
		<write echo="ascii"><data>fmqXJ = |"oTjZ2","6OJuI","JIVUP","LzA0h","2H","Cg9","ijpw","C85nBB","oZyYs"|\n</data></write>
		<read echo="ascii"><delim> </delim><match><data>\x3E </data></match></read>
		<write echo="ascii"><data>fmqXJ@rdO05R\n</data></write>
		<read echo="ascii"><delim>\n</delim><match><data>TRUE\n</data></match></read>
		<read echo="ascii"><delim> </delim><match><data>\x3E </data></match></read>
		<write echo="ascii"><data>Zeb2S = |"Wg4s","a1CtmE","4Es","m","t"|~|"aPAa","UsjEr","4Es"|\n</data></write>
		<read echo="ascii"><delim> </delim><match><data>\x3E </data></match></read>
		<write echo="ascii"><data>Tqq9z9 = |"UFeE","LIkrpi","FSFwaT","qA"|+|"5","qa7","qA","8TW"|\n</data></write>
		<read echo="ascii"><delim> </delim><match><data>\x3E </data></match></read>
		<write echo="ascii"><data>8uuMcOj = |"60","YtMr","pUE","c"|~|"60","c","pUE","NE2Y","aYQdDk","iHmHWFN"|\n</data></write>
		<read echo="ascii"><delim> </delim><match><data>\x3E </data></match></read>
		<write echo="ascii"><data>xrUZr = |"BsSnK1j","kupc","Z","rfDNQ","1C3","FU6a","NxU5QN"|-|"qRaHF","j5IwfT","rfDNQ","gC","Tl","F3tcFXW"|\n</data></write>
		<read echo="ascii"><delim> </delim><match><data>\x3E </data></match></read>
		<write echo="ascii"><data>lJeebq = |"ANh","kS","9kB","3Fjn","uJjU","bCb","ckb1f","MjbGrb9"|\n</data></write>
		<read echo="ascii"><delim> </delim><match><data>\x3E </data></match></read>
		<write echo="ascii"><data>A7CTN = |"bCb","MjbGrb9","ckb1f","3Fjn","uJjU","kS","ANh"|\n</data></write>
		<read echo="ascii"><delim> </delim><match><data>\x3E </data></match></read>
		<write echo="ascii"><data>A7CTN@lJeebq\n</data></write>
		<read echo="ascii"><delim>\n</delim><match><data>TRUE\n</data></match></read>
		<read echo="ascii"><delim> </delim><match><data>\x3E </data></match></read>
		<write echo="ascii"><data>.p\n</data></write>
<read echo="ascii"><delim>\n</delim><match><data>5rMOl9H = |"udUM88","dqe3D0t","hpnd6K"|\n</data></match></read>
<read echo="ascii"><delim>\n</delim><match><data>f0Is8e = ||\n</data></match></read>
<read echo="ascii"><delim>\n</delim><match><data>PmnoCY = |"TDkX","FyQK","YlCbCDm","8p4Ue","C7lk","8xVv","3p4QAyG","I8hFZ","BOx","wgN8ev"|\n</data></match></read>
<read echo="ascii"><delim>\n</delim><match><data>7DDOy = |"FyQK","I8hFZ","BOx","TDkX","8xVv","8p4Ue","wgN8ev","3p4QAyG","AOIndxDprK"|\n</data></match></read>
<read echo="ascii"><delim>\n</delim><match><data>rdO05R = |"2H","6OJuI","Cg9","VAv","LzA0h","JIVUP","ijpw","oZyYs","oTjZ2","C85nBB"|\n</data></match></read>
<read echo="ascii"><delim>\n</delim><match><data>fmqXJ = |"oTjZ2","6OJuI","JIVUP","LzA0h","2H","Cg9","ijpw","C85nBB","oZyYs"|\n</data></match></read>
<read echo="ascii"><delim>\n</delim><match><data>Zeb2S = |"Wg4s","a1CtmE","m","t","aPAa","UsjEr"|\n</data></match></read>
<read echo="ascii"><delim>\n</delim><match><data>Tqq9z9 = |"UFeE","LIkrpi","FSFwaT","qA","5","qa7","8TW"|\n</data></match></read>
<read echo="ascii"><delim>\n</delim><match><data>8uuMcOj = |"YtMr","NE2Y","aYQdDk","iHmHWFN"|\n</data></match></read>
<read echo="ascii"><delim>\n</delim><match><data>xrUZr = |"BsSnK1j","kupc","Z","1C3","FU6a","NxU5QN"|\n</data></match></read>
<read echo="ascii"><delim>\n</delim><match><data>lJeebq = |"ANh","kS","9kB","3Fjn","uJjU","bCb","ckb1f","MjbGrb9"|\n</data></match></read>
<read echo="ascii"><delim>\n</delim><match><data>A7CTN = |"bCb","MjbGrb9","ckb1f","3Fjn","uJjU","kS","ANh"|\n</data></match></read>
		<read echo="ascii"><delim> </delim><match><data>\x3E </data></match></read>
		<write echo="ascii"><data>.l\n</data></write>
	</replay>
</pov>
