<?xml version="1.0" standalone="no" ?>
<!DOCTYPE pov SYSTEM "/usr/share/cgc-docs/replay.dtd"><pov>
	<cbid>CROMU_00011</cbid>
	<replay>
		<read echo="ascii"><delim> </delim><match><data>\x3E </data></match></read>
		<write echo="ascii"><data>B2ajv = |"8YV","XcELz","fyNe","S28","zDq6","JnI2","Z2","ExAzu1j"|\n</data></write>
		<read echo="ascii"><delim> </delim><match><data>\x3E </data></match></read>
		<write echo="ascii"><data>y0pJB = |"zDq6","S28"|\n</data></write>
		<read echo="ascii"><delim> </delim><match><data>\x3E </data></match></read>
		<write echo="ascii"><data>y0pJB@B2ajv\n</data></write>
		<read echo="ascii"><delim>\n</delim><match><data>TRUE\n</data></match></read>
		<read echo="ascii"><delim> </delim><match><data>\x3E </data></match></read>
		<write echo="ascii"><data>UaZuLc5 = |"k5J5k","iJMat","P9KOevL","zZxs"|-|"y9","L6V","iJMat","zZxs","drHoi","k5J5k"|\n</data></write>
		<read echo="ascii"><delim> </delim><match><data>\x3E </data></match></read>
		<write echo="ascii"><data>ZL8LZ8 = |"bK","VhVaT","b","jiEg3G1","0q","l","cl"|-|"cE","F71","b","T8"|\n</data></write>
		<read echo="ascii"><delim> </delim><match><data>\x3E </data></match></read>
		<write echo="ascii"><data>zkwpEL = |"1fTDwx","Sm","Tw","DF0Cd3","tqKu8Y","mF3","y66F","WJb"|\n</data></write>
		<read echo="ascii"><delim> </delim><match><data>\x3E </data></match></read>
		<write echo="ascii"><data>6W2vO = |"Sm","1fTDwx","mF3","Tw","ZA93ZCAucc"|\n</data></write>
		<read echo="ascii"><delim> </delim><match><data>\x3E </data></match></read>
		<write echo="ascii"><data>6W2vO@zkwpEL\n</data></write>
		<read echo="ascii"><delim>\n</delim><match><data>FALSE\n</data></match></read>
		<read echo="ascii"><delim> </delim><match><data>\x3E </data></match></read>
		<write echo="ascii"><data>24nHYB = zkwpEL + ZL8LZ8\n</data></write>
		<read echo="ascii"><delim> </delim><match><data>\x3E </data></match></read>
		<write echo="ascii"><data>KowlAr3 = |"1xDLJE","6uYtJrp","FLSIuW","WPQwZv","xu","AbtVAB8"|^|"6uYtJrp"|\n</data></write>
		<read echo="ascii"><delim> </delim><match><data>\x3E </data></match></read>
		<write echo="ascii"><data>aGxa9SA = |"loq31rg","tffi","UfcJl0","jN9g","r8","JCWY8","gWVcM4"|\n</data></write>
		<read echo="ascii"><delim> </delim><match><data>\x3E </data></match></read>
		<write echo="ascii"><data>NoYWFb2 = |"r8","loq31rg","tffi","UfcJl0","JCWY8","Nmns5cjIi0"|\n</data></write>
		<read echo="ascii"><delim> </delim><match><data>\x3E </data></match></read>
		<write echo="ascii"><data>NoYWFb2@aGxa9SA\n</data></write>
		<read echo="ascii"><delim>\n</delim><match><data>FALSE\n</data></match></read>
		<read echo="ascii"><delim> </delim><match><data>\x3E </data></match></read>
		<write echo="ascii"><data>La2Y7R = aGxa9SA ^ KowlAr3\n</data></write>
		<read echo="ascii"><delim> </delim><match><data>\x3E </data></match></read>
		<write echo="ascii"><data>1k2qRk = y0pJB + aGxa9SA\n</data></write>
		<read echo="ascii"><delim> </delim><match><data>\x3E </data></match></read>
		<write echo="ascii"><data>SF7QMh = |"B","d","HG0Fka","Bxw","ZQUF","xTC5mt","diK"|~|"rxPBPU","ZQUF","c","diK","d","Bxw","NU"|\n</data></write>
		<read echo="ascii"><delim> </delim><match><data>\x3E </data></match></read>
		<write echo="ascii"><data>z1pRa = zkwpEL + zkwpEL\n</data></write>
		<read echo="ascii"><delim> </delim><match><data>\x3E </data></match></read>
		<write echo="ascii"><data>3WAhs = |"ZK4Zu4c","g5J","oSFB","zGXe2"|^|"voRU","oSFB"|\n</data></write>
		<read echo="ascii"><delim> </delim><match><data>\x3E </data></match></read>
		<write echo="ascii"><data>.p\n</data></write>
<read echo="ascii"><delim>\n</delim><match><data>B2ajv = |"8YV","XcELz","fyNe","S28","zDq6","JnI2","Z2","ExAzu1j"|\n</data></match></read>
<read echo="ascii"><delim>\n</delim><match><data>y0pJB = |"zDq6","S28"|\n</data></match></read>
<read echo="ascii"><delim>\n</delim><match><data>UaZuLc5 = |"P9KOevL"|\n</data></match></read>
<read echo="ascii"><delim>\n</delim><match><data>ZL8LZ8 = |"bK","VhVaT","jiEg3G1","0q","l","cl"|\n</data></match></read>
<read echo="ascii"><delim>\n</delim><match><data>zkwpEL = |"1fTDwx","Sm","Tw","DF0Cd3","tqKu8Y","mF3","y66F","WJb"|\n</data></match></read>
<read echo="ascii"><delim>\n</delim><match><data>6W2vO = |"Sm","1fTDwx","mF3","Tw","ZA93ZCAucc"|\n</data></match></read>
<read echo="ascii"><delim>\n</delim><match><data>24nHYB = |"1fTDwx","Sm","Tw","DF0Cd3","tqKu8Y","mF3","y66F","WJb","bK","VhVaT","jiEg3G1","0q","l","cl"|\n</data></match></read>
<read echo="ascii"><delim>\n</delim><match><data>KowlAr3 = |"6uYtJrp"|\n</data></match></read>
<read echo="ascii"><delim>\n</delim><match><data>aGxa9SA = |"loq31rg","tffi","UfcJl0","jN9g","r8","JCWY8","gWVcM4"|\n</data></match></read>
<read echo="ascii"><delim>\n</delim><match><data>NoYWFb2 = |"r8","loq31rg","tffi","UfcJl0","JCWY8","Nmns5cjIi0"|\n</data></match></read>
<read echo="ascii"><delim>\n</delim><match><data>La2Y7R = ||\n</data></match></read>
<read echo="ascii"><delim>\n</delim><match><data>1k2qRk = |"zDq6","S28","loq31rg","tffi","UfcJl0","jN9g","r8","JCWY8","gWVcM4"|\n</data></match></read>
<read echo="ascii"><delim>\n</delim><match><data>SF7QMh = |"B","HG0Fka","xTC5mt","rxPBPU","c","NU"|\n</data></match></read>
<read echo="ascii"><delim>\n</delim><match><data>z1pRa = |"1fTDwx","Sm","Tw","DF0Cd3","tqKu8Y","mF3","y66F","WJb"|\n</data></match></read>
<read echo="ascii"><delim>\n</delim><match><data>3WAhs = |"oSFB"|\n</data></match></read>
		<read echo="ascii"><delim> </delim><match><data>\x3E </data></match></read>
		<write echo="ascii"><data>.l\n</data></write>
	</replay>
</pov>
