<?xml version="1.0" standalone="no" ?>
<!DOCTYPE pov SYSTEM "/usr/share/cgc-docs/replay.dtd"><pov>
	<cbid>CROMU_00011</cbid>
	<replay>
		<read echo="ascii"><delim> </delim><match><data>\x3E </data></match></read>
		<write echo="ascii"><data>wdgXGg = |"YenQ","oem"|+|"6","9A"|\n</data></write>
		<read echo="ascii"><delim> </delim><match><data>\x3E </data></match></read>
		<write echo="ascii"><data>75rbWk = wdgXGg - wdgXGg\n</data></write>
		<read echo="ascii"><delim> </delim><match><data>\x3E </data></match></read>
		<write echo="ascii"><data>W7V23tLQfq = 75rbWk ^ wdgXGg\n</data></write>
		<read echo="ascii"><delim> </delim><match><data>\x3E </data></match></read>
		<write echo="ascii"><data>XyIBE = |"pVwZo","A042m1F","yS","rfbpcB7","ZKY","d8Nv","xuuc"|^|"rfbpcB7"|\n</data></write>
		<read echo="ascii"><delim> </delim><match><data>\x3E </data></match></read>
		<write echo="ascii"><data>2tVt30 = XyIBE - 75rbWk\n</data></write>
		<read echo="ascii"><delim> </delim><match><data>\x3E </data></match></read>
		<write echo="ascii"><data>Szqxt = wdgXGg ^ W7V23tLQfq\n</data></write>
		<read echo="ascii"><delim> </delim><match><data>\x3E </data></match></read>
		<write echo="ascii"><data>a8giNS = 2tVt30 ~ 2tVt30\n</data></write>
		<read echo="ascii"><delim> </delim><match><data>\x3E </data></match></read>
		<write echo="ascii"><data>aLtcvx5 = |"yMp","W","Q","Oc83","gY4","V4kE0","Y"|-|"0M","Ibm","xhWrfy"|\n</data></write>
		<read echo="ascii"><delim> </delim><match><data>\x3E </data></match></read>
		<write echo="ascii"><data>TAsSa = Szqxt - Szqxt\n</data></write>
		<read echo="ascii"><delim> </delim><match><data>\x3E </data></match></read>
		<write echo="ascii"><data>EPDrMt = |"dhsjBj1","2c","P","GPEBt"|~|"P","HlO"|\n</data></write>
		<read echo="ascii"><delim> </delim><match><data>\x3E </data></match></read>
		<write echo="ascii"><data>uHjWX = |"gilZz"|~|"HL","zukq"|\n</data></write>
		<read echo="ascii"><delim> </delim><match><data>\x3E </data></match></read>
		<write echo="ascii"><data>6hduglH = |"cU92Am","3HIt1pM","F2zGp2","TNTsp7","bflCB7","s4WUY","ef"|\n</data></write>
		<read echo="ascii"><delim> </delim><match><data>\x3E </data></match></read>
		<write echo="ascii"><data>UJ7Qex = |"TNTsp7","5VIvpZpOts"|\n</data></write>
		<read echo="ascii"><delim> </delim><match><data>\x3E </data></match></read>
		<write echo="ascii"><data>UJ7Qex@6hduglH\n</data></write>
		<read echo="ascii"><delim>\n</delim><match><data>FALSE\n</data></match></read>
		<read echo="ascii"><delim> </delim><match><data>\x3E </data></match></read>
		<write echo="ascii"><data>AZVCqNZ = |"8NDOpb","MzqVj","5MQrgBF","uSy6Qe","n998","VLD7l","mUYD0","rC","eA7o6","z23r"|\n</data></write>
		<read echo="ascii"><delim> </delim><match><data>\x3E </data></match></read>
		<write echo="ascii"><data>bHnQq = |"VLD7l","rC","uSy6Qe","MzqVj","mUYD0","eA7o6","z23r","5MQrgBF","n998"|\n</data></write>
		<read echo="ascii"><delim> </delim><match><data>\x3E </data></match></read>
		<write echo="ascii"><data>bHnQq@AZVCqNZ\n</data></write>
		<read echo="ascii"><delim>\n</delim><match><data>TRUE\n</data></match></read>
		<read echo="ascii"><delim> </delim><match><data>\x3E </data></match></read>
		<write echo="ascii"><data>yN8ofM = 75rbWk - UJ7Qex\n</data></write>
		<read echo="ascii"><delim> </delim><match><data>\x3E </data></match></read>
		<write echo="ascii"><data>.p\n</data></write>
<read echo="ascii"><delim>\n</delim><match><data>wdgXGg = |"YenQ","oem","6","9A"|\n</data></match></read>
<read echo="ascii"><delim>\n</delim><match><data>75rbWk = ||\n</data></match></read>
<read echo="ascii"><delim>\n</delim><match><data>W7V23tLQfq = ||\n</data></match></read>
<read echo="ascii"><delim>\n</delim><match><data>XyIBE = |"rfbpcB7"|\n</data></match></read>
<read echo="ascii"><delim>\n</delim><match><data>2tVt30 = |"rfbpcB7"|\n</data></match></read>
<read echo="ascii"><delim>\n</delim><match><data>Szqxt = ||\n</data></match></read>
<read echo="ascii"><delim>\n</delim><match><data>a8giNS = ||\n</data></match></read>
<read echo="ascii"><delim>\n</delim><match><data>aLtcvx5 = |"yMp","W","Q","Oc83","gY4","V4kE0","Y"|\n</data></match></read>
<read echo="ascii"><delim>\n</delim><match><data>TAsSa = ||\n</data></match></read>
<read echo="ascii"><delim>\n</delim><match><data>EPDrMt = |"dhsjBj1","2c","GPEBt","HlO"|\n</data></match></read>
<read echo="ascii"><delim>\n</delim><match><data>uHjWX = |"gilZz","HL","zukq"|\n</data></match></read>
<read echo="ascii"><delim>\n</delim><match><data>6hduglH = |"cU92Am","3HIt1pM","F2zGp2","TNTsp7","bflCB7","s4WUY","ef"|\n</data></match></read>
<read echo="ascii"><delim>\n</delim><match><data>UJ7Qex = |"TNTsp7","5VIvpZpOts"|\n</data></match></read>
<read echo="ascii"><delim>\n</delim><match><data>AZVCqNZ = |"8NDOpb","MzqVj","5MQrgBF","uSy6Qe","n998","VLD7l","mUYD0","rC","eA7o6","z23r"|\n</data></match></read>
<read echo="ascii"><delim>\n</delim><match><data>bHnQq = |"VLD7l","rC","uSy6Qe","MzqVj","mUYD0","eA7o6","z23r","5MQrgBF","n998"|\n</data></match></read>
<read echo="ascii"><delim>\n</delim><match><data>yN8ofM = ||\n</data></match></read>
		<read echo="ascii"><delim> </delim><match><data>\x3E </data></match></read>
		<write echo="ascii"><data>.l\n</data></write>
	</replay>
</pov>
