<?xml version="1.0" standalone="no" ?>
<!DOCTYPE pov SYSTEM "/usr/share/cgc-docs/replay.dtd"><pov>
	<cbid>CROMU_00011</cbid>
	<replay>
		<read echo="ascii"><delim> </delim><match><data>\x3E </data></match></read>
		<write echo="ascii"><data>gXzgxmW = |"Kh","f2uO2s","4RppK"|^|"Kh","YO","qOp","YgB","4RppK","M3"|\n</data></write>
		<read echo="ascii"><delim> </delim><match><data>\x3E </data></match></read>
		<write echo="ascii"><data>1YSbt = gXzgxmW + gXzgxmW\n</data></write>
		<read echo="ascii"><delim> </delim><match><data>\x3E </data></match></read>
		<write echo="ascii"><data>ax4vVEf = |"d47B","vE","1t","0JF78y","H1Piy","1DrN","L3"|\n</data></write>
		<read echo="ascii"><delim> </delim><match><data>\x3E </data></match></read>
		<write echo="ascii"><data>dk371w = |"vE","0JF78y"|\n</data></write>
		<read echo="ascii"><delim> </delim><match><data>\x3E </data></match></read>
		<write echo="ascii"><data>dk371w@ax4vVEf\n</data></write>
		<read echo="ascii"><delim>\n</delim><match><data>TRUE\n</data></match></read>
		<read echo="ascii"><delim> </delim><match><data>\x3E </data></match></read>
		<write echo="ascii"><data>A4Ncib = dk371w + 1YSbt\n</data></write>
		<read echo="ascii"><delim> </delim><match><data>\x3E </data></match></read>
		<write echo="ascii"><data>KNgJFBF = |"l2b","ibYCb","G1zW","PwgkL1","UDw","XI"|~|"c","W","XI","7","wmI","DNmT","GTF04"|\n</data></write>
		<read echo="ascii"><delim> </delim><match><data>\x3E </data></match></read>
		<write echo="ascii"><data>9SBcK = |"622j","n8tib","XkCoz6o","LGDyJ93","q","1Dv","Z3ig"|+|"622j","4ilVSBZ"|\n</data></write>
		<read echo="ascii"><delim> </delim><match><data>\x3E </data></match></read>
		<write echo="ascii"><data>3no3kdT = KNgJFBF - 1YSbt\n</data></write>
		<read echo="ascii"><delim> </delim><match><data>\x3E </data></match></read>
		<write echo="ascii"><data>VclKum = |"GVQm","wyj","3tHx","DBe","kT9wmrT"|-|"A10","gaxa","LKzZhS","QYfP"|\n</data></write>
		<read echo="ascii"><delim> </delim><match><data>\x3E </data></match></read>
		<write echo="ascii"><data>JMfmlC = 3no3kdT ~ 3no3kdT\n</data></write>
		<read echo="ascii"><delim> </delim><match><data>\x3E </data></match></read>
		<write echo="ascii"><data>.p\n</data></write>
<read echo="ascii"><delim>\n</delim><match><data>gXzgxmW = |"Kh","4RppK"|\n</data></match></read>
<read echo="ascii"><delim>\n</delim><match><data>1YSbt = |"Kh","4RppK"|\n</data></match></read>
<read echo="ascii"><delim>\n</delim><match><data>ax4vVEf = |"d47B","vE","1t","0JF78y","H1Piy","1DrN","L3"|\n</data></match></read>
<read echo="ascii"><delim>\n</delim><match><data>dk371w = |"vE","0JF78y"|\n</data></match></read>
<read echo="ascii"><delim>\n</delim><match><data>A4Ncib = |"vE","0JF78y","Kh","4RppK"|\n</data></match></read>
<read echo="ascii"><delim>\n</delim><match><data>KNgJFBF = |"l2b","ibYCb","G1zW","PwgkL1","UDw","c","W","7","wmI","DNmT","GTF04"|\n</data></match></read>
<read echo="ascii"><delim>\n</delim><match><data>9SBcK = |"622j","n8tib","XkCoz6o","LGDyJ93","q","1Dv","Z3ig","4ilVSBZ"|\n</data></match></read>
<read echo="ascii"><delim>\n</delim><match><data>3no3kdT = |"l2b","ibYCb","G1zW","PwgkL1","UDw","c","W","7","wmI","DNmT","GTF04"|\n</data></match></read>
<read echo="ascii"><delim>\n</delim><match><data>VclKum = |"GVQm","wyj","3tHx","DBe","kT9wmrT"|\n</data></match></read>
<read echo="ascii"><delim>\n</delim><match><data>JMfmlC = ||\n</data></match></read>
		<read echo="ascii"><delim> </delim><match><data>\x3E </data></match></read>
		<write echo="ascii"><data>.l\n</data></write>
	</replay>
</pov>
