<?xml version="1.0" standalone="no" ?>
<!DOCTYPE pov SYSTEM "/usr/share/cgc-docs/replay.dtd"><pov>
	<cbid>CROMU_00011</cbid>
	<replay>
		<read echo="ascii"><delim> </delim><match><data>\x3E </data></match></read>
		<write echo="ascii"><data>Y4y59S = |"A","dPQ","3XicXra","1x"|-|"Mg0PGzo","pkkW","5C","G"|\n</data></write>
		<read echo="ascii"><delim> </delim><match><data>\x3E </data></match></read>
		<write echo="ascii"><data>luQlRG = |"uiu","Ob","iBl1N","X1I37g2","bIgpWH","UN","4KKaGNQ"|\n</data></write>
		<read echo="ascii"><delim> </delim><match><data>\x3E </data></match></read>
		<write echo="ascii"><data>DVoxEWA = |"bIgpWH","iBl1N","X1I37g2"|\n</data></write>
		<read echo="ascii"><delim> </delim><match><data>\x3E </data></match></read>
		<write echo="ascii"><data>DVoxEWA@luQlRG\n</data></write>
		<read echo="ascii"><delim>\n</delim><match><data>TRUE\n</data></match></read>
		<read echo="ascii"><delim> </delim><match><data>\x3E </data></match></read>
		<write echo="ascii"><data>zzS6jI = |"rOWXK","gSQpM","G2kYR4","zpv8WK","6kr","feS7I"|-|"Oh","gSQpM","ewVaw","G2kYR4","UJ","0GsGn"|\n</data></write>
		<read echo="ascii"><delim> </delim><match><data>\x3E </data></match></read>
		<write echo="ascii"><data>EXsPz = zzS6jI + Y4y59S\n</data></write>
		<read echo="ascii"><delim> </delim><match><data>\x3E </data></match></read>
		<write echo="ascii"><data>WIkQNS = |"yGxO8xk","DOHo","rjDQBm4","U","1"|-|"DOHo","SILVQ","ZD","cy","Vy0","EZVPszE"|\n</data></write>
		<read echo="ascii"><delim> </delim><match><data>\x3E </data></match></read>
		<write echo="ascii"><data>U3Zdq = WIkQNS - EXsPz\n</data></write>
		<read echo="ascii"><delim> </delim><match><data>\x3E </data></match></read>
		<write echo="ascii"><data>iw3NIs = |"veiaIc"|^|"MMAX"|\n</data></write>
		<read echo="ascii"><delim> </delim><match><data>\x3E </data></match></read>
		<write echo="ascii"><data>dzW3iX = WIkQNS - Y4y59S\n</data></write>
		<read echo="ascii"><delim> </delim><match><data>\x3E </data></match></read>
		<write echo="ascii"><data>b4TSa = |"5L","XhR67r","bZ6t","nDiA","r4z5tdF"|-|"jK","wTlnwmr","soS","zp86MYk","XhR67r"|\n</data></write>
		<read echo="ascii"><delim> </delim><match><data>\x3E </data></match></read>
		<write echo="ascii"><data>slcyfaW = dzW3iX ~ iw3NIs\n</data></write>
		<read echo="ascii"><delim> </delim><match><data>\x3E </data></match></read>
		<write echo="ascii"><data>5BCeLlb = zzS6jI ~ WIkQNS\n</data></write>
		<read echo="ascii"><delim> </delim><match><data>\x3E </data></match></read>
		<write echo="ascii"><data>qXajD8o = |"TFK2j","7xYe","oX1fyFb","GU4","Gcphq","CDOco3a","aL","avXoXx","clko3","nsU"|\n</data></write>
		<read echo="ascii"><delim> </delim><match><data>\x3E </data></match></read>
		<write echo="ascii"><data>UQPqU = |"GU4","nsU","CDOco3a"|\n</data></write>
		<read echo="ascii"><delim> </delim><match><data>\x3E </data></match></read>
		<write echo="ascii"><data>UQPqU@qXajD8o\n</data></write>
		<read echo="ascii"><delim>\n</delim><match><data>TRUE\n</data></match></read>
		<read echo="ascii"><delim> </delim><match><data>\x3E </data></match></read>
		<write echo="ascii"><data>9iBXoAr = |"v","grBUw","hR","Em","S","qv8"|+|"fFArcw","IF4fq","uCpGzwD"|\n</data></write>
		<read echo="ascii"><delim> </delim><match><data>\x3E </data></match></read>
		<write echo="ascii"><data>.p\n</data></write>
<read echo="ascii"><delim>\n</delim><match><data>Y4y59S = |"A","dPQ","3XicXra","1x"|\n</data></match></read>
<read echo="ascii"><delim>\n</delim><match><data>luQlRG = |"uiu","Ob","iBl1N","X1I37g2","bIgpWH","UN","4KKaGNQ"|\n</data></match></read>
<read echo="ascii"><delim>\n</delim><match><data>DVoxEWA = |"bIgpWH","iBl1N","X1I37g2"|\n</data></match></read>
<read echo="ascii"><delim>\n</delim><match><data>zzS6jI = |"rOWXK","zpv8WK","6kr","feS7I"|\n</data></match></read>
<read echo="ascii"><delim>\n</delim><match><data>EXsPz = |"rOWXK","zpv8WK","6kr","feS7I","A","dPQ","3XicXra","1x"|\n</data></match></read>
<read echo="ascii"><delim>\n</delim><match><data>WIkQNS = |"yGxO8xk","rjDQBm4","U","1"|\n</data></match></read>
<read echo="ascii"><delim>\n</delim><match><data>U3Zdq = |"yGxO8xk","rjDQBm4","U","1"|\n</data></match></read>
<read echo="ascii"><delim>\n</delim><match><data>iw3NIs = ||\n</data></match></read>
<read echo="ascii"><delim>\n</delim><match><data>dzW3iX = |"yGxO8xk","rjDQBm4","U","1"|\n</data></match></read>
<read echo="ascii"><delim>\n</delim><match><data>b4TSa = |"5L","bZ6t","nDiA","r4z5tdF"|\n</data></match></read>
<read echo="ascii"><delim>\n</delim><match><data>slcyfaW = |"yGxO8xk","rjDQBm4","U","1"|\n</data></match></read>
<read echo="ascii"><delim>\n</delim><match><data>5BCeLlb = |"rOWXK","zpv8WK","6kr","feS7I","yGxO8xk","rjDQBm4","U","1"|\n</data></match></read>
<read echo="ascii"><delim>\n</delim><match><data>qXajD8o = |"TFK2j","7xYe","oX1fyFb","GU4","Gcphq","CDOco3a","aL","avXoXx","clko3","nsU"|\n</data></match></read>
<read echo="ascii"><delim>\n</delim><match><data>UQPqU = |"GU4","nsU","CDOco3a"|\n</data></match></read>
<read echo="ascii"><delim>\n</delim><match><data>9iBXoAr = |"v","grBUw","hR","Em","S","qv8","fFArcw","IF4fq","uCpGzwD"|\n</data></match></read>
		<read echo="ascii"><delim> </delim><match><data>\x3E </data></match></read>
		<write echo="ascii"><data>.l\n</data></write>
	</replay>
</pov>
