<?xml version="1.0" standalone="no" ?>
<!DOCTYPE pov SYSTEM "/usr/share/cgc-docs/replay.dtd"><pov>
	<cbid>CROMU_00011</cbid>
	<replay>
		<read echo="ascii"><delim> </delim><match><data>\x3E </data></match></read>
		<write echo="ascii"><data>VCFriM = |"A40iEzJ","MPs","io"|^|"YJMpHx","MPs","io","D9v1r","mZc","A40iEzJ"|\n</data></write>
		<read echo="ascii"><delim> </delim><match><data>\x3E </data></match></read>
		<write echo="ascii"><data>TEOFe = VCFriM ~ VCFriM\n</data></write>
		<read echo="ascii"><delim> </delim><match><data>\x3E </data></match></read>
		<write echo="ascii"><data>G3BDB = |"FcE","QWG","0g0KQ","u","uOCTeSR"|-|"zS","eg5jV","V3dMi","YCxB","QWG"|\n</data></write>
		<read echo="ascii"><delim> </delim><match><data>\x3E </data></match></read>
		<write echo="ascii"><data>3AH8iDk = VCFriM - G3BDB\n</data></write>
		<read echo="ascii"><delim> </delim><match><data>\x3E </data></match></read>
		<write echo="ascii"><data>ONjtdGAhqB = G3BDB ^ G3BDB\n</data></write>
		<read echo="ascii"><delim> </delim><match><data>\x3E </data></match></read>
		<write echo="ascii"><data>rQdQ6o = G3BDB ~ 3AH8iDk\n</data></write>
		<read echo="ascii"><delim> </delim><match><data>\x3E </data></match></read>
		<write echo="ascii"><data>fTtlx = |"4","Q5","vnrYL","U","EBxd","Fp7n343","AJW4S0J"|~|"U","6","8qmWB","3Fkcpnf"|\n</data></write>
		<read echo="ascii"><delim> </delim><match><data>\x3E </data></match></read>
		<write echo="ascii"><data>ZPvllE5 = G3BDB - ONjtdGAhqB\n</data></write>
		<read echo="ascii"><delim> </delim><match><data>\x3E </data></match></read>
		<write echo="ascii"><data>.p\n</data></write>
<read echo="ascii"><delim>\n</delim><match><data>VCFriM = |"A40iEzJ","MPs","io"|\n</data></match></read>
<read echo="ascii"><delim>\n</delim><match><data>TEOFe = ||\n</data></match></read>
<read echo="ascii"><delim>\n</delim><match><data>G3BDB = |"FcE","0g0KQ","u","uOCTeSR"|\n</data></match></read>
<read echo="ascii"><delim>\n</delim><match><data>3AH8iDk = |"A40iEzJ","MPs","io"|\n</data></match></read>
<read echo="ascii"><delim>\n</delim><match><data>ONjtdGAhqB = |"FcE","0g0KQ","u","uOCTeSR"|\n</data></match></read>
<read echo="ascii"><delim>\n</delim><match><data>rQdQ6o = |"FcE","0g0KQ","u","uOCTeSR","A40iEzJ","MPs","io"|\n</data></match></read>
<read echo="ascii"><delim>\n</delim><match><data>fTtlx = |"4","Q5","vnrYL","EBxd","Fp7n343","AJW4S0J","6","8qmWB","3Fkcpnf"|\n</data></match></read>
<read echo="ascii"><delim>\n</delim><match><data>ZPvllE5 = ||\n</data></match></read>
		<read echo="ascii"><delim> </delim><match><data>\x3E </data></match></read>
		<write echo="ascii"><data>.l\n</data></write>
	</replay>
</pov>
