<?xml version="1.0" standalone="no" ?>
<!DOCTYPE pov SYSTEM "/usr/share/cgc-docs/replay.dtd"><pov>
	<cbid>CROMU_00011</cbid>
	<replay>
		<read echo="ascii"><delim> </delim><match><data>\x3E </data></match></read>
		<write echo="ascii"><data>OEnfH = |"tnnaV2","POo","8EIVC","tvB","JB","TN2pf"|\n</data></write>
		<read echo="ascii"><delim> </delim><match><data>\x3E </data></match></read>
		<write echo="ascii"><data>UIoEV7F = |"8EIVC","POo","7AJ865O89G"|\n</data></write>
		<read echo="ascii"><delim> </delim><match><data>\x3E </data></match></read>
		<write echo="ascii"><data>UIoEV7F@OEnfH\n</data></write>
		<read echo="ascii"><delim>\n</delim><match><data>FALSE\n</data></match></read>
		<read echo="ascii"><delim> </delim><match><data>\x3E </data></match></read>
		<write echo="ascii"><data>TT2BeI = |"kj3xDrj","QD7Pe","ECXB","k","d9f","3TRrGcp"|~|"Q","bh"|\n</data></write>
		<read echo="ascii"><delim> </delim><match><data>\x3E </data></match></read>
		<write echo="ascii"><data>jSExhQQ = |"Z","JZM","NT6","uO1s","Ch","6s"|~|"JZM","NT6"|\n</data></write>
		<read echo="ascii"><delim> </delim><match><data>\x3E </data></match></read>
		<write echo="ascii"><data>HLH778V = TT2BeI + UIoEV7F\n</data></write>
		<read echo="ascii"><delim> </delim><match><data>\x3E </data></match></read>
		<write echo="ascii"><data>VlXtBB = |"vi1lMB","4hadvb","6OKI","BHhmd"|+|"6","8N","NeE3PF","uQw","ptt5Q"|\n</data></write>
		<read echo="ascii"><delim> </delim><match><data>\x3E </data></match></read>
		<write echo="ascii"><data>SUAPTF = OEnfH ^ OEnfH\n</data></write>
		<read echo="ascii"><delim> </delim><match><data>\x3E </data></match></read>
		<write echo="ascii"><data>sXiVsgh = VlXtBB + jSExhQQ\n</data></write>
		<read echo="ascii"><delim> </delim><match><data>\x3E </data></match></read>
		<write echo="ascii"><data>4U5WPqQ = VlXtBB - HLH778V\n</data></write>
		<read echo="ascii"><delim> </delim><match><data>\x3E </data></match></read>
		<write echo="ascii"><data>qsVfPv = |"3kq","r6DQZW","h9AJz","iW","YCB","oIAjj","U4RbHTX","Fhds34"|\n</data></write>
		<read echo="ascii"><delim> </delim><match><data>\x3E </data></match></read>
		<write echo="ascii"><data>sGd99l = |"oIAjj","Fhds34","YCB","h9AJz","3kq","nOzZLcWe1D"|\n</data></write>
		<read echo="ascii"><delim> </delim><match><data>\x3E </data></match></read>
		<write echo="ascii"><data>sGd99l@qsVfPv\n</data></write>
		<read echo="ascii"><delim>\n</delim><match><data>FALSE\n</data></match></read>
		<read echo="ascii"><delim> </delim><match><data>\x3E </data></match></read>
		<write echo="ascii"><data>OaTNlO = |"23a8Z","76MI","voE","pgT32H7"|-|"pgT32H7","bhbmf6","eW1BD"|\n</data></write>
		<read echo="ascii"><delim> </delim><match><data>\x3E </data></match></read>
		<write echo="ascii"><data>Shesp = HLH778V - VlXtBB\n</data></write>
		<read echo="ascii"><delim> </delim><match><data>\x3E </data></match></read>
		<write echo="ascii"><data>.p\n</data></write>
<read echo="ascii"><delim>\n</delim><match><data>OEnfH = |"tnnaV2","POo","8EIVC","tvB","JB","TN2pf"|\n</data></match></read>
<read echo="ascii"><delim>\n</delim><match><data>UIoEV7F = |"8EIVC","POo","7AJ865O89G"|\n</data></match></read>
<read echo="ascii"><delim>\n</delim><match><data>TT2BeI = |"kj3xDrj","QD7Pe","ECXB","k","d9f","3TRrGcp","Q","bh"|\n</data></match></read>
<read echo="ascii"><delim>\n</delim><match><data>jSExhQQ = |"Z","uO1s","Ch","6s"|\n</data></match></read>
<read echo="ascii"><delim>\n</delim><match><data>HLH778V = |"kj3xDrj","QD7Pe","ECXB","k","d9f","3TRrGcp","Q","bh","8EIVC","POo","7AJ865O89G"|\n</data></match></read>
<read echo="ascii"><delim>\n</delim><match><data>VlXtBB = |"vi1lMB","4hadvb","6OKI","BHhmd","6","8N","NeE3PF","uQw","ptt5Q"|\n</data></match></read>
<read echo="ascii"><delim>\n</delim><match><data>SUAPTF = |"tnnaV2","POo","8EIVC","tvB","JB","TN2pf"|\n</data></match></read>
<read echo="ascii"><delim>\n</delim><match><data>sXiVsgh = |"vi1lMB","4hadvb","6OKI","BHhmd","6","8N","NeE3PF","uQw","ptt5Q","Z","uO1s","Ch","6s"|\n</data></match></read>
<read echo="ascii"><delim>\n</delim><match><data>4U5WPqQ = |"vi1lMB","4hadvb","6OKI","BHhmd","6","8N","NeE3PF","uQw","ptt5Q"|\n</data></match></read>
<read echo="ascii"><delim>\n</delim><match><data>qsVfPv = |"3kq","r6DQZW","h9AJz","iW","YCB","oIAjj","U4RbHTX","Fhds34"|\n</data></match></read>
<read echo="ascii"><delim>\n</delim><match><data>sGd99l = |"oIAjj","Fhds34","YCB","h9AJz","3kq","nOzZLcWe1D"|\n</data></match></read>
<read echo="ascii"><delim>\n</delim><match><data>OaTNlO = |"23a8Z","76MI","voE"|\n</data></match></read>
<read echo="ascii"><delim>\n</delim><match><data>Shesp = |"kj3xDrj","QD7Pe","ECXB","k","d9f","3TRrGcp","Q","bh","8EIVC","POo","7AJ865O89G"|\n</data></match></read>
		<read echo="ascii"><delim> </delim><match><data>\x3E </data></match></read>
		<write echo="ascii"><data>.l\n</data></write>
	</replay>
</pov>
