<?xml version="1.0" standalone="no" ?>
<!DOCTYPE pov SYSTEM "/usr/share/cgc-docs/replay.dtd"><pov>
	<cbid>CROMU_00011</cbid>
	<replay>
		<read echo="ascii"><delim> </delim><match><data>\x3E </data></match></read>
		<write echo="ascii"><data>unjJyp = |"AJP3Pjk","UNcTkNS"|~|"dCv8H","C4","eSpI","fwBBTSt","UNcTkNS"|\n</data></write>
		<read echo="ascii"><delim> </delim><match><data>\x3E </data></match></read>
		<write echo="ascii"><data>C0Z4E = |"6Sdo","jA","jGWjuDJ","3LIH","HqlfwwV","r3h"|+|"gKYd","QInp","at","3LIH","r3h"|\n</data></write>
		<read echo="ascii"><delim> </delim><match><data>\x3E </data></match></read>
		<write echo="ascii"><data>X9JpcE = |"7q6V","FW","7hkw8HD","dSh","Vb8","BqPccWX"|+|"Hfv5JmE","bOQ","FW","r8eiWjk","u6","7Db","7q6V"|\n</data></write>
		<read echo="ascii"><delim> </delim><match><data>\x3E </data></match></read>
		<write echo="ascii"><data>N5rvm = |"WkiWnfk","WTV4oJ","9nqK"|-|"s","dc","1","k2","GM5Rojr"|\n</data></write>
		<read echo="ascii"><delim> </delim><match><data>\x3E </data></match></read>
		<write echo="ascii"><data>PKerJtV = C0Z4E ~ C0Z4E\n</data></write>
		<read echo="ascii"><delim> </delim><match><data>\x3E </data></match></read>
		<write echo="ascii"><data>ZHFw4s = |"TJMm","aZTmVV","p7","eh8","v0oEho","x7b","JsP"|^|"6DV","GdDQR","1f9","Yl"|\n</data></write>
		<read echo="ascii"><delim> </delim><match><data>\x3E </data></match></read>
		<write echo="ascii"><data>.p\n</data></write>
<read echo="ascii"><delim>\n</delim><match><data>unjJyp = |"AJP3Pjk","dCv8H","C4","eSpI","fwBBTSt"|\n</data></match></read>
<read echo="ascii"><delim>\n</delim><match><data>C0Z4E = |"6Sdo","jA","jGWjuDJ","3LIH","HqlfwwV","r3h","gKYd","QInp","at"|\n</data></match></read>
<read echo="ascii"><delim>\n</delim><match><data>X9JpcE = |"7q6V","FW","7hkw8HD","dSh","Vb8","BqPccWX","Hfv5JmE","bOQ","r8eiWjk","u6","7Db"|\n</data></match></read>
<read echo="ascii"><delim>\n</delim><match><data>N5rvm = |"WkiWnfk","WTV4oJ","9nqK"|\n</data></match></read>
<read echo="ascii"><delim>\n</delim><match><data>PKerJtV = ||\n</data></match></read>
<read echo="ascii"><delim>\n</delim><match><data>ZHFw4s = ||\n</data></match></read>
		<read echo="ascii"><delim> </delim><match><data>\x3E </data></match></read>
		<write echo="ascii"><data>.l\n</data></write>
	</replay>
</pov>
