<?xml version="1.0" standalone="no" ?>
<!DOCTYPE pov SYSTEM "/usr/share/cgc-docs/replay.dtd"><pov>
	<cbid>CROMU_00011</cbid>
	<replay>
		<read echo="ascii"><delim> </delim><match><data>\x3E </data></match></read>
		<write echo="ascii"><data>w6Hfchh = |"s1p2K3","nr"|~|"8Wmx","nNKjLU3","mdSp9q","Lly5Yx"|\n</data></write>
		<read echo="ascii"><delim> </delim><match><data>\x3E </data></match></read>
		<write echo="ascii"><data>MZJxTHo = w6Hfchh ^ w6Hfchh\n</data></write>
		<read echo="ascii"><delim> </delim><match><data>\x3E </data></match></read>
		<write echo="ascii"><data>GHNNnu = w6Hfchh - MZJxTHo\n</data></write>
		<read echo="ascii"><delim> </delim><match><data>\x3E </data></match></read>
		<write echo="ascii"><data>Tsfnz = |"ri","nHtP","ofY","lAvx","hnK9i","nm9","GiVv","DXO1g","LYsK"|\n</data></write>
		<read echo="ascii"><delim> </delim><match><data>\x3E </data></match></read>
		<write echo="ascii"><data>cXtIhD = |"lAvx","GiVv","ri","DXO1g","LYsK","qY77BJyxoz"|\n</data></write>
		<read echo="ascii"><delim> </delim><match><data>\x3E </data></match></read>
		<write echo="ascii"><data>cXtIhD@Tsfnz\n</data></write>
		<read echo="ascii"><delim>\n</delim><match><data>FALSE\n</data></match></read>
		<read echo="ascii"><delim> </delim><match><data>\x3E </data></match></read>
		<write echo="ascii"><data>x4mEbjI = |"rVwX","qXOT","52F5ovZ"|^|"6m","saDRF","AvdL","9xzXu","1urk","6SPlz9p"|\n</data></write>
		<read echo="ascii"><delim> </delim><match><data>\x3E </data></match></read>
		<write echo="ascii"><data>q8Z2rJ = |"QPWk","Xkz2FU3"|^|"794","VgD","voFknsH","iHFdcL","rXOoE"|\n</data></write>
		<read echo="ascii"><delim> </delim><match><data>\x3E </data></match></read>
		<write echo="ascii"><data>3gxciZ3 = |"lk5Qkv","JVK","Qo","pCfd","fn2N"|^|"zbhA81"|\n</data></write>
		<read echo="ascii"><delim> </delim><match><data>\x3E </data></match></read>
		<write echo="ascii"><data>bb3tO0M = 3gxciZ3 - MZJxTHo\n</data></write>
		<read echo="ascii"><delim> </delim><match><data>\x3E </data></match></read>
		<write echo="ascii"><data>CbeyAhC = |"sK42G","nxIBo1F","Y5g0o8z","3eVV","G4","SA9"|^|"B8w","z30iS","sK42G"|\n</data></write>
		<read echo="ascii"><delim> </delim><match><data>\x3E </data></match></read>
		<write echo="ascii"><data>IkVNv = |"k1fs9c3","SMdaK","1EtKk","X1UmH","oxfG","R6j","K2n0","q4e"|\n</data></write>
		<read echo="ascii"><delim> </delim><match><data>\x3E </data></match></read>
		<write echo="ascii"><data>VtNzneR = |"k1fs9c3"|\n</data></write>
		<read echo="ascii"><delim> </delim><match><data>\x3E </data></match></read>
		<write echo="ascii"><data>VtNzneR@IkVNv\n</data></write>
		<read echo="ascii"><delim>\n</delim><match><data>TRUE\n</data></match></read>
		<read echo="ascii"><delim> </delim><match><data>\x3E </data></match></read>
		<write echo="ascii"><data>Xfqfut = MZJxTHo ~ 3gxciZ3\n</data></write>
		<read echo="ascii"><delim> </delim><match><data>\x3E </data></match></read>
		<write echo="ascii"><data>.p\n</data></write>
<read echo="ascii"><delim>\n</delim><match><data>w6Hfchh = |"s1p2K3","nr","8Wmx","nNKjLU3","mdSp9q","Lly5Yx"|\n</data></match></read>
<read echo="ascii"><delim>\n</delim><match><data>MZJxTHo = |"s1p2K3","nr","8Wmx","nNKjLU3","mdSp9q","Lly5Yx"|\n</data></match></read>
<read echo="ascii"><delim>\n</delim><match><data>GHNNnu = ||\n</data></match></read>
<read echo="ascii"><delim>\n</delim><match><data>Tsfnz = |"ri","nHtP","ofY","lAvx","hnK9i","nm9","GiVv","DXO1g","LYsK"|\n</data></match></read>
<read echo="ascii"><delim>\n</delim><match><data>cXtIhD = |"lAvx","GiVv","ri","DXO1g","LYsK","qY77BJyxoz"|\n</data></match></read>
<read echo="ascii"><delim>\n</delim><match><data>x4mEbjI = ||\n</data></match></read>
<read echo="ascii"><delim>\n</delim><match><data>q8Z2rJ = ||\n</data></match></read>
<read echo="ascii"><delim>\n</delim><match><data>3gxciZ3 = ||\n</data></match></read>
<read echo="ascii"><delim>\n</delim><match><data>bb3tO0M = ||\n</data></match></read>
<read echo="ascii"><delim>\n</delim><match><data>CbeyAhC = |"sK42G"|\n</data></match></read>
<read echo="ascii"><delim>\n</delim><match><data>IkVNv = |"k1fs9c3","SMdaK","1EtKk","X1UmH","oxfG","R6j","K2n0","q4e"|\n</data></match></read>
<read echo="ascii"><delim>\n</delim><match><data>VtNzneR = |"k1fs9c3"|\n</data></match></read>
<read echo="ascii"><delim>\n</delim><match><data>Xfqfut = |"s1p2K3","nr","8Wmx","nNKjLU3","mdSp9q","Lly5Yx"|\n</data></match></read>
		<read echo="ascii"><delim> </delim><match><data>\x3E </data></match></read>
		<write echo="ascii"><data>.l\n</data></write>
	</replay>
</pov>
