<?xml version="1.0" standalone="no" ?>
<!DOCTYPE pov SYSTEM "/usr/share/cgc-docs/replay.dtd"><pov>
	<cbid>CROMU_00011</cbid>
	<replay>
		<read echo="ascii"><delim> </delim><match><data>\x3E </data></match></read>
		<write echo="ascii"><data>5m0Lphw = |"dNLIi","Zyk5","hhL","gg","Qt9eDb"|^|"sqfl6","IK8tabI","7eRtI8k","nX","0vkRO0","Zyk5"|\n</data></write>
		<read echo="ascii"><delim> </delim><match><data>\x3E </data></match></read>
		<write echo="ascii"><data>UIyywc = 5m0Lphw - 5m0Lphw\n</data></write>
		<read echo="ascii"><delim> </delim><match><data>\x3E </data></match></read>
		<write echo="ascii"><data>nIbPkxl = 5m0Lphw - 5m0Lphw\n</data></write>
		<read echo="ascii"><delim> </delim><match><data>\x3E </data></match></read>
		<write echo="ascii"><data>p2kNR = UIyywc ^ 5m0Lphw\n</data></write>
		<read echo="ascii"><delim> </delim><match><data>\x3E </data></match></read>
		<write echo="ascii"><data>aNTERoF = |"XSzPc","lq","1jVP7","WhhNzIx","G4PB1I8"|^|"G4PB1I8","WUqi","dn","WhhNzIx"|\n</data></write>
		<read echo="ascii"><delim> </delim><match><data>\x3E </data></match></read>
		<write echo="ascii"><data>wtZta = |"C95jZ","HtleN","gI4jcK","k9X5","wDPFE","ufzmTO","kbX0fon"|^|"kbX0fon","C95jZ","g6L4","9t","qdi","8UFO5qG","iomqE"|\n</data></write>
		<read echo="ascii"><delim> </delim><match><data>\x3E </data></match></read>
		<write echo="ascii"><data>zjnsi = |"P","K7ZoL","5h8W3","f"|~|"LMYRgP","mP9r9","P"|\n</data></write>
		<read echo="ascii"><delim> </delim><match><data>\x3E </data></match></read>
		<write echo="ascii"><data>8dyuU = |"EkCx","wWZhd","4","MQ0"|~|"B9lHy","8i","nQT1YP","wWZhd"|\n</data></write>
		<read echo="ascii"><delim> </delim><match><data>\x3E </data></match></read>
		<write echo="ascii"><data>UdDD2 = |"fqS"|^|"sOyn","XtzA","Yz"|\n</data></write>
		<read echo="ascii"><delim> </delim><match><data>\x3E </data></match></read>
		<write echo="ascii"><data>KPFmZz = |"GvvS","89Qw2eT","zDdC4ZC","G6qw","I2uqhA","w"|+|"s6","vgZkhN","ba2"|\n</data></write>
		<read echo="ascii"><delim> </delim><match><data>\x3E </data></match></read>
		<write echo="ascii"><data>.p\n</data></write>
<read echo="ascii"><delim>\n</delim><match><data>5m0Lphw = |"Zyk5"|\n</data></match></read>
<read echo="ascii"><delim>\n</delim><match><data>UIyywc = ||\n</data></match></read>
<read echo="ascii"><delim>\n</delim><match><data>nIbPkxl = ||\n</data></match></read>
<read echo="ascii"><delim>\n</delim><match><data>p2kNR = ||\n</data></match></read>
<read echo="ascii"><delim>\n</delim><match><data>aNTERoF = |"WhhNzIx","G4PB1I8"|\n</data></match></read>
<read echo="ascii"><delim>\n</delim><match><data>wtZta = |"C95jZ","kbX0fon"|\n</data></match></read>
<read echo="ascii"><delim>\n</delim><match><data>zjnsi = |"K7ZoL","5h8W3","f","LMYRgP","mP9r9"|\n</data></match></read>
<read echo="ascii"><delim>\n</delim><match><data>8dyuU = |"EkCx","4","MQ0","B9lHy","8i","nQT1YP"|\n</data></match></read>
<read echo="ascii"><delim>\n</delim><match><data>UdDD2 = ||\n</data></match></read>
<read echo="ascii"><delim>\n</delim><match><data>KPFmZz = |"GvvS","89Qw2eT","zDdC4ZC","G6qw","I2uqhA","w","s6","vgZkhN","ba2"|\n</data></match></read>
		<read echo="ascii"><delim> </delim><match><data>\x3E </data></match></read>
		<write echo="ascii"><data>.l\n</data></write>
	</replay>
</pov>
