<?xml version="1.0" standalone="no" ?>
<!DOCTYPE pov SYSTEM "/usr/share/cgc-docs/replay.dtd"><pov>
	<cbid>CROMU_00011</cbid>
	<replay>
		<read echo="ascii"><delim> </delim><match><data>\x3E </data></match></read>
		<write echo="ascii"><data>ABSwFH = |"BVDKYyP","pSC","7p2G"|+|"7p2G","ISlYdX"|\n</data></write>
		<read echo="ascii"><delim> </delim><match><data>\x3E </data></match></read>
		<write echo="ascii"><data>MqafbaI = |"mgs1"|^|"gfox","JMc6U","6aRDA4","a3Qwm","mgs1"|\n</data></write>
		<read echo="ascii"><delim> </delim><match><data>\x3E </data></match></read>
		<write echo="ascii"><data>uSH3oK = |"HL","Fgl4","NjYR","VCsOFg","bJnH","3gdm5ax","CT","pmg4T","9h","hNUMUF"|\n</data></write>
		<read echo="ascii"><delim> </delim><match><data>\x3E </data></match></read>
		<write echo="ascii"><data>rRoQeA = |"Fgl4","9h","NjYR","3gdm5ax","VCsOFg","pmg4T","bJnH","hNUMUF"|\n</data></write>
		<read echo="ascii"><delim> </delim><match><data>\x3E </data></match></read>
		<write echo="ascii"><data>rRoQeA@uSH3oK\n</data></write>
		<read echo="ascii"><delim>\n</delim><match><data>TRUE\n</data></match></read>
		<read echo="ascii"><delim> </delim><match><data>\x3E </data></match></read>
		<write echo="ascii"><data>DiJLcx = ABSwFH + uSH3oK\n</data></write>
		<read echo="ascii"><delim> </delim><match><data>\x3E </data></match></read>
		<write echo="ascii"><data>xJcb3lh = |"Sang","OGd9","HNxCCH","IOxsAv"|+|"hC"|\n</data></write>
		<read echo="ascii"><delim> </delim><match><data>\x3E </data></match></read>
		<write echo="ascii"><data>x2PoAfH = |"jg","1CT","vu4NACK"|+|"Rd6u"|\n</data></write>
		<read echo="ascii"><delim> </delim><match><data>\x3E </data></match></read>
		<write echo="ascii"><data>wRMW5 = DiJLcx - x2PoAfH\n</data></write>
		<read echo="ascii"><delim> </delim><match><data>\x3E </data></match></read>
		<write echo="ascii"><data>4mlyDF3 = |"wI"|^|"KlEUOHg"|\n</data></write>
		<read echo="ascii"><delim> </delim><match><data>\x3E </data></match></read>
		<write echo="ascii"><data>SlUDWW = |"88","mkH","5KJhwHk","VWNv","lN4lwU","ZV1"|~|"f","1Xixq","ZV1"|\n</data></write>
		<read echo="ascii"><delim> </delim><match><data>\x3E </data></match></read>
		<write echo="ascii"><data>br0qRSC = |"o","mP","X67d","UTPpp"|-|"7xphtUB","FrDkZ","yssFBN","C7sF","6SWV","5eT","MilU"|\n</data></write>
		<read echo="ascii"><delim> </delim><match><data>\x3E </data></match></read>
		<write echo="ascii"><data>78i2i = uSH3oK ~ xJcb3lh\n</data></write>
		<read echo="ascii"><delim> </delim><match><data>\x3E </data></match></read>
		<write echo="ascii"><data>.p\n</data></write>
<read echo="ascii"><delim>\n</delim><match><data>ABSwFH = |"BVDKYyP","pSC","7p2G","ISlYdX"|\n</data></match></read>
<read echo="ascii"><delim>\n</delim><match><data>MqafbaI = |"mgs1"|\n</data></match></read>
<read echo="ascii"><delim>\n</delim><match><data>uSH3oK = |"HL","Fgl4","NjYR","VCsOFg","bJnH","3gdm5ax","CT","pmg4T","9h","hNUMUF"|\n</data></match></read>
<read echo="ascii"><delim>\n</delim><match><data>rRoQeA = |"Fgl4","9h","NjYR","3gdm5ax","VCsOFg","pmg4T","bJnH","hNUMUF"|\n</data></match></read>
<read echo="ascii"><delim>\n</delim><match><data>DiJLcx = |"BVDKYyP","pSC","7p2G","ISlYdX","HL","Fgl4","NjYR","VCsOFg","bJnH","3gdm5ax","CT","pmg4T","9h","hNUMUF"|\n</data></match></read>
<read echo="ascii"><delim>\n</delim><match><data>xJcb3lh = |"Sang","OGd9","HNxCCH","IOxsAv","hC"|\n</data></match></read>
<read echo="ascii"><delim>\n</delim><match><data>x2PoAfH = |"jg","1CT","vu4NACK","Rd6u"|\n</data></match></read>
<read echo="ascii"><delim>\n</delim><match><data>wRMW5 = |"BVDKYyP","pSC","7p2G","ISlYdX","HL","Fgl4","NjYR","VCsOFg","bJnH","3gdm5ax","CT","pmg4T","9h","hNUMUF"|\n</data></match></read>
<read echo="ascii"><delim>\n</delim><match><data>4mlyDF3 = ||\n</data></match></read>
<read echo="ascii"><delim>\n</delim><match><data>SlUDWW = |"88","mkH","5KJhwHk","VWNv","lN4lwU","f","1Xixq"|\n</data></match></read>
<read echo="ascii"><delim>\n</delim><match><data>br0qRSC = |"o","mP","X67d","UTPpp"|\n</data></match></read>
<read echo="ascii"><delim>\n</delim><match><data>78i2i = |"HL","Fgl4","NjYR","VCsOFg","bJnH","3gdm5ax","CT","pmg4T","9h","hNUMUF","Sang","OGd9","HNxCCH","IOxsAv","hC"|\n</data></match></read>
		<read echo="ascii"><delim> </delim><match><data>\x3E </data></match></read>
		<write echo="ascii"><data>.l\n</data></write>
	</replay>
</pov>
